id,image,source,split,group,rust,miner,phoma,cercospora,severity,predominant,n_stress,stratum,width,height,sha256
1,data/bracol/raw/images/1.jpg,real,train,healthy,0,0,0,0,0,healthy,0,healthy,2048,1024,3bfa5be4492abcf09f4a582e1f825275877dc5a4096ce12e608480b18c39f30f
2,data/bracol/raw/images/2.jpg,real,train,healthy,0,0,0,0,0,healthy,0,healthy,2048,1024,b5c5ebe2334a31b43c2782481a66c223d17c27e5d069a50f8ddc47ec0cd1b280
3,data/bracol/raw/images/3.jpg,real,train,healthy,0,0,0,0,0,healthy,0,healthy,2048,1024,134328f4d24ce1009bd411f4132833a2a22a152bffc7ff9109a32a70cc5a9f61
4,data/bracol/raw/images/4.jpg,real,val,healthy,0,0,0,0,0,healthy,0,healthy,2048,1024,7876ad5ba1877d4140fc7ebc520e1313137ac019b0485253ee60518204d98265
5,data/bracol/raw/images/5.jpg,real,val,healthy,0,0,0,0,0,healthy,0,healthy,2048,1024,1efdb2da4b6c923c507bf12e73137a828c3108340567fe04bc919996b152944c
6,data/bracol/raw/images/6.jpg,real,test,healthy,0,0,0,0,0,healthy,0,healthy,2048,1024,c3b891cdb9bcc339b8ac01ac38c3ec62c4d34a00a97ffefc4d85aa0b5c67468c
7,data/bracol/raw/images/7.jpg,real,test,healthy,0,0,0,0,0,healthy,0,healthy,2048,1024,f8b29b3014296258b8f7022e5be6e3b5a1fb2f6fb8ce9d75ff098dc0083726bf
8,data/bracol/raw/images/8.jpg,real,train,healthy,0,0,0,0,0,healthy,0,healthy,2048,1024,26142b4a8420ee2802a60805d0e8e8cd0b9d0b61c72def36f3ea6d56d112286a
9,data/bracol/raw/images/9.jpg,real,train,healthy,0,0,0,0,0,healthy,0,healthy,2048,1024,ba8abac0829e0525bd3a5d1f1464390b2e855207c10af8e7b47086bc723f27f7
10,data/bracol/raw/images/10.jpg,real,test,healthy,0,0,0,0,0,healthy,0,healthy,2048,1024,d5998f871e4804740e6623cc250102b092ebedff66e6b69db8b766849ef6cd3c
11,data/bracol/raw/images/11.jpg,real,train,healthy,0,0,0,0,0,healthy,0,healthy,2048,1024,888e562ebb84dda6c71b0f574c9f54f4846a46e46ebb07b161bd6db516389e61
12,data/bracol/raw/images/12.jpg,real,train,healthy,0,0,0,0,0,healthy,0,healthy,2048,1024,59e0c528bb30fd5da00dddfd975827cbf0d3da8ebce1e5b31fec08d5d0fd1b9a
13,data/bracol/raw/images/13.jpg,real,train,healthy,0,0,0,0,0,healthy,0,healthy,2048,1024,64ff5cf9339e3f74af8a6e35cd43fab8b243986418c59965144f939bf723bc46
14,data/bracol/raw/images/14.jpg,real,train,healthy,0,0,0,0,0,healthy,0,healthy,2048,1024,0817dd6161a0606d851e2cc669fe9b1c49e343518d9710454ea9cc5330b34c71
15,data/bracol/raw/images/15.jpg,real,train,healthy,0,0,0,0,0,healthy,0,healthy,2048,1024,c86a682183dcc0fd21713092512206324f7009606b0b1ff1f2f00a93646dd32c
16,data/bracol/raw/images/16.jpg,real,train,healthy,0,0,0,0,0,healthy,0,healthy,2048,1024,8473904e8f7b1aebb5a1727a4fc61a614fdfb92df19587fa87f87ae21d49f86f
17,data/bracol/raw/images/17.jpg,real,train,healthy,0,0,0,0,0,healthy,0,healthy,2048,1024,881bcbf75cbf62b6dd2cddc8f1a67bb5df958e3afda38c60f0c6c4ce889f0eb1
18,data/bracol/raw/images/18.jpg,real,train,healthy,0,0,0,0,0,healthy,0,healthy,2048,1024,a7df4e8ca847f7fef1ea66dbedbc6472123d0b31ad4dd3eea56bc56036f27519
19,data/bracol/raw/images/19.jpg,real,train,healthy,0,0,0,0,0,healthy,0,healthy,2048,1024,689b243c85ed6ddaf7113d46699c88cdedb4f49554e35ec0589adf3796dcefcf
20,data/bracol/raw/images/20.jpg,real,train,other,0,0,1,0,2,phoma,1,other_phoma,2048,1024,b813cb5408a25d351107297d3272b7f5009202822f5e6741a82f3a4fba3ab822
21,data/bracol/raw/images/21.jpg,real,train,other,0,1,0,0,3,miner,1,other_miner,2048,1024,19cc6b6514ef7e5d60d59dedbbeb53cc959fd2a736a60eadc1cf66a06a806303
22,data/bracol/raw/images/22.jpg,real,train,other,0,1,0,0,1,miner,1,other_miner,2048,1024,95ba0ebf337d575ba22d304d46874b73453039a1adbc5faf0b1e3d68eaaec76a
23,data/bracol/raw/images/23.jpg,real,test,other,0,1,0,0,1,miner,1,other_miner,2048,1024,fde379354a14c9323764e842da44e02451bbba99112d0cd66ddd049f3bbe53fa
24,data/bracol/raw/images/24.jpg,real,test,other,0,1,0,0,1,miner,1,other_miner,2048,1024,31085b0eda667c3cd9b41c6ddf1411ff51893ec8a8669453c0d413fbba3a93cb
25,data/bracol/raw/images/25.jpg,real,train,other,0,1,0,0,1,miner,1,other_miner,2048,1024,d8c8acfb90693ed0d11425c37b04d8452329c34edad12033b3191776068cfc3f
26,data/bracol/raw/images/26.jpg,real,val,other,0,1,0,0,2,miner,1,other_miner,2048,1024,47352b23ceeceda3905a480693f5c53da66c5d0a7cefa67e43b1e4041bfd0ee4
27,data/bracol/raw/images/27.jpg,real,train,other,0,1,0,0,1,miner,1,other_miner,2048,1024,c032520d408418fc4db1487e5b61ecd8347d52a8ba9e11cab8dc07a9afafd276
28,data/bracol/raw/images/28.jpg,real,train,other,0,1,0,0,2,miner,1,other_miner,2048,1024,fe7fe752fc95cb87bca7fce533086e1eef82499cca3fd3b925b99f8f1bc62311
29,data/bracol/raw/images/29.jpg,real,train,rust,1,1,0,0,1,miner,2,rust_s1_mixed,2048,1024,2dbd0b3d077e86873d771850a35dd00a387aec5309c3444ed03590305f91f574
30,data/bracol/raw/images/30.jpg,real,val,other,0,1,0,0,1,miner,1,other_miner,2048,1024,2b5f4e5cb8a069390bb86df1c4f7e65f605b01cb96f7580138a406a4bd98f770
31,data/bracol/raw/images/31.jpg,real,train,other,0,1,0,0,3,miner,1,other_miner,2048,1024,901ab8c9f45ffcd4dbf413c26a0ffbc27279b6cdd954dbbe38a4f64c065067d8
32,data/bracol/raw/images/32.jpg,real,test,other,0,1,0,0,1,miner,1,other_miner,2048,1024,942fba50ee0bd4c34242ad9338537e1a404fd4d3f4b62159011e3812c90791ef
33,data/bracol/raw/images/33.jpg,real,train,other,0,1,0,0,1,miner,1,other_miner,2048,1024,3d22097a31b96f3689858eaf5a3ff3cad9c30b45527419c5e2c13a575592da73
34,data/bracol/raw/images/34.jpg,real,train,other,0,1,0,0,1,miner,1,other_miner,2048,1024,30b96d16ca60e45e3336794b524ec5d5ad52170d66ebe010dce8d6806d9bf753
35,data/bracol/raw/images/35.jpg,real,train,rust,1,1,0,0,2,miner,2,rust_s2_mixed,2048,1024,16bce0ce917691a8f1fd580bd03224383a82e1c4bb84d74ad18fb84b00cffefc
36,data/bracol/raw/images/36.jpg,real,train,other,0,1,0,0,1,miner,1,other_miner,2048,1024,63e59ec2da2b02a3afd446d03115b9891d79ce72f103f8631f107861ea4a2c63
37,data/bracol/raw/images/37.jpg,real,train,rust,1,1,0,0,2,miner,2,rust_s2_mixed,2048,1024,5b9512d356a75f3a3457366e75fe73f1dd3699f610e3255dd8443940ee448b8f
38,data/bracol/raw/images/38.jpg,real,val,other,0,1,0,0,1,miner,1,other_miner,2048,1024,7eb20437baf2dbbc774837e64370a3bfe657e6e0d97583889ab5cb923b8ad01f
39,data/bracol/raw/images/39.jpg,real,val,other,0,1,0,0,1,miner,1,other_miner,2048,1024,56a16c29b617461261852b128f12c732973c6f7e29cf62054d3de3039bab4552
40,data/bracol/raw/images/40.jpg,real,train,rust,1,1,0,0,2,miner,2,rust_s2_mixed,2048,1024,ba518a76f9081935067b1ca1918b9b34fa8f7174af897e58fa29107d3de2db0a
41,data/bracol/raw/images/41.jpg,real,test,other,0,1,0,0,1,miner,1,other_miner,2048,1024,eed31d06e98252fd535253c9266f4151d6a5b2d852195ea0b6179bd51bf20043
42,data/bracol/raw/images/42.jpg,real,train,other,0,1,0,0,2,miner,1,other_miner,2048,1024,4c4e2feb65e61c5eb671a61e02ee1475f099ebcacde71a1335bc3fe0478c72c6
43,data/bracol/raw/images/43.jpg,real,train,other,0,1,0,0,1,miner,1,other_miner,2048,1024,10c239c988e0339a0e029ed9bd6b30815870d0e94c3efd96fdc1a3ca8ca32b05
44,data/bracol/raw/images/44.jpg,real,test,other,0,1,0,0,1,miner,1,other_miner,2048,1024,fb8c05b76aa3ef518146d22272b6c860f7bc1c2072a6ca837bc98759e98070c9
45,data/bracol/raw/images/45.jpg,real,train,rust,1,1,0,0,1,miner,2,rust_s1_mixed,2048,1024,92924ee0d2feeeb4832c1533b9adc137e07ac57fc739456d9bc118bf32559405
46,data/bracol/raw/images/46.jpg,real,train,other,0,1,0,0,1,miner,1,other_miner,2048,1024,2b897b6ea093968dcb8280cccbe8cb4e8b79cbfb1e16fe06a031a6c94794f848
47,data/bracol/raw/images/47.jpg,real,train,other,0,1,0,0,2,miner,1,other_miner,2048,1024,24a8bba86ad39fa4f7fc07b976edf3cb5a709b3f512141a7d13330c1c57fbbbc
48,data/bracol/raw/images/48.jpg,real,train,other,0,1,0,0,2,miner,1,other_miner,2048,1024,68b9bb24860d08d1b4f1e37b0ea7c9ef7426f5c843e7ecb9f2bda5ff7384ae3d
49,data/bracol/raw/images/49.jpg,real,train,other,0,1,0,0,2,miner,1,other_miner,2048,1024,ff0bc9d87f92ee6e9a5fcdeb80fc19490d693f5732594ca4aada1b1230a001ee
50,data/bracol/raw/images/50.jpg,real,train,other,0,1,0,0,1,miner,1,other_miner,2048,1024,eb60b9c7ae088497edaa4832da7181b4b99f2d9e919831817ee460ecd9d0e11f
51,data/bracol/raw/images/51.jpg,real,test,other,0,1,0,0,1,miner,1,other_miner,2048,1024,f8a620657f221a7386eeccf041e6622fc2a68e6df778cffccfe140181d833ba4
52,data/bracol/raw/images/52.jpg,real,train,other,0,1,0,0,1,miner,1,other_miner,2048,1024,38aa23350ee1148011a75b077307ee466cce7dfa255b1501c0bf7a7e551e69dd
53,data/bracol/raw/images/53.jpg,real,train,other,0,1,0,0,2,miner,1,other_miner,2048,1024,bd860fba58598a69d1047ea194c9962d9268d9cbdd5b62f73147d0e5b7c02352
54,data/bracol/raw/images/54.jpg,real,train,other,0,1,0,1,2,miner,2,other_multi,2048,1024,e9b306c9108203f7e16e27d0df6cc9e9697f0470d1c6e643b1924db7bddad8d4
55,data/bracol/raw/images/55.jpg,real,train,other,0,1,0,1,2,cercospora,2,other_multi,2048,1024,a514c86307fc82d3d99226c26373bb80fc8ee126ae1901e67c525a496c86eda3
56,data/bracol/raw/images/56.jpg,real,train,other,0,1,0,0,3,miner,1,other_miner,2048,1024,d60bd51283d31f357667f4d56b61d4e605097c61d4bb30e54a28ebb7a8074ddc
57,data/bracol/raw/images/57.jpg,real,train,other,0,1,0,0,1,miner,1,other_miner,2048,1024,a1b8070081f617cce3bcc63c9a3fb602041e0afc48a14cb87371b03e24a33c42
58,data/bracol/raw/images/58.jpg,real,train,other,0,1,0,1,1,miner,2,other_multi,2048,1024,b00963115d1ecd0060ab988cead502f3ff73a582711a6441c0cde52a8fc93726
59,data/bracol/raw/images/59.jpg,real,val,other,0,1,0,0,1,miner,1,other_miner,2048,1024,41f3a635b2cb503a574f8fd85968bdf5bc78bac6e303f3f48d519faddbf360a4
60,data/bracol/raw/images/60.jpg,real,train,other,0,1,0,0,2,miner,1,other_miner,2048,1024,f6e444df4d48283225306ffff4a20eff91277c56145af5270fcc480244be460e
61,data/bracol/raw/images/61.jpg,real,train,other,0,1,0,1,3,miner,2,other_multi,2048,1024,6b653aec1082958b369a1a624945d0a1dcf236d6d1d3e5bf4219df0cc358a329
62,data/bracol/raw/images/62.jpg,real,train,other,0,0,0,1,1,cercospora,1,other_cercospora,2048,1024,0f82c222d0ad129132451c1a53d06c933c4189737307a41f29354e56253a1903
63,data/bracol/raw/images/63.jpg,real,train,other,0,1,0,0,1,miner,1,other_miner,2048,1024,dfd4f1113162a9db8e610f097628e53ee77912059a1bd43e6fb9a253f3d2150d
64,data/bracol/raw/images/64.jpg,real,val,other,0,1,0,0,1,miner,1,other_miner,2048,1024,e334d2064c7ab1c1927ffb94db369497e0eb8b871a05516b50039c889eb01c96
65,data/bracol/raw/images/65.jpg,real,val,other,0,1,0,0,1,miner,1,other_miner,2048,1024,f8027707b096d3fc21ebb0d8d381456e1da096514236ff361dde05adda51559f
66,data/bracol/raw/images/66.jpg,real,val,other,0,1,0,0,1,miner,1,other_miner,2048,1024,b3654f52b747c86b3328f7f00bd4baefdd63818728ed6cb586cb12031d34f163
67,data/bracol/raw/images/67.jpg,real,val,other,0,1,0,0,1,miner,1,other_miner,2048,1024,06eae203e496849d40d312f6379c8cbe82ba26f36962445eab5b6583ec2ec241
68,data/bracol/raw/images/68.jpg,real,train,other,0,1,0,0,1,miner,1,other_miner,2048,1024,b4e3e7c7d1090720d6d305295c7adc702290886e4bc0be172525ff6057eefc09
69,data/bracol/raw/images/69.jpg,real,train,other,0,1,0,0,1,miner,1,other_miner,2048,1024,3a644cd2b62c8cc75d13bf512c5910a62d2ae625c23c236424b1d450eb6b19c0
70,data/bracol/raw/images/70.jpg,real,test,other,0,1,0,0,2,miner,1,other_miner,2048,1024,b8b5f60b7c1d586c881d13564cf4cdb29a82656fea7bed9a9adf1378508eec71
71,data/bracol/raw/images/71.jpg,real,test,other,0,1,0,1,2,miner,2,other_multi,2048,1024,c2c8c157dc7d282e03d88145879e0a978d0114412342b2e76a2dcc4f3c449707
72,data/bracol/raw/images/72.jpg,real,train,other,0,1,0,0,2,miner,1,other_miner,2048,1024,cec37bfafabeee7dbb9680897b9e454f31be3cccf2c7398b3e7e02fc87752ecf
73,data/bracol/raw/images/73.jpg,real,test,other,0,1,0,0,3,miner,1,other_miner,2048,1024,7c4ba0a5a726a13ad4012cb641a1dea66018ba4870cecb544d43a7499b6fac15
74,data/bracol/raw/images/74.jpg,real,test,other,0,1,0,0,3,miner,1,other_miner,2048,1024,33982b52ca1913866124ed3e893cb7ca7cbfe48f5007267ff437e3a0ad5b660d
75,data/bracol/raw/images/75.jpg,real,train,other,0,1,0,0,1,miner,1,other_miner,2048,1024,bac931c157bbb8f3476c91f4550ae6edb9b61e0efcb7ead8277d15f3b2edd220
76,data/bracol/raw/images/76.jpg,real,train,other,0,1,0,0,1,miner,1,other_miner,2048,1024,f235d591fc1e192ca0508cfd7ed0ea91e9ecfea85034936e3c1122b88531f8ba
77,data/bracol/raw/images/77.jpg,real,train,other,0,1,0,0,1,miner,1,other_miner,2048,1024,77c2291f8f5b6b45e909b74ccb222cd498cd642e018ee739c42b054b7e6e7eda
78,data/bracol/raw/images/78.jpg,real,test,other,0,1,0,0,1,miner,1,other_miner,2048,1024,70ef8c528e854301bcba48f73e713f8322a6cb9ed4bfebf4218087cca77d6b24
79,data/bracol/raw/images/79.jpg,real,train,other,0,1,0,0,2,miner,1,other_miner,2048,1024,90cd34bb41ee0e7b91bdc971beb67c8b312460461784505cbc307f00c3865226
80,data/bracol/raw/images/80.jpg,real,train,other,0,1,0,0,1,miner,1,other_miner,2048,1024,547f2806f071a06faa39209421e91950e154653e49338c9ef379165085ebbb9f
81,data/bracol/raw/images/81.jpg,real,train,other,0,1,0,0,1,miner,1,other_miner,2048,1024,65b52dfc7b6bc2281fa47a1a2270fea46b80b482ad93e37d07161f6b803b0c4b
82,data/bracol/raw/images/82.jpg,real,train,other,0,1,0,0,2,miner,1,other_miner,2048,1024,2749b0692ba7529583869af34e4aa1bd2ef08e40fd432588badc2c0f30183fff
83,data/bracol/raw/images/83.jpg,real,train,other,0,1,0,0,1,miner,1,other_miner,2048,1024,756eff0b8ff5de4d576d11b44f3b76b386fc47d5c1261d30db54834ae1fc7ace
84,data/bracol/raw/images/84.jpg,real,test,rust,1,1,0,0,1,miner,2,rust_s1_mixed,2048,1024,1fdb4abb4185511dc70d822c26e70bbbd2c4cacb265fb32acf988a827bcf6c59
85,data/bracol/raw/images/85.jpg,real,train,other,0,1,0,0,1,miner,1,other_miner,2048,1024,1cea2092b871d54b9e105d8e472ffb52deeadc3d006353ee67a1372711aeabc1
86,data/bracol/raw/images/86.jpg,real,train,other,0,1,0,0,1,miner,1,other_miner,2048,1024,22c0fd3c2bcc93c44541225e1cf4ec825dba560c42d2b1e903d4c10b009dc5c1
87,data/bracol/raw/images/87.jpg,real,train,other,0,1,0,0,1,miner,1,other_miner,2048,1024,b8dd8042c591b533a9b0956d3c27891cfef04cb526236601ea0143f047159332
88,data/bracol/raw/images/88.jpg,real,val,other,0,1,0,0,3,miner,1,other_miner,2048,1024,9ba9c66aaa0ed084429bc22d4697640aff3825fa6706584474b314c5bb4ecfa3
89,data/bracol/raw/images/89.jpg,real,train,other,0,1,0,0,1,miner,1,other_miner,2048,1024,0d98ccaad1280d90d5bcc76125b533d9f9d95670911a0d8e3abcf53d17d6e179
90,data/bracol/raw/images/90.jpg,real,test,rust,1,0,0,1,4,rust,2,rust_s3plus_mixed,2048,1024,545496dbb79152d7c5f742b5cff67d1f977bc4a76f6381faf8d264d5ce9dd31e
91,data/bracol/raw/images/91.jpg,real,train,rust,1,0,0,0,2,rust,1,rust_s2_pure,2048,1024,2df7565ab57e901c6eb8f248b5615758dc6041e205229fcfe00e5dd305ae7561
92,data/bracol/raw/images/92.jpg,real,train,rust,1,0,0,0,1,rust,1,rust_s1_pure,2048,1024,d95c95b2c536fd005be379500900d31fb1bf18102482c20dfdd8727860a8fc7f
93,data/bracol/raw/images/93.jpg,real,train,rust,1,0,0,0,1,rust,1,rust_s1_pure,2048,1024,1702263700068e16a6f50630225d449dcf3971e91e79fbdbc2aa9b14c4d7d41f
94,data/bracol/raw/images/94.jpg,real,val,rust,1,1,0,0,3,rust,2,rust_s3plus_mixed,2048,1024,dce2a0ca114c261330d1f2c57817918a281425551b53a12eb62a87d4309ebb66
95,data/bracol/raw/images/95.jpg,real,train,rust,1,0,0,0,1,rust,1,rust_s1_pure,2048,1024,7a3866d590c46bf72c1cc258853fd6a5a92e390120e50dee0464c15c00f03f93
96,data/bracol/raw/images/96.jpg,real,train,rust,1,0,0,0,3,rust,1,rust_s3plus_pure,2048,1024,962848fffe5a29f514443aca11ee82de7baa6b4cb4dc294780884d950938933e
97,data/bracol/raw/images/97.jpg,real,train,rust,1,0,0,0,1,rust,1,rust_s1_pure,2048,1024,c2ad87d0694cc74c49207dd0f086e54fb5c9749e648c070545d259949a82af47
98,data/bracol/raw/images/98.jpg,real,train,rust,1,0,0,0,2,rust,1,rust_s2_pure,2048,1024,576474716fc22c3ee94f5d629fdf423a2c0dd9268e8ee2730cdf6d426cb563e3
99,data/bracol/raw/images/99.jpg,real,train,rust,1,0,0,0,2,rust,1,rust_s2_pure,2048,1024,408c8162fb552bc30622f762f0dd810e82498ac38f3a72fe6c28c75581a4d202
100,data/bracol/raw/images/100.jpg,real,train,rust,1,1,0,0,4,rust,2,rust_s3plus_mixed,2048,1024,8d99e871765319d57faab7c566d156089cbe6bc52ae8cc1715400c4a5bb2178d
101,data/bracol/raw/images/101.jpg,real,val,rust,1,0,0,0,1,rust,1,rust_s1_pure,2048,1024,498172fc0ce5e165142b0d6550559037c55905858519a0cb846dba4071eb0328
102,data/bracol/raw/images/102.jpg,real,val,rust,1,0,0,0,1,rust,1,rust_s1_pure,2048,1024,f9b09a676323b9c31f34e2077efb5fbb9145fdc209bbef42a77dfcbf98a49005
103,data/bracol/raw/images/103.jpg,real,train,rust,1,0,0,0,1,rust,1,rust_s1_pure,2048,1024,a6a95ea6c9a43320d4940a3bcce40223476045332ba86b2d512b0c8a7b5886ec
104,data/bracol/raw/images/104.jpg,real,train,rust,1,0,0,0,1,rust,1,rust_s1_pure,2048,1024,dc68361bca2e292f5dd9d4b1605e7c45fef2479989186456899ad5a26502d914
105,data/bracol/raw/images/105.jpg,real,train,rust,1,0,0,0,2,rust,1,rust_s2_pure,2048,1024,61d49d8e70f24d8abd0a0ef51b6b39f0b9a766f242ba25c717b46d718337e602
106,data/bracol/raw/images/106.jpg,real,train,rust,1,0,0,0,2,rust,1,rust_s2_pure,2048,1024,3cbbb913f6372f33b1bc530f38691018b1bd1a96e00a9ae0cb61a6ec3ffef09d
107,data/bracol/raw/images/107.jpg,real,train,rust,1,0,0,0,1,rust,1,rust_s1_pure,2048,1024,7acd47fffea39b30b2b153af01948a8219feaa88d34dac712577a1bc4120a972
108,data/bracol/raw/images/108.jpg,real,train,rust,1,0,0,0,1,rust,1,rust_s1_pure,2048,1024,78c2bb14ff5050bbfd6f571508c2602ebd9adb44e198f74687620beb9f7a077d
109,data/bracol/raw/images/109.jpg,real,test,rust,1,0,0,0,1,rust,1,rust_s1_pure,2048,1024,ce736ba62398979d99153184bf7c50053316c782a97dc3d36701d715c741796e
110,data/bracol/raw/images/110.jpg,real,train,rust,1,0,0,0,2,rust,1,rust_s2_pure,2048,1024,39c2a89845520b0b202ccebf49836bdebc7cdd610c9231eece097561f6bbb987
111,data/bracol/raw/images/111.jpg,real,train,rust,1,0,0,0,1,rust,1,rust_s1_pure,2048,1024,737884da4f5e96daa266a97dd97fa68d5a496aae4de9519eae37d5fd48885dbd
112,data/bracol/raw/images/112.jpg,real,test,rust,1,0,0,0,2,rust,1,rust_s2_pure,2048,1024,408033d42dc5e70e60b00b06412ce271b350a05e98cc1253304c6b57bb23d67c
113,data/bracol/raw/images/113.jpg,real,test,rust,1,0,0,0,1,rust,1,rust_s1_pure,2048,1024,061a59617728488d5cbf271dd2c20393d8c1a7a3ead2e6141623652771241132
114,data/bracol/raw/images/114.jpg,real,val,rust,1,0,0,0,1,rust,1,rust_s1_pure,2048,1024,c8d2efe682777db042fd9b775364bfcb9c7739e413819283cc67e77212b650de
115,data/bracol/raw/images/115.jpg,real,train,rust,1,0,0,0,1,rust,1,rust_s1_pure,2048,1024,19c5356f60239cd67c0b8f0923ed09b6db51a2cff1fa0a6cec20f8d105906e10
116,data/bracol/raw/images/116.jpg,real,train,rust,1,0,0,0,1,rust,1,rust_s1_pure,2048,1024,2088f07d112fbeb52d47915e0c08db59019b145897b588164ae45b322c789074
117,data/bracol/raw/images/117.jpg,real,test,rust,1,0,0,1,4,rust,2,rust_s3plus_mixed,2048,1024,8b60bb7a37d8bbd46111aae13f2dc85bafa5954fa39f1415fda110a763cb26af
118,data/bracol/raw/images/118.jpg,real,train,rust,1,0,0,0,1,rust,1,rust_s1_pure,2048,1024,79082f2b013ceed6471c715eed2ac9a32eb760771749f168a6a309cc0b2a2c89
119,data/bracol/raw/images/119.jpg,real,train,rust,1,0,0,0,2,rust,1,rust_s2_pure,2048,1024,38cb44c6ed5d252084f04c8dfaef0bc89709b787b0f3fc67743305fe27ed3d8a
120,data/bracol/raw/images/120.jpg,real,val,rust,1,0,0,0,1,rust,1,rust_s1_pure,2048,1024,949985e7b196ac024787395d0c72740adbaaed9560bfc4f8b3fcd901cedfd762
121,data/bracol/raw/images/121.jpg,real,train,rust,1,0,0,1,1,rust,2,rust_s1_mixed,2048,1024,e91169384de134ca98ebad4cd4ecf5786d1fe12a8f96daed117d7938c50acb9d
122,data/bracol/raw/images/122.jpg,real,train,rust,1,0,0,0,3,rust,1,rust_s3plus_pure,2048,1024,32c7c36f150767d610253b2bcf905b52d022da2a92f28e45f7b191d2a1c30a88
123,data/bracol/raw/images/123.jpg,real,train,rust,1,0,0,0,2,rust,1,rust_s2_pure,2048,1024,46cdb36da1364564a8468f6e5e82c610f8dc53cc0910c5e095de573c49f9e426
124,data/bracol/raw/images/124.jpg,real,train,rust,1,0,0,0,4,rust,1,rust_s3plus_pure,2048,1024,4867f9ed8d70c159c78279eeb81d88404db3e8904f0523d8ebd3e1f54c7a598a
125,data/bracol/raw/images/125.jpg,real,train,rust,1,0,0,0,1,rust,1,rust_s1_pure,2048,1024,2c0e3b171950d82aa81f97b9c84fa5ec24ff617c245288dd47b46798ece7df1f
126,data/bracol/raw/images/126.jpg,real,train,rust,1,0,0,0,4,rust,1,rust_s3plus_pure,2048,1024,81893297c593372c92ff5e14dd4b8641e278fa9c9db80c010efb2acd1a65b9a3
127,data/bracol/raw/images/127.jpg,real,val,rust,1,0,0,0,2,rust,1,rust_s2_pure,2048,1024,2d5617fa6eb6f65e26944798715927ff8846d98a0994bbc107ae9fc393ee634d
128,data/bracol/raw/images/128.jpg,real,train,rust,1,0,0,0,1,rust,1,rust_s1_pure,2048,1024,7e2f7139e31ef15282d187561686000c78eaac1945f973bda69e8ca2cc4c029b
129,data/bracol/raw/images/129.jpg,real,train,rust,1,0,0,0,4,rust,1,rust_s3plus_pure,2048,1024,002a38587bdd578c49a79fb481213b921e1bf6f0a1d1817ac691c6f16ebae36f
130,data/bracol/raw/images/130.jpg,real,train,rust,1,0,0,0,2,rust,1,rust_s2_pure,2048,1024,4367339ec2aa14089c8c37ebeecf2bd43d67b6baa85f520d8c8deacfcfc7c940
131,data/bracol/raw/images/131.jpg,real,train,rust,1,0,0,0,2,rust,1,rust_s2_pure,2048,1024,9d2f5a00ef1aefc21a246e8030130a07cda8ffaa0cc1e95bee558325855fb4fd
132,data/bracol/raw/images/132.jpg,real,train,rust,1,0,0,0,3,rust,1,rust_s3plus_pure,2048,1024,8f74b53d97b5e19633419d6c037815c1e005696ed66de7338a24a06e5e69446d
133,data/bracol/raw/images/133.jpg,real,val,rust,1,0,0,0,2,rust,1,rust_s2_pure,2048,1024,a7a8d3027fafd6440523597458275fcd35a67b205821a43e0b81ae2d0c20346c
134,data/bracol/raw/images/134.jpg,real,val,rust,1,0,0,0,1,rust,1,rust_s1_pure,2048,1024,1c896815d128c10a23338e186a8f870ef8c47fe665be59685940be68d895b3cd
135,data/bracol/raw/images/135.jpg,real,train,rust,1,0,0,0,3,rust,1,rust_s3plus_pure,2048,1024,6cbaab60ef2897cbe8e2e7ac56697dc27ccbf422a5c420a48d95752d2e10782c
136,data/bracol/raw/images/136.jpg,real,test,rust,1,0,0,0,1,rust,1,rust_s1_pure,2048,1024,b43dd47b7eda59970a3a3808a590e488d43dc88649cd41e5a3ce2f9a3084e144
137,data/bracol/raw/images/137.jpg,real,train,other,0,1,0,0,1,miner,1,other_miner,2048,1024,34d59a6eee406b120e2edc01cb4a2372e00e04d52439553e6bea9f272de558f3
138,data/bracol/raw/images/138.jpg,real,val,rust,1,0,0,0,3,rust,1,rust_s3plus_pure,2048,1024,a965233cb1679b81785cb254a526e672fb1dfe3ec4d622ab67983da0be8b373f
139,data/bracol/raw/images/139.jpg,real,val,rust,1,0,0,0,4,rust,1,rust_s3plus_pure,2048,1024,28bcfa28747faa266e1b0f50ce2d2c61a9070b9f7ea3a958e40f7a83f2da284a
140,data/bracol/raw/images/140.jpg,real,train,rust,1,0,0,0,2,rust,1,rust_s2_pure,2048,1024,230ac5576bdeca2fc27280c84579da4382c8e35e5c92d55c7811710ff55631fb
141,data/bracol/raw/images/141.jpg,real,train,rust,1,1,0,0,3,rust,2,rust_s3plus_mixed,2048,1024,60dc65231738248e688fde68f67920324c2ca879a7f29de0b3f74d91fd1a9064
142,data/bracol/raw/images/142.jpg,real,train,rust,1,1,0,0,1,rust,2,rust_s1_mixed,2048,1024,b32d95d885f727d83a5589efd2f5e341a2193f9a1bd23d17db22a249727d4660
143,data/bracol/raw/images/143.jpg,real,val,rust,1,0,0,0,3,rust,1,rust_s3plus_pure,2048,1024,68101a388b5b3fd7c72b5a38a659ec10ff7acdf587b6f29a463641cf7dee417a
144,data/bracol/raw/images/144.jpg,real,train,rust,1,0,0,0,1,rust,1,rust_s1_pure,2048,1024,55c707bb7dd4065e2cc783f905afe26deef6729ebc8709956b2c04fb56bc344e
145,data/bracol/raw/images/145.jpg,real,train,rust,1,0,0,0,1,rust,1,rust_s1_pure,2048,1024,67aafff0be9c9042714de99ce73e1a31a24d34b3129d86f3a36ee8bdc99e0355
146,data/bracol/raw/images/146.jpg,real,train,rust,1,0,0,0,2,rust,1,rust_s2_pure,2048,1024,e647a3466b7d66a9d2ecefa57618c8639d65e9ab9511677f579a491ef008e052
147,data/bracol/raw/images/147.jpg,real,train,rust,1,0,0,0,1,rust,1,rust_s1_pure,2048,1024,a86150459079a2d8c9c87a326fe7259451bba7bbcbe128634522f9cf34b30d2f
148,data/bracol/raw/images/148.jpg,real,train,rust,1,0,0,0,1,rust,1,rust_s1_pure,2048,1024,d3ee0cbda24fc7c579b719bc6a6fea56c1b9fec0fd6975bcda04d102bd102aa3
149,data/bracol/raw/images/149.jpg,real,train,rust,1,0,0,0,3,rust,1,rust_s3plus_pure,2048,1024,97ca8ee857eaa795fd3952ea818893a0c35de820351153f13f6bb83dc6de812f
150,data/bracol/raw/images/150.jpg,real,test,rust,1,0,0,0,2,rust,1,rust_s2_pure,2048,1024,93e17cf09d12803e4574d25aad0d2d81571c5424a1b92e28be046ece7ab82f00
151,data/bracol/raw/images/151.jpg,real,train,rust,1,0,0,0,1,rust,1,rust_s1_pure,2048,1024,f2bf589827d677afedf576afc8d14f4d4b55683ffece7d3d60f38db0e0589176
152,data/bracol/raw/images/152.jpg,real,train,rust,1,0,0,0,1,rust,1,rust_s1_pure,2048,1024,4e8f5a503cd67249f92b26bba8aee31d28c359ddf021517850ce7cf9ae3dacfc
153,data/bracol/raw/images/153.jpg,real,train,rust,1,0,0,0,3,rust,1,rust_s3plus_pure,2048,1024,d3ea672cadc7966adb8a3a7e4b3df4b835577b635c470a769ff9913f0e3d4c41
154,data/bracol/raw/images/154.jpg,real,train,rust,1,0,0,1,3,rust,2,rust_s3plus_mixed,2048,1024,4b433548f0e89276b236d321c348b3f77456e9bcd0abdcf8996270420f98da51
155,data/bracol/raw/images/155.jpg,real,val,rust,1,0,0,0,1,rust,1,rust_s1_pure,2048,1024,4832086686cb69d9b2b40cfe73c94ee14646ffa957c93b987e80d234ea2ff817
156,data/bracol/raw/images/156.jpg,real,train,rust,1,0,0,1,1,rust,2,rust_s1_mixed,2048,1024,cf59501446d8da2392fc1afb1d2911bdd11cfbf5748983cf27128956d9b0a1b4
157,data/bracol/raw/images/157.jpg,real,val,rust,1,0,0,1,1,rust,2,rust_s1_mixed,2048,1024,133ca20a4c0db9c5a45b03c313935d87fd442ee43cbad9faab1e9f0faec8d0ab
158,data/bracol/raw/images/158.jpg,real,train,rust,1,0,0,0,1,rust,1,rust_s1_pure,2048,1024,1f3d8150cda89a7a9f633bd878fda865f44e9e9fbb36607a1731b80335c165fb
159,data/bracol/raw/images/159.jpg,real,train,rust,1,0,0,1,1,rust,2,rust_s1_mixed,2048,1024,efc746abadfbb358ecbdbe81fcf72d0c91f5fe0a9ef22834872cf901106cc6f5
160,data/bracol/raw/images/160.jpg,real,train,rust,1,0,0,0,1,rust,1,rust_s1_pure,2048,1024,1bc1d6f6c8efa7d2320936cf0a39c01e790effde0933413fabb7b3c22dadb8bc
161,data/bracol/raw/images/161.jpg,real,train,rust,1,0,0,0,2,rust,1,rust_s2_pure,2048,1024,e81f29b1e84aad4421896e6121201512faf5e202a61b0cdbf15ba421944eb652
162,data/bracol/raw/images/162.jpg,real,train,rust,1,0,0,0,1,rust,1,rust_s1_pure,2048,1024,76c00906f8816d3a069e7459d81d9de20bb88219430e26cb5b35c9f766bb29e8
163,data/bracol/raw/images/163.jpg,real,train,rust,1,0,0,0,1,rust,1,rust_s1_pure,2048,1024,f3c889a5a9749fadef614028754b949e34ee96b5b5c78d4a7dd43265c8cbaa92
164,data/bracol/raw/images/164.jpg,real,train,rust,1,0,0,0,1,rust,1,rust_s1_pure,2048,1024,6116622547b630dcc6f581d6b787a497766f7841a7572a55fc20884f2c15e47b
165,data/bracol/raw/images/165.jpg,real,val,rust,1,0,0,0,2,rust,1,rust_s2_pure,2048,1024,7dfb39c3a4c3659206a43d35aa1f0f9f97f95bf9a241555e0c8f75ac7194e967
166,data/bracol/raw/images/166.jpg,real,train,rust,1,0,0,0,1,rust,1,rust_s1_pure,2048,1024,942b1e7be2d64d9c622d213fb73c4ba05af64cbae369d7df3393fc96aefdef91
167,data/bracol/raw/images/167.jpg,real,train,rust,1,0,0,0,1,rust,1,rust_s1_pure,2048,1024,0b44975acfb483e26f3ca132b6534d621789d004b35d5e73387a96b2b54930f0
168,data/bracol/raw/images/168.jpg,real,train,rust,1,0,0,0,1,rust,1,rust_s1_pure,2048,1024,f805d43811c25b0a052d02af6d235b7500424d2ac18a09a3d968b1ccd2968850
169,data/bracol/raw/images/169.jpg,real,test,rust,1,0,0,0,1,rust,1,rust_s1_pure,2048,1024,3c5f92560d09f28d32456dbda8c6c9de5d77718ee678bc23ff7da1a7541a740d
170,data/bracol/raw/images/170.jpg,real,train,healthy,0,0,0,0,0,healthy,0,healthy,2048,1024,8dce7dfc6df45799fb75b303f3f595d7266211ab6abcc261b6a29d267d939ab9
171,data/bracol/raw/images/171.jpg,real,train,rust,1,0,0,1,1,rust,2,rust_s1_mixed,2048,1024,88f24705b05ad20c8f06f05fb057fb734df764a5b5a3725050242a34b4f4fd01
172,data/bracol/raw/images/172.jpg,real,test,rust,1,0,0,0,1,rust,1,rust_s1_pure,2048,1024,fd3bc3931caaa9af0e78d42fdad4269370fac3437a881d45e917c0162ff4b546
173,data/bracol/raw/images/173.jpg,real,train,rust,1,0,0,0,1,rust,1,rust_s1_pure,2048,1024,6cdb15cb3645a7a393781ed48aa7d5e9f5eea59cb4b899c1faeb3df7ae67eb3a
174,data/bracol/raw/images/174.jpg,real,train,healthy,0,0,0,0,0,healthy,0,healthy,2048,1024,88a6da991ed682c139d4f7cdce2f223175ee36754bba23850d9128990bef8f1d
175,data/bracol/raw/images/175.jpg,real,val,healthy,0,0,0,0,0,healthy,0,healthy,2048,1024,bd093dc995dfecc338e822abc6af40101de377acbddac8b4c3f42526e1d62ba3
176,data/bracol/raw/images/176.jpg,real,train,healthy,0,0,0,0,0,healthy,0,healthy,2048,1024,6f3a04d6b2c4940dad061b786663a9bd51010d54e003596c090bbdc87a620733
177,data/bracol/raw/images/177.jpg,real,train,healthy,0,0,0,0,0,healthy,0,healthy,2048,1024,a36aa065db6d8ab961c85146e5e3dba9abc15e74525410c2483bf0f6a930a372
178,data/bracol/raw/images/178.jpg,real,train,healthy,0,0,0,0,0,healthy,0,healthy,2048,1024,32683b86dbee7f0f841ec521c65c80899cead1c34ad1cdf01bf29939bf3156f3
179,data/bracol/raw/images/179.jpg,real,train,healthy,0,0,0,0,0,healthy,0,healthy,2048,1024,8ef3b58ade85d32ad05268b7665ba0d852f6c0deace1106d4ba469f555d6db33
180,data/bracol/raw/images/180.jpg,real,train,healthy,0,0,0,0,0,healthy,0,healthy,2048,1024,8d7cbab2cf6999f474ed8324d303d53246a270f179b10d8eedbdd61147bf1349
181,data/bracol/raw/images/181.jpg,real,val,healthy,0,0,0,0,0,healthy,0,healthy,2048,1024,17b93cdbfac60cb2975b9377c5a282d307cbf23791fe6ef7ef54b31afe6e41af
182,data/bracol/raw/images/182.jpg,real,train,healthy,0,0,0,0,0,healthy,0,healthy,2048,1024,1e4ef67a3c31e0f827e660a2958aa3b59e0e0f560b9179d9547f6fb70f2c1cb2
183,data/bracol/raw/images/183.jpg,real,train,healthy,0,0,0,0,0,healthy,0,healthy,2048,1024,f856836519b85f3d0e19a1cc61ab80ed9ce7db036f0217ce634dc3639a509057
184,data/bracol/raw/images/184.jpg,real,train,healthy,0,0,0,0,0,healthy,0,healthy,2048,1024,f23d3132db6b40803e20b6acde4ae9b5c1aed81b2ceb4d527cf0ac7e0d4ded24
185,data/bracol/raw/images/185.jpg,real,train,healthy,0,0,0,0,0,healthy,0,healthy,2048,1024,c2864d55014f179e8474ee1151370844889ce2c4348c7bbd64fc1d4b7e38ef3c
186,data/bracol/raw/images/186.jpg,real,val,healthy,0,0,0,0,0,healthy,0,healthy,2048,1024,17f66af26e14166d970e285e7000a044dd5ec0942e82098ac83dffbd0fa47185
187,data/bracol/raw/images/187.jpg,real,train,healthy,0,0,0,0,0,healthy,0,healthy,2048,1024,6d36e3cc8058afd2a54bfda6422b8ea251f84be989bda2c345a2c861fb58cf78
188,data/bracol/raw/images/188.jpg,real,test,healthy,0,0,0,0,0,healthy,0,healthy,2048,1024,86913ef84cd132efbb332d120a6a86370e0207d35cc45dca016fa1a8ad918ee5
189,data/bracol/raw/images/189.jpg,real,train,healthy,0,0,0,0,0,healthy,0,healthy,2048,1024,28838842cffc85fd934ef403ddd7e190d86ac050992044b22ca9cff2f8f1b6e6
190,data/bracol/raw/images/190.jpg,real,train,healthy,0,0,0,0,0,healthy,0,healthy,2048,1024,f30914c59744f945b3d8cf8e4ce384996a705d8d0e3411f229041e3db1abc9cc
191,data/bracol/raw/images/191.jpg,real,train,healthy,0,0,0,0,0,healthy,0,healthy,2048,1024,0e77c3f2a3a2e1514aef1a18bb3cd713600bfc0ffbe1da48ee541efdaee756bf
192,data/bracol/raw/images/192.jpg,real,train,healthy,0,0,0,0,0,healthy,0,healthy,2048,1024,1781bb1261bb90b8a899e58638cb4a1a754adcdfed925395d506606bd90643e9
193,data/bracol/raw/images/193.jpg,real,train,healthy,0,0,0,0,0,healthy,0,healthy,2048,1024,15427ebf067b7fc08b72ca567c090737df0ea652f81533130591d38216d2a960
194,data/bracol/raw/images/194.jpg,real,train,healthy,0,0,0,0,0,healthy,0,healthy,2048,1024,93c5911da6b2e2e5b4e6ea046d13fa2f17c1dbe9f4b86d9ea4d309b170c8679c
195,data/bracol/raw/images/195.jpg,real,train,healthy,0,0,0,0,0,healthy,0,healthy,2048,1024,7a800094f88a3e22b4334863d704e283df9205d4042f8f71a4bf235d4f7fbfed
196,data/bracol/raw/images/196.jpg,real,test,healthy,0,0,0,0,0,healthy,0,healthy,2048,1024,cc589a89dbccd9ae6a43a0206ca54ecf3eb272df5265e6578dd1ef63eaf8ac78
197,data/bracol/raw/images/197.jpg,real,train,healthy,0,0,0,0,0,healthy,0,healthy,2048,1024,43380d45594f48ef52475b559d7344d6df4c1c19033c519a585cfe77137aa127
198,data/bracol/raw/images/198.jpg,real,train,healthy,0,0,0,0,0,healthy,0,healthy,2048,1024,bade11f38c27d02a740147c380c1e38ca4fd758d48211c8363e1e552dceb3bed
199,data/bracol/raw/images/199.jpg,real,val,healthy,0,0,0,0,0,healthy,0,healthy,2048,1024,e37605a605874154b0650c3527dfbab7db1be064b3b39c2be65655c8d89b007d
200,data/bracol/raw/images/200.jpg,real,train,healthy,0,0,0,0,0,healthy,0,healthy,2048,1024,2273b756934f246f0eaa67b1ffc1d974c8d4ff136471fba6f228a793e9d49711
201,data/bracol/raw/images/201.jpg,real,train,healthy,0,0,0,0,0,healthy,0,healthy,2048,1024,53553c2c1b6dec971bfc48e5a35e17cda9c140dadd085c62c9426c7b95dbd961
202,data/bracol/raw/images/202.jpg,real,test,healthy,0,0,0,0,0,healthy,0,healthy,2048,1024,742299264684e7bf789145497e36f28629c8ea0b17cd7643b636f58673edaf0b
203,data/bracol/raw/images/203.jpg,real,train,healthy,0,0,0,0,0,healthy,0,healthy,2048,1024,483214ab0c5eed9cb6f9db02eb0a1d330c2b6e27610e4f024058598f1d8d2757
204,data/bracol/raw/images/204.jpg,real,test,healthy,0,0,0,0,0,healthy,0,healthy,2048,1024,b787930c8737bc7a269eddaaa4e11db19652ee8bcb9f09c79ac4b061b225fbdb
205,data/bracol/raw/images/205.jpg,real,val,healthy,0,0,0,0,0,healthy,0,healthy,2048,1024,1e8ca7ea96e78027fd686b38a59795a81d67b58ec8e16c64371db6d2d233dae9
206,data/bracol/raw/images/206.jpg,real,train,healthy,0,0,0,0,0,healthy,0,healthy,2048,1024,184305fcaa3737d3953387d80cf15c2c1e0741d31657d3a4a2080ec29e250d11
207,data/bracol/raw/images/207.jpg,real,train,healthy,0,0,0,0,0,healthy,0,healthy,2048,1024,c27a055e7ec86c158000441e9a6e69baf76ab25d4d51a4ae5ce675bcce37a1ad
208,data/bracol/raw/images/208.jpg,real,train,healthy,0,0,0,0,0,healthy,0,healthy,2048,1024,10d0d3a77c8d4d8ab1ddbf72d5acf5b609794694fd352acf541934730e035959
209,data/bracol/raw/images/209.jpg,real,train,healthy,0,0,0,0,0,healthy,0,healthy,2048,1024,75c32a0656769a850746b24b012b5dfa7c7c2bd4ced3717de2116319dd50bbef
210,data/bracol/raw/images/210.jpg,real,train,healthy,0,0,0,0,0,healthy,0,healthy,2048,1024,61b9b66c2b28e429067f457fa3f22f1bb6f9fe9283b34a3500d346459457643b
211,data/bracol/raw/images/211.jpg,real,train,healthy,0,0,0,0,0,healthy,0,healthy,2048,1024,82e173c5e7ddd8c34321c0677b5e6f3e2ae03f4864a226e490a39423fb82a252
212,data/bracol/raw/images/212.jpg,real,train,other,0,1,0,0,1,miner,1,other_miner,2048,1024,30c592ed0a09c7ede43353109c8712551a7578ca61fff90bdbb26085e4dda9d2
213,data/bracol/raw/images/213.jpg,real,train,other,0,1,0,0,1,miner,1,other_miner,2048,1024,3f10d75f59677ebbcc152ee57b0382e61ea619c7789159674b29d4022cd10b98
214,data/bracol/raw/images/214.jpg,real,train,other,0,1,0,0,1,miner,1,other_miner,2048,1024,6aec12ab59edf0d173da3b847ab3f2daa6414a3601f779df3ceed1283361583c
215,data/bracol/raw/images/215.jpg,real,test,other,0,1,0,0,1,miner,1,other_miner,2048,1024,13aa7a3dafa80e6e47709bd1cd4b3c2cd0aa5f615fdfe8fb8cfb8b7ebf9dcb80
216,data/bracol/raw/images/216.jpg,real,train,other,0,1,0,0,1,miner,1,other_miner,2048,1024,75743c7e18893d535fa32b738c23e031e39bb66b054bedc48241fef6ca1a230b
217,data/bracol/raw/images/217.jpg,real,train,other,0,1,0,0,1,miner,1,other_miner,2048,1024,869b20c9576d71b2d9443c0903e29b895ca395c97e4b3835fe4d8f7c3ea167a8
218,data/bracol/raw/images/218.jpg,real,val,other,0,1,0,0,1,miner,1,other_miner,2048,1024,e7f32db4a8f0b9fd5480af22070724af716e45dee52584e589660f3c909e0b4a
219,data/bracol/raw/images/219.jpg,real,train,other,0,1,0,0,2,miner,1,other_miner,2048,1024,611d0988f8a84da0fc13b275044560f2aec9fcab6b6ade58610ce82efd024b2f
220,data/bracol/raw/images/220.jpg,real,train,other,0,1,0,0,1,miner,1,other_miner,2048,1024,63d451696f3e615eebb51fa832354073b814c24377e9d331c8d3ccc60e1d197f
221,data/bracol/raw/images/221.jpg,real,train,other,0,1,0,0,1,miner,1,other_miner,2048,1024,32f4076e58b9f28c83f87ec669bdf5087affb84bbaa5b1abea97395898515c82
222,data/bracol/raw/images/222.jpg,real,train,other,0,1,0,0,1,miner,1,other_miner,2048,1024,b639e63319cc73257e100e73e247c1439364cd11805c3174d27cc7a753383954
223,data/bracol/raw/images/223.jpg,real,test,other,0,1,0,0,1,miner,1,other_miner,2048,1024,1001161e78feeab58ce1d4b555e6e006b3f08b3451bb6df638ec198bb31fdb35
224,data/bracol/raw/images/224.jpg,real,val,other,0,1,0,0,1,miner,1,other_miner,2048,1024,aa5ae2a6f9e2939fbe4a0487e1379eb263066e076e644acc00819d3864fb948e
225,data/bracol/raw/images/225.jpg,real,train,other,0,1,0,0,2,miner,1,other_miner,2048,1024,8d3e051427d41a935d8ebe302b9ab787d3e1d1e0bac63618d1b1dd722ebfb3d3
226,data/bracol/raw/images/226.jpg,real,train,other,0,1,0,0,1,miner,1,other_miner,2048,1024,ed2d73b4cfb31fad842f23ff96b50019c6d7392a963799c74cd2819f9385e745
227,data/bracol/raw/images/227.jpg,real,train,other,0,1,0,0,2,miner,1,other_miner,2048,1024,789fbba5cd5ec9461c1705379f6de69def16ab6dede4d3903794982fce093064
228,data/bracol/raw/images/228.jpg,real,val,other,0,1,0,0,1,miner,1,other_miner,2048,1024,5633a6cfe7ec043b6cd1f624dce4e6cc6e093598145a404be0ae6913454c2ff8
229,data/bracol/raw/images/229.jpg,real,train,other,0,1,0,0,1,miner,1,other_miner,2048,1024,47f02120b2f89650f1f341599d9089ae3fb2a3677e1a937c114e1a3bf9f89adf
230,data/bracol/raw/images/230.jpg,real,train,other,0,1,0,1,3,miner,2,other_multi,2048,1024,5f8de91324f189af3e76b575d672033ca2b85a5dcbcf14ad89f8d32f24ac4ffb
231,data/bracol/raw/images/231.jpg,real,train,healthy,0,0,0,0,0,healthy,0,healthy,2048,1024,13c868c3dc279124cf1a4e0fbe69acecbe3fcd8f8bfca2b24730c5eced987868
232,data/bracol/raw/images/232.jpg,real,test,other,0,0,1,0,2,phoma,1,other_phoma,2048,1024,a83cd012725507118f6db786e144d89836f15cb1f53a492ce8069adb08b43edd
233,data/bracol/raw/images/233.jpg,real,val,other,0,0,1,0,1,phoma,1,other_phoma,2048,1024,419794d30dd2e6ada88f6e6e28529daf4055792dc48e123c95e8c30741b598cd
234,data/bracol/raw/images/234.jpg,real,train,other,0,0,1,0,3,phoma,1,other_phoma,2048,1024,1a092af8ff3cb2fd45a34ce2b921be2a347d3aafb258b4217a12f16b16e990c4
235,data/bracol/raw/images/235.jpg,real,test,other,0,0,1,0,2,phoma,1,other_phoma,2048,1024,740f0d399047de5a504f9030f31557b69fec20507ce6d555c6df8bbf97b2bf70
236,data/bracol/raw/images/236.jpg,real,train,other,0,0,1,0,1,phoma,1,other_phoma,2048,1024,472f5db43bd4015dc572fb6a72c1854f23e04051f170bc7f6fcf8e36177860c4
237,data/bracol/raw/images/237.jpg,real,train,other,0,0,1,0,1,phoma,1,other_phoma,2048,1024,4f5994391237f7dd2d37fda7587ca56d3b202a8052c9ea2326d109486c4845bf
238,data/bracol/raw/images/238.jpg,real,train,other,0,0,1,0,1,phoma,1,other_phoma,2048,1024,933134120417d9d12ff5df5e2c66a1edc35c3824c1461c080fe8b03e7a5a1c9d
239,data/bracol/raw/images/239.jpg,real,train,other,0,0,1,0,1,phoma,1,other_phoma,2048,1024,e49a677d46b80930506c3ee30120bba822f3c5df5a1714fb33c2571992c580a6
240,data/bracol/raw/images/240.jpg,real,train,other,0,0,1,0,1,phoma,1,other_phoma,2048,1024,c2b2a0d7dd3ae1b63fd38e7c8b2cdbc252f5de45bee95dae865a3ba8d56bef1e
241,data/bracol/raw/images/241.jpg,real,val,other,0,0,1,0,2,phoma,1,other_phoma,2048,1024,e09832d272378dd15760fc45bd67fde54fccee3ebcd293965fdcaa8adb3351de
242,data/bracol/raw/images/242.jpg,real,train,other,0,0,1,0,2,phoma,1,other_phoma,2048,1024,4e21d8baa21143920699d58a72f29924ac486d0a717a646b6490ed8b2bae03d2
243,data/bracol/raw/images/243.jpg,real,test,other,0,0,1,0,3,phoma,1,other_phoma,2048,1024,dd8dc87ae828d4490cade5fdf8f207a801f755c65f9486477d2e30f9f5fb63fb
244,data/bracol/raw/images/244.jpg,real,train,other,0,0,1,0,2,phoma,1,other_phoma,2048,1024,223a7dd528f780d75ebb071ba053682d67457f43f8d53808b42e70e97cccfecc
245,data/bracol/raw/images/245.jpg,real,train,other,0,0,1,0,1,phoma,1,other_phoma,2048,1024,69ae79bc5cd23efbebf21a2e67b821a2ce411ccddebcaadec52b66e2f014421b
246,data/bracol/raw/images/246.jpg,real,train,other,0,0,1,0,2,phoma,1,other_phoma,2048,1024,4c60e850e806cafc2cbc3764958c7cd9b3ed7d262b72eb1e0be4024a75416a50
247,data/bracol/raw/images/247.jpg,real,train,other,0,0,1,0,1,phoma,1,other_phoma,2048,1024,7c975372ff95a039c5a4bcef19e9fdad1c5f6f2726803a49618050fa9bea4449
248,data/bracol/raw/images/248.jpg,real,test,other,0,0,1,0,1,phoma,1,other_phoma,2048,1024,634305b25c1448957f1300fe0f1ab80677a4bc75d8a296f0e7b07d04fdae6b9d
249,data/bracol/raw/images/249.jpg,real,train,other,0,0,1,0,2,phoma,1,other_phoma,2048,1024,f36a065783465fd156c82e11b9c61c01b5ac7d64bce6126c98f22d64430aa9b5
250,data/bracol/raw/images/250.jpg,real,train,other,0,0,1,0,2,phoma,1,other_phoma,2048,1024,9cf50c500eaf41e12ab20eb0eb1630d21540654fccd28139adcb392338528b99
251,data/bracol/raw/images/251.jpg,real,train,other,0,0,1,0,1,phoma,1,other_phoma,2048,1024,55c22e2b481543a7a3064f4fb6e1500521488e3115a6b856e9f2eb303baa8312
252,data/bracol/raw/images/252.jpg,real,train,other,0,0,1,0,2,phoma,1,other_phoma,2048,1024,7e4082f3d71063bb3eac571e6445d5741038b579fa92ae9062d7df9bea696322
253,data/bracol/raw/images/253.jpg,real,val,other,0,0,1,0,2,phoma,1,other_phoma,2048,1024,34ecde71f8e951145cb21ccb16a83595fc66bec4a70eb87dd088c784b50146c0
254,data/bracol/raw/images/254.jpg,real,val,other,0,0,1,0,3,phoma,1,other_phoma,2048,1024,0245dffc7dc5348121cfe6481e0107c63a92f924d4c44835ff63b15eacfa5521
255,data/bracol/raw/images/255.jpg,real,test,other,0,0,1,0,2,phoma,1,other_phoma,2048,1024,d6310d6cf4359275c2bf86a4c080dbdf6ec28bfb1cd571184081fe8053eebeb5
256,data/bracol/raw/images/256.jpg,real,train,other,0,0,1,0,3,phoma,1,other_phoma,2048,1024,bff91bf4d53f3254deb257c2e9ae4cfc899db64dca785cf0b685552139b7f025
257,data/bracol/raw/images/257.jpg,real,train,other,0,0,1,0,2,phoma,1,other_phoma,2048,1024,505e3fdf8e6cb1ec2bba13b5d03988abb934c95fffe9d7d50d87e8856a3b3ecc
258,data/bracol/raw/images/258.jpg,real,test,other,0,0,1,0,2,phoma,1,other_phoma,2048,1024,5a86cf6cc5e1fb1b10f761d7b245a20f99b3ca84bc32ab8d2c99ebcc2c8f0bd1
259,data/bracol/raw/images/259.jpg,real,train,other,0,0,1,0,1,phoma,1,other_phoma,2048,1024,45b76e84cb09680532e2e9ab378fece8a79bb46ab829e385c1b4c3fabbce44ad
260,data/bracol/raw/images/260.jpg,real,train,other,0,0,1,0,1,phoma,1,other_phoma,2048,1024,44dd8ed7d20459f69bf34f00d9db4f94a55f91d73abd1b0014784f7302406bce
261,data/bracol/raw/images/261.jpg,real,train,other,0,0,1,0,1,phoma,1,other_phoma,2048,1024,37d8b43855e01e86d4f5c6fa427af39728e48d6795fa363c16e17cdebe0a3876
262,data/bracol/raw/images/262.jpg,real,test,other,0,0,1,0,1,phoma,1,other_phoma,2048,1024,84460149d4ddfff73c02df365c3cba7fd7fc7fdfe0d9f64c02de9d42e0026a1a
263,data/bracol/raw/images/263.jpg,real,train,other,0,0,1,0,2,phoma,1,other_phoma,2048,1024,53daeda02f8cd8ac4f5abef24b30efb63c4b05fc014cdab95385ba2729589f22
264,data/bracol/raw/images/264.jpg,real,train,other,0,0,1,0,1,phoma,1,other_phoma,2048,1024,87972df723fbe7fd887cc795b5f164be17e85af255dc133a12771acec1cd90f8
265,data/bracol/raw/images/265.jpg,real,train,other,0,0,1,0,2,phoma,1,other_phoma,2048,1024,7c23e66165a0bf53488d159b37c3b70173d54dff9629e2eed11d99f405fec80d
266,data/bracol/raw/images/266.jpg,real,train,other,0,0,1,0,1,phoma,1,other_phoma,2048,1024,dc61d5164830fdc6f0aea363f94a212ddadae84b61ee557a169bbc50cc38e3b8
267,data/bracol/raw/images/267.jpg,real,val,other,0,0,1,0,1,phoma,1,other_phoma,2048,1024,24050de137ac8f323561a7e771b92d71892efba1bb424012fd63449d29f9f4f4
268,data/bracol/raw/images/268.jpg,real,test,other,0,0,1,0,1,phoma,1,other_phoma,2048,1024,9dfb4072af95ffd69f1efa5d291192631c3ce21b07080061d7ba9162008fe0c1
269,data/bracol/raw/images/269.jpg,real,train,other,0,0,1,0,4,phoma,1,other_phoma,2048,1024,7d8d332d4e4f5410b72c29af8afb8a00f1858f8b75e912a777cedf6c15f95d4f
270,data/bracol/raw/images/270.jpg,real,val,other,0,0,1,0,1,phoma,1,other_phoma,2048,1024,a947a86bcfab5184bdc95a623a2e553aa7879a676fcaf187bf09d5e058b1959f
271,data/bracol/raw/images/271.jpg,real,train,other,0,0,1,0,1,phoma,1,other_phoma,2048,1024,736f194717192408bc0de02f17ad7f6d45a043ba526718fafde1f339e2930e16
272,data/bracol/raw/images/272.jpg,real,val,other,0,0,1,0,2,phoma,1,other_phoma,2048,1024,6ad8566234e53f9d9ca1ae7b8881a9549b29dde65ff9288faf7f4ccc9b111495
273,data/bracol/raw/images/273.jpg,real,val,other,0,0,1,0,2,phoma,1,other_phoma,2048,1024,91f3f0a0fa216735f132f36f9c5896b100d5241f494e4220111c6e1b855774d7
274,data/bracol/raw/images/274.jpg,real,train,other,0,0,1,0,1,phoma,1,other_phoma,2048,1024,c3fd7729183f8e58d6668eb7dd4ad674b49d42e3aa2944e19e3c202ee5e7b90e
275,data/bracol/raw/images/275.jpg,real,train,other,0,0,1,0,1,phoma,1,other_phoma,2048,1024,337bd025af0f3c91f40a12c0668df77446bea4a9dd40f485c0c1f0d5f98c802f
276,data/bracol/raw/images/276.jpg,real,train,other,0,0,1,0,1,phoma,1,other_phoma,2048,1024,fce152665de26df7eeb7fdcd6216029a08c926a99037459d399907766ae0be99
277,data/bracol/raw/images/277.jpg,real,test,other,0,0,1,0,1,phoma,1,other_phoma,2048,1024,19c4f8bc52acb8e7e6a80618be5e94a67daab5e06649a03524daefb25a4be470
278,data/bracol/raw/images/278.jpg,real,train,other,0,0,1,0,1,phoma,1,other_phoma,2048,1024,e87c9f07b891f122f77197185994ae2d679b8565035c0004c9df96f4ad7dac38
279,data/bracol/raw/images/279.jpg,real,test,other,0,0,1,0,1,phoma,1,other_phoma,2048,1024,d1d3a63e6ab231bac266505e635edc149d6794b3bf3acb907b53d0f30842ede7
280,data/bracol/raw/images/280.jpg,real,train,other,0,0,1,0,1,phoma,1,other_phoma,2048,1024,d7a1a762daaf7422bc73e0724a8e49827d299091c3a86fde72e617e348636a14
281,data/bracol/raw/images/281.jpg,real,test,other,0,0,1,0,1,phoma,1,other_phoma,2048,1024,9dce3c037975eccb5361bf77bd684c8b6379d7e0d2bcfbf159a3d26e3b944f7b
282,data/bracol/raw/images/282.jpg,real,val,other,0,0,1,0,1,phoma,1,other_phoma,2048,1024,76676048769a46b5cfaae275e962431ab84d2546cffdc1602136d1289a849950
283,data/bracol/raw/images/283.jpg,real,train,other,0,0,1,0,3,phoma,1,other_phoma,2048,1024,5c9eca2d0ac075c3372c2a36fbab19222662d4e1fc10fab69869471c554aab85
284,data/bracol/raw/images/284.jpg,real,train,other,0,0,1,0,1,phoma,1,other_phoma,2048,1024,a39f302263b45a1058e4d57f75ed15d32730504a143c9bbda9a33c0be8841f1c
285,data/bracol/raw/images/285.jpg,real,train,other,0,0,1,0,2,phoma,1,other_phoma,2048,1024,0c4259d03ff2eb2fc0dfe02e11d25264143c0b14ca52955d8376836df2489858
286,data/bracol/raw/images/286.jpg,real,train,other,0,0,1,0,1,phoma,1,other_phoma,2048,1024,66621a1c724faf76f2cd851615cf6625aa436f1e64d49272eb101bddcf670ebc
287,data/bracol/raw/images/287.jpg,real,train,other,0,0,1,0,2,phoma,1,other_phoma,2048,1024,935dd7b392a2780d74bc04e30d5c2f825093f4767b6f310f836d63ba8d9a0c21
288,data/bracol/raw/images/288.jpg,real,train,other,0,0,1,0,2,phoma,1,other_phoma,2048,1024,80f44d2a19321ab26092724e3adfcc87cabce82ab51eb227a40d437f9c239318
289,data/bracol/raw/images/289.jpg,real,train,other,0,0,1,0,1,phoma,1,other_phoma,2048,1024,0c524f2efb0598deba5045e5918e82048d5fa49e59321bcd650bbfb1453a6b76
290,data/bracol/raw/images/290.jpg,real,train,other,0,0,1,0,2,phoma,1,other_phoma,2048,1024,a17d9ef2d556611034b5d33a5f616c4707dffc4df9946335f2b0e11a77451b34
291,data/bracol/raw/images/291.jpg,real,val,other,0,0,1,0,1,phoma,1,other_phoma,2048,1024,9d6c4dfbe8cbc00294d8fe9e3546cd25bbf78d177f079d45cb591acf4c2da825
292,data/bracol/raw/images/292.jpg,real,train,other,0,0,1,0,2,phoma,1,other_phoma,2048,1024,860fac16d8d1d170f7fa782c20a9d7e4787984cc2528cbdd9ebc8892756a1c75
293,data/bracol/raw/images/293.jpg,real,train,other,0,0,1,0,2,phoma,1,other_phoma,2048,1024,02487cf923865c9f553d28b4e9ace663a5f73bf71c1aa5f43f05d47d4a8f30dc
294,data/bracol/raw/images/294.jpg,real,train,other,0,0,1,0,2,phoma,1,other_phoma,2048,1024,50d2d5a299581091bbdc79fc3a5c6100f8884cafc05169497a607aca9e705f65
295,data/bracol/raw/images/295.jpg,real,train,other,0,0,1,0,3,phoma,1,other_phoma,2048,1024,fa7c628554097e3202f5acbec4b0967a0bda9106b8b3380f5bad954fe2e6a85e
296,data/bracol/raw/images/296.jpg,real,test,other,0,0,1,0,1,phoma,1,other_phoma,2048,1024,9c4c7ef77d7faeb52fedab84a256b397b4b730484ba61583a54953653bec64d4
297,data/bracol/raw/images/297.jpg,real,val,other,0,0,1,0,2,phoma,1,other_phoma,2048,1024,8a919170568feed9f280cc8d0f9d7bbab16b403be754ddf5f738439648e1e337
298,data/bracol/raw/images/298.jpg,real,train,other,0,0,1,0,2,phoma,1,other_phoma,2048,1024,558a88b6383af33aa18d83c46d09f6b2dc4c538b68cfc492b344293acfbf70f9
299,data/bracol/raw/images/299.jpg,real,test,other,0,0,1,0,2,phoma,1,other_phoma,2048,1024,5580db316e5ddb17d00d10f022994b1fcc5301c2a7e7f6afce55e3ae2c7cb7d8
300,data/bracol/raw/images/300.jpg,real,train,other,0,0,1,0,3,phoma,1,other_phoma,2048,1024,9bd6d84bb5b7c1e4e5258d4bb65615385b5e1fd4287d6ae132ed60e7c2743c26
301,data/bracol/raw/images/301.jpg,real,train,other,0,0,1,0,3,phoma,1,other_phoma,2048,1024,61485d3ccf28c0e3dbc0adc571f27b663710b90791c0acb61bede3a907d83f68
302,data/bracol/raw/images/302.jpg,real,val,other,0,0,1,0,2,phoma,1,other_phoma,2048,1024,d39c09bfafc4552f61cd24c665c534b42742fceb3c782e66843106553b44bed8
303,data/bracol/raw/images/303.jpg,real,train,other,0,0,1,0,1,phoma,1,other_phoma,2048,1024,c0215bea49d4c47fba10b909bdf544116743ce3b83a5c4c708785a766e3d8f60
304,data/bracol/raw/images/304.jpg,real,train,other,0,0,1,0,2,phoma,1,other_phoma,2048,1024,d5f7af634d200b4d7cdfd386fb455aed61a157427459188a3009d216cde7ead7
305,data/bracol/raw/images/305.jpg,real,train,other,0,0,1,0,1,phoma,1,other_phoma,2048,1024,949704f0693c66d9d8056fd65f9e12561927e784daafc2e9cbb247d05e81b53f
306,data/bracol/raw/images/306.jpg,real,train,other,0,0,1,0,2,phoma,1,other_phoma,2048,1024,961280b7d2495374f48e93a83e0474c1cc8c1802a6d70ba6a35d0c2bdaf01676
307,data/bracol/raw/images/307.jpg,real,train,other,0,0,1,0,1,phoma,1,other_phoma,2048,1024,3f640fbd4117c6c2a0de5d2d865b88d60d3eda56d5238eda25ec41a86085cd01
308,data/bracol/raw/images/308.jpg,real,train,other,0,0,1,0,2,phoma,1,other_phoma,2048,1024,a3af99396e5ccb5f00836b9aae54c0caa575302a5636123abf048bf0e4c3f31c
309,data/bracol/raw/images/309.jpg,real,train,other,0,0,1,0,4,phoma,1,other_phoma,2048,1024,6ceb2f187ef1a7c04d3953a4e36f3b95c8e408a4c087643ef4004e6cfc88b918
310,data/bracol/raw/images/310.jpg,real,test,other,0,0,1,0,3,phoma,1,other_phoma,2048,1024,d53cd4ff5cba8811ce776bac69d3e83355ccbf0b4e25279ec824684bc927cd5a
311,data/bracol/raw/images/311.jpg,real,train,other,0,0,1,0,1,phoma,1,other_phoma,2048,1024,37b83c4365c336fea2d6f2d82e028874c4a5ef16a09c6dec9fb8e536d5e297d1
312,data/bracol/raw/images/312.jpg,real,val,other,0,0,1,0,1,phoma,1,other_phoma,2048,1024,5ecd52cfa2887d01d731b7d926089646c69860d27f46f4c4015db6cb5c770b78
313,data/bracol/raw/images/313.jpg,real,train,other,0,0,1,0,1,phoma,1,other_phoma,2048,1024,6d75802360a441af132c5fa6c6e46b251a4c43ab1976adcb0db84b776e7e4bb0
314,data/bracol/raw/images/314.jpg,real,train,other,0,0,1,0,1,phoma,1,other_phoma,2048,1024,b85cc866b6c4b4ce7ead27563ffed38ac68d65a1056f93bd478d92f6b68578f2
315,data/bracol/raw/images/315.jpg,real,train,other,0,0,1,0,2,phoma,1,other_phoma,2048,1024,5fa4a31572ae6b1e9c407e8adfeef2f6284c103319be1ac6c65a01e6aa38fc44
316,data/bracol/raw/images/316.jpg,real,train,other,0,0,1,0,1,phoma,1,other_phoma,2048,1024,970be10f3823e170ae70af299299f0791de21e61222ecbd81cf9dc021a43cd92
317,data/bracol/raw/images/317.jpg,real,val,other,0,0,1,0,1,phoma,1,other_phoma,2048,1024,55bba1bb396a9a5288b0cf628963bd640061b2bda7cc9b613f53d1caa88bb7b2
318,data/bracol/raw/images/318.jpg,real,train,other,0,0,1,0,3,phoma,1,other_phoma,2048,1024,1f02c1e6af237c6efc230c9058b1ecb4ce967dfbb04fcfd8c50f80740cff5c0b
319,data/bracol/raw/images/319.jpg,real,train,other,0,0,1,0,2,phoma,1,other_phoma,2048,1024,1635b38ff32593c43a2e369edbe6a882b0024b21ccf93b8595f2b96e734ff204
320,data/bracol/raw/images/320.jpg,real,val,other,0,0,1,0,2,phoma,1,other_phoma,2048,1024,0963b7f2fcce53dc9c5abd71b7cd04ce3930b076430e36789e4f4abd03877550
321,data/bracol/raw/images/321.jpg,real,train,other,0,0,1,0,4,phoma,1,other_phoma,2048,1024,ae91e97cb78b06ca2aec6a4a423c68969feee9e3d7e4dee3a4cf0288358161ab
322,data/bracol/raw/images/322.jpg,real,val,other,0,0,1,0,2,phoma,1,other_phoma,2048,1024,e22f93e434e8360c3320622843420dd0147ce84cb3a6e7e3bd5ae4b6a284b234
323,data/bracol/raw/images/323.jpg,real,train,other,0,0,1,0,3,phoma,1,other_phoma,2048,1024,32c998e274c66359dec1c5b6ab67ed59661a2b9d214804f163ddbf8c2d0ef7a2
324,data/bracol/raw/images/324.jpg,real,train,other,0,0,1,0,1,phoma,1,other_phoma,2048,1024,e479f1e2ae5382ec82cf7085f2918ccb512cbe3ff57b7f68f9003dd36b2b5545
325,data/bracol/raw/images/325.jpg,real,train,other,0,0,1,0,1,phoma,1,other_phoma,2048,1024,f12f525d857fe18be0a3958278d6a648731c3cd325c4bbef117a47b29e57ec31
326,data/bracol/raw/images/326.jpg,real,val,other,0,0,1,0,2,phoma,1,other_phoma,2048,1024,584950e9727c157e1a100c4fda2c60ce2c299466aaa0833f35ea3e8be2e5dc5a
327,data/bracol/raw/images/327.jpg,real,val,other,0,0,1,0,3,phoma,1,other_phoma,2048,1024,2effdce13a563c4cb3ff162a6c57bf79410fcda8b870c38db2fa34d3a80cae54
328,data/bracol/raw/images/328.jpg,real,train,other,0,0,1,0,2,phoma,1,other_phoma,2048,1024,4918863c7c39971ca9e2bfb65ff647727dc3e43dcd3a2e5714270d0a69579a5b
329,data/bracol/raw/images/329.jpg,real,test,other,0,0,1,0,1,phoma,1,other_phoma,2048,1024,2adea15937847a64a2f5288281e634c0dd2202714c3fbfaebc147a42ae887b20
330,data/bracol/raw/images/330.jpg,real,test,other,0,0,1,0,1,phoma,1,other_phoma,2048,1024,c4f64e3dcae596b6604417382ab83a18d3e7fc088bab4c3d48bd8ed50bf56c32
331,data/bracol/raw/images/331.jpg,real,train,other,0,0,1,0,2,phoma,1,other_phoma,2048,1024,816cf161444eeb8d5bc0eabba315fdb52208579ada666a90d197e4706d86a33d
332,data/bracol/raw/images/332.jpg,real,train,other,0,0,1,0,1,phoma,1,other_phoma,2048,1024,3dc9ed1475e6340463a3bcc9885c2c1da26165562854fb00852db7de857883c7
333,data/bracol/raw/images/333.jpg,real,train,other,0,0,1,0,1,phoma,1,other_phoma,2048,1024,df36330578377d388f5c9ed781410fe6b6c6eb0adfb559d8ccd4c5546d4103ea
334,data/bracol/raw/images/334.jpg,real,train,other,0,0,1,0,2,phoma,1,other_phoma,2048,1024,5fc2667f34b80d9051242b20004c174e44eac15481fa4e881bdb088df87dfec0
335,data/bracol/raw/images/335.jpg,real,train,other,0,0,1,0,1,phoma,1,other_phoma,2048,1024,cf6c94ba8404c3545c73a98718c18bbbfef7a22d1308ae196af78fb4bd299b9d
336,data/bracol/raw/images/336.jpg,real,train,other,0,0,1,0,3,phoma,1,other_phoma,2048,1024,636ca6e9341226be23b7873aa13a69f0f762acb251594473f90dbf795688bfd5
337,data/bracol/raw/images/337.jpg,real,train,other,0,0,1,0,1,phoma,1,other_phoma,2048,1024,249dc9c54e5a93a777c6bc4402ccfb333e84af39a0156a7e54746b0d4f8a01d2
338,data/bracol/raw/images/338.jpg,real,test,other,0,0,1,0,1,phoma,1,other_phoma,2048,1024,7e4226e99cd88e7c1add01d28868b32ae984dbe58d31ac8017a29f8df7197534
339,data/bracol/raw/images/339.jpg,real,train,other,0,0,1,0,2,phoma,1,other_phoma,2048,1024,7d5ed57c9e2e17f26a62137eef29a24e92a19e580968c570a22866e682d2e53b
340,data/bracol/raw/images/340.jpg,real,train,other,0,0,1,0,1,phoma,1,other_phoma,2048,1024,7a7f9ea0854aaae289fcfb9442c9757c6b8e021debf9b28a1fbfe460397f1208
341,data/bracol/raw/images/341.jpg,real,val,other,0,0,1,0,1,phoma,1,other_phoma,2048,1024,e436e61c5147ed1f4baa536e52bdf4035a4346fbb247bfaf73436dd64b4b1d7f
342,data/bracol/raw/images/342.jpg,real,train,other,0,0,1,0,1,phoma,1,other_phoma,2048,1024,e328cc41312c20c13dc8803fe4c2fcedcd103fe877061dd79181337237951523
343,data/bracol/raw/images/343.jpg,real,train,other,0,0,1,0,1,phoma,1,other_phoma,2048,1024,67baaf26f273f6c427d6b459823103b307645b31fb98912529683c1222ede2ff
344,data/bracol/raw/images/344.jpg,real,train,other,0,0,1,0,1,phoma,1,other_phoma,2048,1024,8239424219ba066283d28da3a74f24158efc0ce340237b2b63c33d8eea865dee
345,data/bracol/raw/images/345.jpg,real,test,other,0,0,1,0,2,phoma,1,other_phoma,2048,1024,673644bd7acafdde04c876e8331100bbb4318599d6f311ba0b29b3746d7bc096
346,data/bracol/raw/images/346.jpg,real,train,other,0,0,1,0,1,phoma,1,other_phoma,2048,1024,60d985e144b2ee3b5e1845681a644a601f5db10216fee8695b15f88cd96129a8
347,data/bracol/raw/images/347.jpg,real,train,other,0,0,1,0,1,phoma,1,other_phoma,2048,1024,90dd3320d914b38b767debd4d7a0413740547f84fcb94da3a59a50f2b1301d17
348,data/bracol/raw/images/348.jpg,real,val,other,0,0,1,0,1,phoma,1,other_phoma,2048,1024,fb5569ecdb80ade3286e9f6b4c4f52397f6f39fa23c45ed801fd02359005d70a
349,data/bracol/raw/images/349.jpg,real,train,other,0,0,1,0,1,phoma,1,other_phoma,2048,1024,aa0488adf04cf729e47ffd776d19cccc30242e6534c047b370e99c8bad4eb8ee
350,data/bracol/raw/images/350.jpg,real,test,other,0,0,1,0,3,phoma,1,other_phoma,2048,1024,d97fd9ad7c8eac71921145bee5767f0ccaef5dcad7cb1dc4fa97ae325f32cd9a
351,data/bracol/raw/images/351.jpg,real,train,other,0,0,1,0,1,phoma,1,other_phoma,2048,1024,cde88165d565f1b7f6fe566f6d1d329b9114f015dc9ffb1312f95981d23c6ce5
352,data/bracol/raw/images/352.jpg,real,train,other,0,0,1,0,1,phoma,1,other_phoma,2048,1024,06e925b43283f2edfcb8564e60a54005c7397ba2b586858fc543079ab7402eb6
353,data/bracol/raw/images/353.jpg,real,train,other,0,0,1,0,2,phoma,1,other_phoma,2048,1024,7f1f67f11c56e6aa83971ef328fbb9b62814b2f0067388f4021de86e3059191b
354,data/bracol/raw/images/354.jpg,real,train,other,0,0,1,0,1,phoma,1,other_phoma,2048,1024,b6f1a6758be31ae654375cf42e5754b77786f25a745a7c0c1ac3b678abe51eee
355,data/bracol/raw/images/355.jpg,real,train,other,0,0,1,0,2,phoma,1,other_phoma,2048,1024,0b6aa9cc7c6aceaa3931fa4ac2e38e69adb9eef5f87985ed13c1f24f1b52b87c
356,data/bracol/raw/images/356.jpg,real,train,other,0,0,1,0,1,phoma,1,other_phoma,2048,1024,7e1912d4c4c0bf980fbe42651a721f0e2f859bbb35edb9b496622c662d7ad47d
357,data/bracol/raw/images/357.jpg,real,train,other,0,0,1,0,2,phoma,1,other_phoma,2048,1024,addb8d7a05eba5f2887134f887995019dd22720dafcdce801e4a4819f69cd02d
358,data/bracol/raw/images/358.jpg,real,test,other,0,0,1,0,1,phoma,1,other_phoma,2048,1024,46a70ff074f52ca69ee14705d89a4fcb8ad5843445fcb2be37a96b97d2bd0f1a
359,data/bracol/raw/images/359.jpg,real,val,other,0,0,1,0,1,phoma,1,other_phoma,2048,1024,e58050660288107324658e0e249d251b1d91d2350cf942604906cd145ab0627e
360,data/bracol/raw/images/360.jpg,real,val,other,0,0,1,0,1,phoma,1,other_phoma,2048,1024,1338627ca526b9cedd2725288c4194295283e67efe27ea4633440f0db9ef7447
361,data/bracol/raw/images/361.jpg,real,val,other,0,0,1,0,1,phoma,1,other_phoma,2048,1024,239a2964912b250a4fd46f41c51013a881ce512936e3a1c51e034ce8902b3d45
362,data/bracol/raw/images/362.jpg,real,train,other,0,0,1,0,4,phoma,1,other_phoma,2048,1024,1aa3ae38c16b36af3ce1f4d87f120809b0d8bdd5e869e78d9ffbff6be74c3356
363,data/bracol/raw/images/363.jpg,real,train,other,0,0,1,0,1,phoma,1,other_phoma,2048,1024,c9ad02aea8ab93dcd77383f4aa54d6a93cde080a117b9095279ff84f99a8de98
364,data/bracol/raw/images/364.jpg,real,train,other,0,0,1,0,3,phoma,1,other_phoma,2048,1024,3e2e9c0ba39fb3347f86e75b815dacfe6f2c2f8a720f03243f57586240b3dcd2
365,data/bracol/raw/images/365.jpg,real,train,other,0,0,1,0,1,phoma,1,other_phoma,2048,1024,9bb5731ebdc4fa2ee2b308e203981eb6ef070f8e27fc6f06dbf0e8470a4fbe03
366,data/bracol/raw/images/366.jpg,real,train,other,0,0,1,0,1,phoma,1,other_phoma,2048,1024,9d22ba8142a4fb4218bf90ed6b226326887748275a0f86db2850c273a864b460
367,data/bracol/raw/images/367.jpg,real,train,other,0,0,1,0,1,phoma,1,other_phoma,2048,1024,837196f1b99ab7b6bedacc0275d579555c1a01df1d80a81ece35812c790473a5
368,data/bracol/raw/images/368.jpg,real,train,other,0,0,1,0,1,phoma,1,other_phoma,2048,1024,5cf52814a3fe2cc4abcddf1324a523c89cc64ee92b44573e3f064e284d494e16
369,data/bracol/raw/images/369.jpg,real,train,other,0,0,1,0,4,phoma,1,other_phoma,2048,1024,4d669d7e5ce68e4a08114011d779174ae6c330dfd2a02203da155d41108601b5
370,data/bracol/raw/images/370.jpg,real,test,other,0,0,1,0,1,phoma,1,other_phoma,2048,1024,97e5b6072950b3c850b952899cff04b03fe7bdabfb47b42b49aa3714eefe4e58
371,data/bracol/raw/images/371.jpg,real,train,other,0,0,1,0,3,phoma,1,other_phoma,2048,1024,5bd2f827bf576e4f48698b1dbb2177bc7538eb960ee3c9461aea0875480831aa
372,data/bracol/raw/images/372.jpg,real,train,other,0,0,1,0,2,phoma,1,other_phoma,2048,1024,addf9afad246d76871ad498eb9858378002d2f8f3249f4e48d285fc336eba01d
373,data/bracol/raw/images/373.jpg,real,train,other,0,0,1,0,1,phoma,1,other_phoma,2048,1024,4368eec2529c61bd610821fec4cadb9ec44d842b13056f78cf7dba734e01a54b
374,data/bracol/raw/images/374.jpg,real,train,other,0,0,1,0,1,phoma,1,other_phoma,2048,1024,ee81f928153293d55fdd19b039a3898c7184d1033c513c8adb01bd365f7c439b
375,data/bracol/raw/images/375.jpg,real,train,other,0,0,1,0,1,phoma,1,other_phoma,2048,1024,1e37a05e847340b0c7104fe2cb5d2ac95b305ccced4577b00dd7cbbde566d03b
376,data/bracol/raw/images/376.jpg,real,train,other,0,0,1,0,1,phoma,1,other_phoma,2048,1024,c513c6d2e42d14ec58eebd6e3224e796b4e854d634150eb881ddc75727ddf696
377,data/bracol/raw/images/377.jpg,real,train,other,0,0,1,0,3,phoma,1,other_phoma,2048,1024,d50b10ca923667b5e0ca8fdff8753eb32a15257ad8999848b83ac4e1b897ee39
378,data/bracol/raw/images/378.jpg,real,train,other,0,0,1,0,1,phoma,1,other_phoma,2048,1024,ba526aae7ea68b78481b7c8b86aa09e0087f2ef797eef8fa76ebcc906c401cca
379,data/bracol/raw/images/379.jpg,real,train,other,0,0,1,0,2,phoma,1,other_phoma,2048,1024,5edfd4b6e743f6a13e50191606840421fd07a06fc864be71cb40638d12e07d5d
380,data/bracol/raw/images/380.jpg,real,test,other,0,0,1,0,1,phoma,1,other_phoma,2048,1024,680d01a74dd54f5a32aa96b045993e874b9b586bb4b58329f6fb0e4ed054f0ce
381,data/bracol/raw/images/381.jpg,real,train,other,0,0,1,0,1,phoma,1,other_phoma,2048,1024,210958ef3efed73419d951c8a5bd56419386a1115675aec0e99fabc87fd415b0
382,data/bracol/raw/images/382.jpg,real,test,other,0,0,1,0,1,phoma,1,other_phoma,2048,1024,d066fe78843915d00a69708d22d3ce15ca4d15dd906f02fdc48789907d4dfcf9
383,data/bracol/raw/images/383.jpg,real,train,other,0,0,1,0,2,phoma,1,other_phoma,2048,1024,921e3f066869f30365d57bf8f98d31b04a620c53ae0b0e34c20b506e78e5cbf9
384,data/bracol/raw/images/384.jpg,real,test,other,0,0,1,0,1,phoma,1,other_phoma,2048,1024,a4850f7cf8fa03e2e72c380c670b1c211f57e577e824d4f83e33a4a9df51cf38
385,data/bracol/raw/images/385.jpg,real,train,other,0,0,1,0,1,phoma,1,other_phoma,2048,1024,db83eff92ae1c5a5517cd9f48ec8b56d2b39a11faedc2fb417be233c3cbfd717
386,data/bracol/raw/images/386.jpg,real,train,other,0,0,1,0,1,phoma,1,other_phoma,2048,1024,6564c50f05e4c8618b29820198085264612031ea6315ea7400af6366fc69a293
387,data/bracol/raw/images/387.jpg,real,train,other,0,0,1,0,2,phoma,1,other_phoma,2048,1024,ba299c19628b80e78ed3a4baa94f8ef18783454449af63cdad163c7b35355c27
388,data/bracol/raw/images/388.jpg,real,val,other,0,0,1,0,3,phoma,1,other_phoma,2048,1024,9b497bdc8c9770da7f6bdcaea0522c87e7ec7b8c69d24f870ea476b3accf8251
389,data/bracol/raw/images/389.jpg,real,train,other,0,0,1,0,1,phoma,1,other_phoma,2048,1024,03e39ed8f1b748a42813602e9641358a112cdc7d4b5123f1f8319939ed44a58d
390,data/bracol/raw/images/390.jpg,real,train,other,0,0,1,0,1,phoma,1,other_phoma,2048,1024,54b73376c81b6cfe3a91375268cec110398354f97f3a75077e2024445fbcd47d
391,data/bracol/raw/images/391.jpg,real,test,other,0,0,1,0,4,phoma,1,other_phoma,2048,1024,5925b30fed6e3047e6aa3a56ead8680344f0da36ef68dd74d0becbb1804322c5
392,data/bracol/raw/images/392.jpg,real,train,other,0,0,1,0,1,phoma,1,other_phoma,2048,1024,757d9b5a5e76948a7510e9ce5c288f3b3511ecf6b6b1a4d69315221f73562a19
393,data/bracol/raw/images/393.jpg,real,val,other,0,0,1,0,1,phoma,1,other_phoma,2048,1024,dd95eb4071839ccbe9e05b93b7157864bdbbe6ce0287aa682475f2b196ba5f52
394,data/bracol/raw/images/394.jpg,real,train,other,0,0,1,0,1,phoma,1,other_phoma,2048,1024,48bf78ba569fe571e0b3aa22c214ffeb255632352b053f0724054dcf19302265
395,data/bracol/raw/images/395.jpg,real,val,other,0,0,1,0,1,phoma,1,other_phoma,2048,1024,e9054cd0cd426c5ace8f5254a692421cc0078981216e947a75b66f7ad42a37cf
396,data/bracol/raw/images/396.jpg,real,train,other,0,0,1,0,1,phoma,1,other_phoma,2048,1024,fcac99749d9da89027fe08306b84066c4e36c15e1b7a3dfcebb51e14aac18469
397,data/bracol/raw/images/397.jpg,real,train,other,0,0,1,0,1,phoma,1,other_phoma,2048,1024,0132ef54244c82b081901967d2275f1b260190956f3adc21ee82403eb3a1044c
398,data/bracol/raw/images/398.jpg,real,train,other,0,0,1,0,2,phoma,1,other_phoma,2048,1024,53aab56421b69585fa79e160a6cd660b87e9d7c6fe31ab61b5f2a5b2c8757dba
399,data/bracol/raw/images/399.jpg,real,val,other,0,0,1,0,1,phoma,1,other_phoma,2048,1024,4d0db4f2a7059f138e51b05e6c0ff3d2130c72ffda84bb2929aad60562124613
400,data/bracol/raw/images/400.jpg,real,train,other,0,0,1,0,2,phoma,1,other_phoma,2048,1024,5acb1fa0e846759c8e23f19c932e490460b61747f06aa8c90909ea47e827827a
401,data/bracol/raw/images/401.jpg,real,test,other,0,0,1,0,1,phoma,1,other_phoma,2048,1024,056d7e001fcc0c11f22cb679c66a786d9d84470d0561dbafff6f09ea2f2bd9b1
402,data/bracol/raw/images/402.jpg,real,test,other,0,0,1,0,1,phoma,1,other_phoma,2048,1024,d9c989da0f00782ab90ec6dcad9c82c59468bcea1ff9ae7aaf1f5ad026ca1cdc
403,data/bracol/raw/images/403.jpg,real,train,other,0,0,1,0,2,phoma,1,other_phoma,2048,1024,9832feed73ff453506e9d17b0dbd27080e15357a74478fcdbaa00afd14e1bf07
404,data/bracol/raw/images/404.jpg,real,train,other,0,0,1,0,2,phoma,1,other_phoma,2048,1024,baa648c12987142226890c1a9062d161420aa45f8b56aad62093079766b0dbb3
405,data/bracol/raw/images/405.jpg,real,train,other,0,0,1,0,3,phoma,1,other_phoma,2048,1024,550e4b46d000dd9f6a28bb13040da5779702b5514ff6a3ee7251eff4643d281d
406,data/bracol/raw/images/406.jpg,real,train,other,0,0,1,0,1,phoma,1,other_phoma,2048,1024,4ca5cd24fa29c6e04f279ff57bcbb62c8849e0de06c57adbcfab36fca8d88290
407,data/bracol/raw/images/407.jpg,real,train,other,0,0,1,0,2,phoma,1,other_phoma,2048,1024,4aab112c3c05c66d0499231f688750d8d22f9dcd968e9d181c5b49ef4fcf99cd
408,data/bracol/raw/images/408.jpg,real,train,other,0,0,1,0,2,phoma,1,other_phoma,2048,1024,91e31a2a291bd461aae299a6edc436ea011eee390486af2e54740af9e884f020
409,data/bracol/raw/images/409.jpg,real,train,other,0,0,1,0,4,phoma,1,other_phoma,2048,1024,05bbdf92cc7e52e6470a7820277e278e2b49ca8d2537ae0355290a2730716a90
410,data/bracol/raw/images/410.jpg,real,train,other,0,0,1,0,1,phoma,1,other_phoma,2048,1024,7ed014229947f5b1a7259128076ad5bb7d5ddf01ca2f1776b81ec8cc95e44674
411,data/bracol/raw/images/411.jpg,real,train,other,0,0,1,0,1,phoma,1,other_phoma,2048,1024,907f4257be48dedc60ed64f1f29bdc8c4b3b8cef3543ab1d081fdfb5ab7bb1c4
412,data/bracol/raw/images/412.jpg,real,train,other,0,0,1,0,2,phoma,1,other_phoma,2048,1024,7051fbbf97dec94c795d61ad097efd2edd8c3a7b34b992debf5037da374483f9
413,data/bracol/raw/images/413.jpg,real,train,other,0,0,1,0,1,phoma,1,other_phoma,2048,1024,8c9a4640d06e849289e0aacfded57600046fef0dbc49f5b91937bde026bd986e
414,data/bracol/raw/images/414.jpg,real,val,other,0,0,1,0,3,phoma,1,other_phoma,2048,1024,42ec5fc1d687135d9e0f413cf1dfa94a0a8012a2b6812c7551e4393d0aa26c57
415,data/bracol/raw/images/415.jpg,real,train,other,0,0,1,0,2,phoma,1,other_phoma,2048,1024,b0547a9ed82cb914b145cd7868533ad12293e79db12417f8d36cca24b1c4b07c
416,data/bracol/raw/images/416.jpg,real,train,other,0,0,1,0,1,phoma,1,other_phoma,2048,1024,17575251e13d991201ce076a7100de5ea9c69d31ab7a177458ee7db326340f70
417,data/bracol/raw/images/417.jpg,real,train,other,0,0,1,0,1,phoma,1,other_phoma,2048,1024,04f1a9e28a7608662e191acedd36e8c278d3518b56f44ec1a0915892cf193502
418,data/bracol/raw/images/418.jpg,real,train,other,0,0,1,0,1,phoma,1,other_phoma,2048,1024,8a7a53258275cc9f00e00e629b1951751732125dae52ca3451e51bbee05ce4bf
419,data/bracol/raw/images/419.jpg,real,train,other,0,0,1,0,2,phoma,1,other_phoma,2048,1024,e81da46647f3da93f68e6e2c82aa90bf788eec1861b461e14ff052d90415b8ab
420,data/bracol/raw/images/420.jpg,real,train,other,0,0,1,0,1,phoma,1,other_phoma,2048,1024,d36330ce2faaa624e2a3396cbd2f78d66c4601c3fbb1b030788279b0a3625890
421,data/bracol/raw/images/421.jpg,real,train,other,0,0,1,0,2,phoma,1,other_phoma,2048,1024,b0eea8c26ee1a832c9cadbfaf1d140e5ec7ce0df715311ad823c5a5f1afa4333
422,data/bracol/raw/images/422.jpg,real,val,other,0,0,1,0,1,phoma,1,other_phoma,2048,1024,13dd5dcf16b555ce255a4c25934990b8f4f3b846d11193403826baff221ec23f
423,data/bracol/raw/images/423.jpg,real,train,other,0,0,1,0,1,phoma,1,other_phoma,2048,1024,d933f5f92ed70eb649feefa7aa0843cbb2177191625a73592eaf5ef493a18976
424,data/bracol/raw/images/424.jpg,real,test,other,0,0,1,0,2,phoma,1,other_phoma,2048,1024,a6ea7132ce0d082775d1594f209c56c750dff8e51b6a0514f76445d2412dd5c6
425,data/bracol/raw/images/425.jpg,real,train,other,0,0,1,0,1,phoma,1,other_phoma,2048,1024,b991043da8e98abfaa31a5ffc40b9063b8bb6acb5d61936ab4b353422ec31bd4
426,data/bracol/raw/images/426.jpg,real,train,other,0,0,1,0,1,phoma,1,other_phoma,2048,1024,7bc5e49a56c5765fdf64828e7c97cff5c48b46fab0ec1b3b64cf171a9e1eed8c
427,data/bracol/raw/images/427.jpg,real,train,other,0,0,1,0,2,phoma,1,other_phoma,2048,1024,5c7529ece77ca89effbf7a0c1161abf4b0ad668cbbb50b65c09c0e884fdeca48
428,data/bracol/raw/images/428.jpg,real,val,other,0,0,1,0,1,phoma,1,other_phoma,2048,1024,0a69d1c3189e5413bae07590f28b5c15989877a31c852ff0abaf24087cbdf017
429,data/bracol/raw/images/429.jpg,real,val,other,0,0,1,0,4,phoma,1,other_phoma,2048,1024,5014b9f76ed69707e5756feffedec54a19283e5a6e2586a5186c71b3b1f24380
430,data/bracol/raw/images/430.jpg,real,train,other,0,0,1,0,1,phoma,1,other_phoma,2048,1024,eb6c9b98b11ba9ab46f91763bd16908df135dcf4244e61e3f0fa40a9b36ea586
431,data/bracol/raw/images/431.jpg,real,test,other,0,0,1,0,1,phoma,1,other_phoma,2048,1024,e63b169a2a00d33cd587cdfe7e577cd428d3db7f5f3555a5404aab2c490824c3
432,data/bracol/raw/images/432.jpg,real,test,other,0,0,1,0,2,phoma,1,other_phoma,2048,1024,9160c07bba935fb7f49fc4000d1205475174d680a241859bace1169b14996f86
433,data/bracol/raw/images/433.jpg,real,train,other,0,0,1,0,1,phoma,1,other_phoma,2048,1024,c31ac3dc6e26f807afe61cfe60c28dd6c780a968f8be2b5b06eb610830775b12
434,data/bracol/raw/images/434.jpg,real,train,other,0,0,1,0,2,phoma,1,other_phoma,2048,1024,b762bad4c8284e4a372abd23419742adcb97d55fe922c4bab4ef4a6a5a211b86
435,data/bracol/raw/images/435.jpg,real,test,other,0,0,1,0,1,phoma,1,other_phoma,2048,1024,ddf37a08c11f684fa21d892101441191317119cfa439f4374ccc294995003212
436,data/bracol/raw/images/436.jpg,real,test,other,0,0,1,0,2,phoma,1,other_phoma,2048,1024,93b15b84cdaacc77bcb12b2fd86320e927e2ab95a7ab107440d629992f109bd7
437,data/bracol/raw/images/437.jpg,real,val,other,0,0,1,0,1,phoma,1,other_phoma,2048,1024,a4b5bcc391e58c83da2edb562d9917802bd6a24accbed6ecfbe19719d26f4d53
438,data/bracol/raw/images/438.jpg,real,train,other,0,0,1,0,1,phoma,1,other_phoma,2048,1024,7fcba17b81e3029544e587752cf3caf034d3460d853e97f4b95d0442a29b9be4
439,data/bracol/raw/images/439.jpg,real,train,other,0,0,0,1,1,cercospora,1,other_cercospora,2048,1024,23930daa7a05b6a4da3bdd9d4b41b0eeb79d31ba8d10fff5c83ded88f09b6db1
440,data/bracol/raw/images/440.jpg,real,train,other,0,0,1,0,1,phoma,1,other_phoma,2048,1024,afc312d708c156de3737ae48bfcda7c4b036fc8ba745b0e36b01173f7dd28239
441,data/bracol/raw/images/441.jpg,real,train,other,0,0,1,0,1,phoma,1,other_phoma,2048,1024,b25d86fdf57195f14b10e613b85bddb94ab779bd8af1aae210a364077dbd6251
442,data/bracol/raw/images/442.jpg,real,train,other,0,0,1,0,1,phoma,1,other_phoma,2048,1024,b8b954b33d935314425f598501159f75224babba5cb287a01da8dcfa60fe94c5
443,data/bracol/raw/images/443.jpg,real,train,other,0,0,1,0,2,phoma,1,other_phoma,2048,1024,8a1a19c6aecbca367d3adeb929d567560ff305c5417a9a7abe983b9336a57e54
444,data/bracol/raw/images/444.jpg,real,test,other,0,0,1,0,1,phoma,1,other_phoma,2048,1024,544725a0b2dd0aae9e5775d935f589541d6c860660fe2853fef7f58cb0e2e322
445,data/bracol/raw/images/445.jpg,real,train,other,0,0,1,0,1,phoma,1,other_phoma,2048,1024,4f81ce51d838a1676fcdefb167dcd6a4986bdfc98fc7438d9509e3b126d1be9a
446,data/bracol/raw/images/446.jpg,real,train,healthy,0,0,0,0,0,healthy,0,healthy,2048,1024,e91ea5e52e9f3e924fe80655ffc0e62f09fe58504beab4a8878af05d173aab8c
447,data/bracol/raw/images/447.jpg,real,train,other,0,1,0,0,1,miner,1,other_miner,2048,1024,f328e53ef2a33d69dc159d5f8852dedb78db0a3237cb4aa7b6045421e8e83c15
448,data/bracol/raw/images/448.jpg,real,train,other,0,0,1,0,4,phoma,1,other_phoma,2048,1024,394445513557a74136f1a3e8b63d3dd88663422d4d3ed772e1459b18bbcdb7d0
449,data/bracol/raw/images/449.jpg,real,train,other,0,0,1,0,1,phoma,1,other_phoma,2048,1024,1dbae07e01722502b2d446a273203150790666353d71c63a0b683a77ebe38ec6
450,data/bracol/raw/images/450.jpg,real,train,other,0,0,1,0,1,phoma,1,other_phoma,2048,1024,d5cd41e322ebb1a5a9c733fe33aa7b8abf4dbce33a3d0bd46ff75a7c692c9045
451,data/bracol/raw/images/451.jpg,real,train,other,0,0,1,1,2,phoma,2,other_multi,2048,1024,2af2e2ecc627e05029208355ab32c6c8e76c5f5826b2212e260de84394f18fe9
452,data/bracol/raw/images/452.jpg,real,test,other,0,0,1,0,1,phoma,1,other_phoma,2048,1024,0c4894eb2b2e9a372285796150e0015feddc74ec2cc36996ae32fe9e764331c3
453,data/bracol/raw/images/453.jpg,real,val,other,0,0,1,0,1,phoma,1,other_phoma,2048,1024,f294cb20a67b3437d3b0c306528d93eb4ff3f9f3dcbaa5eaa24957e19d361160
454,data/bracol/raw/images/454.jpg,real,train,other,0,0,1,0,1,phoma,1,other_phoma,2048,1024,4c31e04283008110af3d7bd80dc2765c7e626ae223d5e706526260b530941141
455,data/bracol/raw/images/455.jpg,real,train,other,0,0,1,0,1,phoma,1,other_phoma,2048,1024,e71e211ed5b57020035b34266de99ba0920ac39d567cb141f459ad0f087503f0
456,data/bracol/raw/images/456.jpg,real,train,other,0,0,1,0,2,phoma,1,other_phoma,2048,1024,6b5e6e8cc1ec6210becc5a539e33fb5467d3b7499932486f8c77ea6c2ea0da5c
457,data/bracol/raw/images/457.jpg,real,train,other,0,0,1,0,1,phoma,1,other_phoma,2048,1024,1c6f913b8d1abeafc79f58bed0e7a2e32513490b958b1648a60c0f353fae731a
458,data/bracol/raw/images/458.jpg,real,train,other,0,0,1,0,2,phoma,1,other_phoma,2048,1024,1ededddacb14fe8bf83bbc63805d9d70f8550e75d6b5c7fe89230120773b7ea3
459,data/bracol/raw/images/459.jpg,real,test,other,0,0,1,0,1,phoma,1,other_phoma,2048,1024,796bea5ac1bb382e433c3bbef2e03de5f662f2673d8ce0ab6f3b6d30ff0149bf
460,data/bracol/raw/images/460.jpg,real,train,other,0,0,1,0,1,phoma,1,other_phoma,2048,1024,225c545816ba18923cd6a2704fda5761a7dbc0f287ce7335a62c78a3f67ac436
461,data/bracol/raw/images/461.jpg,real,train,other,0,0,1,0,3,phoma,1,other_phoma,2048,1024,ba03f6d389459eb99d4aab49e577e2cd686dedbe92494007384038f4ffbf111c
462,data/bracol/raw/images/462.jpg,real,train,other,0,0,1,0,1,phoma,1,other_phoma,2048,1024,b692a1ef2acc4fad034ca8db1dee8ef24436934dfbc0a3fe6d2a587a0022c635
463,data/bracol/raw/images/463.jpg,real,train,other,0,0,1,0,1,phoma,1,other_phoma,2048,1024,1027320d1a7be712fb670fea88309a186e07f24306e935e59ce12d3adb77bb63
464,data/bracol/raw/images/464.jpg,real,train,other,0,0,1,0,1,phoma,1,other_phoma,2048,1024,58476fbaf0610f8c02eb52023ae417f0aac9cdca33dc17c2db5585c7ecc78e0e
465,data/bracol/raw/images/465.jpg,real,train,other,0,0,1,0,1,phoma,1,other_phoma,2048,1024,881769b68e1dbd8b6deb63228562b730ca98341c90bdaf3d4daa3993e0642861
466,data/bracol/raw/images/466.jpg,real,train,other,0,0,0,1,1,cercospora,1,other_cercospora,2048,1024,b0e0e71ae85ebaf66832eb11c682bed3fc7a15755c09df50d04f506d8f82f95f
467,data/bracol/raw/images/467.jpg,real,train,rust,1,0,1,0,1,phoma,2,rust_s1_mixed,2048,1024,d789bf55c2ce28524b9214c1a51eca20f56e3a2c6cbf32d048564fcb595a3307
468,data/bracol/raw/images/468.jpg,real,train,other,0,0,1,0,1,phoma,1,other_phoma,2048,1024,a5ee5fa79e90f5002d04aaf8877c12af96c8c0f538ae06b3de177fa4e2bb35f3
469,data/bracol/raw/images/469.jpg,real,train,other,0,0,1,0,1,phoma,1,other_phoma,2048,1024,e24140ec2e76cf286fe480a808aec861dbc79310849c133db8a59ff1b78c9105
470,data/bracol/raw/images/470.jpg,real,train,other,0,0,1,0,1,phoma,1,other_phoma,2048,1024,67a4a81125cd84ebe8ad243fd6f70145147f3ee9a77d51a2b154bd4b54c756e3
471,data/bracol/raw/images/471.jpg,real,train,other,0,0,1,0,1,phoma,1,other_phoma,2048,1024,343f11370ff6e5c38d0ebcfd119444ec57edf554654ec9d1ebd4336c34358532
472,data/bracol/raw/images/472.jpg,real,train,other,0,0,1,0,2,phoma,1,other_phoma,2048,1024,afb10ccdb244bae8061d811372a7f548f4b1667667bd32ce5a679d0f2d295c31
473,data/bracol/raw/images/473.jpg,real,val,other,0,0,1,0,2,phoma,1,other_phoma,2048,1024,a2a72760833b55312787dd16ee5a8df7a66c6bfb2821c458da91beeee08598c8
474,data/bracol/raw/images/474.jpg,real,test,other,0,0,1,1,2,phoma,2,other_multi,2048,1024,fccb440182aa861dc74c2c6e9c2bb6ced1d6558cd044a279193815b7d118a2a8
475,data/bracol/raw/images/475.jpg,real,train,other,0,0,1,0,1,phoma,1,other_phoma,2048,1024,f889a7d157700a862028971fdf6379302901ee8332bb432c28f033fdbafb4a42
476,data/bracol/raw/images/476.jpg,real,train,other,0,0,1,0,1,phoma,1,other_phoma,2048,1024,084b76129ab2fb1af75043231fd3d7a8c34114fe109a8c43a898233d9e91d1ec
477,data/bracol/raw/images/477.jpg,real,test,other,0,0,1,0,1,phoma,1,other_phoma,2048,1024,8c843e1ca647a3a33a7cc700cf404b3975d4470ba40f0e5a0e2dc3f6283a3ef1
478,data/bracol/raw/images/478.jpg,real,train,other,0,0,1,0,2,phoma,1,other_phoma,2048,1024,0c56e92a63cef342bb850341d513c085d524471010663453bd53fe5142d02484
479,data/bracol/raw/images/479.jpg,real,val,other,0,0,1,0,1,phoma,1,other_phoma,2048,1024,43c636d81ceb7da931349be6ca38e3ceeff716d622bf3ee76a09f43405457e31
480,data/bracol/raw/images/480.jpg,real,train,other,0,0,1,0,1,phoma,1,other_phoma,2048,1024,299429fca39d9f5c80538877501208ac20bd85c40074141ba9c24d4055fad00f
481,data/bracol/raw/images/481.jpg,real,train,other,0,0,1,0,2,phoma,1,other_phoma,2048,1024,3c40c2e1daf4f6da502fc96b65923c6d244d9fef441c5f6206ae6aac5107f9d3
482,data/bracol/raw/images/482.jpg,real,train,other,0,0,1,0,2,phoma,1,other_phoma,2048,1024,efef02f8fac925d8055f67da42f16bee0fd73b6ec4d16bc1734e92fa55e6870c
483,data/bracol/raw/images/483.jpg,real,val,other,0,0,1,0,2,phoma,1,other_phoma,2048,1024,240f2df50bd5a138483497fc0171f946b7a26936d7c6ad323bed7b26128933c7
484,data/bracol/raw/images/484.jpg,real,test,other,0,0,1,0,2,phoma,1,other_phoma,2048,1024,27ba62add1871091a6e1ffd9fd15e0387dc68ae31dfed0ed539a9cd3f0a74b49
485,data/bracol/raw/images/485.jpg,real,train,other,0,0,1,0,1,phoma,1,other_phoma,2048,1024,9a655490262f2e7389c82c89d6636085a7b561db97a3fd13e353f7dd3e872e68
486,data/bracol/raw/images/486.jpg,real,train,other,0,0,1,0,1,phoma,1,other_phoma,2048,1024,dbea6f85c26aa8e97a930d58fa8de770c269bf892ee2c1f8f04402811fd16110
487,data/bracol/raw/images/487.jpg,real,train,other,0,0,1,0,3,phoma,1,other_phoma,2048,1024,8f50ef811ec5f9e81ab081f2b7a227f6eb2f25c87bfecf17820cf31c1c56dfb8
488,data/bracol/raw/images/488.jpg,real,train,other,0,0,1,0,2,phoma,1,other_phoma,2048,1024,393681ee194d38017f47f5a50f6ce50ade69e32ba3acc8977bd265d6c377667b
489,data/bracol/raw/images/489.jpg,real,train,other,0,0,1,0,1,phoma,1,other_phoma,2048,1024,dd4c79c709c71309b53df97e564068422d71bfdbb37675c9e9cdd4e6772eee7c
490,data/bracol/raw/images/490.jpg,real,val,other,0,0,1,0,1,phoma,1,other_phoma,2048,1024,5e2b3d87da98cbd5af09a482937ae79f680020a2aae7ef66d44d8d4fadcfaadc
491,data/bracol/raw/images/491.jpg,real,train,other,0,0,1,0,1,phoma,1,other_phoma,2048,1024,19c88d1761171b84a3e1176b4d395d8cd3da1996282f65b92ef1c801307d16bf
492,data/bracol/raw/images/492.jpg,real,train,other,0,0,1,0,4,phoma,1,other_phoma,2048,1024,08d6cc3162dac0330c0d624cc144964e93aa5f3d458304d66d53cac1c7be051d
493,data/bracol/raw/images/493.jpg,real,train,other,0,0,1,0,1,phoma,1,other_phoma,2048,1024,7c71a17f9c441ae2c5d3504f02516acb09678b7c2f7981b3e333531346797d8e
494,data/bracol/raw/images/494.jpg,real,train,other,0,0,0,1,1,cercospora,1,other_cercospora,2048,1024,80ebefa56dbdad29e280cd2e684005fad2bb44bc6c2ee8e5f17ddc95817dbeca
495,data/bracol/raw/images/495.jpg,real,train,other,0,0,1,0,2,phoma,1,other_phoma,2048,1024,dfd24bc27a869fc38f771f3aff3207a16c9bc0f6beb0c0cfb16858e93bbc9f41
496,data/bracol/raw/images/496.jpg,real,train,other,0,0,1,0,3,phoma,1,other_phoma,2048,1024,5616e49bfdf752578dad6efd3b0e306f9a37676d028fc53c0995c85f014a28e6
497,data/bracol/raw/images/497.jpg,real,train,other,0,0,1,0,1,phoma,1,other_phoma,2048,1024,0c648370a1f7d6140a1d47d337acbf00dafb0f9fdedf1fceec8852b0a49f8003
498,data/bracol/raw/images/498.jpg,real,train,other,0,0,1,0,2,phoma,1,other_phoma,2048,1024,f49fac4e2a72b670e31c0862ac97494a936ac29ad0741deb11f50c2f54c033d1
499,data/bracol/raw/images/499.jpg,real,train,other,0,0,1,0,1,phoma,1,other_phoma,2048,1024,5edfff8b10bfdce596fe326f3833e12956533983c8339ce6627a15edc0f00551
500,data/bracol/raw/images/500.jpg,real,val,other,0,0,1,0,1,phoma,1,other_phoma,2048,1024,8cef412e023e768083cf0b9856739d729fbe330d5d1f8e29c653e4581455bb3b
501,data/bracol/raw/images/501.jpg,real,test,other,0,0,1,0,1,phoma,1,other_phoma,2048,1024,1b2004057188f8ea38b27ce615fa6e2d2085111a6aa6b54ab36364d5e65c4d5d
502,data/bracol/raw/images/502.jpg,real,train,other,0,0,1,0,4,phoma,1,other_phoma,2048,1024,a4335e03e4f8b605453c26095c13ee9077f95912df9e559f1b52be7346f80631
503,data/bracol/raw/images/503.jpg,real,train,other,0,0,1,0,1,phoma,1,other_phoma,2048,1024,2e3ee00e3ba555459c0e55149f3d681c18632ad645d6ac74b1e5841ac7992691
504,data/bracol/raw/images/504.jpg,real,train,other,0,0,1,1,1,cercospora,2,other_multi,2048,1024,2bb0f8ee9befb8ce837689048df408cf5363bda905e1ea24d36d91f71a732206
505,data/bracol/raw/images/505.jpg,real,train,other,0,0,1,0,3,phoma,1,other_phoma,2048,1024,a9fcdde0ad661c5dad5b0963c8451eed26fae922f7f74c2e23301ab080cc6fc0
506,data/bracol/raw/images/506.jpg,real,test,other,0,0,1,0,3,phoma,1,other_phoma,2048,1024,d85a431cd26d1a21ca054afd4c7dd8119285151f404413072d89b1d91807c16f
507,data/bracol/raw/images/507.jpg,real,train,other,0,0,1,0,4,phoma,1,other_phoma,2048,1024,129ac03be4dcb16e7485b66a7e9f59cc66fe0954332dcd62515955fe8fe82710
508,data/bracol/raw/images/508.jpg,real,train,other,0,0,1,0,2,phoma,1,other_phoma,2048,1024,64edda59cde0f2ada5374e186d1712fe83e1fa0c82128d6e946e938f62586467
509,data/bracol/raw/images/509.jpg,real,test,other,0,0,1,0,2,phoma,1,other_phoma,2048,1024,f46fd073b9d494145743808dc107ee12801eac8613045ff83fc8749e9c1893e9
510,data/bracol/raw/images/510.jpg,real,test,other,0,0,1,0,1,phoma,1,other_phoma,2048,1024,754dd3144b9472059476df17fbc3cc0a02f5eb6c6341d56bdb23fc7a666122b4
511,data/bracol/raw/images/511.jpg,real,test,other,0,0,1,0,2,phoma,1,other_phoma,2048,1024,2a157c5cd8d978154e5fd1aef7eeca0fdbdbd0541b69cd8eaf22337ec12dcc19
512,data/bracol/raw/images/512.jpg,real,train,other,0,0,1,0,1,phoma,1,other_phoma,2048,1024,a5017eb0df436344baee9152a399ce2e1531c5b0d6b581b5896fd74ef4d89d4a
513,data/bracol/raw/images/513.jpg,real,train,other,0,0,1,0,2,phoma,1,other_phoma,2048,1024,06a8ff8306200517345830924f60817651bbbddec00d148c0efa8577394147bf
514,data/bracol/raw/images/514.jpg,real,train,other,0,0,1,0,1,phoma,1,other_phoma,2048,1024,f6ffe40f4b24163d4ad735ea410d88054b8ee5a106eea0b94efd1f6bc81c6168
515,data/bracol/raw/images/515.jpg,real,train,other,0,0,1,0,1,phoma,1,other_phoma,2048,1024,da6c6d79bfcde1c460d5ff9e95908fde5eec6e76d3b8b9403bdb75c92b90827a
516,data/bracol/raw/images/516.jpg,real,val,other,0,0,1,0,1,phoma,1,other_phoma,2048,1024,0bf0a3a2a892d231ffeff31e2103243621131d069e72bf58ab3d350542dff29a
517,data/bracol/raw/images/517.jpg,real,train,other,0,0,0,1,1,cercospora,1,other_cercospora,2048,1024,6af8aa9728571a07dac0cbe026cba57bb067b6a7a5abc0c741b4d94a75f5f5be
518,data/bracol/raw/images/518.jpg,real,val,other,0,0,1,0,1,phoma,1,other_phoma,2048,1024,ba3a4258e3f36c9e8e1e985c43968496bd22413a8f0779d070316bd659182dd4
519,data/bracol/raw/images/519.jpg,real,train,other,0,0,1,0,1,phoma,1,other_phoma,2048,1024,126904741711db41fd2018e23ddf238ac35084ce0a7554813e4ebab42d88b802
520,data/bracol/raw/images/520.jpg,real,val,other,0,0,1,0,1,phoma,1,other_phoma,2048,1024,5d9dc9cfa2b100909ee552891985b3f266dfeec782d57393ee327ca2aca58967
521,data/bracol/raw/images/521.jpg,real,train,other,0,0,1,0,1,phoma,1,other_phoma,2048,1024,7ed1604662fec7e55db080b6d2349b720b704eca852cb86c8b593137de44b985
522,data/bracol/raw/images/522.jpg,real,val,rust,1,0,0,0,3,rust,1,rust_s3plus_pure,2048,1024,6b2ae65593ccdff0c157348678fc57d403d54f28ab2357a7a28c5ebcb040a10d
523,data/bracol/raw/images/523.jpg,real,test,other,0,0,1,0,2,phoma,1,other_phoma,2048,1024,1cbbf6c072a31006f3efb9415384f6a0d879cedd3a97bb27c8d91237a48db93c
524,data/bracol/raw/images/524.jpg,real,val,other,0,0,1,0,2,phoma,1,other_phoma,2048,1024,9641b4aa1ee8370e693a6f0833adb4156c28d4ae9632079fea6968d18f9406f2
525,data/bracol/raw/images/525.jpg,real,train,other,0,0,0,1,1,cercospora,1,other_cercospora,2048,1024,b7e28628e668c5b18f77788447af707a00573b5158ca04ddc43442ca2442f3c2
526,data/bracol/raw/images/526.jpg,real,test,other,0,0,1,1,2,phoma,2,other_multi,2048,1024,1268ac53022e6f543932b7b0336bc7d48d7ccc4224d444490166fa537154c69a
527,data/bracol/raw/images/527.jpg,real,val,rust,1,0,0,0,1,rust,1,rust_s1_pure,2048,1024,31c5d32deb4a7fe231ad1ed1e2780f4ad437b3a5ed606f5a2ead6153c5373345
528,data/bracol/raw/images/528.jpg,real,train,other,0,0,1,0,1,phoma,1,other_phoma,2048,1024,49c312e129c56546fef51345c8a7206ccdad8fb09374922f8757ccdc571105a3
529,data/bracol/raw/images/529.jpg,real,train,other,0,0,1,0,1,phoma,1,other_phoma,2048,1024,5def9c00eb093dc6d9919c7b14d728d421ecc94f0fae24298284b5307d2613db
530,data/bracol/raw/images/530.jpg,real,train,other,0,0,1,0,1,phoma,1,other_phoma,2048,1024,5824f816914e860fbb7e1f868b41b421fd69fce08dfa15fd72cc051b830ecc79
531,data/bracol/raw/images/531.jpg,real,train,other,0,0,1,0,1,phoma,1,other_phoma,2048,1024,0b7bd7fc2362b1ab11f36c5d57bc308c2ecb1a5e403f25f6d74cdb6b95b89110
532,data/bracol/raw/images/532.jpg,real,train,other,0,0,1,0,1,phoma,1,other_phoma,2048,1024,d49546959ff5a6f87d871aadcddee3839314c4e4610739973b7627a16235b008
533,data/bracol/raw/images/533.jpg,real,train,other,0,0,1,0,4,phoma,1,other_phoma,2048,1024,8ad323f2ec41b9a61515028418fc198882c8406bdb3260e02e7909b379e5fd05
534,data/bracol/raw/images/534.jpg,real,train,other,0,0,1,0,2,phoma,1,other_phoma,2048,1024,e404fdc6001ca115c9f5ea4aa85f1b4bcc2dbfe57a08a8636583ffa5495b1d18
535,data/bracol/raw/images/535.jpg,real,train,other,0,0,1,1,2,cercospora,2,other_multi,2048,1024,511532b034b193defbed7847036b997d29e6f39f2a6975c9560a84b2c3695c53
536,data/bracol/raw/images/536.jpg,real,train,other,0,0,1,1,3,phoma,2,other_multi,2048,1024,cdc869871a5e42a04defd9a3e90009cebd89d91aeef053ca7de7437c844fa2a5
537,data/bracol/raw/images/537.jpg,real,train,other,0,0,1,0,2,phoma,1,other_phoma,2048,1024,9876100dc7c2665b7321fbd6af434f3810bb6050d91b57f88a926a70a860820b
538,data/bracol/raw/images/538.jpg,real,test,other,0,0,1,0,1,phoma,1,other_phoma,2048,1024,7adc907b8cc725c5ab45df50a30ff3abf9c7a11f0db789ac6af65c7fba43f717
539,data/bracol/raw/images/539.jpg,real,test,other,0,0,1,0,3,phoma,1,other_phoma,2048,1024,8c3360871a8af1eed13639d2bafc8ace1a9e800f38b04bff5138f51eb718736b
540,data/bracol/raw/images/540.jpg,real,train,other,0,0,1,0,2,phoma,1,other_phoma,2048,1024,d70f5b797ddf9605a2575a790b2ed02fdd48ef16c626049855a5a715f50cd626
541,data/bracol/raw/images/541.jpg,real,train,other,0,0,1,0,1,phoma,1,other_phoma,2048,1024,3d5117781ccc73ceec06fb595241061eec4bfff109719669b7c98563b1ccf2ea
542,data/bracol/raw/images/542.jpg,real,train,other,0,0,1,0,1,phoma,1,other_phoma,2048,1024,ad7e0f67ad301806e3c77f883e53698214ec89195761a43e0eef357934045940
543,data/bracol/raw/images/543.jpg,real,train,other,0,0,1,0,2,phoma,1,other_phoma,2048,1024,df9c6d370fde45f6a35d6a9c48ecc1b330477e426278726e1ef4d4b6d84e8839
544,data/bracol/raw/images/544.jpg,real,train,other,0,0,1,0,4,phoma,1,other_phoma,2048,1024,c504495a1a415245d63098f938166b2b4f94bc5d74ba86845b1ac180e02dc17c
545,data/bracol/raw/images/545.jpg,real,train,other,0,0,1,0,1,phoma,1,other_phoma,2048,1024,9be92b86e6539503b9549695a587f56c506b53e9668cb6c098fd302d00cd978e
546,data/bracol/raw/images/546.jpg,real,train,other,0,0,1,0,1,phoma,1,other_phoma,2048,1024,021d34e3f1a12fdebedcc907e10cb467fc9a449a974e009575cdeff640bac6cb
547,data/bracol/raw/images/547.jpg,real,train,other,0,0,1,0,4,phoma,1,other_phoma,2048,1024,05947f54adecc2b074cb67bbc45a42726d5543d8be7c508e5fe281ad02a42d1f
548,data/bracol/raw/images/548.jpg,real,train,other,0,0,1,0,2,phoma,1,other_phoma,2048,1024,0238c875f7aae91b52fb89c9ce1eac07a0bf2e47281b4b34337cfd0f5c60f4e7
549,data/bracol/raw/images/549.jpg,real,train,other,0,0,1,0,4,phoma,1,other_phoma,2048,1024,1cc643befc7c94f0ad9063a75dc0ab17b3426f6fd9fff3c2493a011cfb867961
550,data/bracol/raw/images/550.jpg,real,train,other,0,0,1,0,3,phoma,1,other_phoma,2048,1024,97f927d133c225d6429eebff76223aee338527bf71eb3922c8993a84631fa3fd
551,data/bracol/raw/images/551.jpg,real,val,other,0,0,1,0,3,phoma,1,other_phoma,2048,1024,bd6587e722e002f2e63eac3eadb753414a0883e4548f5d11c5005a02ce004971
552,data/bracol/raw/images/552.jpg,real,train,other,0,0,1,1,1,undetermined,2,other_multi,2048,1024,1c0105076fc0655c492f88566a45435354b1d1fd506df28ad2f012d1af6a4494
553,data/bracol/raw/images/553.jpg,real,train,other,0,0,1,0,1,phoma,1,other_phoma,2048,1024,61e42a704c3ed0f6dd7b7469d5b6468098dc8f8c6b1378aed4dae4519e52ad28
554,data/bracol/raw/images/554.jpg,real,test,other,0,0,1,0,2,phoma,1,other_phoma,2048,1024,2059b19dedffaf85ab050c8e04e4dd90781280f76f73a566522552ff91a5f0b6
555,data/bracol/raw/images/555.jpg,real,train,other,0,0,0,1,1,cercospora,1,other_cercospora,2048,1024,46583573c9b4bd1ea055f3e6da6846cc70dff29d533121ed7b35b37b444fa75b
556,data/bracol/raw/images/556.jpg,real,train,other,0,0,1,0,2,phoma,1,other_phoma,2048,1024,99d183001839d6aa5ebae7f18e128e20e88f8a5585d7b6132209ce7c0a6e3f38
557,data/bracol/raw/images/557.jpg,real,train,other,0,0,1,0,1,phoma,1,other_phoma,2048,1024,2d317a1c7e8c4049be3a8099974eb3e9040aff00efc25605af07725104efb260
558,data/bracol/raw/images/558.jpg,real,train,rust,1,0,0,0,1,rust,1,rust_s1_pure,2048,1024,8aafab4ac4ed8d138958d6d54831b78cf38e535cf996aa342ce112074fc918b1
559,data/bracol/raw/images/559.jpg,real,val,other,0,0,1,0,2,phoma,1,other_phoma,2048,1024,ad046f92c562301af46a62b86bd02e6aa41634608cd14112407a71b5a47d774e
560,data/bracol/raw/images/560.jpg,real,train,rust,1,0,0,0,1,rust,1,rust_s1_pure,2048,1024,a67d6411b07b69a70d672b21908720a37614e7d614a7ee0c587d1bc36b88b7fb
561,data/bracol/raw/images/561.jpg,real,train,rust,1,1,0,0,4,rust,2,rust_s3plus_mixed,2048,1024,e4cc5166e2a4deb2d015e2f0d4c69292d9a2e5c2f6feb77693642c572d92199c
562,data/bracol/raw/images/562.jpg,real,train,rust,1,0,0,1,1,cercospora,2,rust_s1_mixed,2048,1024,6f3ae680b10d871e3a7a1e1fbb99d159e7e2ac4cc5f390663997e37814a908c0
563,data/bracol/raw/images/563.jpg,real,train,other,0,0,1,0,1,phoma,1,other_phoma,2048,1024,38671371448a7d4e872cded0b5f525168200636e38d534ce39582001e5345e07
564,data/bracol/raw/images/564.jpg,real,train,other,0,0,1,0,1,phoma,1,other_phoma,2048,1024,6710fac34c2bcfc33e89ec63bf5f84f0e9316379f168ea9c7cdd68470d520475
565,data/bracol/raw/images/565.jpg,real,val,healthy,0,0,0,0,0,healthy,0,healthy,2048,1024,33240d056841841fe3ef42fd9bf66fb5d3b6b2a70c9c0c724a2a8c8e0dcb4829
566,data/bracol/raw/images/566.jpg,real,train,other,0,0,0,1,1,cercospora,1,other_cercospora,2048,1024,f2300a4c0c342da77e607140e70d1d2bb0018bfb75ee42d17864f6132ccf1852
567,data/bracol/raw/images/567.jpg,real,train,other,0,0,0,1,1,cercospora,1,other_cercospora,2048,1024,432d145ae683acb009298a914cfb1bc8cdf4d771c2b379f5ee15e7e568a8547f
568,data/bracol/raw/images/568.jpg,real,val,healthy,0,0,0,0,0,healthy,0,healthy,2048,1024,2fe357b548dbf161988c4148b09fbe8f73ae0d29d365547cecba4f181a4a7243
569,data/bracol/raw/images/569.jpg,real,val,other,0,0,0,1,1,cercospora,1,other_cercospora,2048,1024,5637199ff4e0c0e9e8c3d4d8367a76c309c3502b678c33d51d86256cfb2c9ab6
570,data/bracol/raw/images/570.jpg,real,test,rust,1,0,0,1,2,rust,2,rust_s2_mixed,2048,1024,428844aa69c3f0d9864699c0ebaf62edc64041e9f5008ddc80c7e661fd5198a4
571,data/bracol/raw/images/571.jpg,real,train,healthy,0,0,0,0,0,healthy,0,healthy,2048,1024,24bad85c4c0f2a4843582d47e34c2c43f5f169b8edee3f2486da2a94c0f63e86
572,data/bracol/raw/images/572.jpg,real,val,rust,1,0,0,0,1,rust,1,rust_s1_pure,2048,1024,a053f418509f59965bbdbf93f07102a6c13251a5baf115144c41181fb85aab83
573,data/bracol/raw/images/573.jpg,real,train,healthy,0,0,0,0,0,healthy,0,healthy,2048,1024,cb373de6bca461a9a1bf0efc919c6c9f9902747a6bfd71cc0eb13fbe3b22a021
574,data/bracol/raw/images/574.jpg,real,train,other,0,0,1,0,1,phoma,1,other_phoma,2048,1024,3c7e22647c189a8cf7c24925350ed51168589c205c004363908b18d00a707541
575,data/bracol/raw/images/575.jpg,real,train,other,0,1,0,0,1,miner,1,other_miner,2048,1024,01962633b0f87d1bc1e41ebe15cf98cee8acde56c4f41c9bbb0a45ba29c537f8
576,data/bracol/raw/images/576.jpg,real,train,other,0,1,0,0,1,miner,1,other_miner,2048,1024,a484b78d7f4fcd3a64b929a405e639aa6798c76d8c97f990516eef22252789e1
577,data/bracol/raw/images/577.jpg,real,train,other,0,0,0,1,1,cercospora,1,other_cercospora,2048,1024,329b37f86d93749f757270a89ec5d50ce15aece7260dddddd830273a5979658b
578,data/bracol/raw/images/578.jpg,real,train,healthy,0,0,0,0,0,healthy,0,healthy,2048,1024,f33ca96a2717bf1aaa09119306200c8004823d1ef2f35624d3c6828c57fe2e5e
579,data/bracol/raw/images/579.jpg,real,train,other,0,0,0,1,1,cercospora,1,other_cercospora,2048,1024,a7f1f5157baa666af3833d021bbbc06f54d0ae87676f21b787374f9df9019132
580,data/bracol/raw/images/580.jpg,real,train,other,0,1,0,0,1,miner,1,other_miner,2048,1024,05ae7677dc58ec4a6b2a05b751f292ea4168962dc7564a222c79a69f48af1523
581,data/bracol/raw/images/581.jpg,real,test,healthy,0,0,0,0,0,healthy,0,healthy,2048,1024,f37957ce401a37621f92ab8b57a954839933f611edcaf3ddc89732d8f5847c5e
582,data/bracol/raw/images/582.jpg,real,test,healthy,0,0,0,0,0,healthy,0,healthy,2048,1024,02810dc47f173cbc56c79b57e1d8c7f60e2ad8bc571d9a4f2a12d8ff73e79f73
583,data/bracol/raw/images/583.jpg,real,train,healthy,0,0,0,0,0,healthy,0,healthy,2048,1024,d33cc6a9ec3bb04ec62dd64b801e13e2786f17d6c1cf909f1a52e109dad39c8f
584,data/bracol/raw/images/584.jpg,real,train,other,0,1,0,0,1,miner,1,other_miner,2048,1024,e5a20eeda30589d1b14dcb32615f7009c753db21697a50c5a0e214f384adc71a
585,data/bracol/raw/images/585.jpg,real,test,other,0,1,0,0,1,miner,1,other_miner,2048,1024,703fec9cea6bb700e86a97baf1a6d7c27e8467545ec2acb0b38e24e2aa494a32
586,data/bracol/raw/images/586.jpg,real,train,rust,1,0,0,0,1,rust,1,rust_s1_pure,2048,1024,9ad582db53c47cc93a87a3439621616190b23ac4bb5fab27c05e99f6a8624872
587,data/bracol/raw/images/587.jpg,real,train,healthy,0,0,0,0,0,healthy,0,healthy,2048,1024,fb817db6d7526a465cad586a819dd82fd62d98512f49844bab1568d31c1aa724
588,data/bracol/raw/images/588.jpg,real,train,other,0,1,0,0,1,miner,1,other_miner,2048,1024,49f4a438d18fa0a55f3a83a413b2b5924e8a8eb0e8bd8bf0f864e1565f1eabde
589,data/bracol/raw/images/589.jpg,real,train,rust,1,1,0,0,3,rust,2,rust_s3plus_mixed,2048,1024,be5fd714a5b5ac3cf630a7e622a410adb5e3481666cbc34740844a581a2c809d
590,data/bracol/raw/images/590.jpg,real,train,rust,1,0,0,0,2,rust,1,rust_s2_pure,2048,1024,f7597db8a5bf08a4eeb128a78cd22a4ba421ca9d4d4d4b805c1cc097b4c26d91
591,data/bracol/raw/images/591.jpg,real,train,other,0,0,1,0,1,phoma,1,other_phoma,2048,1024,0ee491abae823bb66537b93583ab20152502eda80edb4baff899cf921d73c87a
592,data/bracol/raw/images/592.jpg,real,train,other,0,0,1,0,1,phoma,1,other_phoma,2048,1024,c6bc5fda6b55ad44862abf21327e3e753d9fec88fedb8a7317629130cf41d2d1
593,data/bracol/raw/images/593.jpg,real,train,rust,1,0,0,0,2,rust,1,rust_s2_pure,2048,1024,71a9313e8e08d283157cbc8c8f73b41626e582482ca221ca9d037ab05972f0d3
594,data/bracol/raw/images/594.jpg,real,train,rust,1,0,0,1,1,cercospora,2,rust_s1_mixed,2048,1024,f85bc49919b518633c8a47a612263f2ee3662a5a6e3a8e5b9f53407fc00f5c55
595,data/bracol/raw/images/595.jpg,real,val,other,0,0,1,0,1,phoma,1,other_phoma,2048,1024,99be04f75d4a4f83e62bb2dbe60578af09281ab70c4a07bf808af1081bda8dca
596,data/bracol/raw/images/596.jpg,real,test,rust,1,1,0,0,4,rust,2,rust_s3plus_mixed,2048,1024,86790c672eab5c883d70b370c64fb5ece42b98cf299f9f4aecd1bb6027ea19d1
597,data/bracol/raw/images/597.jpg,real,train,rust,1,0,0,0,2,rust,1,rust_s2_pure,2048,1024,ebec5f5aae9d4c08e39a155b3ecfe97165fb6b624c823d0385a0bed510937b88
598,data/bracol/raw/images/598.jpg,real,test,rust,1,0,0,0,4,rust,1,rust_s3plus_pure,2048,1024,d2e487a345d3721c0bbf2b13a9d0fad7ed852dce8a8858b498a2d0dc6a6f5eeb
599,data/bracol/raw/images/599.jpg,real,train,rust,1,0,0,0,1,rust,1,rust_s1_pure,2048,1024,c5e0da63ec1e42288f3b60b0e68a0370df2b6ef62a863cc884ee9c8a6f61010b
600,data/bracol/raw/images/600.jpg,real,train,healthy,0,0,0,0,0,healthy,0,healthy,2048,1024,d742d0428309760273008be96f3c31361f381ed85afcf57a41772efe07a1bb4f
601,data/bracol/raw/images/601.jpg,real,val,healthy,0,0,0,0,0,healthy,0,healthy,2048,1024,f2a789666f0b25ab4f2d1a968edc3922fb49c3d65dc95fd30c576aab41c0e4ef
602,data/bracol/raw/images/602.jpg,real,train,healthy,0,0,0,0,0,healthy,0,healthy,2048,1024,6efbf12e081fbbd70f8baeb0e03e23985897ae2b7e2a10f7b61c0cfae9510135
603,data/bracol/raw/images/603.jpg,real,train,healthy,0,0,0,0,0,healthy,0,healthy,2048,1024,ef5b30f0285aaccf00150ecfb9c4913601367e89721e38dd1249868b67da142b
604,data/bracol/raw/images/604.jpg,real,train,rust,1,0,0,1,1,cercospora,2,rust_s1_mixed,2048,1024,5573f473334c1e41f5c085ef87d74c86baa9ea442d4cb7e4c64a55c863d8d74b
605,data/bracol/raw/images/605.jpg,real,train,rust,1,0,0,1,3,rust,2,rust_s3plus_mixed,2048,1024,ef75aad46104ce99013b192a3dabb7f9982d2819ca13319393edb68e61590854
606,data/bracol/raw/images/606.jpg,real,test,rust,1,1,0,0,1,rust,2,rust_s1_mixed,2048,1024,8491aaaee064c321c27498e4455ed7a1b202dc9379904bcada355a82773761a3
607,data/bracol/raw/images/607.jpg,real,train,other,0,1,0,0,1,miner,1,other_miner,2048,1024,80d7c48a04e5bcf37fb446ac3a3aef8e812fce69a7fc4b8f11b28ebc8dae4f0e
608,data/bracol/raw/images/608.jpg,real,train,other,0,0,1,0,1,undetermined,1,other_phoma,2048,1024,66344278e7f2c8595e4b5f5f4f96cc711a99de8dbf3ee367b1fffb69f10e2100
609,data/bracol/raw/images/609.jpg,real,val,rust,1,0,0,0,1,rust,1,rust_s1_pure,2048,1024,ad7a5d29910fcd7417fc6f528858666df3d275b2ff7777d35b10d879520ff777
610,data/bracol/raw/images/610.jpg,real,test,other,0,0,1,0,1,phoma,1,other_phoma,2048,1024,74757bfe3d3e514dcbe5922ba06e31e1e75da4107069df37759f988c91219e86
611,data/bracol/raw/images/611.jpg,real,val,other,0,0,0,1,1,cercospora,1,other_cercospora,2048,1024,c9a7c3d2660297514f428d045f7f00a09e0deb7027fbfedf88d10358172a35b3
612,data/bracol/raw/images/612.jpg,real,val,healthy,0,0,0,0,0,healthy,0,healthy,2048,1024,15ab2d05c04d37e003937ede772dc442ede16af94e9f63b9c743a27b7a5936d9
613,data/bracol/raw/images/613.jpg,real,train,healthy,0,0,0,0,0,healthy,0,healthy,2048,1024,27b3cfc0c98272768537ef888140a617f6a6abcc8d1c1880afe7ccf9378c7b14
614,data/bracol/raw/images/614.jpg,real,train,healthy,0,0,0,0,0,healthy,0,healthy,2048,1024,1f89f1aba724a7b32c63ee52750592a67142638e2d2dbfa3f5e399182ee38467
615,data/bracol/raw/images/615.jpg,real,train,rust,1,0,0,1,1,rust,2,rust_s1_mixed,2048,1024,b03885d995d49035a71e3d13431fa28385f3722fc23a8ff140e5e0de7b67058c
616,data/bracol/raw/images/616.jpg,real,train,healthy,0,0,0,0,0,healthy,0,healthy,2048,1024,bdf48660d101bf36cebc634c286955133323348c1d0ab989be104add1c6446fc
617,data/bracol/raw/images/617.jpg,real,train,other,0,1,1,0,1,phoma,2,other_multi,2048,1024,dd403c80603b9cba17cb41133cce2d629691a2beff7eedada2a89d5c93bf71fa
618,data/bracol/raw/images/618.jpg,real,train,healthy,0,0,0,0,0,healthy,0,healthy,2048,1024,0e1c150a33529bed6753ec82f1eb74252c746af42e7fd8c9fd19c4075b7f9c7c
619,data/bracol/raw/images/619.jpg,real,test,rust,1,0,0,0,1,rust,1,rust_s1_pure,2048,1024,923049aa1a2ce4d7a6cfbd4a232b27938e5689d8f9798b95191abd94c98ffb95
620,data/bracol/raw/images/620.jpg,real,train,other,0,1,0,0,1,miner,1,other_miner,2048,1024,c2795451f6c0f1eb10b1eb648887fcc96157df75f16d110cc8074f10905a9674
621,data/bracol/raw/images/621.jpg,real,val,rust,1,1,0,0,1,rust,2,rust_s1_mixed,2048,1024,f4fb768edec6cb8e98dba5263ada2324474b1a6c807b9ee8d16f8fee71807696
622,data/bracol/raw/images/622.jpg,real,train,other,0,1,0,0,1,miner,1,other_miner,2048,1024,89a92935630ca8365e40417ee6f3ea8811542533b9578c76d96ccf6e346c7f0d
623,data/bracol/raw/images/623.jpg,real,val,rust,1,1,0,0,1,miner,2,rust_s1_mixed,2048,1024,5dc12a2922e77488cb06d88b9ac54b4efe1de9ee7172ffc83c3500e71adc7048
624,data/bracol/raw/images/624.jpg,real,test,healthy,0,0,0,0,0,healthy,0,healthy,2048,1024,e20df4bd6e27faf2cc8b4826ea3757f67b4eb7c3d149919559fb0ccd9117ec95
625,data/bracol/raw/images/625.jpg,real,val,healthy,0,0,0,0,0,healthy,0,healthy,2048,1024,fa9954859c2bc9e2a10e74a3dbfda9bd5292b72d7fc3436bc2124802589c244e
626,data/bracol/raw/images/626.jpg,real,train,healthy,0,0,0,0,0,healthy,0,healthy,2048,1024,711d82fcb2465f9823451a28923d4f0bd2bda8efc0459c0532412ca5b1481baa
627,data/bracol/raw/images/627.jpg,real,train,healthy,0,0,0,0,0,healthy,0,healthy,2048,1024,a051b722537cbd53c437ca0e3a4b9f4addfaa36a60c37b8e74b6b83fdf2d1906
628,data/bracol/raw/images/628.jpg,real,train,other,0,0,1,0,2,phoma,1,other_phoma,2048,1024,856c02ca8a911752e60c917585108e501db206c058cb26813e9f897aa0c739b4
629,data/bracol/raw/images/629.jpg,real,train,healthy,0,0,0,0,0,healthy,0,healthy,2048,1024,68ce2299bc2124eb397252e8567f80fbbb26cb7020f0f700059a6c4994da5e1b
630,data/bracol/raw/images/630.jpg,real,train,healthy,0,0,0,0,0,healthy,0,healthy,2048,1024,bd696e2a5418931b920506aa5d27e59a5798443c2b1e85a7f3e8cc777f82b888
631,data/bracol/raw/images/631.jpg,real,train,healthy,0,0,0,0,0,healthy,0,healthy,2048,1024,a95732b148f95fe6b65d2962c086c1b774dc68057c89c8888a62baa719fff0a7
632,data/bracol/raw/images/632.jpg,real,train,rust,1,1,0,0,1,miner,2,rust_s1_mixed,2048,1024,ed394a503f0dbe0475356db7c5633ffba1a1002540e9c422daadf5c40a1b8bd1
633,data/bracol/raw/images/633.jpg,real,test,healthy,0,0,0,0,0,healthy,0,healthy,2048,1024,fcf84da43b839ca8cd52488ce460962c77b9699859d50a0a19ca3faf96523d2e
634,data/bracol/raw/images/634.jpg,real,train,other,0,0,0,1,1,cercospora,1,other_cercospora,2048,1024,1b4ce55ec4b54ce8aace42c01bcf7a6801777d140d29005aac2559c5c375293c
635,data/bracol/raw/images/635.jpg,real,train,healthy,0,0,0,0,0,healthy,0,healthy,2048,1024,af53642be02a14c3c209b2abb9762ac1e9217c27187abe0c962eb29368c5e455
636,data/bracol/raw/images/636.jpg,real,train,rust,1,0,0,1,1,rust,2,rust_s1_mixed,2048,1024,59ed863ee9f93b1b0894e8b1fbaaf364d38e6735e67a23b803f7591016294ed0
637,data/bracol/raw/images/637.jpg,real,test,rust,1,0,0,0,1,rust,1,rust_s1_pure,2048,1024,d52d5e6cbc8c3475d0bd25fad8864e9971efcb7fab493834c79240ee58d57265
638,data/bracol/raw/images/638.jpg,real,test,rust,1,0,0,0,1,rust,1,rust_s1_pure,2048,1024,af22712ded543e63b37ec92e186c4c4f15cdee21fc65f1a83adfb1dbd1dcd016
639,data/bracol/raw/images/639.jpg,real,train,unclear,0,0,0,0,0,undetermined,0,unclear,2048,1024,5859c90a6e901bd1abf16407d2a0ab268be008093a34608130ed37af73eb88ad
640,data/bracol/raw/images/640.jpg,real,train,other,0,0,1,0,1,phoma,1,other_phoma,2048,1024,0d0b0dde891d827832801e4944620920770f0ed42931abd16ffa94b707f2a5d6
641,data/bracol/raw/images/641.jpg,real,train,rust,1,0,0,0,1,rust,1,rust_s1_pure,2048,1024,c08cecd550acadde94b75e96088fcf5b8158b8ad13533f4b13796a60e29e87c3
642,data/bracol/raw/images/642.jpg,real,train,healthy,0,0,0,0,0,healthy,0,healthy,2048,1024,d988c4ba48dde768a341d6986a21dbf4f42e879ef95d056f10d1661e0a3e9a2c
643,data/bracol/raw/images/643.jpg,real,train,healthy,0,0,0,0,0,healthy,0,healthy,2048,1024,ae82e5780ee2ef72b03e59ca663db3297ffe364ed5e7dc0b063bb8d1d70df3fc
644,data/bracol/raw/images/644.jpg,real,train,rust,1,1,0,0,1,miner,2,rust_s1_mixed,2048,1024,4e1cbce97f356572fc51d83d0f1a1d1f540dc354440d192e4b632f3a0c8e7742
645,data/bracol/raw/images/645.jpg,real,train,other,0,0,1,0,1,phoma,1,other_phoma,2048,1024,6d14e8d327dc05b7ad030dd1e9be093bdaf227cd786357145ca36860e874f31a
646,data/bracol/raw/images/646.jpg,real,train,other,0,0,1,0,1,phoma,1,other_phoma,2048,1024,78733c29a76aa5b035fdf7f1d8c2e7d1ba61baa9ae2bab32ebe43fafd9374203
647,data/bracol/raw/images/647.jpg,real,train,other,0,0,1,0,1,phoma,1,other_phoma,2048,1024,ff778d931b7ec3ca35364acd4c1ec173255272795692230ae21915e1f799726d
648,data/bracol/raw/images/648.jpg,real,test,rust,1,0,0,1,1,cercospora,2,rust_s1_mixed,2048,1024,b0942592d01926e2991e00e19cc7f63d62df7f6514721d5c4ab5f682a893c869
649,data/bracol/raw/images/649.jpg,real,val,healthy,0,0,0,0,0,healthy,0,healthy,2048,1024,b6f9c3772f530bb07985181898c1a84298a15df68d70ee0c0310e40847e178f4
650,data/bracol/raw/images/650.jpg,real,train,rust,1,0,0,0,1,rust,1,rust_s1_pure,2048,1024,523a8681977aa667d04cce08712f03643b6532e83b22ec48dac6f61e656864bd
651,data/bracol/raw/images/651.jpg,real,val,other,0,0,1,0,1,phoma,1,other_phoma,2048,1024,489f61ed3a03045a9972a2cfdb1c51b242983c1fa05dccbc29e7975e77bd5796
652,data/bracol/raw/images/652.jpg,real,train,other,0,0,1,1,1,cercospora,2,other_multi,2048,1024,d145ac25b5e4b136353edf69a2c876468666ad50a357b65f88805e674666af47
653,data/bracol/raw/images/653.jpg,real,val,other,0,0,0,1,1,cercospora,1,other_cercospora,2048,1024,ec2b62013459697a71ec860acefd63ca4acccf0ddf5d846d06db184cedb8b8c7
654,data/bracol/raw/images/654.jpg,real,val,other,0,0,1,0,1,phoma,1,other_phoma,2048,1024,88fdcfb4687a36239e4e5f4df3bbcc388b439716588e9c9452ad093130ce2590
655,data/bracol/raw/images/655.jpg,real,val,other,0,0,1,0,1,phoma,1,other_phoma,2048,1024,348ead1249b6df03e7bec85b0134c4bc066c1a47967be39f5f1b0ea6884153bf
656,data/bracol/raw/images/656.jpg,real,train,healthy,0,0,0,0,0,healthy,0,healthy,2048,1024,8a6b2f80123a081d90b23a7891e89a3017c25e46e38658169a81e9f85ae617f3
657,data/bracol/raw/images/657.jpg,real,train,other,0,0,1,0,1,phoma,1,other_phoma,2048,1024,e65e30e5887e81dfb0cc0f6ac652e22ed070d3df7a377db79c2cd2116be85d6f
658,data/bracol/raw/images/658.jpg,real,test,other,0,0,1,0,1,phoma,1,other_phoma,2048,1024,543fd1a6836b4acf42b6b66bdfe28b7156d43fee26a5c55153669e2dd593b98d
659,data/bracol/raw/images/659.jpg,real,train,other,0,0,0,1,1,cercospora,1,other_cercospora,2048,1024,47569ca927c838f40911449077dadaa03502f10d9c918d6aa73154c3bf2d9067
660,data/bracol/raw/images/660.jpg,real,train,other,0,1,1,0,1,miner,2,other_multi,2048,1024,5985db2e4e58df94153234276ad4d9f719d4e1eb6581be036c9ad485e90dcc0d
661,data/bracol/raw/images/661.jpg,real,train,other,0,0,1,0,1,phoma,1,other_phoma,2048,1024,88b31d361033ce1ba1ffde2ab30fd8d2119464be10b770117de510cb51a8d757
662,data/bracol/raw/images/662.jpg,real,test,other,0,1,0,0,1,miner,1,other_miner,2048,1024,16d4be87015bb7e1c41fbe9a7c1b68535965192f20cef89d22861831488f390f
663,data/bracol/raw/images/663.jpg,real,train,rust,1,1,0,0,2,miner,2,rust_s2_mixed,2048,1024,4501f33ce4948ef5be5925f64b396826707b3c14c18330455bc3636916ee7b56
664,data/bracol/raw/images/664.jpg,real,train,rust,1,0,0,0,4,rust,1,rust_s3plus_pure,2048,1024,790ace7e97c0116d75239efcd817ecd4a83186343ddb6a0e51ec9d4a58b95280
665,data/bracol/raw/images/665.jpg,real,test,rust,1,0,0,0,1,rust,1,rust_s1_pure,2048,1024,8be25001060acc59a3366c5965f420822c52e081d79b18ac5ae0eea0bed028a3
666,data/bracol/raw/images/666.jpg,real,train,other,0,0,1,0,1,phoma,1,other_phoma,2048,1024,45fc5fc990927189831e7eda344b2c69320d668878ac6bb2a55b055d7adae4f8
667,data/bracol/raw/images/667.jpg,real,train,healthy,0,0,0,0,0,healthy,0,healthy,2048,1024,c16de1926b9c541e0820d8e7426e8a0b8a46efd35d65ccef644d7786fb43f9fc
668,data/bracol/raw/images/668.jpg,real,test,other,0,0,0,1,1,undetermined,1,other_cercospora,2048,1024,c757eefbcd112d4e5a58093c94b9330f10966c3499e9e9370791f1afb6f43545
669,data/bracol/raw/images/669.jpg,real,val,rust,1,0,1,0,2,phoma,2,rust_s2_mixed,2048,1024,13bc861b8eb49e930f18ec46d35a418887c8f4f6b6cdb8a38ba2401fd67e45f6
670,data/bracol/raw/images/670.jpg,real,test,other,0,0,1,0,2,phoma,1,other_phoma,2048,1024,a888b733a9726e2c291304e97df50836cd461938f66de02a6ad943cba778a249
671,data/bracol/raw/images/671.jpg,real,train,unclear,0,0,0,0,0,undetermined,0,unclear,2048,1024,e6fcae3942c4e3cef73fa270afb0f9bb77fa217f6c299c7bf2e7a1a308a804f2
672,data/bracol/raw/images/672.jpg,real,train,rust,1,1,0,0,2,undetermined,2,rust_s2_mixed,2048,1024,f4cf4e158389de50e445c7777b4aa20bfc6a8c36499d051158e04a944981e3d0
673,data/bracol/raw/images/673.jpg,real,train,other,0,0,1,0,1,phoma,1,other_phoma,2048,1024,b1dd9d569d5c05ce27645c741b45326e03ae6d791d98ab110147fae5e2c1cfe9
674,data/bracol/raw/images/674.jpg,real,train,healthy,0,0,0,0,0,healthy,0,healthy,2048,1024,c2bba8fbed646686b726803d48ab6dbfb0d1c09969c0da3601e7c8d803c27871
675,data/bracol/raw/images/675.jpg,real,train,rust,1,0,0,1,1,undetermined,2,rust_s1_mixed,2048,1024,5bfa3344b39afe2a626deb8e7e94f546f17fe27398e224dd2bca189dbfed01a0
676,data/bracol/raw/images/676.jpg,real,train,rust,1,1,0,0,2,miner,2,rust_s2_mixed,2048,1024,9b8bd0dc4f99cfac45f2a0393b2c3dd4148c56d948315a3f245f5b932688ac62
677,data/bracol/raw/images/677.jpg,real,train,other,0,0,1,0,1,phoma,1,other_phoma,2048,1024,7241859c06beb819cdfade6c64a4f31900a60a92e6b8b518764dc222f23e731b
678,data/bracol/raw/images/678.jpg,real,val,other,0,1,0,0,1,miner,1,other_miner,2048,1024,8046b931f30f4b4ad78c4c5479fe10ef82e74d4b5a15b9d79f44120183ea6d28
679,data/bracol/raw/images/679.jpg,real,test,other,0,0,0,1,1,cercospora,1,other_cercospora,2048,1024,5eecee12867b03f4d9b72e11038183ac94faa234cb212ac6a7b3b2d584669b5c
680,data/bracol/raw/images/680.jpg,real,train,other,0,1,0,0,1,miner,1,other_miner,2048,1024,9e704f5e4f69d7fa9ab388aeb8c991d1f3601ea8a66ce6848d6d55992451dbb3
681,data/bracol/raw/images/681.jpg,real,train,rust,1,0,0,0,1,rust,1,rust_s1_pure,2048,1024,f9883b5f7bdd68f3f3976a7d3f622ec3d74af34d1d58644f9e333f28eb569bbe
682,data/bracol/raw/images/682.jpg,real,train,rust,1,0,0,1,4,cercospora,2,rust_s3plus_mixed,2048,1024,34ab292717bf6a73ab28fc989b63fc239feb7358ffc57899a18c8a57bcc83e2a
683,data/bracol/raw/images/683.jpg,real,train,other,0,0,1,0,1,phoma,1,other_phoma,2048,1024,16666b6a1f19f2646ccf0e1de4f87d6ceeafaefa82b4f2f1743592ce00e174ac
684,data/bracol/raw/images/684.jpg,real,train,healthy,0,0,0,0,0,healthy,0,healthy,2048,1024,5d4426dd63b1d0e7e6196a9114c7a81224a60e73f73620115f505a75b36a16da
685,data/bracol/raw/images/685.jpg,real,train,healthy,0,0,0,0,0,healthy,0,healthy,2048,1024,4f8eb0fc7ef3fbe8471ccf1088321597cde419f48d5eed825b6616e4d83efbb8
686,data/bracol/raw/images/686.jpg,real,train,other,0,1,0,0,3,miner,1,other_miner,2048,1024,060986d420acc01206ea6436c0c36fa958a4781789ddbad16ed90e2b68ef545d
687,data/bracol/raw/images/687.jpg,real,test,healthy,0,0,0,0,0,healthy,0,healthy,2048,1024,839a0d94376230d17108f463675bfe62a5b52132fe2e34405104b0a29003ac3b
688,data/bracol/raw/images/688.jpg,real,train,other,0,1,0,0,2,miner,1,other_miner,2048,1024,a26c387ecd795bfad957d870bb99f84b34b316f38cfde1153d8192bfa28c24e7
689,data/bracol/raw/images/689.jpg,real,train,other,0,1,0,0,1,miner,1,other_miner,2048,1024,383ee43eaf1fc5d1a86e9de9a2da1c50e0623a55511355e5c1bebef88a77ee5e
690,data/bracol/raw/images/690.jpg,real,val,other,0,1,0,0,1,miner,1,other_miner,2048,1024,0c35e6ec684ef8792c523205483517fa041bd91903ce5a376fc9ddf5f505c8fc
691,data/bracol/raw/images/691.jpg,real,test,rust,1,0,0,0,1,rust,1,rust_s1_pure,2048,1024,a123bb3256459a241a601a66301278309ff700841c956db7010361ac9a7065c2
692,data/bracol/raw/images/692.jpg,real,test,other,0,0,0,1,1,cercospora,1,other_cercospora,2048,1024,07bc84b1aece5b1db870ddd80c2336cd3c96002cbe9fd29e1674371dd1363686
693,data/bracol/raw/images/693.jpg,real,train,healthy,0,0,0,0,0,healthy,0,healthy,2048,1024,4279b624fd36d34e632b9efb889d648f085bd00b2ff17b0b0aa11ed47bf9489f
694,data/bracol/raw/images/694.jpg,real,train,healthy,0,0,0,0,0,healthy,0,healthy,2048,1024,96b24354c9baf8a11a129ec7ab83a039a2eb78d839d85fa23846330f950dd980
695,data/bracol/raw/images/695.jpg,real,train,other,0,1,0,0,2,miner,1,other_miner,2048,1024,e5dca5998d863d044d69903b67ea54155f86103a87bb091e8fa1171a55e4b17c
696,data/bracol/raw/images/696.jpg,real,train,healthy,0,0,0,0,0,healthy,0,healthy,2048,1024,4c100b4fddd5f05589e18fb9dd865fcdc33b80180de19cc72855ea68bd1f1935
697,data/bracol/raw/images/697.jpg,real,test,other,0,1,0,0,1,miner,1,other_miner,2048,1024,69f45ca77a1eaec1cb574e153b654a959d0d5602710d3ccee8cc5b01f8a71ab6
698,data/bracol/raw/images/698.jpg,real,val,other,0,1,0,0,2,miner,1,other_miner,2048,1024,1da3bdd4237a862049d2be055be1d4889739ad72bdec2db4c01306248cceed66
699,data/bracol/raw/images/699.jpg,real,train,other,0,1,0,0,2,miner,1,other_miner,2048,1024,222d3cd318cb7439635f7dd732c890fdec3c4c5560d2ca5b8461580c3ffebaf1
700,data/bracol/raw/images/700.jpg,real,train,other,0,1,0,0,1,miner,1,other_miner,2048,1024,b7dda2f28b17956b57da8a4ef67176345ecfea1c0448823092abc5fab6407a13
701,data/bracol/raw/images/701.jpg,real,test,healthy,0,0,0,0,0,healthy,0,healthy,2048,1024,397ed467ed0a4c45b66f369dff1a69e63b2378027645d425487d509e977ba36d
702,data/bracol/raw/images/702.jpg,real,test,rust,1,0,0,0,2,rust,1,rust_s2_pure,2048,1024,5245f364806153ed4519547b84c16e48d33110f6fa7ea9f615f2248063f96fde
703,data/bracol/raw/images/703.jpg,real,val,healthy,0,0,0,0,0,healthy,0,healthy,2048,1024,df1fb0a516bfb439935125bf437031a5c0309c48b816329dfd6b33e62d17fcfb
704,data/bracol/raw/images/704.jpg,real,train,other,0,1,0,0,1,miner,1,other_miner,2048,1024,5a22d56d58ed0740c11c61c901e7470834145f18df233d068a6f8e7c6cc38627
705,data/bracol/raw/images/705.jpg,real,train,other,0,1,0,0,1,miner,1,other_miner,2048,1024,08dcd97cdbb38033e952ef82e8cf3101a3fbdf2fb958977d53fc9ab398aa92af
706,data/bracol/raw/images/706.jpg,real,train,rust,1,0,0,0,4,rust,1,rust_s3plus_pure,2048,1024,27c2bbacf8d4b7ae4a2ac8f47e408795432da6c2911c71edba93bb27933700eb
707,data/bracol/raw/images/707.jpg,real,train,healthy,0,0,0,0,0,healthy,0,healthy,2048,1024,1e035544511631fa218096a1f337761024f22ad231391fce72418fe0736d2da4
708,data/bracol/raw/images/708.jpg,real,train,healthy,0,0,0,0,0,healthy,0,healthy,2048,1024,bbea917c52759027e2e7f07096978f499881bb2891fec55ad1f1cb523ef12389
709,data/bracol/raw/images/709.jpg,real,val,other,0,1,0,0,2,miner,1,other_miner,2048,1024,22a8ef768e1c8781873b7f93cae0603b17440b079ebc34484bb396bc128e549c
710,data/bracol/raw/images/710.jpg,real,train,rust,1,0,0,1,1,undetermined,2,rust_s1_mixed,2048,1024,b660c6cdc7baa2d5786a7be689a9aec804bbb7302d65273dfd19884e1a450219
711,data/bracol/raw/images/711.jpg,real,train,rust,1,1,0,0,1,rust,2,rust_s1_mixed,2048,1024,c8d28d9764b51e4f4a097c5561716f3ab06bd000a0ff127aa9e4d88deee4bb9a
712,data/bracol/raw/images/712.jpg,real,val,rust,1,1,0,0,1,rust,2,rust_s1_mixed,2048,1024,616bd0a23ce861c6c85e30ea6620f60915ba93b72304de9aa7fa1d8078a122dc
713,data/bracol/raw/images/713.jpg,real,train,rust,1,0,0,0,1,rust,1,rust_s1_pure,2048,1024,6ddb73f1f7a347e2500d2171d39947edcca15f50a8503d634d899c1e4999e7ff
714,data/bracol/raw/images/714.jpg,real,test,other,0,1,0,0,1,miner,1,other_miner,2048,1024,5a6743a22ec8af693f48d80a4710ff32cd234ccd60af5729603e90a2b292efc9
715,data/bracol/raw/images/715.jpg,real,train,rust,1,0,0,0,3,rust,1,rust_s3plus_pure,2048,1024,2bfd3bf5850ab77ff5795459217d9122173cd3f2c75158b422176aed79bea474
716,data/bracol/raw/images/716.jpg,real,train,other,0,0,0,1,1,cercospora,1,other_cercospora,2048,1024,e5ebc366bdf3df88075ccd76bdf49e010f3a308c28baf749318bffa470ddffb5
717,data/bracol/raw/images/717.jpg,real,train,other,0,1,0,0,2,miner,1,other_miner,2048,1024,cf103d185e6d0155f4171ec403ca8ba606a3b8891cb7def5e6192c8ff7f12325
718,data/bracol/raw/images/718.jpg,real,train,other,0,1,0,0,1,miner,1,other_miner,2048,1024,24cd705cb915cc0d4b604563da7cc76bcf9fd2b3225626acd63003097777ed74
719,data/bracol/raw/images/719.jpg,real,train,other,0,1,0,0,1,miner,1,other_miner,2048,1024,f4a2775256b20d79f1bbb0c5179f77ebbb716564e80a26585246bf7904e40888
720,data/bracol/raw/images/720.jpg,real,train,rust,1,0,0,1,1,rust,2,rust_s1_mixed,2048,1024,ba4a7a607c65a0df912d39a0625377487fe08db804ba361d9e36c3772935a38f
721,data/bracol/raw/images/721.jpg,real,test,other,0,1,0,0,2,miner,1,other_miner,2048,1024,48932b7649f46293062874aa178e2a20028b3d35d44bb05c4651ebd78a9e2b89
722,data/bracol/raw/images/722.jpg,real,train,rust,1,0,0,0,1,rust,1,rust_s1_pure,2048,1024,4f471503947f7672c71db49d7ea2eb187a68a3ab2d152bed3b7d8a94551c0d60
723,data/bracol/raw/images/723.jpg,real,val,rust,1,1,0,0,3,rust,2,rust_s3plus_mixed,2048,1024,54084a3717fdb07e6019e7eedc47fd5c11dea142b8817e0b0d82a82812fce59c
724,data/bracol/raw/images/724.jpg,real,test,other,0,1,0,0,1,miner,1,other_miner,2048,1024,1330ba7d0f1556b7a4d02b517f93a9b7857b8b76dfaff6fd53ef313bdc01907c
725,data/bracol/raw/images/725.jpg,real,test,rust,1,0,1,0,1,rust,2,rust_s1_mixed,2048,1024,66ccc8a49ae14016f68d4b913afe3fd736c28261bde0accfc07c7fe6a9ab956b
726,data/bracol/raw/images/726.jpg,real,train,rust,1,0,0,0,1,rust,1,rust_s1_pure,2048,1024,1c081cbff3e71f0002d7d137cd360122bbf7d2d6b8a1c890b84d80580ad038fb
727,data/bracol/raw/images/727.jpg,real,val,healthy,0,0,0,0,0,healthy,0,healthy,2048,1024,6226fe9aa94464d4a12c5b945961eeb0ff0ab0b06e7c885d0893bc22b54c3350
728,data/bracol/raw/images/728.jpg,real,train,other,0,1,0,0,1,miner,1,other_miner,2048,1024,ef5dc31c8e40cf79b1a5fdd33326c1ce5d119423f128f7bd72dacfc8cc789acd
729,data/bracol/raw/images/729.jpg,real,train,other,0,1,0,0,1,miner,1,other_miner,2048,1024,cbd6c9946b0382a8fbdba141136f83142c14fb69bf1704bd57afaa6630c6efe1
730,data/bracol/raw/images/730.jpg,real,val,other,0,1,0,0,1,miner,1,other_miner,2048,1024,de863ce8b3420c93df2f352c80440b20b22960534f5b03fc6d657c1a9c24e3b4
731,data/bracol/raw/images/731.jpg,real,train,other,0,1,0,0,1,miner,1,other_miner,2048,1024,91e5ceee3ea86a7d756aa0635ca2ab2443a6b324a46d097154d9087f13c75173
732,data/bracol/raw/images/732.jpg,real,train,other,0,1,0,0,1,miner,1,other_miner,2048,1024,88a5fabe660f3cce52dbbb446ce4b66a6ce40d75d10fa8019f68f889680120c2
733,data/bracol/raw/images/733.jpg,real,train,rust,1,1,0,0,4,rust,2,rust_s3plus_mixed,2048,1024,80c591852c66c0bd9a88a3dc08235106d57fab5c24b597f0358a2521ec0c287c
734,data/bracol/raw/images/734.jpg,real,val,healthy,0,0,0,0,0,healthy,0,healthy,2048,1024,f6365bfb57158cff5d93b72154bbfede84d66ad6e479626292d4bd358aa20856
735,data/bracol/raw/images/735.jpg,real,train,other,0,1,0,1,2,miner,2,other_multi,2048,1024,1014be78cca8aa241fd3ca9cd0fe0b29360d0cdcd0add697ac483c992efdc756
736,data/bracol/raw/images/736.jpg,real,val,healthy,0,0,0,0,0,healthy,0,healthy,2048,1024,3cec12b69f6ed497524707c38bd28d8218907e7979656613bb1c0905c13b11b7
737,data/bracol/raw/images/737.jpg,real,test,other,0,1,0,0,1,miner,1,other_miner,2048,1024,9559815cda40bb72c16bddbe7678da0a5d53658e185995273ca2095151270a53
738,data/bracol/raw/images/738.jpg,real,train,rust,1,0,0,1,2,rust,2,rust_s2_mixed,2048,1024,1d247b1d87f73b854c17ee8f004999259812644bcf4d851bd32fc0ba2f4ba7d6
739,data/bracol/raw/images/739.jpg,real,val,rust,1,1,0,0,1,rust,2,rust_s1_mixed,2048,1024,38ced3eb77d05131300d117291df3802c6b7d6368fc607458aea64ccf4fd08b3
740,data/bracol/raw/images/740.jpg,real,test,healthy,0,0,0,0,0,healthy,0,healthy,2048,1024,5ae1ab75f67f3f91ee45da968b586be8591d69980c61577eeeb96f6b09abf153
741,data/bracol/raw/images/741.jpg,real,train,healthy,0,0,0,0,0,healthy,0,healthy,2048,1024,b0fd268b314c490070dc0e8017e4d34797a02f69506536b2e0a1baef83d01d70
742,data/bracol/raw/images/742.jpg,real,train,other,0,0,0,1,1,cercospora,1,other_cercospora,2048,1024,ae620552e4ab7ec63b3c37518aa3e173ec505388874854deda769ee0a577b860
743,data/bracol/raw/images/743.jpg,real,val,rust,1,1,0,0,1,undetermined,2,rust_s1_mixed,2048,1024,ea66890259ae21a1af2b46a00ba469db0ff4c8213b4e63824fef69d37b4b1d34
744,data/bracol/raw/images/744.jpg,real,train,other,0,1,0,0,1,miner,1,other_miner,2048,1024,1b38ff0b65552ce0db9aa4e39c6564832d8ecfafb1a9324e2c64efb2d4ff1b4c
745,data/bracol/raw/images/745.jpg,real,train,healthy,0,0,0,0,0,healthy,0,healthy,2048,1024,dadf6f2379ed85886c58fc4025423b85e32a5aeb52444e3af06697922f48f5f4
746,data/bracol/raw/images/746.jpg,real,train,rust,1,1,0,0,2,rust,2,rust_s2_mixed,2048,1024,6a4e5a1f4e14470a04c81d54e83ff3e40bedbca51736b0c5d79bb0559e762706
747,data/bracol/raw/images/747.jpg,real,train,healthy,0,0,0,0,0,healthy,0,healthy,2048,1024,c22a0799c3c1286d6dedad7d8a5ffd2918f499b44b6f48c765c4801013ff469b
748,data/bracol/raw/images/748.jpg,real,test,other,0,1,0,0,2,miner,1,other_miner,2048,1024,da6e1c9d8dce3ecfd85465fc9e53b3d13b55a7761246a92c565e06b0048d4b3e
749,data/bracol/raw/images/749.jpg,real,train,rust,1,0,0,0,1,rust,1,rust_s1_pure,2048,1024,ffc4ab49fa404a9e5d07be838b844bcfdad73e7d3e7bdc9998cc0b883aff5185
750,data/bracol/raw/images/750.jpg,real,train,healthy,0,0,0,0,0,healthy,0,healthy,2048,1024,7ef60c735ddb465cfd4239457a6d3d9168383e3c9fcf18cd528426b29ae071bb
751,data/bracol/raw/images/751.jpg,real,train,rust,1,0,0,0,2,rust,1,rust_s2_pure,2048,1024,0e56fe12f2034223e292ff0d27a4ab5d6ede92d7860e6e9490ba945b17a8a3ea
752,data/bracol/raw/images/752.jpg,real,train,healthy,0,0,0,0,0,healthy,0,healthy,2048,1024,79588c044418719ec6a47be5cd145fbecbca2969572eb36ed88e7dcb1d87c280
753,data/bracol/raw/images/753.jpg,real,train,other,0,0,0,1,1,cercospora,1,other_cercospora,2048,1024,d9bbcb74ca575e682e1916ab18454ada87c68c835cfc305b2648135f14cc6c59
754,data/bracol/raw/images/754.jpg,real,val,other,0,1,0,0,1,miner,1,other_miner,2048,1024,9d045130c32b2e8441a54da95533503720cb5419463453e589b3fa66afe2a9fd
755,data/bracol/raw/images/755.jpg,real,test,other,0,1,0,0,2,miner,1,other_miner,2048,1024,435c7feea13505ed63cf8b0ec17ca4a79db5f5b2015cfc8d797b2c184d1c8c41
756,data/bracol/raw/images/756.jpg,real,val,rust,1,1,0,0,3,rust,2,rust_s3plus_mixed,2048,1024,b62dc457f921b30908bbd06e676c30f351960b1d4a6c2db333caf14d9bb36d0b
757,data/bracol/raw/images/757.jpg,real,train,other,0,1,0,0,1,miner,1,other_miner,2048,1024,e765abd8eab91a80119144475d77b65f64d378eecdccf251ac9db5d02c38d233
758,data/bracol/raw/images/758.jpg,real,train,healthy,0,0,0,0,0,healthy,0,healthy,2048,1024,413b1ddac217192e1a98f17aaa2c9e64a0260f0f818b168f48f785e6d2a06b19
759,data/bracol/raw/images/759.jpg,real,train,healthy,0,0,0,0,0,healthy,0,healthy,2048,1024,a3644b27aef5f2f1a6e36cc093833552167cbb52a7fbb2d193cb4c29619831bd
760,data/bracol/raw/images/760.jpg,real,train,rust,1,0,0,0,1,rust,1,rust_s1_pure,2048,1024,686ec1d61ea8e1e2afda808dc93a05aee4ba209d676bf524199def0a3d7a3567
761,data/bracol/raw/images/761.jpg,real,train,other,0,1,0,0,1,miner,1,other_miner,2048,1024,a86cc66029cf3ba5f77bf0bf33e0887ffdfdc0bc0db9f0192b18359c52496268
762,data/bracol/raw/images/762.jpg,real,train,other,0,1,0,0,1,miner,1,other_miner,2048,1024,2584f224043467e21ecc652e8d57d2bc7338cd3ffc444b1db81a15f710b562d7
763,data/bracol/raw/images/763.jpg,real,train,healthy,0,0,0,0,0,healthy,0,healthy,2048,1024,93286927c6d687e7a00f0a6c6c9601cf63fc426c69afcfbb5ded57e299696104
764,data/bracol/raw/images/764.jpg,real,train,rust,1,0,0,0,1,rust,1,rust_s1_pure,2048,1024,47a1e39d6f64a2bb9bad3a3bd6cd8af663b41c47c46a8a684b600d20e58595e9
765,data/bracol/raw/images/765.jpg,real,train,other,0,1,0,0,1,miner,1,other_miner,2048,1024,f7bd98de019c63244ef97af8976cafb84189093e5538fe9ebdacd2c14a5ebba1
766,data/bracol/raw/images/766.jpg,real,train,healthy,0,0,0,0,0,healthy,0,healthy,2048,1024,073db12369581a85e56c2e2b50641f0dc6d7cde812290138fb11613eafe292fa
767,data/bracol/raw/images/767.jpg,real,train,other,0,1,0,0,1,miner,1,other_miner,2048,1024,1c55f2352fff58c2d936ed84dd6c699b06aad4ce014c962b09d87f1cdeeaecbb
768,data/bracol/raw/images/768.jpg,real,train,other,0,1,0,0,1,miner,1,other_miner,2048,1024,9c7f35e48e3de79f22adaa75f48adee6a2d3b6345b5f22b50fedea1d15ce0138
769,data/bracol/raw/images/769.jpg,real,val,rust,1,0,0,0,2,rust,1,rust_s2_pure,2048,1024,8725ee5532377d566a8ec78117a64614273477d8fe4dfe12ab6bac0c6325a9b0
770,data/bracol/raw/images/770.jpg,real,test,other,0,1,0,0,1,miner,1,other_miner,2048,1024,fedd0e7e3cfbb67a332dbd3d3d7c33ab008aaa96fe5a5bba04ee7d6aeca74c7f
771,data/bracol/raw/images/771.jpg,real,val,other,0,1,0,0,1,miner,1,other_miner,2048,1024,6bb0f73a66ea2b0d8ec525d289ab509efdcd3f93438dc277545bca8bb87f54b7
772,data/bracol/raw/images/772.jpg,real,train,rust,1,0,0,1,1,rust,2,rust_s1_mixed,2048,1024,c85370eccaeaee2c63b1bf7588cf7d5d9dac77c713837ed6b8989d64330adf37
773,data/bracol/raw/images/773.jpg,real,val,healthy,0,0,0,0,0,healthy,0,healthy,2048,1024,1127a99eda09f8a1b66074cd5196d2ff2b8d6577de02ab9a72ee909b1f97547a
774,data/bracol/raw/images/774.jpg,real,train,other,0,1,0,0,1,miner,1,other_miner,2048,1024,3819b8c4922d86a6dead9e1ce9be4ed133da6886247da55b830bc7310b237960
775,data/bracol/raw/images/775.jpg,real,train,healthy,0,0,0,0,0,healthy,0,healthy,2048,1024,5b34a84beafc55f8865eb31a272a893c23efd21d26d92782d616d92940eeda86
776,data/bracol/raw/images/776.jpg,real,train,healthy,0,0,0,0,0,healthy,0,healthy,2048,1024,40d83e258f8dd69f87ceab700bdc9a930d7f2ecdb2330e207081dd70e7e566f0
777,data/bracol/raw/images/777.jpg,real,train,other,0,0,0,1,1,cercospora,1,other_cercospora,2048,1024,573a7e8f25aa01cadf3d79258bfe5fa147d088c2887946e5983c7b40b724a3ad
778,data/bracol/raw/images/778.jpg,real,train,healthy,0,0,0,0,0,healthy,0,healthy,2048,1024,5f9ab891c15963fb00465772c15d3c743f5384955d3bec6b09b3b76a7daa16f7
779,data/bracol/raw/images/779.jpg,real,val,other,0,1,0,0,1,miner,1,other_miner,2048,1024,df9ccbd5d9a5237325ad294586990873149aad1a81e3f2f92b05f829b0c1e30c
780,data/bracol/raw/images/780.jpg,real,train,healthy,0,0,0,0,0,healthy,0,healthy,2048,1024,6ccd911964e135eb60c3437a01933ddfbf86a791b2394ed9905b567800cee669
781,data/bracol/raw/images/781.jpg,real,train,healthy,0,0,0,0,0,healthy,0,healthy,2048,1024,e82706ad9a2036e8fadffdb2221c0fe703dd0adddd2aa0388a0315954d4ad41e
782,data/bracol/raw/images/782.jpg,real,train,other,0,1,0,0,1,miner,1,other_miner,2048,1024,403067a16eaa6447bfa61e82c3218360b91d704e5ba49b5d48a6622ccb79166e
783,data/bracol/raw/images/783.jpg,real,train,rust,1,1,0,0,1,miner,2,rust_s1_mixed,2048,1024,54752d072558dc80751ff025217a947524dbb864ce7764b56c165d621e83ceaa
784,data/bracol/raw/images/784.jpg,real,train,other,0,1,0,0,1,miner,1,other_miner,2048,1024,bfc62782bf51d7cd5d1dbfd73507926ffce06f20d93c55d04f7044328f745a94
785,data/bracol/raw/images/785.jpg,real,train,rust,1,0,0,0,2,rust,1,rust_s2_pure,2048,1024,c5eb2d4ec2aa2d689b4edaf8502cf8006d5df4b97d78f0c860a42be25f47586c
786,data/bracol/raw/images/786.jpg,real,train,other,0,1,0,0,2,miner,1,other_miner,2048,1024,4682a8cfec43cacf7c081e212eb7dfe03619bd7e9a74294f98883e152749a252
787,data/bracol/raw/images/787.jpg,real,test,rust,1,0,0,0,1,rust,1,rust_s1_pure,2048,1024,8042a9e72dc05de3176cd2cbe740fdd86d29ae116f5c2aca843f5a95a9ce843e
788,data/bracol/raw/images/788.jpg,real,test,rust,1,0,0,0,1,rust,1,rust_s1_pure,2048,1024,20c1331844ac56af12ff2bf9b11f689a92179efcb301f2e86ef02aecb420cfb1
789,data/bracol/raw/images/789.jpg,real,val,healthy,0,0,0,0,0,healthy,0,healthy,2048,1024,2453665e1df63c4b020bec95e53c22f2fc6c1caeabd3b44546fac4a288f941a2
790,data/bracol/raw/images/790.jpg,real,train,other,0,1,0,0,1,miner,1,other_miner,2048,1024,d6bdd5ac763784087ab6f4cb4284aa1211cb123eefb1651bd8a74ec3cebc663f
791,data/bracol/raw/images/791.jpg,real,train,other,0,1,0,0,2,miner,1,other_miner,2048,1024,e491dfa1f93881e6773d09b6067c521bfff09865b881a482abe09f01f195d3fd
792,data/bracol/raw/images/792.jpg,real,val,healthy,0,0,0,0,0,healthy,0,healthy,2048,1024,08b8579c81077297ebe09163f0fb9f7a08185c4fb181bffd17d2826f6961a8cc
793,data/bracol/raw/images/793.jpg,real,train,healthy,0,0,0,0,0,healthy,0,healthy,2048,1024,090bf49d58dec2e3ecd70f363ef566d36c39aedcd893939be1c124d6ac273865
794,data/bracol/raw/images/794.jpg,real,train,rust,1,1,0,0,3,miner,2,rust_s3plus_mixed,2048,1024,b24598512cdb2e2f3d06b300072308ea447e9746409389efa967e790746053d9
795,data/bracol/raw/images/795.jpg,real,val,other,0,1,0,0,1,miner,1,other_miner,2048,1024,e73085f2bed0d6693bca6a8c81af1d4629a2020e56d720e595f2b864a763489a
796,data/bracol/raw/images/796.jpg,real,train,rust,1,1,0,0,3,rust,2,rust_s3plus_mixed,2048,1024,4daa7c64c9c0931677da1f80241e28b26d27e12f772f2ab1051ee84cc938a99e
797,data/bracol/raw/images/797.jpg,real,train,other,0,1,0,0,1,miner,1,other_miner,2048,1024,c3becea68aa86b880fef626840976a15b055559596f7d9f08f32f0884fc75a44
798,data/bracol/raw/images/798.jpg,real,test,rust,1,0,0,0,1,rust,1,rust_s1_pure,2048,1024,ece21fa129a725fb1110f7658284258ee87f677b7d9d3c670e7ca669ac2c52bf
799,data/bracol/raw/images/799.jpg,real,train,rust,1,1,0,0,3,miner,2,rust_s3plus_mixed,2048,1024,f7f6a5eee887e4714b774b091c72fb524784d2e36c8bc5c6674365b9809e85fc
800,data/bracol/raw/images/800.jpg,real,train,other,0,1,0,0,2,miner,1,other_miner,2048,1024,edfeba250e92f35585adf394aef9a63548e07d0023b94b0ebeade5fefdafb048
801,data/bracol/raw/images/801.jpg,real,val,rust,1,0,0,0,4,rust,1,rust_s3plus_pure,2048,1024,03579092c1094dc22d451d572c2beb1b8240af09477016f435683e1a3e80d6ac
802,data/bracol/raw/images/802.jpg,real,train,other,0,1,0,0,1,miner,1,other_miner,2048,1024,951449e7dd9a3d55eadbd3fcc789e5fed9d233d789790bad5c4491a8946ba4c1
803,data/bracol/raw/images/803.jpg,real,test,healthy,0,0,0,0,0,healthy,0,healthy,2048,1024,85fcfe1ca7698e40ebd79e55b1c0f1b71a8cb48bc863df22fa2735ace9d839d9
804,data/bracol/raw/images/804.jpg,real,test,rust,1,0,0,0,1,rust,1,rust_s1_pure,2048,1024,6eeb09fb80a3bc256e7146692428af562857f6f720401ba08d02fffeb0c28ab7
805,data/bracol/raw/images/805.jpg,real,test,rust,1,1,0,0,4,rust,2,rust_s3plus_mixed,2048,1024,f5f86ba0421ec34ef39ab1c96ba7b1888b732f19e1e6aca9b8e61973b595dd4d
806,data/bracol/raw/images/806.jpg,real,train,rust,1,0,0,0,4,rust,1,rust_s3plus_pure,2048,1024,3c75f3342716ba12835f0eacc9a88846ad903ac4f538cd11ef4b8dc936ba28a7
807,data/bracol/raw/images/807.jpg,real,val,other,0,1,0,0,3,miner,1,other_miner,2048,1024,388f4c98074dae52c903e85c9e4a6e68177a0a94582e7b969e54d211054f3d21
808,data/bracol/raw/images/808.jpg,real,train,other,0,1,0,0,1,miner,1,other_miner,2048,1024,d8d83c1c2828c75514165590466135c9da5ea13cff1260ef887f1ddad35d3d56
809,data/bracol/raw/images/809.jpg,real,train,rust,1,0,0,0,2,rust,1,rust_s2_pure,2048,1024,556e360bb438ed0e5b2e39e116f25530d1924a8f81ec84f8bcf9b3238611852e
810,data/bracol/raw/images/810.jpg,real,train,healthy,0,0,0,0,0,healthy,0,healthy,2048,1024,0ef385d1619cdf4aba2de7e7432cbf5c0ab8563b0a4390e4aa68d5cd94f3541a
811,data/bracol/raw/images/811.jpg,real,val,other,0,0,1,0,3,phoma,1,other_phoma,2048,1024,5342d98e0a71b80e7866892136a3dc668907c0a35c1a506440fe79ea02fe375c
812,data/bracol/raw/images/812.jpg,real,train,rust,1,1,0,0,2,rust,2,rust_s2_mixed,2048,1024,189bb5d4d54f6ecf5f04d2d2bb00b228e37312ca7fc0fc3e8eb27d12b6fab1dc
813,data/bracol/raw/images/813.jpg,real,train,rust,1,0,0,0,1,rust,1,rust_s1_pure,2048,1024,dcba436ab849a31c1a78480eae73cfb220ad1b63c21a7e3a265d658f7a4aab01
814,data/bracol/raw/images/814.jpg,real,train,rust,1,0,0,1,1,rust,2,rust_s1_mixed,2048,1024,95e0e5ef1a6f839886e212f7695bf84f67aac4546d083ec9af8fe8fe7bf31cca
815,data/bracol/raw/images/815.jpg,real,train,healthy,0,0,0,0,0,healthy,0,healthy,2048,1024,3dcada7e88e220c26d8490a659dba76773779b13896a4501165c377a9e1f2aa1
816,data/bracol/raw/images/816.jpg,real,train,healthy,0,0,0,0,0,healthy,0,healthy,2048,1024,5f8b96c5a0537b6674bb8c6f57559675cd75fc09388d3f132e51bfafc1920507
817,data/bracol/raw/images/817.jpg,real,train,rust,1,1,0,0,1,miner,2,rust_s1_mixed,2048,1024,23b76b2b5dfcb4cc19b3fd8270726736f5eefbe4b88328c7e4f0885e62eab398
818,data/bracol/raw/images/818.jpg,real,val,rust,1,0,0,0,1,rust,1,rust_s1_pure,2048,1024,d3c7d9db83a74d5be9763b21a5ce0ae4561532bf8e844b94462661b11299890a
819,data/bracol/raw/images/819.jpg,real,test,other,0,1,0,0,1,miner,1,other_miner,2048,1024,06ed91291f0cea16637080a43eb3ac4e3efcfeefda05e4e0fa8ab7bc6e264522
820,data/bracol/raw/images/820.jpg,real,train,rust,1,0,0,0,1,rust,1,rust_s1_pure,2048,1024,4e183caef089c924e9a1a9472fb5f31947089f977aa2b2b7930aa2ba887703a9
821,data/bracol/raw/images/821.jpg,real,train,other,0,1,0,0,1,miner,1,other_miner,2048,1024,b3cbd3404148a5db7978e14e6ac42e637039da117dfb66f8e193a50c67c76d3d
822,data/bracol/raw/images/822.jpg,real,train,other,0,1,0,0,2,miner,1,other_miner,2048,1024,2650f50554fff4716bc86560611af9ae82fd372f2c4c151cdd3853d9187d271e
823,data/bracol/raw/images/823.jpg,real,train,rust,1,0,0,0,3,rust,1,rust_s3plus_pure,2048,1024,c8e6dc9e205c49b0ce92c67f7feffa0ad966c94a372ab898cad1bde8503b068b
824,data/bracol/raw/images/824.jpg,real,test,healthy,0,0,0,0,0,healthy,0,healthy,2048,1024,321f9fbd13e325686abcf69da46a94aab82491ae976a921a7426a4a6efad5367
825,data/bracol/raw/images/825.jpg,real,train,healthy,0,0,0,0,0,healthy,0,healthy,2048,1024,d29b71f910ed70f0f09d43f84b84dda4f99e5e9ca78bfac7cc2ad2b3a320a9e9
826,data/bracol/raw/images/826.jpg,real,train,healthy,0,0,0,0,0,healthy,0,healthy,2048,1024,a0291103a51d7d2f6236a3dc088133a9e875123c4be5b86cdc8764994c3af5a0
827,data/bracol/raw/images/827.jpg,real,test,healthy,0,0,0,0,0,healthy,0,healthy,2048,1024,f59af41fd5903bc0536685d4d444d5cd616e0abd0a3f7b83e1a62fbd60a07c25
828,data/bracol/raw/images/828.jpg,real,train,other,0,1,0,0,1,miner,1,other_miner,2048,1024,7891fe2dfbae20417ceaa4a084710d5a1445e5456ad93f629daea0dda378711e
829,data/bracol/raw/images/829.jpg,real,test,other,0,0,0,1,1,cercospora,1,other_cercospora,2048,1024,e4591ce03d6cb1c42b6c5d2e8564b3d068ce554a61360a97ddd7e9d3b61cf9fe
830,data/bracol/raw/images/830.jpg,real,train,healthy,0,0,0,0,0,healthy,0,healthy,2048,1024,af0bfa723c0be69f7392f357f8d33c5575f522d9cd381a13f8cd70837d2cfa3c
831,data/bracol/raw/images/831.jpg,real,train,healthy,0,0,0,0,0,healthy,0,healthy,2048,1024,b8886bee21042feab67800d18ce90b4e48064be39ca419f4d089d48d8fb5f946
832,data/bracol/raw/images/832.jpg,real,train,rust,1,0,0,0,2,rust,1,rust_s2_pure,2048,1024,62a9dbc717d371a47817b8b4dad37e00f0199cc2a6f78e98d010b09f2eb5b39b
833,data/bracol/raw/images/833.jpg,real,val,healthy,0,0,0,0,0,healthy,0,healthy,2048,1024,ed1911b2f8f3640815f8429672630d8684652f7a5407448c5f65ade3a3a8c34d
834,data/bracol/raw/images/834.jpg,real,test,other,0,1,0,0,1,miner,1,other_miner,2048,1024,6d033bbbb84c32226ca52151c40753498d701e13f01fff472d8f1ad4f754c09a
835,data/bracol/raw/images/835.jpg,real,train,other,0,1,0,0,1,miner,1,other_miner,2048,1024,6628e870649acce98796e45da6a0567442f9590c3fa21896b2a937b91bf8ca84
836,data/bracol/raw/images/836.jpg,real,train,other,0,1,0,0,1,miner,1,other_miner,2048,1024,6169b735367ba04f4296dd99e931567d3a96427f92b6e8f5cbc4dcf8da39456e
837,data/bracol/raw/images/837.jpg,real,test,healthy,0,0,0,0,0,healthy,0,healthy,2048,1024,8c87076aff7cf204a83102ed7438701b74c9fdec3ac8304ca9fc4a1829fb9f70
838,data/bracol/raw/images/838.jpg,real,train,other,0,1,0,0,1,miner,1,other_miner,2048,1024,4f562a3c3ff6a77f8a9f136b75ea434a00f589a9f80ddcf8e6570bb4be4d127a
839,data/bracol/raw/images/839.jpg,real,test,other,0,1,0,0,2,miner,1,other_miner,2048,1024,5ae0c3555f09ebe496c9769a4981f1400200e81cdfb0f5cdcc633ab2de600a2c
840,data/bracol/raw/images/840.jpg,real,train,other,0,1,0,0,1,miner,1,other_miner,2048,1024,0167511e7b6aada8661d2c6c39022699bd1123711da75d8490e4e5a4d7d3d202
841,data/bracol/raw/images/841.jpg,real,train,healthy,0,0,0,0,0,healthy,0,healthy,2048,1024,f497475d4c4540c2b2991a3c85d9d71c8ade4bf1f35385298e9436ef975b538b
842,data/bracol/raw/images/842.jpg,real,train,healthy,0,0,0,0,0,healthy,0,healthy,2048,1024,d32fbad8adbf43b19c482249c05968264e9e929145c5906081332ae7351c5865
843,data/bracol/raw/images/843.jpg,real,train,rust,1,1,0,0,2,miner,2,rust_s2_mixed,2048,1024,35f2b82ee25323a0817688f71bf8743b4dbf4fdcd669a15f17c0c1f961b6e5dc
844,data/bracol/raw/images/844.jpg,real,train,other,0,1,0,0,1,miner,1,other_miner,2048,1024,dbacbc871458f97d1d3213afca9db815abdfcd3b5744649a476a4c1d3e8ba82d
845,data/bracol/raw/images/845.jpg,real,test,healthy,0,0,0,0,0,healthy,0,healthy,2048,1024,55a20cdcfd2462286343eea4805cf17e2696a70595cc8986647815ffc773b82b
846,data/bracol/raw/images/846.jpg,real,val,other,0,1,0,1,1,miner,2,other_multi,2048,1024,f993b992f35953845de7a430b11195c6eb065459aec4a5edd7a3c9a2efc0ba5f
847,data/bracol/raw/images/847.jpg,real,val,rust,1,0,0,0,1,rust,1,rust_s1_pure,2048,1024,df4751172fc3eacfcd71111d66b2b198f65c20f2b558a5a53db124b9296ce536
848,data/bracol/raw/images/848.jpg,real,train,healthy,0,0,0,0,0,healthy,0,healthy,2048,1024,9d6d122dac9c45ec0bd46c1b2f59d44b3bbe18404418c355d795a93d1dcaaf49
849,data/bracol/raw/images/849.jpg,real,train,rust,1,1,0,0,1,miner,2,rust_s1_mixed,2048,1024,c517321933c098df00620d5ead41a2e9cf8aa07522af21439e60f0bffa018116
850,data/bracol/raw/images/850.jpg,real,test,other,0,1,0,0,1,miner,1,other_miner,2048,1024,15f4f3a0380767eafe133cf1eced31d3057353293ce090924498fa3933210ccc
851,data/bracol/raw/images/851.jpg,real,train,other,0,1,0,0,1,miner,1,other_miner,2048,1024,e5694f4cfc503dbe41f5ead7d10cd30c59b600952b534240895391525b36203a
852,data/bracol/raw/images/852.jpg,real,train,healthy,0,0,0,0,0,healthy,0,healthy,2048,1024,42aae1b83d882e0bd6ac05d64895319f34aebf3440e45b2f9c50ee005167fef0
853,data/bracol/raw/images/853.jpg,real,train,healthy,0,0,0,0,0,healthy,0,healthy,2048,1024,0b0f794cbc41895e594a519f57d733c86d1f2620912bf696320611205babeda0
854,data/bracol/raw/images/854.jpg,real,train,healthy,0,0,0,0,0,healthy,0,healthy,2048,1024,fc098bbc18367091e84464470537a97595cd3c333a55c2294186a9079e48e8a0
855,data/bracol/raw/images/855.jpg,real,train,other,0,1,0,0,1,miner,1,other_miner,2048,1024,3a66eedc78e027a41cfba3c984d046b054e7a20bfcf26834eb8047ea6886ac7a
856,data/bracol/raw/images/856.jpg,real,train,other,0,1,0,0,2,miner,1,other_miner,2048,1024,0c487619d2981a0152a11042f6fd36cd2627e07177cfacc1908ab588c48d0e35
857,data/bracol/raw/images/857.jpg,real,train,other,0,1,0,0,2,miner,1,other_miner,2048,1024,2d0bb410c2cd8f6b8c5b99c3a4ceac2147cda17c6898255f835f24714bc48c4c
858,data/bracol/raw/images/858.jpg,real,train,rust,1,0,0,0,1,rust,1,rust_s1_pure,2048,1024,33149f5bf392641d2d13748c1c2004deb1adb204ab79c117efaa425c9f6053d8
859,data/bracol/raw/images/859.jpg,real,train,rust,1,0,0,0,1,rust,1,rust_s1_pure,2048,1024,4b638a9bb34083c83d8308b64bb94bdf453eb8bda986cd1b88264f24669f11ad
860,data/bracol/raw/images/860.jpg,real,train,other,0,1,0,0,1,miner,1,other_miner,2048,1024,0e73c13117267de9694319817e464c283b5e8e71fc18c0e2ba8a68f0fa402afa
861,data/bracol/raw/images/861.jpg,real,train,other,0,1,0,0,1,miner,1,other_miner,2048,1024,4f56a265dc7055fc6b64c970fa5541a91b5741244b1dbf7544d6c1ded9db96f0
862,data/bracol/raw/images/862.jpg,real,val,other,0,1,0,1,1,miner,2,other_multi,2048,1024,0e544b6fe81b26b05a7dc0841fb61729e7e1f7d79ec2e05a81ff140f7c336174
863,data/bracol/raw/images/863.jpg,real,train,other,0,0,0,1,1,cercospora,1,other_cercospora,2048,1024,fa1adfcdfa1c527fd39df183aca7fd28c360cf64e610a773aed76e28bb526e3e
864,data/bracol/raw/images/864.jpg,real,train,other,0,1,0,0,2,miner,1,other_miner,2048,1024,c0440181c4c8a3c4d34181e9c3f6959c1c624a931289afc6a7f83697f24f4e23
865,data/bracol/raw/images/865.jpg,real,train,rust,1,0,0,0,1,rust,1,rust_s1_pure,2048,1024,b69c6b776abdeb33964e29ad0569708872413f5edbb8314657cc4ce3a5160947
866,data/bracol/raw/images/866.jpg,real,train,healthy,0,0,0,0,0,healthy,0,healthy,2048,1024,cdcb2ab7b94bc1c0b8256542b11de8b429ca6a3ff0f7184ff51922d8b33e1961
867,data/bracol/raw/images/867.jpg,real,train,other,0,1,0,0,1,miner,1,other_miner,2048,1024,a66baa05afadfe3f0a2b52475f2efccc6fdadec6239323683edda30ee52f59a3
868,data/bracol/raw/images/868.jpg,real,train,other,0,1,0,0,1,miner,1,other_miner,2048,1024,9217a9e20b3b966dbcba20c5cc984427a82374af8127bc33873a6ea7f69319ee
869,data/bracol/raw/images/869.jpg,real,train,rust,1,1,0,0,2,miner,2,rust_s2_mixed,2048,1024,ab3bf902936c7266f35f71fe44aca9162112833fc2c5c336768718be32f7279f
870,data/bracol/raw/images/870.jpg,real,train,rust,1,1,0,0,2,miner,2,rust_s2_mixed,2048,1024,fe47845c5652856710c4291b208ae896d3cf3b7c0b141f455d8aed2648f01ac2
871,data/bracol/raw/images/871.jpg,real,train,other,0,1,0,0,2,miner,1,other_miner,2048,1024,ca08e5e574c4ef98f7dd76f980fc57bf4efb1a364f9df7a8e1823b81da3b0e19
872,data/bracol/raw/images/872.jpg,real,val,other,0,1,0,0,2,miner,1,other_miner,2048,1024,43c07bfb21f4f8bb818a02918f8cbf188b51af93226ab02162a368ff4704adca
873,data/bracol/raw/images/873.jpg,real,test,other,0,1,0,0,1,miner,1,other_miner,2048,1024,095541b6d9006a2cdc9c0ae2cc522a4b11b737fa70d7d176d1ca0e80cf903d84
874,data/bracol/raw/images/874.jpg,real,train,other,0,1,0,0,1,miner,1,other_miner,2048,1024,56178d7dad059b1ca16d85cfb74b29349669deae841873bb11a42109c3edd085
875,data/bracol/raw/images/875.jpg,real,test,other,0,1,0,0,3,miner,1,other_miner,2048,1024,d74582b729d40b846f678d12d0fc6d85e733cf549527815356c4ea48b792bab6
876,data/bracol/raw/images/876.jpg,real,train,other,0,1,0,0,2,miner,1,other_miner,2048,1024,1799b35db8e92a89defb2d57fd7e56fa574f9f008b303196652d10f8b77a4ff0
877,data/bracol/raw/images/877.jpg,real,val,healthy,0,0,0,0,0,healthy,0,healthy,2048,1024,9b6fce012cbd1c2bf3e41f0ceb18ecccd6430ac972bbff87a84cb6f1c7985df8
878,data/bracol/raw/images/878.jpg,real,train,rust,1,0,0,0,1,rust,1,rust_s1_pure,2048,1024,5e98cce1c4d110750053b2fc662e95257b77b7e73d149daa323eafce14b64625
879,data/bracol/raw/images/879.jpg,real,train,healthy,0,0,0,0,0,healthy,0,healthy,2048,1024,1ffd0bd6221f3c1a99148e2dae4a4d6fcb93292b67641a281693948f32da8ec7
880,data/bracol/raw/images/880.jpg,real,val,rust,1,0,0,0,1,rust,1,rust_s1_pure,2048,1024,f63bd5a091e4ca66006bd851a8c8d090e55465a114956563a422fc5c982515c7
881,data/bracol/raw/images/881.jpg,real,train,rust,1,0,0,0,2,rust,1,rust_s2_pure,2048,1024,6184cc89def084b2ded221f90a87abb741080efb3c1309519ef1cbaef34c2bcf
882,data/bracol/raw/images/882.jpg,real,val,rust,1,0,0,0,1,rust,1,rust_s1_pure,2048,1024,d98916594f273d9464d2263e72ce0d4372c89894081e1a4c4922218901f9da58
883,data/bracol/raw/images/883.jpg,real,train,rust,1,0,0,0,1,rust,1,rust_s1_pure,2048,1024,f75d995571ce410cf08fdb2305408adb6442bec7de64b0dcbe4c04e24e3eb9ee
884,data/bracol/raw/images/884.jpg,real,test,healthy,0,0,0,0,0,healthy,0,healthy,2048,1024,938b546dbb1e7b67cab9b6dd5999027aa86ddeafaeb8ca823f3fab4b30157675
885,data/bracol/raw/images/885.jpg,real,train,rust,1,0,0,1,1,rust,2,rust_s1_mixed,2048,1024,c3c9b89d6570e671fcb8bd2d7d3b601c0ee57ff6655c1b7cfd6af9166188b0cc
886,data/bracol/raw/images/886.jpg,real,train,healthy,0,0,0,0,0,healthy,0,healthy,2048,1024,01a9f51d7d310b68203d84ad00097d1e38961f186505d9632b6c1bc4c3bf58f8
887,data/bracol/raw/images/887.jpg,real,test,other,0,1,0,0,1,miner,1,other_miner,2048,1024,4291aaddaa3175b8e125cb22906aab38c825df07e833d88c1fabec27da15f923
888,data/bracol/raw/images/888.jpg,real,train,other,0,1,0,0,1,miner,1,other_miner,2048,1024,b0e057ff1e3f4a58213c2e425faa77d4465386bf6c939e17c50b6b902a2156cf
889,data/bracol/raw/images/889.jpg,real,train,other,0,0,0,1,1,cercospora,1,other_cercospora,2048,1024,f2b116054568ebf899f120ba5cd5afbc8b05605394d10ff11e3aa3d625a19dbb
890,data/bracol/raw/images/890.jpg,real,train,rust,1,1,0,0,2,rust,2,rust_s2_mixed,2048,1024,fc56afa2d81da8dcb274bd3c4cea3dc02b48eab0471c7d0922b5d5957e0fd12d
891,data/bracol/raw/images/891.jpg,real,train,healthy,0,0,0,0,0,healthy,0,healthy,2048,1024,7918e733de043f496fc443ed4dcc8f4bc8701cec5ad842208b974d5f6e76a17d
892,data/bracol/raw/images/892.jpg,real,train,other,0,1,0,0,1,miner,1,other_miner,2048,1024,4d2e6deef682cf96e8a4065bf87318c0a75429379e1ec60fa195a1947ab29de9
893,data/bracol/raw/images/893.jpg,real,train,other,0,1,0,0,2,miner,1,other_miner,2048,1024,d61d9211ddfc86b50aa47a98f1073db91bb375d974941759e0ad5b909412a7ac
894,data/bracol/raw/images/894.jpg,real,train,other,0,1,0,0,2,miner,1,other_miner,2048,1024,c394902a97f575c3a99418c13283b1308e60188a3b016c48b934b8f8b944e5bb
895,data/bracol/raw/images/895.jpg,real,train,other,0,1,0,0,2,miner,1,other_miner,2048,1024,048431ddc27be9cff41ca9fa3f1675e9d16d25b93188cd0730c7c12bb80527e9
896,data/bracol/raw/images/896.jpg,real,train,other,0,1,0,0,2,miner,1,other_miner,2048,1024,bf9d9c01a903d1da3691f564d3526b857f3676c490e2cdc5d07629892f3ac880
897,data/bracol/raw/images/897.jpg,real,train,rust,1,1,0,0,4,rust,2,rust_s3plus_mixed,2048,1024,21e32013464788061690c821c37eb32c5041606110103e36a4bead882561193e
898,data/bracol/raw/images/898.jpg,real,train,other,0,1,0,0,1,miner,1,other_miner,2048,1024,f992cead6e266b8ff197a6be2b1e988692b5639f5d6373f8f8abaa3fdf840fad
899,data/bracol/raw/images/899.jpg,real,val,rust,1,0,0,0,2,rust,1,rust_s2_pure,2048,1024,49ebe31d626edd2612d0e0ad40aa0dbefca2abd130f1c92d7696b5dd27a6b484
900,data/bracol/raw/images/900.jpg,real,train,other,0,1,0,0,3,miner,1,other_miner,2048,1024,ed8a0a181894e1a9d01a5d836356618809d7dd6bcbb37d5dbe6edf020fbc1c10
901,data/bracol/raw/images/901.jpg,real,test,other,0,1,0,1,2,miner,2,other_multi,2048,1024,2cf74bc2ec95319b45d73017fec0cc7a88ec4faeec62973f61001b2cfae749d3
902,data/bracol/raw/images/902.jpg,real,val,other,0,1,0,1,1,miner,2,other_multi,2048,1024,5686a318c8ca5905bab6f2fd04b999fea14b624d827e4b1e3170a9716f933607
903,data/bracol/raw/images/903.jpg,real,train,other,0,1,0,0,3,miner,1,other_miner,2048,1024,2add0922c28535adbd8850268ba54db6a06f7fe0373f46b8cb455db19d39d6bf
904,data/bracol/raw/images/904.jpg,real,train,healthy,0,0,0,0,0,healthy,0,healthy,2048,1024,72635bcb6a4c5ce08e030501ed290322d8a0174517373b1079fa5c77c06b6144
905,data/bracol/raw/images/905.jpg,real,train,other,0,1,0,0,1,miner,1,other_miner,2048,1024,c229154447039a5436a23b5663fecd26663b85d8852664175d64e913fc204488
906,data/bracol/raw/images/906.jpg,real,val,other,0,1,0,0,1,miner,1,other_miner,2048,1024,766b8e9e926b45fd705b6aecaa2ac36ad05118778d04a90ec4b580df194b03e7
907,data/bracol/raw/images/907.jpg,real,val,other,0,1,0,0,2,miner,1,other_miner,2048,1024,85ba18b4116db50e4ac8e16a066ad10cf31d33a32e178edfb282ae35dac79ab2
908,data/bracol/raw/images/908.jpg,real,val,other,0,1,0,0,2,miner,1,other_miner,2048,1024,5f7603b1d1e21fc61bce15b70d22f77d2c8a50e5b1ec3b274f2c37c98ec9a8c8
909,data/bracol/raw/images/909.jpg,real,train,healthy,0,0,0,0,0,healthy,0,healthy,2048,1024,27ba23d3e279bfac3ead7ec10a6d53ebf7f703bb14f53307bf1548605a8eb520
910,data/bracol/raw/images/910.jpg,real,val,rust,1,1,0,0,1,miner,2,rust_s1_mixed,2048,1024,ff373215aad1478515a7482a0594ae6f7bcb4e02ef00d276d2cdf9eb0584940f
911,data/bracol/raw/images/911.jpg,real,val,healthy,0,0,0,0,0,healthy,0,healthy,2048,1024,6681bd537416cde76f612fb5d5f0b1f403e9c748f6f292521f9ca913240d70a3
912,data/bracol/raw/images/912.jpg,real,train,rust,1,1,0,0,2,rust,2,rust_s2_mixed,2048,1024,8a5fb7cbb70756fe48ca61a474665e00154ab4ed86e7405b268386af7381ce65
913,data/bracol/raw/images/913.jpg,real,train,healthy,0,0,0,0,0,healthy,0,healthy,2048,1024,1ccd723a58af6b9be3877ad1368a288ea3090a415294c51b16b2a47788233c49
914,data/bracol/raw/images/914.jpg,real,train,other,0,1,0,0,3,miner,1,other_miner,2048,1024,3065b20055857ba1f0c2fa4af53d2c6ee4fbd85f173a2a020eb74d1b40e7574e
915,data/bracol/raw/images/915.jpg,real,train,healthy,0,0,0,0,0,healthy,0,healthy,2048,1024,e973dda61baa224736ae82223116b8ae898cd508d31af8751254c6590c1560bb
916,data/bracol/raw/images/916.jpg,real,val,other,0,1,0,0,1,miner,1,other_miner,2048,1024,7aaa8c974cf80ff527e8f7adbabeb1bb117f6a68a7cb3774a51690280fa73a9f
917,data/bracol/raw/images/917.jpg,real,train,other,0,0,0,1,1,cercospora,1,other_cercospora,2048,1024,cf9a970404477909afc9ecda31e726b0d0610cbb2a678b7e31c6b427864ae35b
918,data/bracol/raw/images/918.jpg,real,train,other,0,0,0,1,1,cercospora,1,other_cercospora,2048,1024,c5fb032ec5f0a3219dcdc249520cd89b7d04cf4ee23bb4542c9501d0f5654b5f
919,data/bracol/raw/images/919.jpg,real,train,healthy,0,0,0,0,0,healthy,0,healthy,2048,1024,5e3f279282aea64497f4630651f5a024fdc2eab7900b775cf0b899059ce87346
920,data/bracol/raw/images/920.jpg,real,train,other,0,1,0,0,2,miner,1,other_miner,2048,1024,2f7228b2772074226f97a8114340669835ce2fb4112da14e1e534f4c196cfd5a
921,data/bracol/raw/images/921.jpg,real,train,healthy,0,0,0,0,0,healthy,0,healthy,2048,1024,8ae780913fbaa096ae49ad685db0d15f6943e90556c05ca18e58d5c157514cc8
922,data/bracol/raw/images/922.jpg,real,val,other,0,1,0,0,1,miner,1,other_miner,2048,1024,f21fabf289a2a93858b099c7d8e2d9114512f04acb2544bc42a1203d0f419ead
923,data/bracol/raw/images/923.jpg,real,train,other,0,1,0,0,2,miner,1,other_miner,2048,1024,34a0c4a9ccc65a0edf1414abdcc8381c031d7f4b18baa946ed87aa307ae98d98
924,data/bracol/raw/images/924.jpg,real,val,healthy,0,0,0,0,0,healthy,0,healthy,2048,1024,a5038db2b4991808120b8a1fd71b3c1495aed684c5d5b09d943e61cbc65e5eb0
925,data/bracol/raw/images/925.jpg,real,train,rust,1,1,0,0,1,undetermined,2,rust_s1_mixed,2048,1024,6e55390f3f67dba370b557268b5b15372d54d055ac91b6651cd7d19d95f9f639
926,data/bracol/raw/images/926.jpg,real,test,other,0,1,0,0,2,miner,1,other_miner,2048,1024,b283126ce57126f7f3aca4d4607e2ccf4caa1b542673205d5d2696f8d6abbb6e
927,data/bracol/raw/images/927.jpg,real,train,rust,1,0,0,0,1,rust,1,rust_s1_pure,2048,1024,43da360185989d1c7d2d1b08f3212ca238751f38021bad6fe48eaa76e1c2a217
928,data/bracol/raw/images/928.jpg,real,train,rust,1,0,0,0,2,rust,1,rust_s2_pure,2048,1024,1f892f85ff9082bd5ddb6478df19b3e7afb27aec31cd8f373b28a200bbf06992
929,data/bracol/raw/images/929.jpg,real,test,other,0,1,0,0,1,miner,1,other_miner,2048,1024,a5946aa268436a0af77c572fe18b266ff99f9e5a1307217652b26054d4c428a7
930,data/bracol/raw/images/930.jpg,real,test,other,0,0,0,1,1,cercospora,1,other_cercospora,2048,1024,b321334b43546032f687a009ae435739598bb1256f92d5ff05ceeffd9c09490b
931,data/bracol/raw/images/931.jpg,real,train,other,0,1,0,0,2,miner,1,other_miner,2048,1024,52afd2feacb6f858e2d62f47a16ccb8901b4dc81083c442567bacce9a8dfe157
932,data/bracol/raw/images/932.jpg,real,test,other,0,1,0,0,1,miner,1,other_miner,2048,1024,e794d918c83a592ab147043676e78ab82687f94b0540bab6523c36668b033ec9
933,data/bracol/raw/images/933.jpg,real,val,healthy,0,0,0,0,0,healthy,0,healthy,2048,1024,e19b0c4ff63f0a240c82aeb1dff35fc70a14ed1cfb8f0a2de8f55f06c17c623a
934,data/bracol/raw/images/934.jpg,real,train,healthy,0,0,0,0,0,healthy,0,healthy,2048,1024,f9dd52f741edcf3cd98c5f552914969e28b8e0cb8cb88af2032279ee65167254
935,data/bracol/raw/images/935.jpg,real,train,healthy,0,0,0,0,0,healthy,0,healthy,2048,1024,e7348f5447a148c1937016a53d7e310561b6ad736ae7bff361845ce9e5fa8250
936,data/bracol/raw/images/936.jpg,real,train,healthy,0,0,0,0,0,healthy,0,healthy,2048,1024,3e5f470314d5cebea43843b99806bee4e0195d0f164a33564415526851257c1d
937,data/bracol/raw/images/937.jpg,real,train,healthy,0,0,0,0,0,healthy,0,healthy,2048,1024,317854aa8e2d7c46d14cb852079268da4e8a8397a9655d1bac6454b5f5666672
938,data/bracol/raw/images/938.jpg,real,train,healthy,0,0,0,0,0,healthy,0,healthy,2048,1024,e1030e390d7e89be586bf5832ad5e71877ac6fda5f07d4fa2f8c1671011b4beb
939,data/bracol/raw/images/939.jpg,real,train,healthy,0,0,0,0,0,healthy,0,healthy,2048,1024,32c2f5e13edfd65676abc3152402b852b8b2475869dbd9ac4bec52a3932f9d79
940,data/bracol/raw/images/940.jpg,real,train,healthy,0,0,0,0,0,healthy,0,healthy,2048,1024,e33dd7f48421373aa560a7a5fdd62b00bca62f3845c8d228a40af8590bfdca7e
941,data/bracol/raw/images/941.jpg,real,train,healthy,0,0,0,0,0,healthy,0,healthy,2048,1024,b901762b4a9c2bb218e40c9f2347cba1651ca3ce0db32286dc5084f23026cd16
942,data/bracol/raw/images/942.jpg,real,train,healthy,0,0,0,0,0,healthy,0,healthy,2048,1024,54d8130edc54462a1f2fa3226534ca18585b31e0f141b05541537d896ba4ecc5
943,data/bracol/raw/images/943.jpg,real,train,healthy,0,0,0,0,0,healthy,0,healthy,2048,1024,df1906a923e9570275f31a50395721e95e2d5cc733caaea8211e694e3fedb54b
944,data/bracol/raw/images/944.jpg,real,train,healthy,0,0,0,0,0,healthy,0,healthy,2048,1024,ae49cfabce8eba49c3b51d77f9563c665f11f79fc0c50691cd8df3575744defc
945,data/bracol/raw/images/945.jpg,real,train,healthy,0,0,0,0,0,healthy,0,healthy,2048,1024,4f993e6967f37698d96779ce261acdcacc6892ce5dbaed3a65dfc4a5afabd89c
946,data/bracol/raw/images/946.jpg,real,train,healthy,0,0,0,0,0,healthy,0,healthy,2048,1024,597b660f4bfff763a7ee40d650551674d77ddc3a2057693f37354951ecfacb0a
947,data/bracol/raw/images/947.jpg,real,train,healthy,0,0,0,0,0,healthy,0,healthy,2048,1024,710b1103c68a5afe43666bfc09c9002d4871171df77d9de515b4c85bc4f83611
948,data/bracol/raw/images/948.jpg,real,train,healthy,0,0,0,0,0,healthy,0,healthy,2048,1024,8b5176af56f235b8c98a60d5b1b761160cceca3e8b65e217c53c282fa9f7a2d3
949,data/bracol/raw/images/949.jpg,real,train,healthy,0,0,0,0,0,healthy,0,healthy,2048,1024,a1065a3d744691073ee716d787cdd423ef323c928ebee187eb154030255d4598
950,data/bracol/raw/images/950.jpg,real,train,healthy,0,0,0,0,0,healthy,0,healthy,2048,1024,f7915e6521d180dba33f162d8946822ffac759ea2f42610d132a705da2424d3f
951,data/bracol/raw/images/951.jpg,real,train,healthy,0,0,0,0,0,healthy,0,healthy,2048,1024,a112818770e786773f4c710e9aab2c6e1be51feb83bc696f2096ad66f1725ebe
952,data/bracol/raw/images/952.jpg,real,train,healthy,0,0,0,0,0,healthy,0,healthy,2048,1024,501918f9e9de8624057b5fac583d77e60289bd52b2babbfca439f0e571cf48b3
953,data/bracol/raw/images/953.jpg,real,train,healthy,0,0,0,0,0,healthy,0,healthy,2048,1024,a91599466f6da853a6c756319a0b94347e0edbd6355a6a782581ed09970abe79
954,data/bracol/raw/images/954.jpg,real,train,healthy,0,0,0,0,0,healthy,0,healthy,2048,1024,4b77a01c5a6c08005a47405f326cc4f83b78218170852efb4697e54b796bbc44
955,data/bracol/raw/images/955.jpg,real,train,healthy,0,0,0,0,0,healthy,0,healthy,2048,1024,ee9856ccfbdce0851e212f9fbfaddf3607fa67c6f5ff7f956e7653954da30330
956,data/bracol/raw/images/956.jpg,real,train,healthy,0,0,0,0,0,healthy,0,healthy,2048,1024,0c2fbf0ef3d58d1172ccaba1e744d00d9380dab7b873221e2152199bbc363923
957,data/bracol/raw/images/957.jpg,real,train,healthy,0,0,0,0,0,healthy,0,healthy,2048,1024,f63e14ebe6946e7361dc5b83b449540e21433371a33c57920a36105ba19caeb1
958,data/bracol/raw/images/958.jpg,real,test,healthy,0,0,0,0,0,healthy,0,healthy,2048,1024,90732fe01081914b10de6097ae5f6914829d4589c8702acaab5257154b8a4e61
959,data/bracol/raw/images/959.jpg,real,train,healthy,0,0,0,0,0,healthy,0,healthy,2048,1024,effc8cdd6c6f46ee989f7105d9f670bf63cb24a42572a11a5cfec6dfdba58e92
960,data/bracol/raw/images/960.jpg,real,train,healthy,0,0,0,0,0,healthy,0,healthy,2048,1024,92b3c945304be270adc334a4a191e5c455740a7083185552fcb94cb16b66f2bd
961,data/bracol/raw/images/961.jpg,real,train,healthy,0,0,0,0,0,healthy,0,healthy,2048,1024,b4505fbeacef4d65bfb781accf5e8b197a1266280657a70aa521eb000f0e91ed
962,data/bracol/raw/images/962.jpg,real,train,healthy,0,0,0,0,0,healthy,0,healthy,2048,1024,de7c40134fad91576bb2b9c66ec4f9ceb6efae7ce83c8fd95173af8efbfa550e
963,data/bracol/raw/images/963.jpg,real,train,healthy,0,0,0,0,0,healthy,0,healthy,2048,1024,987d8f4a61f25f1d03319faa72ce49d59fef8a8c7e1382d4ad2347beed45c130
964,data/bracol/raw/images/964.jpg,real,val,healthy,0,0,0,0,0,healthy,0,healthy,2048,1024,df875f1ceca1bceeb95fd8d122ced038074afbdcb04b2f6a53aab4c4237f25f7
965,data/bracol/raw/images/965.jpg,real,val,healthy,0,0,0,0,0,healthy,0,healthy,2048,1024,7f1b989a6974f24c3ea6c680b70874d17f5415ccfa484dbe5575f86b0d7d6cf0
966,data/bracol/raw/images/966.jpg,real,test,healthy,0,0,0,0,0,healthy,0,healthy,2048,1024,66de2f72d498418774017a1da0461902ecff20c71243c116c3eeedf55d5b5b30
967,data/bracol/raw/images/967.jpg,real,train,healthy,0,0,0,0,0,healthy,0,healthy,2048,1024,0813251dce30e09c3d9f948ccd8563405f76ea11811c7eac0a54d95e7c610820
968,data/bracol/raw/images/968.jpg,real,train,healthy,0,0,0,0,0,healthy,0,healthy,2048,1024,be9445db7b4ab8efff55334f47fdb9bb3f1fa7c5a7014f6fc59bf48ea88a4bfb
969,data/bracol/raw/images/969.jpg,real,train,healthy,0,0,0,0,0,healthy,0,healthy,2048,1024,9949e642303e74a29e1c660f9b7b5cc8d424280cd8e2bcf694a413ce75f981f5
970,data/bracol/raw/images/970.jpg,real,train,healthy,0,0,0,0,0,healthy,0,healthy,2048,1024,4aa807dba8f7c051d7cd040025ab4aa8baf9b64d13c72b2a1a6463ed977cb936
971,data/bracol/raw/images/971.jpg,real,train,healthy,0,0,0,0,0,healthy,0,healthy,2048,1024,6fbd0fc5bb2e74017ee3eaeb71523e1caef90d1dbca7a4815a7b57a1a723136d
972,data/bracol/raw/images/972.jpg,real,train,healthy,0,0,0,0,0,healthy,0,healthy,2048,1024,ed46675a125d66b59a7299065230e5cb41850cbba2a7dda8cb004582c0fc9d83
973,data/bracol/raw/images/973.jpg,real,train,healthy,0,0,0,0,0,healthy,0,healthy,2048,1024,1bf250e65a65542210ac46a1361474ef60745fabe0b946428c52c1c98b1d9d99
974,data/bracol/raw/images/974.jpg,real,val,healthy,0,0,0,0,0,healthy,0,healthy,2048,1024,6036dc51fa38ae1847b6ebe62e5490b14705d2b924150eb6acb4c0db9e9373c6
975,data/bracol/raw/images/975.jpg,real,train,healthy,0,0,0,0,0,healthy,0,healthy,2048,1024,9f621e71d7f9da420d942a1c59a62570871e651e1b0709719bef8fbf98465f0d
976,data/bracol/raw/images/976.jpg,real,test,healthy,0,0,0,0,0,healthy,0,healthy,2048,1024,2670c14dc8d71c8627680c65a79dcda07098e26542b16838dabbc726f1ff3460
977,data/bracol/raw/images/977.jpg,real,train,healthy,0,0,0,0,0,healthy,0,healthy,2048,1024,374be568624227fb799a63c17da0c0ce7029e87d8df31563147ba3026e4fc051
978,data/bracol/raw/images/978.jpg,real,train,healthy,0,0,0,0,0,healthy,0,healthy,2048,1024,6d6d169ff5dbb53b6bdda5c65bc8c028367ae8c2493e4dfb2f25c86fe2cd80d2
979,data/bracol/raw/images/979.jpg,real,test,healthy,0,0,0,0,0,healthy,0,healthy,2048,1024,b68f4144476da3717d8019418a2c170d2266f99eab0762a28f32be2755446ff5
980,data/bracol/raw/images/980.jpg,real,test,healthy,0,0,0,0,0,healthy,0,healthy,2048,1024,9191d8f43d11974ec6d448a42e897c7cdc3e286418f8ec3c9b947ecaa7c2d9c6
981,data/bracol/raw/images/981.jpg,real,test,healthy,0,0,0,0,0,healthy,0,healthy,2048,1024,112bf39d429e8d0d4b88857143447f4f4d30a6171dc47e77b58cb513de05061e
982,data/bracol/raw/images/982.jpg,real,train,healthy,0,0,0,0,0,healthy,0,healthy,2048,1024,5cd954ca0e94b1e17a86f32d840e55f039773eab2352e08aad40b91020aa0722
983,data/bracol/raw/images/983.jpg,real,train,healthy,0,0,0,0,0,healthy,0,healthy,2048,1024,bd7b5829c9f6810c193da85dd659903e4c3f37f38cc565dc3620e4f6449d12cd
984,data/bracol/raw/images/984.jpg,real,test,healthy,0,0,0,0,0,healthy,0,healthy,2048,1024,43999ebe3c762ae478ef1888b7af29e926dec66343db3ba329fdd55dd565736f
985,data/bracol/raw/images/985.jpg,real,train,healthy,0,0,0,0,0,healthy,0,healthy,2048,1024,2def9427bedca1b49c8aaca440eceae09676c42982aeb36d507b898cb2a8cbbf
986,data/bracol/raw/images/986.jpg,real,val,healthy,0,0,0,0,0,healthy,0,healthy,2048,1024,36c4d5da1019a452d4907a4df3839583842ff4a45eccef4d337a7bd41d5a8028
987,data/bracol/raw/images/987.jpg,real,train,healthy,0,0,0,0,0,healthy,0,healthy,2048,1024,ab164b9f204b18eb58dcc39f27652520bf6e0f94354c6f44bb40369ce4686d57
988,data/bracol/raw/images/988.jpg,real,train,healthy,0,0,0,0,0,healthy,0,healthy,2048,1024,ae451fb400d3f43532c2411d38798304903acd279cfd3ee201cb728728595f95
989,data/bracol/raw/images/989.jpg,real,val,healthy,0,0,0,0,0,healthy,0,healthy,2048,1024,7d0fc4773bbe35c6d57aa9e2d2eac2b1ea2617ac4431983a551ca026b7dc94a1
990,data/bracol/raw/images/990.jpg,real,val,healthy,0,0,0,0,0,healthy,0,healthy,2048,1024,f51425c0b27126d0ef158bb65fa289b9e15a6fb9f2923385abc13b360f79f8b7
991,data/bracol/raw/images/991.jpg,real,train,healthy,0,0,0,0,0,healthy,0,healthy,2048,1024,cde7883b76369a22c55ba4f518219af655f36834c0adb85e92f99428f895a32d
992,data/bracol/raw/images/992.jpg,real,train,healthy,0,0,0,0,0,healthy,0,healthy,2048,1024,1146a3cd1e4f2cbce559e957ff293e491d27b1d921385c524247b88e3421c071
993,data/bracol/raw/images/993.jpg,real,test,healthy,0,0,0,0,0,healthy,0,healthy,2048,1024,1237289e0a6dd2dc82402539bd1633e632abc5009482b878c44376645b4a3ed7
994,data/bracol/raw/images/994.jpg,real,train,healthy,0,0,0,0,0,healthy,0,healthy,2048,1024,0452af617e8cdfd42146042443c99a424cd4503d682a9aace7f158ff70d8198b
995,data/bracol/raw/images/995.jpg,real,train,healthy,0,0,0,0,0,healthy,0,healthy,2048,1024,bce1bc930218fa8c2db19d9646eff9e4af612f1b0e8efa8636919d362f1ae528
996,data/bracol/raw/images/996.jpg,real,val,other,0,0,1,0,1,phoma,1,other_phoma,2048,1024,f54a1dee44b2804f7f4474086c53468a5a728645e9dbabcb1d74c94fd4bd67d0
997,data/bracol/raw/images/997.jpg,real,train,other,0,1,0,0,1,miner,1,other_miner,2048,1024,7505986dc0cfa02c994bd67183d7e9b91710d21b92d8153b311a82be6fcadd89
998,data/bracol/raw/images/998.jpg,real,train,healthy,0,0,0,0,0,healthy,0,healthy,2048,1024,9c1c5af5f8d24e97e0e08f82f04547bfc2de46cff0f96ae868a8f617e3e1f795
999,data/bracol/raw/images/999.jpg,real,train,healthy,0,0,0,0,0,healthy,0,healthy,2048,1024,b832b72979644ce9ea27115547a07cb596ae5d327e4c1f2ac9562397c9ec6420
1000,data/bracol/raw/images/1000.jpg,real,train,other,0,1,0,0,1,miner,1,other_miner,2048,1024,511ad0427295258a798a087c60395b2cea08651b874893ba6833f90251ec2a11
1001,data/bracol/raw/images/1001.jpg,real,train,healthy,0,0,0,0,0,healthy,0,healthy,2048,1024,7da7813b9cd20f161e5025bade9a2cc44a287292c4453d6df0372b84581322e1
1002,data/bracol/raw/images/1002.jpg,real,val,other,0,1,0,0,1,miner,1,other_miner,2048,1024,efe7f1eaaf2c80251def09be289f1260962fd3e3339d145987e680831a573451
1003,data/bracol/raw/images/1003.jpg,real,test,other,0,1,0,0,1,miner,1,other_miner,2048,1024,a65ea45208d08430386a4c673ca10fe4398addac07f313ea41da296ab149f914
1004,data/bracol/raw/images/1004.jpg,real,val,other,0,1,0,0,1,miner,1,other_miner,2048,1024,371d7b8a59f2201e99b6a8442dd3460e4d6867b5f8a8933f8d54115276b20b53
1005,data/bracol/raw/images/1005.jpg,real,train,other,0,1,0,0,1,miner,1,other_miner,2048,1024,8f2dbd578c921777c7c8b929e797d5d7123fc0e6ded12bf144d2188d8722e15d
1006,data/bracol/raw/images/1006.jpg,real,train,healthy,0,0,0,0,0,healthy,0,healthy,2048,1024,776e7c2ac5d6ca48679814aee970ea02cf4bd925c11f733b0f2470747554cc34
1007,data/bracol/raw/images/1007.jpg,real,test,healthy,0,0,0,0,0,healthy,0,healthy,2048,1024,9d50de1cb730dd0ae63c09fd3d2f0d896b70153120a9bb0c5bcde05c577b829f
1008,data/bracol/raw/images/1008.jpg,real,train,rust,1,0,0,1,1,rust,2,rust_s1_mixed,2048,1024,8af7e31f0fd348ee2fbd26bb9205fa6cdecce36a33d71693666431907a6ed7f7
1009,data/bracol/raw/images/1009.jpg,real,train,rust,1,0,0,0,1,rust,1,rust_s1_pure,2048,1024,2a06ab2f7d54aa9bf8f9327c0261e9a21c7bae6887eceb898636c79f630aebab
1010,data/bracol/raw/images/1010.jpg,real,test,other,0,1,0,0,1,miner,1,other_miner,2048,1024,0908c42bb4663d324c45a748063b83e14f96c59ff0dba4d49c186ad06570723b
1011,data/bracol/raw/images/1011.jpg,real,train,rust,1,0,0,1,2,undetermined,2,rust_s2_mixed,2048,1024,24cf1722740efa57dd0521b1332c8676e0e6550db7f19257da959a8227d24438
1012,data/bracol/raw/images/1012.jpg,real,train,other,0,1,0,0,1,miner,1,other_miner,2048,1024,01f72981a3b8d7cbe254a12edcfb9986fdb7910d4ef7e25fa730414991c04152
1013,data/bracol/raw/images/1013.jpg,real,val,other,0,1,0,1,1,cercospora,2,other_multi,2048,1024,5fee1313cb4074fdc4466725cf54fb8ff1c8670a0ae5938029212d33b77739e3
1014,data/bracol/raw/images/1014.jpg,real,test,other,0,1,0,0,1,miner,1,other_miner,2048,1024,0e75a5881300e6b131251f5f41d9b2bd0d21a26017fc91f22c97df797d20c431
1015,data/bracol/raw/images/1015.jpg,real,train,other,0,1,0,0,1,miner,1,other_miner,2048,1024,8063656e6002993071227793eb49bb088cee9861e16ccd9f6fab891109d7ff80
1016,data/bracol/raw/images/1016.jpg,real,train,other,0,0,0,1,1,cercospora,1,other_cercospora,2048,1024,bcaeefd27761a9ee6c9e552b83eedd4ec31c5ae58fda0e1c0030321a3d30c390
1017,data/bracol/raw/images/1017.jpg,real,train,other,0,1,0,0,1,miner,1,other_miner,2048,1024,e9ada90297790fd5e88af673316fff4e88e5f2414704f654c6bcbff37476e5be
1018,data/bracol/raw/images/1018.jpg,real,test,rust,1,0,0,0,1,rust,1,rust_s1_pure,2048,1024,f40577b6543ee3c2ebeca5caf872d4403a95d9ea761e8047548940cd902df8a9
1019,data/bracol/raw/images/1019.jpg,real,train,other,0,1,0,0,1,miner,1,other_miner,2048,1024,c835866280be48ca42b60793c972c5b0937485c977e0af68941e21cd40ff65cc
1020,data/bracol/raw/images/1020.jpg,real,train,other,0,1,0,0,1,miner,1,other_miner,2048,1024,3d02ff50ad8f50f7ab0dcd6efd70c00ef128db1d63e96c8ca7dff37909770cc5
1021,data/bracol/raw/images/1021.jpg,real,train,other,0,1,0,0,1,miner,1,other_miner,2048,1024,1f157fef79c99ae4a98fedebcf68ce049cc8ac14935c0a16400675e7b7f955f4
1022,data/bracol/raw/images/1022.jpg,real,train,rust,1,0,0,0,1,rust,1,rust_s1_pure,2048,1024,dcba436ab849a31c1a78480eae73cfb220ad1b63c21a7e3a265d658f7a4aab01
1023,data/bracol/raw/images/1023.jpg,real,val,other,0,1,0,0,1,miner,1,other_miner,2048,1024,77832bec3845876e2c29a4321a4c351f5ab488108ab411fb61591c9c9060e3d2
1024,data/bracol/raw/images/1024.jpg,real,train,other,0,1,0,0,2,miner,1,other_miner,2048,1024,f006c5f602a33a9165129310165f38d76ac012d369eba24aba6c66f0a2a99360
1025,data/bracol/raw/images/1025.jpg,real,train,other,0,1,0,0,1,miner,1,other_miner,2048,1024,e5eaef77461d290ec589a75cc4d3e18ef61e61f57099d150a70d75dc3e77b86b
1026,data/bracol/raw/images/1026.jpg,real,train,other,0,1,0,0,1,miner,1,other_miner,2048,1024,bebdbc465d11cb47a7ffc7c801cec11f862fffc72fb631645caaf24aa3cfb04c
1027,data/bracol/raw/images/1027.jpg,real,train,rust,1,0,0,1,1,rust,2,rust_s1_mixed,2048,1024,a5c5ce9c07a63bc77d3deb63f84c2280fb6d88c850324b9935487cd7bbe26cf1
1028,data/bracol/raw/images/1028.jpg,real,train,other,0,1,0,0,2,miner,1,other_miner,2048,1024,07c319461225b1ca2b04c16c1693cb56f9d6d1c6f09755e074b2feb51bd18977
1029,data/bracol/raw/images/1029.jpg,real,train,other,0,1,0,0,1,miner,1,other_miner,2048,1024,fa4b37ccd7e952dd73a69bc808addf70dfe29c548aa7a899b7290014b8f9d041
1030,data/bracol/raw/images/1030.jpg,real,train,other,0,1,0,0,1,miner,1,other_miner,2048,1024,b3a331148e53f7b24e61157e893f837b5cdcd72bedc2836968f9921be32e7897
1031,data/bracol/raw/images/1031.jpg,real,train,rust,1,1,0,0,1,miner,2,rust_s1_mixed,2048,1024,807f2021c1f7527dff7409bbc1129a22837b5579abb4386e13d073372c5057dc
1032,data/bracol/raw/images/1032.jpg,real,train,other,0,1,0,0,1,miner,1,other_miner,2048,1024,c9e7313a12b5c3bfbdc16e72380d33cf619af78a6505a69b1f301d36089b2e93
1033,data/bracol/raw/images/1033.jpg,real,train,other,0,1,0,1,1,miner,2,other_multi,2048,1024,6885916da81d2bd4acf1406eca2f1ec6b7f9ffa08dd074b15537f757109053a0
1034,data/bracol/raw/images/1034.jpg,real,train,rust,1,1,0,0,2,rust,2,rust_s2_mixed,2048,1024,5888c0d9d2dcd0cf07699737f1fc1afa6ccbd458d2effb51ee7c8095ec9166c0
1035,data/bracol/raw/images/1035.jpg,real,train,other,0,1,0,0,1,miner,1,other_miner,2048,1024,0df0bb393d8447489e63958196bcc047a15e4eaabf605a09da06d7a43fcd11ed
1036,data/bracol/raw/images/1036.jpg,real,train,rust,1,0,0,0,1,rust,1,rust_s1_pure,2048,1024,67d7aea32fe67baf1a56f2a7a2e9cd6a185c55422ae3d78dd36b55e69ea3db0f
1037,data/bracol/raw/images/1037.jpg,real,train,healthy,0,0,0,0,0,healthy,0,healthy,2048,1024,31c1b89d29584908237021a12483de415b33932bb463f9a9313ad2d0c3444abc
1038,data/bracol/raw/images/1038.jpg,real,train,other,0,1,0,0,1,miner,1,other_miner,2048,1024,d8a9a51aab370cc5aa216c5d3f0442b48d1b2266dc78ed89535e8d8b62893a5c
1039,data/bracol/raw/images/1039.jpg,real,train,rust,1,1,0,0,1,undetermined,2,rust_s1_mixed,2048,1024,5d4f5e741b9f3c97cab55b759fe72517a03ff71958aac0c6b0076cdbcd3089a4
1040,data/bracol/raw/images/1040.jpg,real,train,other,0,1,0,0,1,miner,1,other_miner,2048,1024,3d044d73335c9db04b88116fe311094ec5bac7e0f4f328a50b40de6281e4f8d3
1041,data/bracol/raw/images/1041.jpg,real,test,other,0,1,0,1,1,miner,2,other_multi,2048,1024,4e5f0dc920321ea123df364e7035187ccd82633c0bf553d57f4ed00b9f0d9e89
1042,data/bracol/raw/images/1042.jpg,real,train,other,0,1,0,0,1,miner,1,other_miner,2048,1024,b5c3503c61e0ee1224ecc45c416dd2e303161219fbe72dee0ed5bdc497fdbf84
1043,data/bracol/raw/images/1043.jpg,real,val,other,0,1,0,0,1,miner,1,other_miner,2048,1024,989457ea3254dace0cb2e5f6c0c1d3dbfdd2d1098af6c7beae2fa7dc3982ceb9
1044,data/bracol/raw/images/1044.jpg,real,train,other,0,1,0,0,1,miner,1,other_miner,2048,1024,504d46a1af2547632a38368ec0607a03780dae83bbacad930e213007919069f8
1045,data/bracol/raw/images/1045.jpg,real,train,other,0,0,0,1,1,cercospora,1,other_cercospora,2048,1024,d76d4ab1511cb9394310c2df135ad5d767e92ec1fda7003dcae3c87da42ea645
1046,data/bracol/raw/images/1046.jpg,real,train,rust,1,1,0,0,3,undetermined,2,rust_s3plus_mixed,2048,1024,f9cf9530a99b8c877342abfc59e5a0424e5780feccf490785edbef8a75f02544
1047,data/bracol/raw/images/1047.jpg,real,val,healthy,0,0,0,0,0,healthy,0,healthy,2048,1024,6f8d0de96aab971dddb2beed037a57f6fbdd0cf5d39028828ff5dc36bbf55848
1048,data/bracol/raw/images/1048.jpg,real,val,healthy,0,0,0,0,0,healthy,0,healthy,2048,1024,0ebe7cc193cb36b19ae888c04f8488bb62fba432392add8a39c3cea21cd37cff
1049,data/bracol/raw/images/1049.jpg,real,test,healthy,0,0,0,0,0,healthy,0,healthy,2048,1024,e34eda076e404e2bedcfc684171e20578132880d884f2fe68cced4a5b9c93b18
1050,data/bracol/raw/images/1050.jpg,real,train,other,0,1,0,0,1,miner,1,other_miner,2048,1024,0cd64fe1c2bf4a361f14230447044867d317ebfe5cb940cd12de189e9ab2ada3
1051,data/bracol/raw/images/1051.jpg,real,train,other,0,1,0,0,2,miner,1,other_miner,2048,1024,805b7efae02bde3d916a26c1392fa438573f0581f85217087e2174e2c5e4b95d
1052,data/bracol/raw/images/1052.jpg,real,test,rust,1,0,0,0,1,rust,1,rust_s1_pure,2048,1024,eefd3835f12cf453e431f4a550b5bd3f2a773d6ac58467d72600a513bfa5a657
1053,data/bracol/raw/images/1053.jpg,real,train,other,0,1,0,0,2,miner,1,other_miner,2048,1024,20f935a15d8f7c173f30a71f9d85a910c6aadd135798c5e2d99980e389268393
1054,data/bracol/raw/images/1054.jpg,real,train,healthy,0,0,0,0,0,healthy,0,healthy,2048,1024,f8c8d4bfb843030324cf7f99ae6a4f478bf4a29ae7a1d1150d4fd5599ba74c55
1055,data/bracol/raw/images/1055.jpg,real,train,other,0,1,0,0,1,miner,1,other_miner,2048,1024,c471aaedc70e6a29fca0cf06650b1ddc48ffe8322c6087c592a3e56d721c7f5c
1056,data/bracol/raw/images/1056.jpg,real,train,other,0,1,0,0,1,miner,1,other_miner,2048,1024,8fd532ac535542b4224c522e80e12e801472c91d41df5e4d131ec1bcc20f8ff1
1057,data/bracol/raw/images/1057.jpg,real,train,other,0,1,0,0,1,miner,1,other_miner,2048,1024,1470f567859cbb11f1c93c20d8adfab046194792a6ab2e0cabcd6c2c520bf6e0
1058,data/bracol/raw/images/1058.jpg,real,train,other,0,1,0,0,1,miner,1,other_miner,2048,1024,2342e52fd1068139686235ef0dff0c11efab51322f9b1133621e435ab4d96cff
1059,data/bracol/raw/images/1059.jpg,real,train,other,0,1,0,0,2,miner,1,other_miner,2048,1024,155fbbdb9ebf57e045376de07a25d43c82f5a679d3db7c40e85ee7a9f7c550af
1060,data/bracol/raw/images/1060.jpg,real,train,rust,1,0,0,0,1,rust,1,rust_s1_pure,2048,1024,26fe0739c9dddaea7f77559cc97f61e1d6dcce7a46c2ed3cac5280cdaf3fafca
1061,data/bracol/raw/images/1061.jpg,real,test,rust,1,1,0,0,2,miner,2,rust_s2_mixed,2048,1024,2c525d1fcc70d8e9e599b55bda703db8327260c2734c7b91f7e64f2c61b25664
1062,data/bracol/raw/images/1062.jpg,real,train,other,0,1,0,0,1,miner,1,other_miner,2048,1024,503c579d9fe1e75b1488a1dac6bedff486e27fee41c2dbfcbd485c416bab62a0
1063,data/bracol/raw/images/1063.jpg,real,val,other,0,1,0,0,1,miner,1,other_miner,2048,1024,a1646db0c680ae4ba6c78e9010dda2713ecbd25776037e0395525ba38e92bb46
1064,data/bracol/raw/images/1064.jpg,real,train,other,0,1,0,0,3,miner,1,other_miner,2048,1024,03cc6dd34043a43b11dcabce0bce1048fc6ed0b48492c11efa31c70eb04f5241
1065,data/bracol/raw/images/1065.jpg,real,val,other,0,0,0,1,1,cercospora,1,other_cercospora,2048,1024,8eaef44bc221002efd1d8d1081914016edfafa1a32fa01ba19b98f04e6310685
1066,data/bracol/raw/images/1066.jpg,real,train,healthy,0,0,0,0,0,healthy,0,healthy,2048,1024,351f9d995b0f6926b632db66bb0d11a9f073e630229e2d51530aadf201f92d7a
1067,data/bracol/raw/images/1067.jpg,real,train,rust,1,0,0,1,1,cercospora,2,rust_s1_mixed,2048,1024,9b709bc03a873cd926a43b7b7a375f4161c27f6e7ff049ddcc7a8449f79eb19f
1068,data/bracol/raw/images/1068.jpg,real,train,other,0,1,0,0,2,miner,1,other_miner,2048,1024,c684a39ffa152a72116d40d4b58ebfeef874f662715eeb9f271913beb100d1a1
1069,data/bracol/raw/images/1069.jpg,real,test,healthy,0,0,0,0,0,healthy,0,healthy,2048,1024,fdb70fa7a837f707f383d577c5ed39369d8812432466a606de5449c92f591584
1070,data/bracol/raw/images/1070.jpg,real,train,other,0,1,0,0,1,miner,1,other_miner,2048,1024,b79291dcd28684ed554066879598f3a151b78e204614d26d4b3bf55f887a5a8a
1071,data/bracol/raw/images/1071.jpg,real,test,healthy,0,0,0,0,0,healthy,0,healthy,2048,1024,cfadea15b3c82321b9dbf9d742587f5678df3f9f775363c65207cb9d6ce11f32
1072,data/bracol/raw/images/1072.jpg,real,train,other,0,1,0,0,1,miner,1,other_miner,2048,1024,16c3c8db122f69e15ff8be22b59de5873899b38553e2bc9a4e1c65c20978039a
1073,data/bracol/raw/images/1073.jpg,real,test,other,0,1,0,0,1,miner,1,other_miner,2048,1024,39928722e7af8c90136cf80f10d70fa044332cb3f9118910763c9fa6c8bf1169
1074,data/bracol/raw/images/1074.jpg,real,test,other,0,1,0,0,1,miner,1,other_miner,2048,1024,7a7091e123a22587fb04b486e17fe84f0ad5149ee3a3f4a4ea3e5b184655c7e5
1075,data/bracol/raw/images/1075.jpg,real,train,other,0,1,0,0,2,miner,1,other_miner,2048,1024,cd875e9c1827f1b594f4bbbf98017f83d2ea71b1c089c59b1dd0104416f9320a
1076,data/bracol/raw/images/1076.jpg,real,test,healthy,0,0,0,0,0,healthy,0,healthy,2048,1024,e9a466c9f6c707f89d852c3d62ecf80cc0dd464f4c9243238c059f7d779ecdc4
1077,data/bracol/raw/images/1077.jpg,real,train,other,0,1,0,0,3,miner,1,other_miner,2048,1024,21342d08cea1ba96eddad94a75348d1362a21f2276645c5dc2deae88e342c96f
1078,data/bracol/raw/images/1078.jpg,real,test,other,0,1,0,0,1,miner,1,other_miner,2048,1024,ae12b12afc92dfba206f9f634cd5b28bf93dcc75a6f3ae35ea5e72b529948455
1079,data/bracol/raw/images/1079.jpg,real,train,rust,1,0,0,0,1,rust,1,rust_s1_pure,2048,1024,bf9f9324cfe7577000a28523d32086d471eb3b39bb332eef882e7cc316deedfb
1080,data/bracol/raw/images/1080.jpg,real,train,rust,1,0,0,0,1,rust,1,rust_s1_pure,2048,1024,80d4ea945e8fa1bae18dd3a3034ea4e1d7955a86be7f3c8a7871381c58845597
1081,data/bracol/raw/images/1081.jpg,real,train,healthy,0,0,0,0,0,healthy,0,healthy,2048,1024,a30764939ac6fc5c8d93d97a053a5eb05c3b37f27c1501cc2682d1fb9e4b68d3
1082,data/bracol/raw/images/1082.jpg,real,train,other,0,1,0,0,1,miner,1,other_miner,2048,1024,a5fbd79d46844e6de89662bc0aa8f5b04aaed8347f73c89103a0172e97036882
1083,data/bracol/raw/images/1083.jpg,real,train,other,0,0,0,1,1,cercospora,1,other_cercospora,2048,1024,228c8d0742bfb159380c0ee81a9144b3df1e47c96a4a8a93a81150c8f16bf369
1084,data/bracol/raw/images/1084.jpg,real,train,healthy,0,0,0,0,0,healthy,0,healthy,2048,1024,5d32f750921e306965c05e95688dc55b79a0ad2e1ceefe912036c264ef108ea0
1085,data/bracol/raw/images/1085.jpg,real,train,rust,1,0,0,0,3,rust,1,rust_s3plus_pure,2048,1024,7f1ae2533cf1c823ecbd7c976cd31f87abeaed99fc35d7ad0265ad70d42d3da5
1086,data/bracol/raw/images/1086.jpg,real,train,other,0,1,0,0,1,miner,1,other_miner,2048,1024,677d96c64414b61c8a21741300dd5cdf5663caaf1e9278e2883f56f8f6edd9fb
1087,data/bracol/raw/images/1087.jpg,real,train,rust,1,1,0,0,1,undetermined,2,rust_s1_mixed,2048,1024,b40997f438066d210095e299a5b72ba51d8068d3c06189647d85b051c882230a
1088,data/bracol/raw/images/1088.jpg,real,train,other,0,1,0,0,1,miner,1,other_miner,2048,1024,5c383f84c07b7e2d8ab108f5d1f0e7f057655be3139a6a0ea6879ff35d1f6182
1089,data/bracol/raw/images/1089.jpg,real,train,healthy,0,0,0,0,0,healthy,0,healthy,2048,1024,62e67f5c5c16668b0a649e1cc9ed8f1b9ab666e3d0b679d62a88f1c939f4a5a6
1090,data/bracol/raw/images/1090.jpg,real,train,other,0,0,0,1,1,cercospora,1,other_cercospora,2048,1024,f467607769a43853ab9daf1c7f359005d25e5395ebe298633bc1b0a724602336
1091,data/bracol/raw/images/1091.jpg,real,train,other,0,0,0,1,1,cercospora,1,other_cercospora,2048,1024,307bf8dd09d837c96bee13d935c5ef604f72373d2d4d84971503d230fb2dd42d
1092,data/bracol/raw/images/1092.jpg,real,val,other,0,1,0,0,1,miner,1,other_miner,2048,1024,032ed0962be1a9a5e81cbbe0b1652b0ac05263e4fb743ec4cfcb070b77d63168
1093,data/bracol/raw/images/1093.jpg,real,test,healthy,0,0,0,0,0,healthy,0,healthy,2048,1024,b644f1a1bb6c23e68b4209904374091efc3c4c4c840efd7bf314d9a937730b60
1094,data/bracol/raw/images/1094.jpg,real,train,rust,1,0,0,0,1,rust,1,rust_s1_pure,2048,1024,1dad51cda8684c770fba93e323f4d82c5a0391d647660496071bd7b99b737470
1095,data/bracol/raw/images/1095.jpg,real,train,rust,1,1,0,0,1,rust,2,rust_s1_mixed,2048,1024,274d96b09c3481e07e9c1932fe9ea8627bfcf5adf78b4619f8edbdad578ecf9f
1096,data/bracol/raw/images/1096.jpg,real,val,other,0,1,0,0,1,miner,1,other_miner,2048,1024,2d741575469bdb9547434c8a82294eb7d70f16b392d3d1e1345d8911866303b2
1097,data/bracol/raw/images/1097.jpg,real,train,other,0,1,0,0,1,miner,1,other_miner,2048,1024,56f238545e09c7bc82a00d56daa21128c6e9f3cb29dd7391b208a719958a0103
1098,data/bracol/raw/images/1098.jpg,real,train,other,0,1,0,0,1,miner,1,other_miner,2048,1024,b1d8b5371e06450749a64f213e8e7ebd3700dcafd4c7a98d028a93a450f6fff4
1099,data/bracol/raw/images/1099.jpg,real,test,rust,1,1,0,0,1,miner,2,rust_s1_mixed,2048,1024,701bf74247bfbbb23aa54e7d0c15ebad05d019a92802bb8265f91b693629313b
1100,data/bracol/raw/images/1100.jpg,real,train,rust,1,1,0,0,1,miner,2,rust_s1_mixed,2048,1024,922ebde365c617f12acac6a77e32cbdc205edc968d9d0ef1d2ce574db7fe56cf
1101,data/bracol/raw/images/1101.jpg,real,test,other,0,0,0,1,1,cercospora,1,other_cercospora,2048,1024,12e418b35dcaf4aa9215b2e7ec46759ab531676c34e088bd0b3656f8e58b4547
1102,data/bracol/raw/images/1102.jpg,real,train,other,0,1,0,0,2,miner,1,other_miner,2048,1024,8bcc4f1017cbb8fada16e6230d67a96d68e4491721792b8c85d61aa8c28f61d6
1103,data/bracol/raw/images/1103.jpg,real,train,rust,1,0,0,0,1,rust,1,rust_s1_pure,2048,1024,0a03f9874b3088603ddce288239f1620c3457079733c6d0ecdf6d171b8c0b0e8
1104,data/bracol/raw/images/1104.jpg,real,test,rust,1,1,0,0,1,miner,2,rust_s1_mixed,2048,1024,0707887b3882d9446b6dbb7eedbf08994a9f1cc6711df881ec4ba589e297e768
1105,data/bracol/raw/images/1105.jpg,real,train,healthy,0,0,0,0,0,healthy,0,healthy,2048,1024,5438c7e20c0c9fc79a50bf3545591c2f0f616356d791b88fc0f5858a5ac9d0db
1106,data/bracol/raw/images/1106.jpg,real,train,other,0,1,0,0,1,miner,1,other_miner,2048,1024,f6f6a0c6cbb6441030bf9f59f36c9248ac199ce1e48f92849350376ef78da7b3
1107,data/bracol/raw/images/1107.jpg,real,train,other,0,1,0,0,1,miner,1,other_miner,2048,1024,43c945b72bb9729f0a6203e3b525cf322402f48f26ac595a106cd68717fa1208
1108,data/bracol/raw/images/1108.jpg,real,train,other,0,1,0,0,1,miner,1,other_miner,2048,1024,0eb4f32d29e10d51ed44ae61701625794caeb023c39f2c3d5ba23abcb603f384
1109,data/bracol/raw/images/1109.jpg,real,train,other,0,1,0,0,2,miner,1,other_miner,2048,1024,9f0373a961ee52b0384e2f02cb8d191c3311da48c422372dfcc2a638aeef1de8
1110,data/bracol/raw/images/1110.jpg,real,val,healthy,0,0,0,0,0,healthy,0,healthy,2048,1024,7b274b79ca7ebf030f7d9820c3d3eacee63499e15ab71b66048bd89a00f40971
1111,data/bracol/raw/images/1111.jpg,real,train,rust,1,0,0,1,1,rust,2,rust_s1_mixed,2048,1024,f647e6195d92f61400cdf8b25283e786c31f4a99c5e3bb8fd0195519c615781e
1112,data/bracol/raw/images/1112.jpg,real,train,rust,1,0,0,0,1,rust,1,rust_s1_pure,2048,1024,76a8936d84899567ee8d358bde0a854b5140c03b3f6b67a1cb4f47e61b7d25a0
1113,data/bracol/raw/images/1113.jpg,real,val,other,0,1,0,0,1,miner,1,other_miner,2048,1024,f451ea1a04b23298e93dd257dc5e708c4bc4c8b5c5ae0396876e836ad3a0ba4b
1114,data/bracol/raw/images/1114.jpg,real,val,other,0,1,0,0,1,miner,1,other_miner,2048,1024,ba2456576454ebec25585cbf5c1eb00b1aecae757743e9f06e01300485ae2565
1115,data/bracol/raw/images/1115.jpg,real,train,healthy,0,0,0,0,0,healthy,0,healthy,2048,1024,02ad3c2ff67fe2fa9756dccc06f2a8c4e03761bce296ba30c5b3c11d99b7ad72
1116,data/bracol/raw/images/1116.jpg,real,train,healthy,0,0,0,0,0,healthy,0,healthy,2048,1024,beb2c9445090a8f4a1d378596b4e2aa8165a1f4f5ba1c2533dcc10a7786a6343
1117,data/bracol/raw/images/1117.jpg,real,train,other,0,1,0,0,1,miner,1,other_miner,2048,1024,93cf83bc6da1ae822278a3ee416689a21ad7ecd7a1722228eddeef6d67b96ded
1118,data/bracol/raw/images/1118.jpg,real,train,healthy,0,0,0,0,0,healthy,0,healthy,2048,1024,e90ce16f84629728dd87692d48b9af8b2e7ecb044e1fdaf28efee19dd8394dfe
1119,data/bracol/raw/images/1119.jpg,real,train,other,0,1,0,0,1,miner,1,other_miner,2048,1024,58fad11d5eb1279a8fb8d165960faa25f62ef0c0a592bfaa1299785be332c15b
1120,data/bracol/raw/images/1120.jpg,real,train,other,0,1,0,0,2,miner,1,other_miner,2048,1024,0adb7ff5c2b96cbe661218768f8ff509fdc14837ecfae80eb2d0bf597ff00ba8
1121,data/bracol/raw/images/1121.jpg,real,train,other,0,1,0,0,1,miner,1,other_miner,2048,1024,a611a6c3e64da1fe1093a7089d04a642d65ebf4697b9f40588bdd94370f90cf6
1122,data/bracol/raw/images/1122.jpg,real,val,rust,1,0,0,0,1,rust,1,rust_s1_pure,2048,1024,794e9fe6610432a01070b5c2df695ea327e19bf2adb395f81b36841368c77d4e
1123,data/bracol/raw/images/1123.jpg,real,train,other,0,1,0,0,1,miner,1,other_miner,2048,1024,6cf73faabacda606e4d50bd2dc720bb9150a04a9e1167b98fe0ef2e2b710cf39
1124,data/bracol/raw/images/1124.jpg,real,val,healthy,0,0,0,0,0,healthy,0,healthy,2048,1024,ae3362cb8610351439bc087919a925b1de0955265fdef27de4a23b1594bff34e
1125,data/bracol/raw/images/1125.jpg,real,train,rust,1,1,0,0,4,rust,2,rust_s3plus_mixed,2048,1024,53da88a279d8c5b2b74c7b6ef5e6dcdefac229458eebfe032a02568cea7475e1
1126,data/bracol/raw/images/1126.jpg,real,val,other,0,1,0,0,1,miner,1,other_miner,2048,1024,672e7b2109107106a823d2bad3daf2be3be272d1a297a028f36f89d7812aaa37
1127,data/bracol/raw/images/1127.jpg,real,train,healthy,0,0,0,0,0,healthy,0,healthy,2048,1024,766a1bd629669f9e32317dc2120ec9003220d77de66d173a95f17a73a65e0a97
1128,data/bracol/raw/images/1128.jpg,real,train,rust,1,1,0,0,1,miner,2,rust_s1_mixed,2048,1024,fdddf16b592d0ace81be660cdf63b397a9b9ee21464aea794a983fa7060e15eb
1129,data/bracol/raw/images/1129.jpg,real,train,other,0,1,0,0,1,miner,1,other_miner,2048,1024,d2855eeda02417ac8b3eb7c8a7d527eb39b7ecf069b34bdf3d9e2b5383c4d94c
1130,data/bracol/raw/images/1130.jpg,real,train,other,0,1,0,0,1,miner,1,other_miner,2048,1024,9756d5548088aea3c18bee1f109d67ddc36cc780b96cf7cd61e378e25f39b78e
1131,data/bracol/raw/images/1131.jpg,real,train,other,0,1,0,0,1,miner,1,other_miner,2048,1024,b9c4d2c3c66c5945e3ceeae2fb6b4616266aebf8e0b2628eff90b267bb088611
1132,data/bracol/raw/images/1132.jpg,real,train,other,0,1,0,0,1,miner,1,other_miner,2048,1024,d457d74b7413157c78aa28e3976dcef9dfa0dc8126cd974d99efd178b2f0443c
1133,data/bracol/raw/images/1133.jpg,real,train,other,0,1,0,0,1,miner,1,other_miner,2048,1024,8b44f619ecd95047f5e4f024e267b43862d9a0f0dd618e6294359b0a22a8ab78
1134,data/bracol/raw/images/1134.jpg,real,test,healthy,0,0,0,0,0,healthy,0,healthy,2048,1024,5148e6b2ea8dd30a8cac6434e88e6028a7b59899a2801d79e61160002f65d69f
1135,data/bracol/raw/images/1135.jpg,real,test,other,0,1,0,0,3,miner,1,other_miner,2048,1024,210f3f6a00ab0db5bff6bbd1b3fa2c0175ba4b09466d1b1e3342cf4376c4aadc
1136,data/bracol/raw/images/1136.jpg,real,train,other,0,1,0,0,1,miner,1,other_miner,2048,1024,7d655d37521159cfeef8b99d6f64dff6a1c609b97562d1bd2e3f95e028c21be7
1137,data/bracol/raw/images/1137.jpg,real,train,other,0,1,0,0,1,miner,1,other_miner,2048,1024,86ecc7824ddd599ece3c51e26a38cd62bd224eb6d81fac78da14c82496a405b2
1138,data/bracol/raw/images/1138.jpg,real,train,other,0,1,0,0,1,miner,1,other_miner,2048,1024,fe83aa68ef3b9ea8517936584e13632b17f0eda5f3ee08bc21585febfa7eb87f
1139,data/bracol/raw/images/1139.jpg,real,train,other,0,1,0,0,1,miner,1,other_miner,2048,1024,9d06d55f703004c4b3402bd0bcb26024541e5d11f5486db9e9a3ac0b66df04d1
1140,data/bracol/raw/images/1140.jpg,real,val,rust,1,0,0,0,2,rust,1,rust_s2_pure,2048,1024,d2300df2be26836a1872574f12f292c81821e98e8831ef0c3f4a91302dac8536
1141,data/bracol/raw/images/1141.jpg,real,train,other,0,1,0,0,1,miner,1,other_miner,2048,1024,0682edce8fa5a14f5b2413c2d64177662282c675ef84ce9337a397074a36d9c1
1142,data/bracol/raw/images/1142.jpg,real,test,other,0,1,0,0,2,miner,1,other_miner,2048,1024,503d9ca69da2ee0f7b9063adcd4f094c938a3a5e0e351c35f5a3c0375882634e
1143,data/bracol/raw/images/1143.jpg,real,train,other,0,1,0,1,2,miner,2,other_multi,2048,1024,a45da12efc6ac60ef8ef6dce9a8054bfd2c3c3e822d9708497f219b2e92f3996
1144,data/bracol/raw/images/1144.jpg,real,val,other,0,1,0,0,1,miner,1,other_miner,2048,1024,876c5765677578dde3b12e4c22c9760589dd87a3bac9399d342299803ba328fb
1145,data/bracol/raw/images/1145.jpg,real,train,other,0,1,0,0,1,miner,1,other_miner,2048,1024,1de377b3b00c7c3fa7df529762d4971ee5d02cee74844b7f15329258adc70971
1146,data/bracol/raw/images/1146.jpg,real,val,other,0,1,0,0,2,miner,1,other_miner,2048,1024,4f9a92620bfa347d5fb269c721d966c6a66cad562ba4c518b76c626ddd604929
1147,data/bracol/raw/images/1147.jpg,real,train,other,0,1,0,0,3,miner,1,other_miner,2048,1024,9af74a799c1227bbd0cc67baa763d52083b151b3f5be40535620a52c236d63ed
1148,data/bracol/raw/images/1148.jpg,real,test,other,0,0,1,0,2,phoma,1,other_phoma,2048,1024,7a899ff3c8739ada78bd1f7453da4c1e9172e69da8744d533b0a7cb3ae2b8054
1149,data/bracol/raw/images/1149.jpg,real,train,other,0,0,1,0,1,phoma,1,other_phoma,2048,1024,f7ed96abec364fedd5a9aeba55a2a6f2d3dc3aa849427ef7f6c74d55bebfbf45
1150,data/bracol/raw/images/1150.jpg,real,train,rust,1,0,0,0,2,rust,1,rust_s2_pure,2048,1024,7f7375dd1191572edda3e41346479982336d92e4f35ef204f5641720b627b200
1151,data/bracol/raw/images/1151.jpg,real,train,healthy,0,0,0,0,0,healthy,0,healthy,2048,1024,5bbd765d266c1ff1d9e5bbd0a973757aabc3cb97f0744e6648f68cb6ca92c64b
1152,data/bracol/raw/images/1152.jpg,real,val,healthy,0,0,0,0,0,healthy,0,healthy,2048,1024,6519e4dc4a8c3dcea2669969ae1f2afda7ed98a0b21b1cf8838f8b101b3a3b29
1153,data/bracol/raw/images/1153.jpg,real,train,other,0,1,0,0,1,miner,1,other_miner,2048,1024,f6edf1399869aa4de94c489ca99fe91bde9df8eee4cca29674c3a694a700691c
1154,data/bracol/raw/images/1154.jpg,real,train,other,0,1,0,1,1,undetermined,2,other_multi,2048,1024,04775352cf6a8aad4a2652ed083862960382024da2bc23b9970742036779c8e3
1155,data/bracol/raw/images/1155.jpg,real,train,other,0,1,0,0,1,miner,1,other_miner,2048,1024,f33a7e565207100c46f10f05b733c1ad970d6539a2fa78f53057ae149056886a
1156,data/bracol/raw/images/1156.jpg,real,val,healthy,0,0,0,0,0,healthy,0,healthy,2048,1024,69fc91c0fb8bfcb7271b39401e1431f3d64f9676311f7387f248b71dff9e38c0
1157,data/bracol/raw/images/1157.jpg,real,train,other,0,1,0,0,2,miner,1,other_miner,2048,1024,d2ff4602aad3179225bbc2f3e37084e07474bbdf50088dbd4def755c10059565
1158,data/bracol/raw/images/1158.jpg,real,val,other,0,1,0,1,1,cercospora,2,other_multi,2048,1024,f265785f0898eeea9d7832b1766b0e9542d52042901dd6822800fd337e7195cc
1159,data/bracol/raw/images/1159.jpg,real,val,rust,1,0,0,1,1,cercospora,2,rust_s1_mixed,2048,1024,2c442f2dd372a78e39b29aff2b4f9143c86b998cce20e9a5c6b859c1c4b2ef5f
1160,data/bracol/raw/images/1160.jpg,real,train,other,0,1,0,0,1,miner,1,other_miner,2048,1024,0838de664550a14160bf01cf0a7a79ae2ffaf308201a4c154e7f1bd0a7c44216
1161,data/bracol/raw/images/1161.jpg,real,train,other,0,1,0,0,1,miner,1,other_miner,2048,1024,9f466ee47e97e725d8c470d1ac2f7beb368e09fe2c11a58c6eac88fa73bd9cc1
1162,data/bracol/raw/images/1162.jpg,real,train,other,0,1,0,0,3,miner,1,other_miner,2048,1024,cdb40d85877b3f986f44246e16e62218a99df0b41b051389be2865ac88aa9df5
1163,data/bracol/raw/images/1163.jpg,real,train,other,0,1,0,0,1,miner,1,other_miner,2048,1024,e6b765c34beace5a1707f30984be48e2e86c788e0ae66deb09c40d58df0fb182
1164,data/bracol/raw/images/1164.jpg,real,train,healthy,0,0,0,0,0,healthy,0,healthy,2048,1024,adf9329c0a232d13da840a0020b30e7a0f7a2b7733b32d96683c9cfcb674c8ef
1165,data/bracol/raw/images/1165.jpg,real,train,other,0,1,0,0,2,miner,1,other_miner,2048,1024,7de25978319184352a3c2e4cf4a7b71e6bcfb62f6fad3c69c1dc3c09be0624d9
1166,data/bracol/raw/images/1166.jpg,real,train,other,0,1,0,0,2,miner,1,other_miner,2048,1024,1b92deb7b6c7cbf250c34dd46c542d7fd6347ec0032657f381f0da66d4e6ab83
1167,data/bracol/raw/images/1167.jpg,real,train,other,0,1,0,1,1,miner,2,other_multi,2048,1024,8942bd259ebce6b32757fb217fcd434a539773ea0e73beebc731f820b52aea2f
1168,data/bracol/raw/images/1168.jpg,real,val,rust,1,0,0,0,1,rust,1,rust_s1_pure,2048,1024,b2aa072195b7a8d60be90cc5f522a25602c09f227613770c07f248fedb9bfece
1169,data/bracol/raw/images/1169.jpg,real,test,healthy,0,0,0,0,0,healthy,0,healthy,2048,1024,8fefaf8bbc5ea3fce364935bb1df344c908ca40bb65521807bf8d95d2a892244
1170,data/bracol/raw/images/1170.jpg,real,train,other,0,1,0,0,1,miner,1,other_miner,2048,1024,e02b255eb9cecf3051f93758bc8b8ac35e15e0c0917be53b76d83ffb436ef5c0
1171,data/bracol/raw/images/1171.jpg,real,test,other,0,1,0,0,1,miner,1,other_miner,2048,1024,4b97b9c2ac53e9e2179c4a62e10d21ed195df19eb04fe725c723a2465507fc9f
1172,data/bracol/raw/images/1172.jpg,real,train,other,0,1,0,0,1,miner,1,other_miner,2048,1024,430f49e4afc066a4d5a31342e452645e51cad8aef026f1247da6f204d29fac0b
1173,data/bracol/raw/images/1173.jpg,real,train,other,0,1,0,0,2,miner,1,other_miner,2048,1024,66b8e2fd8d08a5bdcec5b45e3453f5543ef19d4c83ad71bcbe3e6989ab33f20f
1174,data/bracol/raw/images/1174.jpg,real,train,rust,1,0,0,0,1,rust,1,rust_s1_pure,2048,1024,18ee7e3da518f936f56a34ab98779a7049b6ac3561e8cb53cf241e01924997e3
1175,data/bracol/raw/images/1175.jpg,real,train,other,0,0,0,1,1,cercospora,1,other_cercospora,2048,1024,9894f76e1dd0c37a24f4faaa552f522fec88b8d6ea8029a30dddaf10a4c79cad
1176,data/bracol/raw/images/1176.jpg,real,val,other,0,1,0,0,2,miner,1,other_miner,2048,1024,26d9af28bf7c17586563105a3fae9c49e39a2ee649115b80fd6e687baa55bc66
1177,data/bracol/raw/images/1177.jpg,real,train,other,0,1,0,0,1,miner,1,other_miner,2048,1024,c512b42fcd5c32ae079423c4aa60babe86e0cfd71d6c638ba3bc77091c8ac99b
1178,data/bracol/raw/images/1178.jpg,real,train,other,0,1,0,1,1,miner,2,other_multi,2048,1024,ca80f8f79d82c470715d3cfeca7f5cd132cf4888a55dec78cd1f4606a8c0b13e
1179,data/bracol/raw/images/1179.jpg,real,test,other,0,0,1,0,1,phoma,1,other_phoma,2048,1024,6056089ad398ff86b8f3b1c6950ba89f8c75a8a5be391d5928e5f8c2c2e91f11
1180,data/bracol/raw/images/1180.jpg,real,test,healthy,0,0,0,0,0,healthy,0,healthy,2048,1024,43c8b38c5d8c39280fca92e506043883da07b3ea85522fb582490e96b733a2b4
1181,data/bracol/raw/images/1181.jpg,real,train,healthy,0,0,0,0,0,healthy,0,healthy,2048,1024,91ab5f82bb9cbfe7227357367132989f46f21090c877f25334dbf8079f7f8007
1182,data/bracol/raw/images/1182.jpg,real,train,other,0,1,0,0,1,miner,1,other_miner,2048,1024,c434e65b9c181888b55af8f04a80292ee019afdc2e6a2320d3340278e07e38dc
1183,data/bracol/raw/images/1183.jpg,real,val,healthy,0,0,0,0,0,healthy,0,healthy,2048,1024,c09a6742892b2f92c5f0614f39ab7ff2843340e0c18064d40f5bc4b97a6659c0
1184,data/bracol/raw/images/1184.jpg,real,train,healthy,0,0,0,0,0,healthy,0,healthy,2048,1024,ba3c152698c5da45c813f1d93799cd06d753f35cc9b76f5a5c8a3df6d32a733e
1185,data/bracol/raw/images/1185.jpg,real,train,other,0,0,1,0,1,phoma,1,other_phoma,2048,1024,f44a1778c1c438f78e742081a5fac3be7c6e07b6bb9d51fd934bdd641f39c3c9
1186,data/bracol/raw/images/1186.jpg,real,train,rust,1,1,0,0,2,undetermined,2,rust_s2_mixed,2048,1024,5ddba8712c7eb97b2918e9568c21803799f4dc734ce55385ee296db6b9028306
1187,data/bracol/raw/images/1187.jpg,real,train,healthy,0,0,0,0,0,healthy,0,healthy,2048,1024,cd1a0f08d3ad79c20c75c9cdea3e78d655549873aeed905bef13793f716b2942
1188,data/bracol/raw/images/1188.jpg,real,train,rust,1,1,0,0,1,miner,2,rust_s1_mixed,2048,1024,b8ea0dc80d08db08be8b5310fa5789d4dc141d7b38cd1c7e7e939016d04678fc
1189,data/bracol/raw/images/1189.jpg,real,train,other,0,1,0,0,1,miner,1,other_miner,2048,1024,4940551a9927398a139b474d0426c79b67df9f7d94dc97db79d821c211b37caa
1190,data/bracol/raw/images/1190.jpg,real,train,other,0,1,0,0,1,miner,1,other_miner,2048,1024,317dd5cc8619911344ef9553f23365fd1f9912e9d7b8c0954c3422d4fa3bd27f
1191,data/bracol/raw/images/1191.jpg,real,val,rust,1,1,0,0,2,rust,2,rust_s2_mixed,2048,1024,00cfdb468a304ab7a14a438546beacf69650172a05f36ff43fdcedd597bbd539
1192,data/bracol/raw/images/1192.jpg,real,train,other,0,1,0,0,1,miner,1,other_miner,2048,1024,72bb9c744846e2c741839dcc7538f22b4fcad19e958918d3540a45b49c15052f
1193,data/bracol/raw/images/1193.jpg,real,train,healthy,0,0,0,0,0,healthy,0,healthy,2048,1024,a18f1dab37b771e089e6686f22644c865f55646b7d796c1900833481e572559b
1194,data/bracol/raw/images/1194.jpg,real,train,healthy,0,0,0,0,0,healthy,0,healthy,2048,1024,11d97e9e46d8d1704bad3f22e5888eb42150b6028f5a6a7f26fd01d5d66991b7
1195,data/bracol/raw/images/1195.jpg,real,train,other,0,0,1,0,2,phoma,1,other_phoma,2048,1024,5ea105d8bf724b0fa4a7b63339c940fdb2f325549c34498dff8c43bb79ffd29f
1196,data/bracol/raw/images/1196.jpg,real,test,healthy,0,0,0,0,0,healthy,0,healthy,2048,1024,4c3de10f2936e7fc3b111f14affa6d7d1327dad86b7483984925d70d8bd7ac53
1197,data/bracol/raw/images/1197.jpg,real,train,other,0,1,0,0,1,miner,1,other_miner,2048,1024,e34abe5e8a9d7468da54ada7f8bec8aeb098de616859c8aac36bde99993ceb45
1198,data/bracol/raw/images/1198.jpg,real,train,healthy,0,0,0,0,0,healthy,0,healthy,2048,1024,4ab3bdd2e3cc936dbdfdbc15dbfb151e7d8bc88d4de12b2c62bc8b03998a0dc6
1199,data/bracol/raw/images/1199.jpg,real,test,other,0,1,0,0,2,miner,1,other_miner,2048,1024,d4ba754ccfa4a3f9cdd2be987c35938dab6ee3539a6c6cf0b1a859b6057c9e38
1200,data/bracol/raw/images/1200.jpg,real,train,other,0,0,0,1,1,cercospora,1,other_cercospora,2048,1024,b328812370d703281df2cc45d34a49343755f355368e7e45256616e4fd854e2a
1201,data/bracol/raw/images/1201.jpg,real,val,healthy,0,0,0,0,0,healthy,0,healthy,2048,1024,75d00e3cb7daffcb07cb0008fcc6c2eb88ee58f68b257a971ea6dae2bc1f8493
1202,data/bracol/raw/images/1202.jpg,real,train,other,0,0,0,1,1,cercospora,1,other_cercospora,2048,1024,56dc542bc73a33a919bce6f3273baa3d1ea9f7488cc373f58331040abf388779
1203,data/bracol/raw/images/1203.jpg,real,train,other,0,1,0,0,1,miner,1,other_miner,2048,1024,157271b6c9df6b36d86f29bddd04ccf0f7f8916bb55250749a310f2d3a9b7382
1204,data/bracol/raw/images/1204.jpg,real,train,other,0,1,0,0,1,miner,1,other_miner,2048,1024,3e953ac56a7f39c7a81036ae5202f2f4aa64308f96ec51bfbbbdb58f6ef79f3a
1205,data/bracol/raw/images/1205.jpg,real,train,other,0,0,0,1,1,cercospora,1,other_cercospora,2048,1024,c183dc1dd1c1ac9f2c09952ac47ec84e9c5103509549be9423300d9509f0dcdc
1206,data/bracol/raw/images/1206.jpg,real,test,rust,1,0,0,1,1,rust,2,rust_s1_mixed,2048,1024,656c8c818897aa90e72b7fb3cef637f816abaac537ae42259c0b01731be0140a
1207,data/bracol/raw/images/1207.jpg,real,val,other,0,1,0,0,2,miner,1,other_miner,2048,1024,6bf5afd2e685dcf59d2b170cc6b846913fa3b260d3c442963bed8f90e862e5d2
1208,data/bracol/raw/images/1208.jpg,real,test,other,0,1,0,0,1,miner,1,other_miner,2048,1024,8ec0de9e327178b21af6eb3edbb1dda124e6e6f0a3f44da0a0574ceec03811e1
1209,data/bracol/raw/images/1209.jpg,real,train,rust,1,1,0,0,1,rust,2,rust_s1_mixed,2048,1024,b3029f080c33af5355a2f954f940247bffa9744b1d1ffa693c8bc04aa3cfa657
1210,data/bracol/raw/images/1210.jpg,real,test,other,0,1,0,0,3,miner,1,other_miner,2048,1024,2b81c1a081523ec96db7ed91e3c65d3af607ed744a681e7f8a354eeef19b1e15
1211,data/bracol/raw/images/1211.jpg,real,test,other,0,1,0,0,1,miner,1,other_miner,2048,1024,128b42181854160e5ea61cbc685835dfc4ed443acf30838e29acbea36f8cc905
1212,data/bracol/raw/images/1212.jpg,real,val,other,0,1,0,0,1,miner,1,other_miner,2048,1024,353633565028fda39fcf3183de15905f90ac290f83c81dde47da90cdb18b4bb6
1213,data/bracol/raw/images/1213.jpg,real,test,other,0,1,0,0,1,miner,1,other_miner,2048,1024,c51881a44e9db55eae9df75be510e990d4460954ad14408d6d1630848649b32f
1214,data/bracol/raw/images/1214.jpg,real,train,other,0,1,0,1,1,cercospora,2,other_multi,2048,1024,a0e395cc571de6eda6bf48cb96bac2ea980fb5fb22d87860d7c4b4c22cd8fbc2
1215,data/bracol/raw/images/1215.jpg,real,val,other,0,0,0,1,1,cercospora,1,other_cercospora,2048,1024,cd396090b69424412e802f6a95414000de0eb1c08363f128b75c32d4371313c4
1216,data/bracol/raw/images/1216.jpg,real,test,other,0,1,0,0,1,miner,1,other_miner,2048,1024,79ab87a3bf64b4fc438b5ef2f7f57bc8bb345c632882eb6d6a986947a1c66f80
1217,data/bracol/raw/images/1217.jpg,real,train,other,0,1,0,0,1,miner,1,other_miner,2048,1024,69f46416da06e12e49abb67924609151863584a8430c4531021bc02f84335a9d
1218,data/bracol/raw/images/1218.jpg,real,train,healthy,0,0,0,0,0,healthy,0,healthy,2048,1024,f0b016a3cf6abedfe1c2dff3395b5dfe45f222f3132849d8cd212eff281dde30
1219,data/bracol/raw/images/1219.jpg,real,train,other,0,1,0,0,1,miner,1,other_miner,2048,1024,574566bcff5d3c547a62b683202a8c579add58065c22e6d3663caadfe1ed887d
1220,data/bracol/raw/images/1220.jpg,real,val,other,0,0,0,1,1,cercospora,1,other_cercospora,2048,1024,3988cdd349deefcdff4737e85e4b7e4d8077907b80a2cd681739137201707c20
1221,data/bracol/raw/images/1221.jpg,real,train,other,0,0,0,1,1,cercospora,1,other_cercospora,2048,1024,e3e2eee4ed60b7c83c37caf37b725a13bb2e656b2cad5b8968d60ef1c68bfe28
1222,data/bracol/raw/images/1222.jpg,real,train,other,0,1,0,0,1,miner,1,other_miner,2048,1024,2aac4527e967a908c0ac0b4413e68c986e5eaf70e482d477bf037912821dd292
1223,data/bracol/raw/images/1223.jpg,real,train,rust,1,1,0,0,2,miner,2,rust_s2_mixed,2048,1024,d2827341cf9469569543968f630bd1aba895a53600b6a53fc0ea46039dd9c518
1224,data/bracol/raw/images/1224.jpg,real,train,other,0,1,0,0,1,miner,1,other_miner,2048,1024,2e720e1d63acab049088e0dbad57f3394db8cdb494c9ba7cc5990d06defd73a7
1225,data/bracol/raw/images/1225.jpg,real,val,rust,1,1,0,0,1,miner,2,rust_s1_mixed,2048,1024,8abdf1f0df5d4b619fc1927f4ed4027f7ce34accd2b995ca9985e3f42830b3be
1226,data/bracol/raw/images/1226.jpg,real,train,healthy,0,0,0,0,0,healthy,0,healthy,2048,1024,1e80abff7336b60c09a64f2b9760e802404c00b2f0302f792380c1d03274b791
1227,data/bracol/raw/images/1227.jpg,real,val,other,0,1,0,0,1,miner,1,other_miner,2048,1024,0fd7c10427e0d6863dd0b362bbacb0f31cf9e8d761061b8b3edda56e29797690
1228,data/bracol/raw/images/1228.jpg,real,test,healthy,0,0,0,0,0,healthy,0,healthy,2048,1024,bbd97aaffbc677165dcd5b303e727ed58af702b6a7e9a6421140382e28674075
1229,data/bracol/raw/images/1229.jpg,real,test,healthy,0,0,0,0,0,healthy,0,healthy,2048,1024,6c06e2ee850f3e60f2954350ff615ae3ce411f2b778a41ad06e0d083c90c67a6
1230,data/bracol/raw/images/1230.jpg,real,train,healthy,0,0,0,0,0,healthy,0,healthy,2048,1024,45eb6d66da723c1a3a610289e2ae3e63c79ecc3688e4fe9fad56d250caa77716
1231,data/bracol/raw/images/1231.jpg,real,test,rust,1,0,0,0,1,rust,1,rust_s1_pure,2048,1024,cfc22e3c4238d37f115b2b1491f14cf2375a02e10b1d0511442e070a981f44e8
1232,data/bracol/raw/images/1232.jpg,real,train,rust,1,0,0,0,1,rust,1,rust_s1_pure,2048,1024,3f03de2e6095aaeda57cc2ae34e6f683e100e94388620849095741ffdf10fcc5
1233,data/bracol/raw/images/1233.jpg,real,train,rust,1,0,0,0,1,rust,1,rust_s1_pure,2048,1024,05cd11d767a6234d79f1f037e003a1483a1643f4cc910e225e634bbe7fa80b97
1234,data/bracol/raw/images/1234.jpg,real,train,rust,1,0,0,0,1,rust,1,rust_s1_pure,2048,1024,32bbcec66ed5b4fa37c15b4e1c20f5a486496fb20d7341cf875f86e9afef8d63
1235,data/bracol/raw/images/1235.jpg,real,train,rust,1,0,0,0,1,rust,1,rust_s1_pure,2048,1024,85e422a705dda2f1037e4a0268e5032ef2826c2f184c18ff6fc6d111f5621788
1236,data/bracol/raw/images/1236.jpg,real,train,rust,1,1,0,0,3,rust,2,rust_s3plus_mixed,2048,1024,46e2d361fef14f9b6a807e170dea9e321a6c3aa576afae74b03cfa72d4fc250e
1237,data/bracol/raw/images/1237.jpg,real,train,rust,1,1,0,0,3,rust,2,rust_s3plus_mixed,2048,1024,dacdf4955c309f7ac805e4932a6fd03fae9cbf2589dfb9bc00c23a39cd88239d
1238,data/bracol/raw/images/1238.jpg,real,train,rust,1,0,0,0,1,rust,1,rust_s1_pure,2048,1024,6d389c3800657121f1268426c67d20cfdaedce395361f5ca6ee8aaedbf08f0f6
1239,data/bracol/raw/images/1239.jpg,real,train,rust,1,0,0,0,2,rust,1,rust_s2_pure,2048,1024,a892e5404ce9c097384f3e0c8f54ec363d309121cdb854eb3644496324ee9738
1240,data/bracol/raw/images/1240.jpg,real,val,rust,1,0,0,0,1,rust,1,rust_s1_pure,2048,1024,0d33accf9a7319a0b4960c84e46e14eeb686b40d5af75f7684b078157315a44c
1241,data/bracol/raw/images/1241.jpg,real,train,rust,1,0,0,0,1,rust,1,rust_s1_pure,2048,1024,5a229523fd4fa39f3650faa92833125249b05bf0a58a3b2609c22d4a55b5a9d3
1242,data/bracol/raw/images/1242.jpg,real,val,rust,1,1,0,0,1,miner,2,rust_s1_mixed,2048,1024,cc4882ffacf7fa7b06e868798ee64ded57e04db655bffdb65235d7562959e6d5
1243,data/bracol/raw/images/1243.jpg,real,test,rust,1,1,0,0,3,rust,2,rust_s3plus_mixed,2048,1024,70c5a7d64e6e3d4f2bff0773c85f0eede76f4ad0a790b72a899bc4369855aa79
1244,data/bracol/raw/images/1244.jpg,real,train,other,0,1,0,1,2,miner,2,other_multi,2048,1024,02a6f56d0f6f4267ad724c3dc845cd35e9a59d38fa983ca84adc8b012833c497
1245,data/bracol/raw/images/1245.jpg,real,train,rust,1,0,0,0,1,rust,1,rust_s1_pure,2048,1024,e456c9191c02c74db3f857fbde7593f8b8024d366db0b81ffee8184f505e3661
1246,data/bracol/raw/images/1246.jpg,real,train,rust,1,0,0,1,1,cercospora,2,rust_s1_mixed,2048,1024,a2fdd78c68f7fb2e268ffe6485d04e27e9fd9b0d88b41d0ed905bb80d0a57fa0
1247,data/bracol/raw/images/1247.jpg,real,train,rust,1,1,0,0,1,miner,2,rust_s1_mixed,2048,1024,1cb994b4ff1599ecd44f2ef7c176183a8453f39b378ba81130c9a16d5536737d
1248,data/bracol/raw/images/1248.jpg,real,train,rust,1,1,0,0,4,rust,2,rust_s3plus_mixed,2048,1024,a5a55f43a2039e68f529b12f41a171b1e49d0861cc587c78565ef1a3be2081a3
1249,data/bracol/raw/images/1249.jpg,real,test,other,0,0,0,1,1,cercospora,1,other_cercospora,2048,1024,44d1ed0e58558b67387a0f412da982397d7f57157a4e47934693719bc1293167
1250,data/bracol/raw/images/1250.jpg,real,train,rust,1,1,0,0,2,undetermined,2,rust_s2_mixed,2048,1024,1fde927e2491e4c0a102ef8ac065b0bd6378255c8d06561ae0a73d9f660b2430
1251,data/bracol/raw/images/1251.jpg,real,train,other,0,0,0,1,1,cercospora,1,other_cercospora,2048,1024,399844acc23a8b62bf3ed92a1c22048c3c553dc979024f3c75ff205749834a70
1252,data/bracol/raw/images/1252.jpg,real,val,rust,1,0,0,1,1,cercospora,2,rust_s1_mixed,2048,1024,9cfd9bafc8763c0fff033e593651f0c48e5aef2a89f95c89a6b86d0fafe033bc
1253,data/bracol/raw/images/1253.jpg,real,train,rust,1,0,0,0,1,rust,1,rust_s1_pure,2048,1024,54343eefef9ba7b84e6325d4ff591f314855c9df0836a90dacee477d02afd258
1254,data/bracol/raw/images/1254.jpg,real,train,rust,1,0,0,1,2,rust,2,rust_s2_mixed,2048,1024,0fa0677c83a9858698f5ef41c7f09dc6e840a3f9814e60cda008069916efa812
1255,data/bracol/raw/images/1255.jpg,real,train,rust,1,1,0,0,1,rust,2,rust_s1_mixed,2048,1024,94a3d831aa2afc978939f3dfdf521621e9db23a4666b2ca8e29b735077bdfc2e
1256,data/bracol/raw/images/1256.jpg,real,test,other,0,0,0,1,1,cercospora,1,other_cercospora,2048,1024,ab0c0031862202e0136e5c189cd032737931859c97f61fe0519ae9ccd0f9c753
1257,data/bracol/raw/images/1257.jpg,real,train,rust,1,1,0,0,1,undetermined,2,rust_s1_mixed,2048,1024,0a98d1aad482028a3e8b355adebde5cc57fa0f12fc95b1014f1fd54044557b69
1258,data/bracol/raw/images/1258.jpg,real,train,rust,1,0,0,0,2,rust,1,rust_s2_pure,2048,1024,3dc0148816826fbf0579f382f44361f1e0f5c9d0f07d8de99300451768cd8a11
1259,data/bracol/raw/images/1259.jpg,real,train,rust,1,0,0,0,1,rust,1,rust_s1_pure,2048,1024,f9e0012ed6d8c4b9be72663b8aa4daf866954fae7af6ebeab90b7f21bc5a05d6
1260,data/bracol/raw/images/1260.jpg,real,train,rust,1,1,0,0,1,undetermined,2,rust_s1_mixed,2048,1024,74ff131aa31fe0b70de76eba0ca0885b1000bd1dfc0798fbaabdf15366ddf1f9
1261,data/bracol/raw/images/1261.jpg,real,train,rust,1,0,0,0,1,rust,1,rust_s1_pure,2048,1024,548aaa002e83aa3bb202807a63b58e1c9ec2f1b49bfe70bb465faa21b0ae3047
1262,data/bracol/raw/images/1262.jpg,real,test,rust,1,0,0,0,4,rust,1,rust_s3plus_pure,2048,1024,f172ac3d04fdc2a9d9b7251bfb988cd3f0414f8043a65498b84ada304d483816
1263,data/bracol/raw/images/1263.jpg,real,train,rust,1,0,0,0,2,rust,1,rust_s2_pure,2048,1024,a6a5149ced720210ce4f8ce7ab8cddd9572f127502c3691b27e183e2eb135224
1264,data/bracol/raw/images/1264.jpg,real,train,rust,1,0,0,0,2,rust,1,rust_s2_pure,2048,1024,2180a9dd35a750aabdef5b99b20cd461b08d68801ab3c3d03ef4f093aba55343
1265,data/bracol/raw/images/1265.jpg,real,val,rust,1,0,0,0,4,rust,1,rust_s3plus_pure,2048,1024,3d5f3b923c83fccaaa378e5c4919f052faee96c0a1494bb5ec422706269eabe1
1266,data/bracol/raw/images/1266.jpg,real,val,rust,1,0,0,1,2,rust,2,rust_s2_mixed,2048,1024,e2a5adb60886df0cfe641e0958563e1785dd9045a0c951af27353fcc32c2308d
1267,data/bracol/raw/images/1267.jpg,real,train,rust,1,0,0,0,1,rust,1,rust_s1_pure,2048,1024,5dd5f4a681ddff3180dc7d99e7dfdcccf1968dd547a07640007958747b8cb222
1268,data/bracol/raw/images/1268.jpg,real,train,rust,1,1,0,0,2,rust,2,rust_s2_mixed,2048,1024,524bc75c4eca07b54d7525caeda14f504321d9ceffcb9164e2c1d8d479d38b8b
1269,data/bracol/raw/images/1269.jpg,real,train,rust,1,0,0,0,1,rust,1,rust_s1_pure,2048,1024,b50fe5568150f5e4a61729a7042b2bb0a1b33815934bfe2760ae0f39474eb8a3
1270,data/bracol/raw/images/1270.jpg,real,train,rust,1,0,0,0,1,rust,1,rust_s1_pure,2048,1024,e798c903082b2b79a91defe77392c0691557f045df445af54eea8fbfd050487d
1271,data/bracol/raw/images/1271.jpg,real,train,rust,1,0,0,0,1,rust,1,rust_s1_pure,2048,1024,ddf1f347113ffe39b4e29b52ba537d36d9b419bf3f0843a143bf379be6b4564d
1272,data/bracol/raw/images/1272.jpg,real,train,rust,1,0,0,0,1,rust,1,rust_s1_pure,2048,1024,138e470ba7f17e0c8d78d0353ee473ff175600fd62f3c79a5571ead74354adbe
1273,data/bracol/raw/images/1273.jpg,real,train,rust,1,1,0,0,3,rust,2,rust_s3plus_mixed,2048,1024,2028f1b35a273d8c3f5cd5b6807342dfa63685e71f25287d96a79edc600bd8d9
1274,data/bracol/raw/images/1274.jpg,real,train,rust,1,0,0,0,1,rust,1,rust_s1_pure,2048,1024,65122c6cb092fe30a4ebde78fb461fe5f635608f19941322f8eac323d6086c6a
1275,data/bracol/raw/images/1275.jpg,real,train,rust,1,0,0,0,1,rust,1,rust_s1_pure,2048,1024,97898302da7f8e6e3f1fa378075566a691262f815c63abb12681531d4148f624
1276,data/bracol/raw/images/1276.jpg,real,val,rust,1,1,0,0,4,rust,2,rust_s3plus_mixed,2048,1024,e64d020636b3c10a722eb04c8ea5bf07bbc5fdde3c61d811309b2045a5305e3c
1277,data/bracol/raw/images/1277.jpg,real,train,rust,1,0,0,1,4,rust,2,rust_s3plus_mixed,2048,1024,de11a9d388525753718ecda1be5fafe532a65f97395431734c8015377bbf0f96
1278,data/bracol/raw/images/1278.jpg,real,train,rust,1,0,0,0,1,rust,1,rust_s1_pure,2048,1024,cafcafacbcd242711e9a9d5f7d9aa8665a0434d90ea0ca574a80943db935038f
1279,data/bracol/raw/images/1279.jpg,real,train,rust,1,0,0,0,1,rust,1,rust_s1_pure,2048,1024,c4748c4acc325aa40b1cd015e2d9b8e86b9e6d840b33a921bec2d631360befa5
1280,data/bracol/raw/images/1280.jpg,real,train,rust,1,0,0,0,1,rust,1,rust_s1_pure,2048,1024,c2519895b632e67f112dc2f2ffbbb70d4b8123acf78443cfaa13602fc3cc133a
1281,data/bracol/raw/images/1281.jpg,real,train,rust,1,0,0,0,1,rust,1,rust_s1_pure,2048,1024,81dea2fddb2623cdc2c4d486f3e672d4f66d1199789b652bc4d6a28fc5f88143
1282,data/bracol/raw/images/1282.jpg,real,test,rust,1,1,0,0,2,rust,2,rust_s2_mixed,2048,1024,972637a921fe098cbde873893feda8e170467b2edd6828e73dcce21f227f53f0
1283,data/bracol/raw/images/1283.jpg,real,train,rust,1,0,0,0,2,rust,1,rust_s2_pure,2048,1024,a1f41efccb12df988f18bca5dad6c6c486500f51eb4cf7bd2393764ade65f095
1284,data/bracol/raw/images/1284.jpg,real,val,rust,1,0,0,0,2,rust,1,rust_s2_pure,2048,1024,0d89fdf914f2899a6b3159ae5a10a6747617de6472c464e6b2bdf2b56f63d80a
1285,data/bracol/raw/images/1285.jpg,real,train,rust,1,0,0,0,1,rust,1,rust_s1_pure,2048,1024,890f16d0cf2a6d85d47be8e9c6c8db98279f1ee511adb9f661cfb6091303cf3f
1286,data/bracol/raw/images/1286.jpg,real,train,rust,1,1,0,0,1,rust,2,rust_s1_mixed,2048,1024,afa7945a9c0cd85d69c395647d0f2449bfb7008cc40b4b4f9ff3ed0a4af5f843
1287,data/bracol/raw/images/1287.jpg,real,train,rust,1,0,0,0,1,rust,1,rust_s1_pure,2048,1024,8e68fa777fee01563b13b21b0816edf23a0295f7acda3a7e36582cc94c3baf0d
1288,data/bracol/raw/images/1288.jpg,real,val,rust,1,1,0,0,3,rust,2,rust_s3plus_mixed,2048,1024,ba7004e897835977aa48173b0f61ef3d8790f8dbe9699ea4e78c5e8189f0b872
1289,data/bracol/raw/images/1289.jpg,real,train,rust,1,0,0,0,1,rust,1,rust_s1_pure,2048,1024,ef1871ff4352a6e722e601f904884c6a3a60fc26eb3eaadab3109e0f1cb85d19
1290,data/bracol/raw/images/1290.jpg,real,train,rust,1,0,0,0,1,rust,1,rust_s1_pure,2048,1024,3e3de3e60bb1ed0fa41a6e98cd888d3c09161602eaaa751305f305dfab60085c
1291,data/bracol/raw/images/1291.jpg,real,train,rust,1,1,0,0,3,rust,2,rust_s3plus_mixed,2048,1024,37bb2268361800adbef1e007db547494f7d6e3b13df1ded324689b4d099ce0c5
1292,data/bracol/raw/images/1292.jpg,real,train,rust,1,0,0,0,2,rust,1,rust_s2_pure,2048,1024,9f19577976e46fa9a1eb679ec44fd22f030326ad76c4f950c82ff6f2a9b188cd
1293,data/bracol/raw/images/1293.jpg,real,train,rust,1,0,0,1,2,rust,2,rust_s2_mixed,2048,1024,a7c3e309cf29d163c845f535ea868c42f8ef485e8dc27bc118b497a3752fa69d
1294,data/bracol/raw/images/1294.jpg,real,train,rust,1,0,0,0,2,rust,1,rust_s2_pure,2048,1024,1eca5f73b00ebec9e2d04b3fa9f0671e4eb8fb0f1075c4936bae60c703783523
1295,data/bracol/raw/images/1295.jpg,real,test,rust,1,0,0,0,1,rust,1,rust_s1_pure,2048,1024,15875ad8912b90e9eae92e452ba91ec0f1dfb8cb8d8d0434a1dabd19ef9e103e
1296,data/bracol/raw/images/1296.jpg,real,train,rust,1,0,0,0,1,rust,1,rust_s1_pure,2048,1024,09df5352b74f0d75d4fe2af3117961db1bf3b9c72f111b60467cb06faed26a6f
1297,data/bracol/raw/images/1297.jpg,real,train,rust,1,0,0,0,4,rust,1,rust_s3plus_pure,2048,1024,1c2ac4519beb453c06bcc4b20a3fddb953e91374b441d1e9b45197807eeaf932
1298,data/bracol/raw/images/1298.jpg,real,train,rust,1,0,0,0,1,rust,1,rust_s1_pure,2048,1024,50cff2fe2e049b34059ecaedfbbfb6cbecbccbb0616c78c02a047725f5a38524
1299,data/bracol/raw/images/1299.jpg,real,train,rust,1,0,0,1,1,rust,2,rust_s1_mixed,2048,1024,cd09d60b444babc915a77019b70f813fd6f4c898d72be7142f82ae7fb08b8ddc
1300,data/bracol/raw/images/1300.jpg,real,train,rust,1,0,0,1,2,rust,2,rust_s2_mixed,2048,1024,dc3d9c4ae86097854634e394838337fe7590f92858915dc86f3168fe8b1e50d1
1301,data/bracol/raw/images/1301.jpg,real,val,rust,1,1,0,0,1,miner,2,rust_s1_mixed,2048,1024,bd5ec64212436173c0a3f0b0cf13c4877b05d8ad2f03d34490e8c7aa7a87826f
1302,data/bracol/raw/images/1302.jpg,real,train,rust,1,0,0,0,1,rust,1,rust_s1_pure,2048,1024,211e1ff563ced64760411cf6c8f0d995e8060358a692331d757fb8488644a048
1303,data/bracol/raw/images/1303.jpg,real,test,rust,1,0,0,0,2,rust,1,rust_s2_pure,2048,1024,a0c77909641a657bf062f8e341c47fbdd864a1d6685f0392a924a4f4a039b06a
1304,data/bracol/raw/images/1304.jpg,real,test,rust,1,1,0,0,2,rust,2,rust_s2_mixed,2048,1024,afcfeb175584f48db17afa53871052c840e92dbf5bb4f823c227b14d633c01bb
1305,data/bracol/raw/images/1305.jpg,real,train,other,0,1,0,0,1,miner,1,other_miner,2048,1024,09e94c1150d202079424d36d41d75850794a981904d9c198f28615bf7490dae1
1306,data/bracol/raw/images/1306.jpg,real,train,rust,1,0,0,0,2,rust,1,rust_s2_pure,2048,1024,aec7604dc773a8f0bc69c939d9ac67e738a5d5093de7cf397be806a8f3370cae
1307,data/bracol/raw/images/1307.jpg,real,train,rust,1,0,0,0,1,rust,1,rust_s1_pure,2048,1024,092d00b35c59f84253b14480c1325ea6e54ce70aad02339a8223d3f370f62a48
1308,data/bracol/raw/images/1308.jpg,real,train,rust,1,0,0,0,4,rust,1,rust_s3plus_pure,2048,1024,fbd068f43feaf4c11899aa036f04183198f5759f383f2392230691d0fb85705a
1309,data/bracol/raw/images/1309.jpg,real,val,rust,1,0,0,1,2,rust,2,rust_s2_mixed,2048,1024,9d03f74cca79863a7a63203cd8b9ac8c8b82293f94ecaa6946ee1f80c4992092
1310,data/bracol/raw/images/1310.jpg,real,test,rust,1,1,0,0,1,miner,2,rust_s1_mixed,2048,1024,25292269652c843142e1d863fce0fd788f570a724a3f214978660979e65bff40
1311,data/bracol/raw/images/1311.jpg,real,test,rust,1,1,0,0,2,miner,2,rust_s2_mixed,2048,1024,99131d3ec665d0fceaa70d70c856218f9b8100c941ca54da288beae9587f910e
1312,data/bracol/raw/images/1312.jpg,real,val,rust,1,1,0,0,2,miner,2,rust_s2_mixed,2048,1024,6a7e1ba4565d0e75ec28c7c992524be0dad5ffc5b8ec382f99f9b55928979ee2
1313,data/bracol/raw/images/1313.jpg,real,test,other,0,0,0,1,1,cercospora,1,other_cercospora,2048,1024,0a8da66f7dcd164daba3d595464221f874b4ae66682b48ec2a46c7bf4b72d319
1314,data/bracol/raw/images/1314.jpg,real,test,rust,1,0,0,0,2,undetermined,1,rust_s2_pure,2048,1024,916476ca1f424890a7de0b505c8a2dfc824d3c6fea7a6096a952697aa19afd1d
1315,data/bracol/raw/images/1315.jpg,real,train,rust,1,0,0,0,3,rust,1,rust_s3plus_pure,2048,1024,1b9bb63e832247a82545cf350d2de07b15bd3b0635874c5928f3eb0885420402
1316,data/bracol/raw/images/1316.jpg,real,val,other,0,1,0,0,2,miner,1,other_miner,2048,1024,87d773cfd1551516c4b7faa2653a786ea1e7ab66676baf2c29cd481d19557c1b
1317,data/bracol/raw/images/1317.jpg,real,train,rust,1,0,0,1,3,undetermined,2,rust_s3plus_mixed,2048,1024,8ee26f12bff3ac6c2e1f8e40970cf3387fc85f192531a543e971d6ec7ce01411
1318,data/bracol/raw/images/1318.jpg,real,val,rust,1,1,0,0,1,rust,2,rust_s1_mixed,2048,1024,28ee4dea05417f07b390e081642dabdb321cc30aeee14038de2e721e01791e36
1319,data/bracol/raw/images/1319.jpg,real,val,rust,1,0,0,1,1,rust,2,rust_s1_mixed,2048,1024,0bf1ef788ece980392c1b4b049c56e9cfebf3b40f0325a34efdbc6274e649196
1320,data/bracol/raw/images/1320.jpg,real,test,rust,1,1,0,0,4,rust,2,rust_s3plus_mixed,2048,1024,c3eadd97a7b8705afea068141bb5eb652719825d08debe2a4781f29d43922fb4
1321,data/bracol/raw/images/1321.jpg,real,train,rust,1,1,0,0,1,miner,2,rust_s1_mixed,2048,1024,69cedf38d492f5b783aec072816b45d3a9e5b5f0af1414f49dedbf0f8fdb3127
1322,data/bracol/raw/images/1322.jpg,real,train,other,0,1,0,0,3,miner,1,other_miner,2048,1024,73dc760867c9dc4a8de61bc91f7b624d4a247361d66b9fa103595e22066951f3
1323,data/bracol/raw/images/1323.jpg,real,val,rust,1,0,0,1,2,cercospora,2,rust_s2_mixed,2048,1024,e326523a4327dbdb5485eeaa788ddca113d6fa1e6f727634bf6bc764b915ad15
1324,data/bracol/raw/images/1324.jpg,real,train,other,0,1,0,1,1,miner,2,other_multi,2048,1024,81a8add1857e512daeefdbec935811fbb5c46a20846dbd6719aeddcd6cbde512
1325,data/bracol/raw/images/1325.jpg,real,train,rust,1,0,0,1,1,rust,2,rust_s1_mixed,2048,1024,cc8a46624861d29be04b39cb175e55b7901778af32183a55236505a8e818d174
1326,data/bracol/raw/images/1326.jpg,real,train,rust,1,1,0,0,4,rust,2,rust_s3plus_mixed,2048,1024,dfd04b07bc956a3feb02a9518b17d887d8bf1dfd6d16f2d379e242cdb9550376
1327,data/bracol/raw/images/1327.jpg,real,train,rust,1,1,0,1,4,rust,3,rust_s3plus_mixed,2048,1024,386affb56885d809881a20ecbbee623de8d5cecff8770022dcc834f4426f4d6e
1328,data/bracol/raw/images/1328.jpg,real,test,rust,1,0,0,0,1,rust,1,rust_s1_pure,2048,1024,36f8d5927235d848ffad6d74d7911ee4bbcf43389f77e20ba628c5eb5ae11fe6
1329,data/bracol/raw/images/1329.jpg,real,test,rust,1,0,0,0,2,rust,1,rust_s2_pure,2048,1024,7add0310a1868df07d12d71a2eb58b65c148b3a908f02d5ef6ac55da3e20c519
1330,data/bracol/raw/images/1330.jpg,real,val,rust,1,0,0,1,2,rust,2,rust_s2_mixed,2048,1024,6e0320fa3a8bb34992d15bf5b3bcd7c94baa2e56a9a8d6a4dc5c8d71d537e5fe
1331,data/bracol/raw/images/1331.jpg,real,train,rust,1,0,0,1,1,undetermined,2,rust_s1_mixed,2048,1024,6fc13891b9a9e1aa33a6288f825b9876caf8714f94603806e25ed43114cd9323
1332,data/bracol/raw/images/1332.jpg,real,train,rust,1,0,0,0,2,rust,1,rust_s2_pure,2048,1024,569d5cc82315aa61c3036e0f4759d3abdd4e699d2ee0c55fa814181d793d86e6
1333,data/bracol/raw/images/1333.jpg,real,train,rust,1,0,0,1,1,cercospora,2,rust_s1_mixed,2048,1024,e312164f827c62878a5e90a161bd095b27c754af7683bb11c266a9426f8a4404
1334,data/bracol/raw/images/1334.jpg,real,train,rust,1,0,0,1,1,rust,2,rust_s1_mixed,2048,1024,940326ca847e1224ebe2052447da195d75682793a088e12e7fed53d21f3bd44d
1335,data/bracol/raw/images/1335.jpg,real,train,rust,1,0,0,1,1,rust,2,rust_s1_mixed,2048,1024,8fa515925bbedb31bd0571322a5404bd22e8025d9156a374c220c6a5ff41245a
1336,data/bracol/raw/images/1336.jpg,real,train,rust,1,0,0,0,1,rust,1,rust_s1_pure,2048,1024,d5044b7bc999ee7d3eb8de36a1cc2cb0fbac9dba2d184e3de65ffe9af25821de
1337,data/bracol/raw/images/1337.jpg,real,train,rust,1,0,0,0,1,rust,1,rust_s1_pure,2048,1024,3354bc911c4e6487d5d793fad34c0b5ded180ebfa1056004669ca2feabff58ef
1338,data/bracol/raw/images/1338.jpg,real,val,rust,1,0,0,1,1,rust,2,rust_s1_mixed,2048,1024,35de2b061a242aab2e1af389b1cbd41ca259bd6761f99ce71ec133915d5c43fc
1339,data/bracol/raw/images/1339.jpg,real,train,rust,1,0,0,0,1,rust,1,rust_s1_pure,2048,1024,4c284cf79129f47fc5139b612162da8973b946c0ef59a8729431f094c6080d10
1340,data/bracol/raw/images/1340.jpg,real,test,rust,1,0,0,0,3,rust,1,rust_s3plus_pure,2048,1024,583b4604532cf9b5914faf8fe852c9640b70f3178eb396ac8468c44732b962cf
1341,data/bracol/raw/images/1341.jpg,real,train,rust,1,0,0,0,2,rust,1,rust_s2_pure,2048,1024,a37a791285c9bda8f6ac051c9da717498f112eff444012e911308447a7312d75
1342,data/bracol/raw/images/1342.jpg,real,test,rust,1,0,0,0,4,rust,1,rust_s3plus_pure,2048,1024,9e7a3ca89947dc22c9026293a73c524a625676c6a55564b35832168cfcac8ac2
1343,data/bracol/raw/images/1343.jpg,real,test,rust,1,1,0,0,3,miner,2,rust_s3plus_mixed,2048,1024,5a69290722062702550af7e6ae6e408dbd22c90cb7c53d2e6ed886940a2b050a
1344,data/bracol/raw/images/1344.jpg,real,train,rust,1,0,0,0,2,rust,1,rust_s2_pure,2048,1024,ad731b7ea967edff514293edba5f74b8d1498afe7fe9f020312cc3f18c3838d9
1345,data/bracol/raw/images/1345.jpg,real,train,rust,1,0,0,0,1,rust,1,rust_s1_pure,2048,1024,2114a7e5e87dc496879954d5f08517870ee035966d1f1e896166a5059fb5d5bc
1346,data/bracol/raw/images/1346.jpg,real,train,rust,1,0,0,1,3,rust,2,rust_s3plus_mixed,2048,1024,562a32cba7699a90d75215896a271fddff3d06dd131c837f2b3aca7d4e944ac1
1347,data/bracol/raw/images/1347.jpg,real,test,rust,1,0,0,0,1,rust,1,rust_s1_pure,2048,1024,ab31062715775451a5b81746e572a84536e444741c2158d3fe7c33f0a07a3792
1348,data/bracol/raw/images/1348.jpg,real,train,rust,1,0,0,1,1,rust,2,rust_s1_mixed,2048,1024,d888bf05bed288d1967a80f12631a413b9c3df4b29b79dcf168bf527968d9d41
1349,data/bracol/raw/images/1349.jpg,real,train,rust,1,0,0,0,1,rust,1,rust_s1_pure,2048,1024,9f7f3344455e242e1692be430b687c7c9851a5faeb4d94542314638a6b134847
1350,data/bracol/raw/images/1350.jpg,real,val,rust,1,0,0,0,1,rust,1,rust_s1_pure,2048,1024,4782b862079f244ad74bba56679bff751b318552e423723db5dcc93e84f1d1bd
1351,data/bracol/raw/images/1351.jpg,real,val,other,0,1,0,0,1,miner,1,other_miner,2048,1024,44a0f05e379def900b3d59e02578577e740161695b809fe85d33b441de5c1caf
1352,data/bracol/raw/images/1352.jpg,real,val,rust,1,0,0,0,2,rust,1,rust_s2_pure,2048,1024,91ff8c260cd582126f86c80f809cb6587653413dd3961d75eb0c796a26c3273b
1353,data/bracol/raw/images/1353.jpg,real,test,rust,1,0,0,0,1,rust,1,rust_s1_pure,2048,1024,60c4d7252b3efa911cfe70250c20a9ad13e82479663544ec94f66e250e2161d3
1354,data/bracol/raw/images/1354.jpg,real,val,rust,1,0,0,0,1,rust,1,rust_s1_pure,2048,1024,f012736621c593fe6db67ef297a31993c4c6e4cd0707516e39c66f425c4e63d5
1355,data/bracol/raw/images/1355.jpg,real,train,rust,1,1,0,0,2,rust,2,rust_s2_mixed,2048,1024,252a8c9c4714259042f6dec95a5c379f1e1dfcde953d9ada452696bab1bf38c2
1356,data/bracol/raw/images/1356.jpg,real,train,rust,1,0,0,0,2,rust,1,rust_s2_pure,2048,1024,9b1a3947b5fe20af27d792e247cb8f750d102d1e31bcbf8c780b6d3403dff2c8
1357,data/bracol/raw/images/1357.jpg,real,test,rust,1,0,0,1,1,cercospora,2,rust_s1_mixed,2048,1024,ddd2f84bbfec462ed9a1c61a3656f70142d2742f12b1d8e705280a215b281c2e
1358,data/bracol/raw/images/1358.jpg,real,train,rust,1,0,0,1,1,rust,2,rust_s1_mixed,2048,1024,43ee7d94bda737abed7064cc3017a9a2c11294e38dec806bc6ad835e9f055651
1359,data/bracol/raw/images/1359.jpg,real,train,rust,1,0,0,0,3,rust,1,rust_s3plus_pure,2048,1024,e0f00e9a4b044925d1151ecc1a7aa633dc23e81db8f5bb8ed3730c986c0314c8
1360,data/bracol/raw/images/1360.jpg,real,train,rust,1,0,0,1,2,rust,2,rust_s2_mixed,2048,1024,1c87d9ff51c192f9e194fb30c842ac9a7c0a0607c2d23a3fcdac654f6b4b2a96
1361,data/bracol/raw/images/1361.jpg,real,test,rust,1,0,0,1,2,cercospora,2,rust_s2_mixed,2048,1024,5471434418121c0f198863de7be075fa0186fce645d24812a84c40ac714183cc
1362,data/bracol/raw/images/1362.jpg,real,train,other,0,1,0,0,1,miner,1,other_miner,2048,1024,2b325bd17fb765677eeacf550b2cc7e78030c94f054bb8c88f92b279ffb9ecdf
1363,data/bracol/raw/images/1363.jpg,real,val,rust,1,0,0,0,1,rust,1,rust_s1_pure,2048,1024,62bfe793576bab0a31ff68e299259f062d96f8c9c1f70413b405c2ab5a8bbdfa
1364,data/bracol/raw/images/1364.jpg,real,train,rust,1,0,0,0,1,rust,1,rust_s1_pure,2048,1024,8f7f0b2cd3bb4585d3ec1d07bec5be84b35f133b3002d1626a60aa02fb8ed68b
1365,data/bracol/raw/images/1365.jpg,real,val,rust,1,0,0,0,1,rust,1,rust_s1_pure,2048,1024,25c2939e8b9fbe25e48948b1e5268e6542a75133967a69590802c379b2513fac
1366,data/bracol/raw/images/1366.jpg,real,train,rust,1,0,0,0,1,rust,1,rust_s1_pure,2048,1024,af8769167ad5c4d41c798ce5e152cb0c87e86af81639bed04e68cbe4e06bbf79
1367,data/bracol/raw/images/1367.jpg,real,train,rust,1,0,0,0,1,rust,1,rust_s1_pure,2048,1024,abc93f4fbdcaae2864bd5afde3c0febd50b4447652c2e6d1cfa2f58fe6b4007b
1368,data/bracol/raw/images/1368.jpg,real,train,rust,1,0,0,0,1,rust,1,rust_s1_pure,2048,1024,469af25169df4160ff4a67364dfe52522e28024d6a47747470ac5e6b17c24a22
1369,data/bracol/raw/images/1369.jpg,real,test,rust,1,0,0,1,1,rust,2,rust_s1_mixed,2048,1024,b88c3e9d02a853b4144a7447028f6a31909247cbfd379fdca7824d9c7bbb6a41
1370,data/bracol/raw/images/1370.jpg,real,train,healthy,0,0,0,0,0,healthy,0,healthy,2048,1024,73a64a0387fa17f587600114525810a0865ae365786369e2494de7fb9eb0d97d
1371,data/bracol/raw/images/1371.jpg,real,train,rust,1,0,0,0,1,rust,1,rust_s1_pure,2048,1024,53232d0decaa764c7010dfb938f63c1baa38389309e387bce85c7c2f8af013d6
1372,data/bracol/raw/images/1372.jpg,real,val,rust,1,0,0,1,1,rust,2,rust_s1_mixed,2048,1024,0f87a399112611a5f484d97d1ec53e37b6ceaeaefa8fae62546df40f2b6ad5c1
1373,data/bracol/raw/images/1373.jpg,real,val,rust,1,0,0,0,1,rust,1,rust_s1_pure,2048,1024,f605300836eb2465be35dcba1453c85cf6ef62b3241cc82f1ed2ca27c9991fb4
1374,data/bracol/raw/images/1374.jpg,real,train,rust,1,0,0,0,1,rust,1,rust_s1_pure,2048,1024,924f9a170cf69bb823a9affa51dd094ba1096d6ce34b2e6994fc8aef9e875864
1375,data/bracol/raw/images/1375.jpg,real,train,rust,1,0,0,0,1,rust,1,rust_s1_pure,2048,1024,a71571eb493bf8d400f636d84f9646f4c0b61d2921109e5cd39f7bdf1520b7c6
1376,data/bracol/raw/images/1376.jpg,real,train,rust,1,0,0,0,1,rust,1,rust_s1_pure,2048,1024,7cc98845b6fee6a631acb108a64a5523fcbdaae606cc842c95d545b5e6d02a42
1377,data/bracol/raw/images/1377.jpg,real,train,rust,1,0,0,1,1,rust,2,rust_s1_mixed,2048,1024,77fab8f0056b4d07878717cd8834a34ca1bbe5e3c222e630fe08c50852838321
1378,data/bracol/raw/images/1378.jpg,real,train,rust,1,1,0,0,1,rust,2,rust_s1_mixed,2048,1024,5b8db91821044db221fa9714784544b753c9763737cb14717fd80d6572c2e5cd
1379,data/bracol/raw/images/1379.jpg,real,train,rust,1,0,0,1,1,undetermined,2,rust_s1_mixed,2048,1024,2090a42dcca713eab2a1184da1c9b855152cbb4352d7becbbca22e70a90c3371
1380,data/bracol/raw/images/1380.jpg,real,train,rust,1,0,0,1,1,undetermined,2,rust_s1_mixed,2048,1024,a61c33f3bbb5df46cfbd3b7dd263557e68008b14a3068caa126d8e63aad0827b
1381,data/bracol/raw/images/1381.jpg,real,train,rust,1,1,0,0,2,rust,2,rust_s2_mixed,2048,1024,218dad7117f615f852185f8eb60bbd3b07c44cbb7d1bea755447c77d54e6c3fe
1382,data/bracol/raw/images/1382.jpg,real,train,rust,1,0,0,0,2,rust,1,rust_s2_pure,2048,1024,20d035e154d521cb39721f958340e8e09f197c796d018c3a63f9cf971df12607
1383,data/bracol/raw/images/1383.jpg,real,train,rust,1,0,0,0,1,rust,1,rust_s1_pure,2048,1024,b94aed8bfc449fc79bbe1b21525ec2340f30500519dab994ba025344823d6ad1
1384,data/bracol/raw/images/1384.jpg,real,test,rust,1,0,0,0,1,rust,1,rust_s1_pure,2048,1024,8056ec7400de40b0676c00a6fb2d70f39fec91d40f54882f67c542933f83c5e3
1385,data/bracol/raw/images/1385.jpg,real,train,rust,1,0,0,0,1,rust,1,rust_s1_pure,2048,1024,dd797a74129efa3f51f46aeabfe81690af9808d0f1688a9fba263d3b6aea3b61
1386,data/bracol/raw/images/1386.jpg,real,train,rust,1,0,0,1,1,rust,2,rust_s1_mixed,2048,1024,3deff5c4272d98246ce6cb73ea1afd74c69dd52778593b654032db5efaa71059
1387,data/bracol/raw/images/1387.jpg,real,train,rust,1,0,0,1,1,cercospora,2,rust_s1_mixed,2048,1024,0068aa8359f867aae7266bc52c1fd26407e8e8c89967c0bc3da6a20001c1e2f4
1388,data/bracol/raw/images/1388.jpg,real,train,rust,1,0,0,1,3,rust,2,rust_s3plus_mixed,2048,1024,c67b518e5be7552f891a7f27ca6f68a6a568b9852048f3c892a0df095d9d7bea
1389,data/bracol/raw/images/1389.jpg,real,train,rust,1,0,0,0,1,rust,1,rust_s1_pure,2048,1024,dd96bc31b787592f6122c0be5f00d8ad9c63f08004887004f9a31d192ec80f6c
1390,data/bracol/raw/images/1390.jpg,real,train,rust,1,0,0,1,2,rust,2,rust_s2_mixed,2048,1024,efe49f59d69590bc4850605c9a16d1dfdc750fff8d573dbfe609be9d86736245
1391,data/bracol/raw/images/1391.jpg,real,test,rust,1,0,0,1,2,rust,2,rust_s2_mixed,2048,1024,59002e92d8b980a56aec746b746b553e24f268c31ba26179bfb39d750ea4f0b9
1392,data/bracol/raw/images/1392.jpg,real,train,other,0,1,0,1,2,miner,2,other_multi,2048,1024,e084ef51a0d78dabdec2c1f332ef6b7c30aba071e9ba147d605af4249a21593a
1393,data/bracol/raw/images/1393.jpg,real,train,rust,1,0,0,1,1,cercospora,2,rust_s1_mixed,2048,1024,c0f1baf7b9c4f8c266e720ac15508eb4bb9e85bbd7636d883c9baad9c4818e27
1394,data/bracol/raw/images/1394.jpg,real,train,rust,1,1,0,0,1,undetermined,2,rust_s1_mixed,2048,1024,cf94b60b5a44d01de7df90a8cfabfdd4b1785aecb17aa2c8f2cc66a198e8d3df
1395,data/bracol/raw/images/1395.jpg,real,train,rust,1,1,0,0,2,rust,2,rust_s2_mixed,2048,1024,e3581d9d511a8489d38f69b2ac23efd6c55efb20eb1e1925c156aeee0bea04c2
1396,data/bracol/raw/images/1396.jpg,real,train,rust,1,0,0,1,3,rust,2,rust_s3plus_mixed,2048,1024,01ebe6fd5854064cae3d8d7dab9353e27f37b01077b0ef1085aed2e2a953deb9
1397,data/bracol/raw/images/1397.jpg,real,test,rust,1,0,0,0,1,rust,1,rust_s1_pure,2048,1024,484449645eb79aa3a4fe8ded083d445a7f3b47bf82072de008dd7d643864f410
1398,data/bracol/raw/images/1398.jpg,real,train,rust,1,0,0,0,2,rust,1,rust_s2_pure,2048,1024,88fae734a78d3abfe049be94fcdfed84f385da31cac74465b79f300c65fbae1b
1399,data/bracol/raw/images/1399.jpg,real,train,rust,1,0,0,0,1,rust,1,rust_s1_pure,2048,1024,0d6ce9ae28a6b4b3bdb4a10f3c98037c893298a50631225885957cfb0eb63753
1400,data/bracol/raw/images/1400.jpg,real,train,rust,1,0,0,0,1,rust,1,rust_s1_pure,2048,1024,4081627dd4193e0f8741e8ea36b866d0afd7a2a72ae6404674c2928363c56f3b
1401,data/bracol/raw/images/1401.jpg,real,train,rust,1,1,0,0,4,rust,2,rust_s3plus_mixed,2048,1024,3cfe05610b885be14515764d66a233dea754e44f9090cca62b32f2d1425528bc
1402,data/bracol/raw/images/1402.jpg,real,train,rust,1,0,0,1,2,rust,2,rust_s2_mixed,2048,1024,182a743dd555bea0dc8e6bb33e74b81323b646f2980d6fc4808bced4778e3874
1403,data/bracol/raw/images/1403.jpg,real,train,rust,1,0,0,1,3,cercospora,2,rust_s3plus_mixed,2048,1024,a35277a6ecba9e8456b8795a3556fa491ff69d61ad4d59e50b8784979ffd7c40
1404,data/bracol/raw/images/1404.jpg,real,train,other,0,0,0,1,1,cercospora,1,other_cercospora,2048,1024,df29fe63b2851370b9515ba9ad8a731875897a46232527df41f11b52ff8c073c
1405,data/bracol/raw/images/1405.jpg,real,train,rust,1,0,0,0,1,rust,1,rust_s1_pure,2048,1024,6208faeeb73e88afe7989a81598c67bcc0924ea622df252c9e9182785ecd23c9
1406,data/bracol/raw/images/1406.jpg,real,train,rust,1,0,0,0,1,rust,1,rust_s1_pure,2048,1024,aef5c28af1ad9e9a95fef8c3a345bb5ab8c06fbd545f9c204b7a3b9034e56568
1407,data/bracol/raw/images/1407.jpg,real,train,rust,1,1,0,0,1,rust,2,rust_s1_mixed,2048,1024,b730140d680c494272d3fee19a1f31626830cf16fb317875bd04ca781f9d5234
1408,data/bracol/raw/images/1408.jpg,real,train,rust,1,0,0,1,1,rust,2,rust_s1_mixed,2048,1024,5898e98ffb5e60d30696152c765121605220fd5359bf6d1a953217fddfee1dd0
1409,data/bracol/raw/images/1409.jpg,real,train,rust,1,0,0,1,2,rust,2,rust_s2_mixed,2048,1024,111bac98a0bb826f981b5372d0edbd661f70b540d1c65392ed210688c5679708
1410,data/bracol/raw/images/1410.jpg,real,train,other,0,0,0,1,1,cercospora,1,other_cercospora,2048,1024,8241d5dcaf11ff6d731a0d09d628f37516b9531595eb66548c350293de0c7345
1411,data/bracol/raw/images/1411.jpg,real,train,rust,1,0,0,0,1,rust,1,rust_s1_pure,2048,1024,e312bb16a04f62fe41d915d89f054e3cfc0b25240fe9743f187a09e44dc8253b
1412,data/bracol/raw/images/1412.jpg,real,train,rust,1,1,0,0,1,miner,2,rust_s1_mixed,2048,1024,c7cc4ee00da71b93c3f5cde937955102fa660855a76b5d929c23a03e2bc907f5
1413,data/bracol/raw/images/1413.jpg,real,test,rust,1,0,0,0,2,rust,1,rust_s2_pure,2048,1024,b15ef7d14c3dd22a77bb7fed0874ec86f60871b292fc4e9fc475365f6f20de17
1414,data/bracol/raw/images/1414.jpg,real,test,rust,1,0,0,1,1,rust,2,rust_s1_mixed,2048,1024,2b2fbf8f85a39e0e0d757354823a3fe38b55709f73abc81b130a0895792f94c4
1415,data/bracol/raw/images/1415.jpg,real,train,rust,1,1,0,0,1,undetermined,2,rust_s1_mixed,2048,1024,8df2eebc5d3b40a9b8c872a189879519c98c7f2177e21cb02edd7427f9f6ec48
1416,data/bracol/raw/images/1416.jpg,real,train,rust,1,0,0,1,1,cercospora,2,rust_s1_mixed,2048,1024,386bc84c52a209fd9acbe267cc177eb66294935999284865215aebc07efd34e4
1417,data/bracol/raw/images/1417.jpg,real,train,other,0,0,0,1,1,cercospora,1,other_cercospora,2048,1024,968134df9b0a73689a35acca67cb4e0db56a018ce6c82c89ca0f0e9f3cdbeb0a
1418,data/bracol/raw/images/1418.jpg,real,test,rust,1,0,0,0,1,rust,1,rust_s1_pure,2048,1024,982c03d7c595a2860b265cbb2bb504321ea03ea488f5c24d6d63755df1f8daed
1419,data/bracol/raw/images/1419.jpg,real,val,rust,1,0,0,0,1,rust,1,rust_s1_pure,2048,1024,a7d76c7616bbc02a3fb71e3d260263bb17e5452ae80a7f304e9fe376188f4e12
1420,data/bracol/raw/images/1420.jpg,real,train,rust,1,1,0,0,1,rust,2,rust_s1_mixed,2048,1024,57c049bbcb1b88c75023269c2daf22a0ca91876eb73ba104c28ff55548dee480
1421,data/bracol/raw/images/1421.jpg,real,test,rust,1,1,0,0,1,miner,2,rust_s1_mixed,2048,1024,843bfe195620cd66a67e8129c3a376ac75bd048a94d6535cb0a45bf532caf179
1422,data/bracol/raw/images/1422.jpg,real,test,rust,1,0,0,0,2,rust,1,rust_s2_pure,2048,1024,69e5e3b256c89e606c7e6a6eacd16bb41332ac291d3263d121aa57cd0aa84116
1423,data/bracol/raw/images/1423.jpg,real,test,rust,1,1,0,0,1,rust,2,rust_s1_mixed,2048,1024,4d252f88eaeb78149cdb266241e2de7e90881b6d1f4f04b48dd895d339706567
1424,data/bracol/raw/images/1424.jpg,real,train,rust,1,1,0,0,2,rust,2,rust_s2_mixed,2048,1024,437da8043b11bbc4f2489c389988c7f6807f0c71fa59ced77559c5ddef18685c
1425,data/bracol/raw/images/1425.jpg,real,train,rust,1,0,0,0,2,rust,1,rust_s2_pure,2048,1024,2eddafe678f32813012b1e43363ee5998fc2fc10bfd2d0d50cf7356358f09bae
1426,data/bracol/raw/images/1426.jpg,real,train,other,0,1,0,1,2,undetermined,2,other_multi,2048,1024,179f2f1df976e88a5263737dadc9ec0744dcfb9661f6b55598aa787f88de130f
1427,data/bracol/raw/images/1427.jpg,real,train,rust,1,0,0,1,1,rust,2,rust_s1_mixed,2048,1024,5a37470776e5477fac255a978f828c4d32fd99ac2c1e02fe1254678ff8a7aa8a
1428,data/bracol/raw/images/1428.jpg,real,val,rust,1,0,0,0,1,rust,1,rust_s1_pure,2048,1024,72aadf9812b51d15df630bffb6aa52b5ce332b35eaef40551089b65100a62438
1429,data/bracol/raw/images/1429.jpg,real,train,rust,1,0,0,0,1,rust,1,rust_s1_pure,2048,1024,283b7b745531c344e49891a748cf570a9ed73047f2607eb92020626400a9c256
1430,data/bracol/raw/images/1430.jpg,real,train,rust,1,0,0,0,1,rust,1,rust_s1_pure,2048,1024,a38a7ae069dc8c1016017e164f3efd4b1a3ea7d500bfc6b2a345be2f81eb0963
1431,data/bracol/raw/images/1431.jpg,real,train,rust,1,0,0,1,2,rust,2,rust_s2_mixed,2048,1024,cb294a8abd32fbd05be532ba6257687e6e1fa737bf516e60171ff3f4e81ccdb6
1432,data/bracol/raw/images/1432.jpg,real,train,rust,1,0,0,0,2,rust,1,rust_s2_pure,2048,1024,72203d361cb0249ba24495a3b1f31beab4fb2517d69c9c89178b8730c820d7b6
1433,data/bracol/raw/images/1433.jpg,real,train,rust,1,0,0,1,2,rust,2,rust_s2_mixed,2048,1024,37cf13e8762587a2ebb5e4c12cffe95b3a819a042a6f46b98fab89fea5ae541a
1434,data/bracol/raw/images/1434.jpg,real,train,rust,1,0,0,1,1,rust,2,rust_s1_mixed,2048,1024,ab5c1b2b7de17ffcd17e8c205ff7513714810fb52be8f62afee8f13f3ea1f8e5
1435,data/bracol/raw/images/1435.jpg,real,train,rust,1,1,0,0,1,miner,2,rust_s1_mixed,2048,1024,db9c937c1e0360263f52a6e5a74fb624f567457b21b5931bd3e268081903fdc2
1436,data/bracol/raw/images/1436.jpg,real,train,rust,1,0,0,0,1,rust,1,rust_s1_pure,2048,1024,cde80a9e0fdd01ff7e484b55b325e05087d4ba468b4cd186ba26611ac50a75da
1437,data/bracol/raw/images/1437.jpg,real,train,rust,1,0,0,0,1,rust,1,rust_s1_pure,2048,1024,f9ce911826153c30c99e18ff41d49948b8b5168463013a5aeb33f0347fddfd86
1438,data/bracol/raw/images/1438.jpg,real,val,other,0,0,0,1,1,cercospora,1,other_cercospora,2048,1024,721704cb63ad86d02d89c45881966e1c9d0174c810025a8de2aad97563e73346
1439,data/bracol/raw/images/1439.jpg,real,train,rust,1,0,0,0,1,rust,1,rust_s1_pure,2048,1024,317ec94d49d24b279ef087698b667c3e68cdfcdccaf0808abb6acfe18a09b0f8
1440,data/bracol/raw/images/1440.jpg,real,train,rust,1,1,0,0,3,rust,2,rust_s3plus_mixed,2048,1024,3ec9b96f2bf514c6d5577360f70b16c77817887d7a573b21591e16a0c37a8dc1
1441,data/bracol/raw/images/1441.jpg,real,train,other,0,0,0,1,1,cercospora,1,other_cercospora,2048,1024,5c3c20ce601803da6f8d605aaa944372c4a88a017cf05e1a4a85a601a138fbd3
1442,data/bracol/raw/images/1442.jpg,real,train,rust,1,0,0,0,3,rust,1,rust_s3plus_pure,2048,1024,718070ac6966939f4471087dde2b9359b43fc219d14aabb6040059b71da77e90
1443,data/bracol/raw/images/1443.jpg,real,test,rust,1,0,0,0,1,rust,1,rust_s1_pure,2048,1024,8efc72e23dece93d0275b2a4b6f05ed4933e98e49b7467ef8d788bfdf028c192
1444,data/bracol/raw/images/1444.jpg,real,train,other,0,0,0,1,1,cercospora,1,other_cercospora,2048,1024,ef62ce73e6186b4703327ca8c173de87c566257a214417b6af3d9388e908e168
1445,data/bracol/raw/images/1445.jpg,real,train,rust,1,0,0,0,1,rust,1,rust_s1_pure,2048,1024,8226c213132bd51e9eaa1f1f1960051c67a140a875aadd39507227f3d795ab94
1446,data/bracol/raw/images/1446.jpg,real,test,rust,1,0,0,1,1,cercospora,2,rust_s1_mixed,2048,1024,0a91fa14917364c14e5bad6dec8f7e93664bb7c3f32908831b24ee798244862d
1447,data/bracol/raw/images/1447.jpg,real,train,rust,1,0,0,1,1,rust,2,rust_s1_mixed,2048,1024,95d81f145ab86911c117fb3ff8dcb7771f270c8b971789128e013c9eff3e72bd
1448,data/bracol/raw/images/1448.jpg,real,train,rust,1,0,0,0,1,rust,1,rust_s1_pure,2048,1024,a696e2d08243cdcda081dc38010c94a6916c5ca6aa8ba5bf313f957d02713a9d
1449,data/bracol/raw/images/1449.jpg,real,train,rust,1,0,0,0,4,rust,1,rust_s3plus_pure,2048,1024,6f1c0e24bbc9eed8b83e884b739471c41f6d02006e9b7f0ad4d375dd0b5f885f
1450,data/bracol/raw/images/1450.jpg,real,train,rust,1,1,0,1,2,undetermined,3,rust_s2_mixed,2048,1024,7a001fd250da131857553b4ada8947adc9f8c1c43093d7582afdbee73d4d9322
1451,data/bracol/raw/images/1451.jpg,real,train,other,0,1,0,0,1,miner,1,other_miner,2048,1024,466750a56c4865cb1cf6ed274f75f5a5fbe5cdb2642c7c585dbb4cdef4fcd866
1452,data/bracol/raw/images/1452.jpg,real,train,rust,1,1,0,0,1,miner,2,rust_s1_mixed,2048,1024,5723a8252141b50454bd5edd5da07c0e7de4d597f2f1dc41075468d14add0747
1453,data/bracol/raw/images/1453.jpg,real,train,other,0,0,0,1,1,cercospora,1,other_cercospora,2048,1024,d792861d3755424f47212a81b3e5de8f785f9bd7afd36d9435ec418b7aa57d8e
1454,data/bracol/raw/images/1454.jpg,real,train,rust,1,0,0,1,1,rust,2,rust_s1_mixed,2048,1024,764532ee813e825735fc0c5e0550855b9adde7925ac613278b13cabdbe4199bf
1455,data/bracol/raw/images/1455.jpg,real,train,rust,1,0,0,0,2,rust,1,rust_s2_pure,2048,1024,1ecb5ba6ccd14dccc2b62d37999fabbf414b29fc3c5dd501eb84a1adf4b56b9d
1456,data/bracol/raw/images/1456.jpg,real,train,rust,1,1,0,0,2,rust,2,rust_s2_mixed,2048,1024,4adf3cfac0dfeb65fa8fe54de2193a48c552d225ac1f3bd7ca16c6c09cbfb196
1457,data/bracol/raw/images/1457.jpg,real,test,rust,1,0,0,0,1,rust,1,rust_s1_pure,2048,1024,327b8eb3b036818d6e7c9b4f877d2e37587dddea0a39a0077ce01cc2b82aa696
1458,data/bracol/raw/images/1458.jpg,real,train,rust,1,1,0,0,1,miner,2,rust_s1_mixed,2048,1024,c382d69429b1c50c750d0944cdf50fa6eb137dfefda3d748fe8c90140a5c4496
1459,data/bracol/raw/images/1459.jpg,real,train,other,0,1,0,0,1,miner,1,other_miner,2048,1024,289bf237a86092b71a220e785e1a7c29adcd71e54a4e602e99ac33879644592d
1460,data/bracol/raw/images/1460.jpg,real,train,rust,1,1,0,0,2,rust,2,rust_s2_mixed,2048,1024,87d5ffb4523ada59aa4c185fb6d96c1033d48355521e208625c37ea0a7603a0e
1461,data/bracol/raw/images/1461.jpg,real,train,rust,1,0,0,0,1,rust,1,rust_s1_pure,2048,1024,daa596efc3280495f1b87b89b241e19ffe4f5663811a47a2b4bc1a03638d414a
1462,data/bracol/raw/images/1462.jpg,real,test,rust,1,0,0,1,1,cercospora,2,rust_s1_mixed,2048,1024,d0f60c844f08828921f3f1bced1c761b1ec42a978ace94d9e08b7e2794cee149
1463,data/bracol/raw/images/1463.jpg,real,val,rust,1,0,0,0,1,rust,1,rust_s1_pure,2048,1024,9c518bfd630b38503e46739b7e2a9fcec4df018537624a76b730eec978d3c54c
1464,data/bracol/raw/images/1464.jpg,real,val,rust,1,0,0,0,1,rust,1,rust_s1_pure,2048,1024,bf7b317716cdfcab3af6d463b119bb5a9619ef66e01b5301df0d4dd5920feadc
1465,data/bracol/raw/images/1465.jpg,real,train,rust,1,0,0,1,1,rust,2,rust_s1_mixed,2048,1024,d2112f29d2a429e267411d4f30107b0fcc6054cd5b7885e63c2df4bfd05a3b2e
1466,data/bracol/raw/images/1466.jpg,real,train,rust,1,0,0,0,1,rust,1,rust_s1_pure,2048,1024,e9c917f4a15dd2b5e7a2724d5c8dc89c48c2df1747795e5ad8df64db99c6fd4c
1467,data/bracol/raw/images/1467.jpg,real,train,rust,1,0,0,0,1,rust,1,rust_s1_pure,2048,1024,dfe273485960c249027cc8f51c20d75375a6ab42dd9866a5c926717e2449c978
1468,data/bracol/raw/images/1468.jpg,real,train,rust,1,0,0,0,4,rust,1,rust_s3plus_pure,2048,1024,2f73465f14adfbc1e93b141a52ed682e8e82b6907838e8e41f782f24daf19a46
1469,data/bracol/raw/images/1469.jpg,real,train,rust,1,0,0,1,2,cercospora,2,rust_s2_mixed,2048,1024,ac4141e8bd577a7dd7ae782101b1cd71157ee9322fc05c462399fb5f99fe8b67
1470,data/bracol/raw/images/1470.jpg,real,val,rust,1,0,0,1,3,rust,2,rust_s3plus_mixed,2048,1024,f90216870c3a055d823b4ed5244f5d82f4bb8e2b0a13d2a5698d293f379ba215
1471,data/bracol/raw/images/1471.jpg,real,train,rust,1,0,0,1,1,undetermined,2,rust_s1_mixed,2048,1024,b132f0df3d308944c4ebf83b7ec41e7246c97e66285dc73808da94dd625d2fa1
1472,data/bracol/raw/images/1472.jpg,real,train,rust,1,0,0,1,2,rust,2,rust_s2_mixed,2048,1024,f294c9908709a75315cf226e8b8e46aa2d432c375f497082cfe522c18ed33c50
1473,data/bracol/raw/images/1473.jpg,real,train,rust,1,0,0,0,2,rust,1,rust_s2_pure,2048,1024,b1c081169a6561113795a5c81860a5d7b605cbc6055e649f48f899cfdf7ecfba
1474,data/bracol/raw/images/1474.jpg,real,train,rust,1,0,0,0,2,rust,1,rust_s2_pure,2048,1024,c9fadda3f115ca66d1254155dce327cb950905b25e6f7f33e4c270f8344c36a0
1475,data/bracol/raw/images/1475.jpg,real,train,rust,1,0,0,0,1,rust,1,rust_s1_pure,2048,1024,95e05aeec55fe087db0d1de74382e07b192ff7eed75c5b1e9c117d77d4dc41ee
1476,data/bracol/raw/images/1476.jpg,real,train,rust,1,0,0,0,4,rust,1,rust_s3plus_pure,2048,1024,e43c1310c0d310ad049c257ff8ec0072a29338f26b08db3cd539ed4f12331f95
1477,data/bracol/raw/images/1477.jpg,real,train,other,0,1,0,0,1,miner,1,other_miner,2048,1024,12625a31513b9f8b8df2f75e30c2c192f24c3ae32d1949f6948f2e00a8ee2d41
1478,data/bracol/raw/images/1478.jpg,real,train,other,0,0,0,1,1,cercospora,1,other_cercospora,2048,1024,d1f9f7c24b328e86ac8ef790cd282eb152e3d6a0a942fe7b81aad7db4fefd523
1479,data/bracol/raw/images/1479.jpg,real,train,rust,1,0,0,1,1,rust,2,rust_s1_mixed,2048,1024,dc18a60d4f2ab255696e0d6016a0fb6f7e2a752ef15c24baabe3a3600c675831
1480,data/bracol/raw/images/1480.jpg,real,train,other,0,1,0,1,1,miner,2,other_multi,2048,1024,f0a0b829f7e1b75c85ea551112575c2dbcc60344572571a0e74bd3cc4864c983
1481,data/bracol/raw/images/1481.jpg,real,val,rust,1,0,0,1,1,rust,2,rust_s1_mixed,2048,1024,17bcc06ff7a071dfeb6801e99f398d6f22068a93f9c19a079288fb4f539f1031
1482,data/bracol/raw/images/1482.jpg,real,train,other,0,1,0,0,1,miner,1,other_miner,2048,1024,1d10fcba5ab073cdd5e3e17d4c469c40de454438ab469828cf9f1f904a348679
1483,data/bracol/raw/images/1483.jpg,real,val,rust,1,0,0,1,1,rust,2,rust_s1_mixed,2048,1024,0cbc5f1e1b6aacdee1ccbfa5ecfd4062aaa680752af198849deb12bac0d193a9
1484,data/bracol/raw/images/1484.jpg,real,val,rust,1,0,0,1,1,cercospora,2,rust_s1_mixed,2048,1024,b90d943de0e230429b232d7105d4d71ed72a740d48c8ba90c1978878faa6aa05
1485,data/bracol/raw/images/1485.jpg,real,val,other,0,0,0,1,1,cercospora,1,other_cercospora,2048,1024,8b3d8c052c307a28ea5757871bf2fdce3317f0f84a76c95da6b41a3e2a96dc03
1486,data/bracol/raw/images/1486.jpg,real,train,rust,1,0,0,0,3,rust,1,rust_s3plus_pure,2048,1024,f1c81db9c46a1caf00bb7e5b2bb08ebecfef3f1ef0b411c241d577ff882aaa78
1487,data/bracol/raw/images/1487.jpg,real,train,other,0,1,0,0,1,miner,1,other_miner,2048,1024,816128ea6e4a94e0c1858f3971381699442617c26f8cbcff3fa3b13ab5ad818f
1488,data/bracol/raw/images/1488.jpg,real,train,rust,1,1,0,0,1,rust,2,rust_s1_mixed,2048,1024,45af03f9b5672af524d19fc12e238144b4817dbc289f9491ba8f75cc83ecb125
1489,data/bracol/raw/images/1489.jpg,real,val,rust,1,1,0,0,3,undetermined,2,rust_s3plus_mixed,2048,1024,521daaaaeedca5f9348d8f8dbffcb22f67919b0df2c54c67b1e17502a64ff4f2
1490,data/bracol/raw/images/1490.jpg,real,test,rust,1,0,0,0,1,rust,1,rust_s1_pure,2048,1024,7b4764b30f8f2f7bb43c8fa0a6305f637777e75bbd4d12bcb3ef02b73417188a
1491,data/bracol/raw/images/1491.jpg,real,train,rust,1,0,0,1,1,rust,2,rust_s1_mixed,2048,1024,eff0b6d7e5e5985704fa2d0ecb3057d208457dcd94243e3cf4afe749056d40bf
1492,data/bracol/raw/images/1492.jpg,real,train,rust,1,0,0,0,1,rust,1,rust_s1_pure,2048,1024,5d5bba20dee0045d6dbe365fa44c8a47a2781607f23b4708b4e90a9b36513280
1493,data/bracol/raw/images/1493.jpg,real,test,rust,1,0,0,0,3,rust,1,rust_s3plus_pure,2048,1024,2ea2cdccf585301ae6acdae56da50ef1db2104eece9ab25cfefc28b3048ab1b8
1494,data/bracol/raw/images/1494.jpg,real,test,rust,1,0,0,1,1,rust,2,rust_s1_mixed,2048,1024,9c3231405f1683be4cc0efc9eeb3131b5fa5f351f795fec0e478b0a20d8e4c52
1495,data/bracol/raw/images/1495.jpg,real,train,rust,1,0,0,0,2,rust,1,rust_s2_pure,2048,1024,78028604b1345d8ad7966849d21fec2b64a7248eadead8d53e51a8234d80dbf9
1496,data/bracol/raw/images/1496.jpg,real,train,other,0,0,0,1,1,cercospora,1,other_cercospora,2048,1024,122068a3e11f53b6dbecc90f0a27fab76b92a91e1f393eb499a7cf70b6e465e0
1497,data/bracol/raw/images/1497.jpg,real,train,rust,1,0,0,1,2,undetermined,2,rust_s2_mixed,2048,1024,69b850b8b264b9fa0d2632064677e28822c6542868e2155ceda551e27c6d3407
1498,data/bracol/raw/images/1498.jpg,real,train,rust,1,0,0,0,1,rust,1,rust_s1_pure,2048,1024,b2ef91a45f63a2fceb49910e84628d931a7959764874e892ad5d840bde41eaba
1499,data/bracol/raw/images/1499.jpg,real,train,rust,1,1,0,0,1,miner,2,rust_s1_mixed,2048,1024,dbb06be8325737f46a0c7c03a52bf00d38f594bc60ef51e9bb3057d3cfd9ffef
1500,data/bracol/raw/images/1500.jpg,real,val,rust,1,0,0,1,1,rust,2,rust_s1_mixed,2048,1024,14d2a4c28653f87c4d6cfd86ee942c11f285a590555cef05bc321469b45e892f
1501,data/bracol/raw/images/1501.jpg,real,val,other,0,0,0,1,2,cercospora,1,other_cercospora,2048,1024,8818de3f958fd5b275f1e60b96f665ce3595b81a09a17a9dd4e26d1c7dfff2ac
1502,data/bracol/raw/images/1502.jpg,real,val,rust,1,0,0,0,2,rust,1,rust_s2_pure,2048,1024,9d872f2675e138a7e802d8888f705a5feac379cfd97319acc8114a2560526be2
1503,data/bracol/raw/images/1503.jpg,real,train,rust,1,0,0,1,2,rust,2,rust_s2_mixed,2048,1024,6513a52cadf608b9caf5d9b7cff43c9d398b7691410a131150fd896a6e7b5384
1504,data/bracol/raw/images/1504.jpg,real,val,other,0,1,0,0,1,miner,1,other_miner,2048,1024,6bd1c223e9bd8523fea7b11d62225e20d7eec1a8020bab3f4339852018a9b0ce
1505,data/bracol/raw/images/1505.jpg,real,train,rust,1,1,0,0,1,rust,2,rust_s1_mixed,2048,1024,1202c8f8aa4068291a8b695def3cfa3f2e4892bfd5a3dbb8450613c8badca315
1506,data/bracol/raw/images/1506.jpg,real,train,rust,1,0,0,0,1,rust,1,rust_s1_pure,2048,1024,ac4f4512e615f003d623b296cba6bcbc34dfef4278be9d813da7b1f8ce1c4d30
1507,data/bracol/raw/images/1507.jpg,real,train,rust,1,0,0,0,1,rust,1,rust_s1_pure,2048,1024,afb820fa649707cdc4b4c45cb6b75a17b6af91ab97cb3e039f17c77865f6cfc5
1508,data/bracol/raw/images/1508.jpg,real,test,rust,1,0,0,0,1,rust,1,rust_s1_pure,2048,1024,73391bf13aa7d8e1885f4927d894f65648a76ef7df024d5cae30274306a9b2b1
1509,data/bracol/raw/images/1509.jpg,real,train,other,0,1,0,0,1,miner,1,other_miner,2048,1024,3c77ac61dd3fac2b54d93919266ec2210480ba38a1949ea771f9277db9bd3161
1510,data/bracol/raw/images/1510.jpg,real,train,rust,1,0,0,0,1,rust,1,rust_s1_pure,2048,1024,52de9c337f0ffb9e3fccd8b89f3a8a5d728ce5973a153d1c5a9c68bc7e7b035e
1511,data/bracol/raw/images/1511.jpg,real,val,rust,1,0,0,1,1,undetermined,2,rust_s1_mixed,2048,1024,2b14063d5497cb7b9514dbb809e30a91b99ac0dd0c671b5e3953869ea6166a49
1512,data/bracol/raw/images/1512.jpg,real,train,rust,1,1,0,0,1,miner,2,rust_s1_mixed,2048,1024,5b6b90a1f622e1c0f55754a816a87f164730c311a138f851f299f792665ffc45
1513,data/bracol/raw/images/1513.jpg,real,train,rust,1,0,0,0,1,rust,1,rust_s1_pure,2048,1024,945f8f92cde41f7e98656e3de9fc9ae5e63ff20e9dafba8ad6b4c80fa85335eb
1514,data/bracol/raw/images/1514.jpg,real,val,rust,1,1,0,0,3,undetermined,2,rust_s3plus_mixed,2048,1024,ecfffb911f02b6dbb2567749a6ea5ef75dfc87f31d6ef3add38ee96782dcf238
1515,data/bracol/raw/images/1515.jpg,real,train,rust,1,1,0,0,2,rust,2,rust_s2_mixed,2048,1024,f2c04efe5ff429f239d76318fc5c50729fdc5d248f74a566ad5811ccf1152288
1516,data/bracol/raw/images/1516.jpg,real,val,rust,1,0,0,0,2,rust,1,rust_s2_pure,2048,1024,74b1c811880184c7ad3bfb44c7b906b95549f62ae4c5496267094d7cbd226767
1517,data/bracol/raw/images/1517.jpg,real,train,rust,1,0,0,0,4,rust,1,rust_s3plus_pure,2048,1024,39c2244ea5c0b64c727ba39b95c1a45d52dfca0e39d83faa39795ac0a1f3a4b3
1518,data/bracol/raw/images/1518.jpg,real,train,rust,1,0,0,0,1,rust,1,rust_s1_pure,2048,1024,acade9df0583828f5ee31654fd6ba417081994a116c215ccd4c219228f4cde27
1519,data/bracol/raw/images/1519.jpg,real,train,rust,1,1,0,0,1,miner,2,rust_s1_mixed,2048,1024,e2ecc3276129ede17ac9a432b3588e665f027402f31477301522727a163e1148
1520,data/bracol/raw/images/1520.jpg,real,train,rust,1,0,0,0,2,rust,1,rust_s2_pure,2048,1024,b44c057e2e602af9164c24eb41ccaa7abf60a1651f8d4fce9827a05fb702d1cd
1521,data/bracol/raw/images/1521.jpg,real,train,rust,1,1,0,0,1,undetermined,2,rust_s1_mixed,2048,1024,0ac7c12cdd890acceca86ae7ff7b408b2546cc0e564f056c99bf4bc09601616b
1522,data/bracol/raw/images/1522.jpg,real,train,rust,1,0,0,0,1,rust,1,rust_s1_pure,2048,1024,8960fa1c9e71cff09e18f02be83d30247c582f4590c6ab165cd30d147f69dfa5
1523,data/bracol/raw/images/1523.jpg,real,train,rust,1,0,0,1,1,rust,2,rust_s1_mixed,2048,1024,ae7adfb53b09e6136ad7cd672e40201bd0a4ef941c75b9ee429aabd9d4904437
1524,data/bracol/raw/images/1524.jpg,real,train,rust,1,0,0,0,2,rust,1,rust_s2_pure,2048,1024,842d9505c85386feae15289acd6232406be0561089d554fef2d4b4eece7bd67d
1525,data/bracol/raw/images/1525.jpg,real,train,rust,1,1,0,0,3,undetermined,2,rust_s3plus_mixed,2048,1024,a4dc42ae46525ec560356daa1367d77e43b676a132a37765b4603b6ffce04723
1526,data/bracol/raw/images/1526.jpg,real,train,rust,1,0,0,0,1,rust,1,rust_s1_pure,2048,1024,d9d2d711dbb5275a7537928ad855d7689a6aa3ea1a5ce81586c7a2267d9ddccd
1527,data/bracol/raw/images/1527.jpg,real,train,rust,1,0,0,0,3,rust,1,rust_s3plus_pure,2048,1024,5f92371c575eac3121fa379d145f13035f902f0f1fc56ae6ee88a5037521b917
1528,data/bracol/raw/images/1528.jpg,real,train,rust,1,0,0,0,1,rust,1,rust_s1_pure,2048,1024,cb5eee04c2988ad16b0dbc884f336b980565d163ef980349166b197fb9159b96
1529,data/bracol/raw/images/1529.jpg,real,train,rust,1,0,0,0,1,rust,1,rust_s1_pure,2048,1024,646f45f7c9e68d2681ce38a3e32610eb6212af6d86a9e562553b9160f608bd88
1530,data/bracol/raw/images/1530.jpg,real,train,rust,1,0,0,0,1,rust,1,rust_s1_pure,2048,1024,dd040ae64486faa3f4bc086f81fac20f7bccc8cc94c179bc8cd7c2ec86024d96
1531,data/bracol/raw/images/1531.jpg,real,test,rust,1,0,0,0,2,rust,1,rust_s2_pure,2048,1024,8d5f274f41dea99e907dc41e7dae24977143cb614cd0e12c48df82d22f1b359e
1532,data/bracol/raw/images/1532.jpg,real,test,rust,1,1,0,0,1,rust,2,rust_s1_mixed,2048,1024,ed538699f51c1c4ddc8c9e4cbe01c2e3e68aa330949d5339ee01de87120d02a3
1533,data/bracol/raw/images/1533.jpg,real,train,rust,1,0,0,1,1,rust,2,rust_s1_mixed,2048,1024,768cf89729883b7aacd9beaea5899bb2e3cf97e259b2b5e51cc663e7dd3a0ca2
1534,data/bracol/raw/images/1534.jpg,real,train,rust,1,1,0,0,2,rust,2,rust_s2_mixed,2048,1024,b43ab0a313e4977aff551ba0635f35ea4e25394f296d072040efcad466a8ff9f
1535,data/bracol/raw/images/1535.jpg,real,train,rust,1,0,0,0,1,rust,1,rust_s1_pure,2048,1024,647dd939877ef22ec67293d9868e862f39b43940b9ce59eb1714d99d5f377fa4
1536,data/bracol/raw/images/1536.jpg,real,val,rust,1,0,0,0,1,rust,1,rust_s1_pure,2048,1024,77051ef21656907eade41459205bd9f12372d53cc992caf4afd67d2d08163d18
1537,data/bracol/raw/images/1537.jpg,real,train,rust,1,1,0,0,2,rust,2,rust_s2_mixed,2048,1024,8014d8758c8abfe80f26eaf3a68d036642c09c040bffb284c00c414c64a31fe0
1538,data/bracol/raw/images/1538.jpg,real,train,rust,1,0,0,1,1,cercospora,2,rust_s1_mixed,2048,1024,e3e18edef84facd0e1a4734e9dca7f6cb9d6fdb5760405a4bd584c95fc1490a6
1539,data/bracol/raw/images/1539.jpg,real,train,rust,1,0,0,0,1,rust,1,rust_s1_pure,2048,1024,57b781f168b52818f316be9dd372a8f8bc9a446032c7895fce45600917b39350
1540,data/bracol/raw/images/1540.jpg,real,val,rust,1,0,0,0,1,rust,1,rust_s1_pure,2048,1024,a63461566d51a412a6f6e25a7af0a0b03f160f5aa4611bb5a810bac09cfcb7f2
1541,data/bracol/raw/images/1541.jpg,real,test,rust,1,0,0,0,2,rust,1,rust_s2_pure,2048,1024,212de608c4c137fb2874d0b624836e5e4251b7714cf0bed41ca54a274063bfff
1542,data/bracol/raw/images/1542.jpg,real,test,other,0,1,0,0,1,miner,1,other_miner,2048,1024,2273361772a373f49f2a972049d3cd12f81004b557a72f6d95f16cbdde9d80d9
1543,data/bracol/raw/images/1543.jpg,real,train,rust,1,1,0,0,2,rust,2,rust_s2_mixed,2048,1024,338f2b179d642a4a3ae0b178bf027fbff897eb0d0d335f8dd0b645da88dda5a8
1544,data/bracol/raw/images/1544.jpg,real,train,rust,1,0,0,0,2,rust,1,rust_s2_pure,2048,1024,79372cd64f71aa67d7aca8331e13327e257c09825cf995c574acc4958a8c6a0b
1545,data/bracol/raw/images/1545.jpg,real,test,rust,1,1,0,1,2,undetermined,3,rust_s2_mixed,2048,1024,e1c128d1f96ce57b5eda33c8035ee7e8fae7ac7a3e7c46a00ba3615c28425794
1546,data/bracol/raw/images/1546.jpg,real,train,rust,1,0,0,1,1,rust,2,rust_s1_mixed,2048,1024,1b36df1c4110febc9931ad0f4dab1390cc4cf1cec5cfd6fd2e0b79c31a98040e
1547,data/bracol/raw/images/1547.jpg,real,test,rust,1,0,0,0,2,rust,1,rust_s2_pure,2048,1024,efa26ea9bdf2617a8b3bc10632dd7c53501118bd3abd0cd25fb51b761b4b918e
1548,data/bracol/raw/images/1548.jpg,real,val,rust,1,0,0,0,1,rust,1,rust_s1_pure,2048,1024,4ec64e124a1d4a5b5a4860fd25b70799e36725f63db37367b31c1fecde180d32
1549,data/bracol/raw/images/1549.jpg,real,train,other,0,0,0,1,1,cercospora,1,other_cercospora,2048,1024,0490d4cabd1eb1e6f9358a180afddbc5163cbcc71c7aa16c7f77f486f8073a0a
1550,data/bracol/raw/images/1550.jpg,real,train,other,0,0,0,1,1,cercospora,1,other_cercospora,2048,1024,afc399b49f9c9a616931ea6bc0b64ffd6e1ffc57fdd287a7fde997e2b010fd87
1551,data/bracol/raw/images/1551.jpg,real,train,rust,1,0,0,1,1,rust,2,rust_s1_mixed,2048,1024,1e115eb39b3153c855d699d01f2c0f375b70cba09fb84f887665330482aca641
1552,data/bracol/raw/images/1552.jpg,real,train,rust,1,0,0,0,1,rust,1,rust_s1_pure,2048,1024,2779c91cc17cb08bb290cbfc930022ba4c7a3f4db9f316383acef2ab95245e8a
1553,data/bracol/raw/images/1553.jpg,real,train,other,0,0,0,1,1,cercospora,1,other_cercospora,2048,1024,f3076e215b19caa4eef179485269b2fa23be5bdae30e655449b4dbc4f80c72d4
1554,data/bracol/raw/images/1554.jpg,real,train,rust,1,0,0,0,2,rust,1,rust_s2_pure,2048,1024,4d026e9f55dd8817e306265f1d6ad709836d4a5203f351b801e4c17193ab6ed4
1555,data/bracol/raw/images/1555.jpg,real,val,other,0,1,0,1,1,cercospora,2,other_multi,2048,1024,3c4b3229497f96e2b5d1e20cfd0a872650735c9ca4dce4fad03f8967d977fb5f
1556,data/bracol/raw/images/1556.jpg,real,train,rust,1,1,0,0,1,undetermined,2,rust_s1_mixed,2048,1024,2fb78f404db7412ca9fb30a38a354d76e4d52b7e4cd1a96f89009133b870c8d5
1557,data/bracol/raw/images/1557.jpg,real,train,rust,1,1,0,0,2,rust,2,rust_s2_mixed,2048,1024,93525e44cb1469fa041ad1b6ec7364384fcdd2c110bef1e44c088ec1349f6fb9
1558,data/bracol/raw/images/1558.jpg,real,train,rust,1,0,0,1,1,undetermined,2,rust_s1_mixed,2048,1024,ec335c3624f84ed059557698d6ae9a241688cf7411e3ecce05a7fc894a25111a
1559,data/bracol/raw/images/1559.jpg,real,train,rust,1,0,0,0,1,rust,1,rust_s1_pure,2048,1024,e6d61eefcaec5749c793ca841b60d96a4443f48eb22732a688fe9489c60015f0
1560,data/bracol/raw/images/1560.jpg,real,train,rust,1,0,0,0,1,rust,1,rust_s1_pure,2048,1024,cf12217779b951bea2e166f32ed0b6bb8de129ed6c0510ee5f6eccee3a4fd195
1561,data/bracol/raw/images/1561.jpg,real,train,rust,1,0,0,0,3,rust,1,rust_s3plus_pure,2048,1024,e47e55c7c560d3c699cb64e94e5b1553907c1572de1a1e110eaba0e900439f9e
1562,data/bracol/raw/images/1562.jpg,real,train,other,0,1,0,0,1,miner,1,other_miner,2048,1024,535e44698670ddb9f1a60babc947f89826e1f90ac20eba9e85b83ae6faabcc00
1563,data/bracol/raw/images/1563.jpg,real,train,rust,1,0,0,0,1,rust,1,rust_s1_pure,2048,1024,004bd0dbb1c6abc65919f012d81896e7edfd769bb14a8666b9e252d2a0f8a5bc
1564,data/bracol/raw/images/1564.jpg,real,train,rust,1,1,0,0,2,rust,2,rust_s2_mixed,2048,1024,06e528648f847d9b7a4f6975284818e6a3fd055f6eba8ed3c0077e546d596387
1565,data/bracol/raw/images/1565.jpg,real,train,rust,1,0,0,1,1,undetermined,2,rust_s1_mixed,2048,1024,23d72582e8dd7b49150bbe30929da1f52caddbc025b9497b0dd2294feab64993
1566,data/bracol/raw/images/1566.jpg,real,val,rust,1,0,0,0,1,rust,1,rust_s1_pure,2048,1024,d3682d1159243fce73ec06b65d7b88c645dafac7c08a95302e4bce75ec5a915e
1567,data/bracol/raw/images/1567.jpg,real,train,rust,1,0,0,1,1,rust,2,rust_s1_mixed,2048,1024,110c8f680ba9f477c7b193832cd00f491a3bdb45d79bf12b4fcb6d3f966d89c9
1568,data/bracol/raw/images/1568.jpg,real,val,rust,1,0,0,0,1,rust,1,rust_s1_pure,2048,1024,dc0b656e82f8ce036c846a6456401ee09ec75d84b5b5d1cf5c11d1248d354ca7
1569,data/bracol/raw/images/1569.jpg,real,val,rust,1,1,0,0,1,undetermined,2,rust_s1_mixed,2048,1024,e88fcbda4eecf0f736a40fb12b120545c64be24d5a1fb75c0f907945a83aab8e
1570,data/bracol/raw/images/1570.jpg,real,test,rust,1,0,0,1,1,rust,2,rust_s1_mixed,2048,1024,4abbdfde5179ff9c7923a86735ac18f5e3cfecdcfd4650fdd30b499a1b02069c
1571,data/bracol/raw/images/1571.jpg,real,train,rust,1,1,0,0,1,rust,2,rust_s1_mixed,2048,1024,2320afccba051983f026331de89f23b10ce004567c92b35076bc5a6f204e0a3d
1572,data/bracol/raw/images/1572.jpg,real,train,rust,1,0,0,0,2,rust,1,rust_s2_pure,2048,1024,205b10fea697c34856f52ddcb1e297dd421d17240ab8f1e64bcfd10b1c95a8ff
1573,data/bracol/raw/images/1573.jpg,real,train,other,0,0,0,1,2,cercospora,1,other_cercospora,2048,1024,79796f2d8f0597a67ba1570171c77cd9a2bf57515f11d35994218cf53cad291e
1574,data/bracol/raw/images/1574.jpg,real,train,rust,1,0,0,1,1,cercospora,2,rust_s1_mixed,2048,1024,500bf52df04bb5155608d8d9c7fd0abd9197f1f10a33730151557088c07f09b5
1575,data/bracol/raw/images/1575.jpg,real,train,rust,1,0,0,1,1,cercospora,2,rust_s1_mixed,2048,1024,9e28e137ab3e973c80bbf8cff0ff61f9ed19b547f30506c056816f904115b472
1576,data/bracol/raw/images/1576.jpg,real,train,other,0,0,0,1,1,cercospora,1,other_cercospora,2048,1024,17c63237856512664a8534054da6e30bf6b1e269e0a97008836f65f3de96e24c
1577,data/bracol/raw/images/1577.jpg,real,train,other,0,0,0,1,1,cercospora,1,other_cercospora,2048,1024,ea358abc737c8af643389498bb3a691f0ac41f9156ee24f98d24815365844f5c
1578,data/bracol/raw/images/1578.jpg,real,test,rust,1,0,0,1,1,cercospora,2,rust_s1_mixed,2048,1024,5ae31b0ffc8e339f9a4070068c281ee6ba42c383f4922cd85b4db11484e6bcfb
1579,data/bracol/raw/images/1579.jpg,real,train,rust,1,0,0,1,1,cercospora,2,rust_s1_mixed,2048,1024,753736de55fa28c93c29b262e1302e243a1e43f706174e56d6873530bc713ff7
1580,data/bracol/raw/images/1580.jpg,real,test,rust,1,0,0,0,2,rust,1,rust_s2_pure,2048,1024,6b07788fafafcb0035585fd30c12670f5c67f6ac3d729da0217de480bcb10b88
1581,data/bracol/raw/images/1581.jpg,real,train,rust,1,0,0,0,3,rust,1,rust_s3plus_pure,2048,1024,da5449b1a0e3f17e5d8aef8219cc9b52f01dcf1ffcde36f1b9a60a20169251f7
1582,data/bracol/raw/images/1582.jpg,real,val,other,0,0,0,1,1,cercospora,1,other_cercospora,2048,1024,27e23613bd62596d03b7efe89e5850f27b416917bc45fd49bb27b026c6f52845
1583,data/bracol/raw/images/1583.jpg,real,train,rust,1,0,0,1,1,rust,2,rust_s1_mixed,2048,1024,e37c7179c4ccf3d8cb8fb299318eb0d0b4ab41aa8f6f35c57f78f574991492bb
1584,data/bracol/raw/images/1584.jpg,real,test,rust,1,0,0,0,1,rust,1,rust_s1_pure,2048,1024,d19bcb37b74941e2babf6e3dbcd9ef9445e14466749edd2b07c0285fc638255d
1585,data/bracol/raw/images/1585.jpg,real,train,other,0,1,0,0,1,miner,1,other_miner,2048,1024,371adb76529dcc620b0578cfee916fc3a79864a9890321659e03677e4176ff61
1586,data/bracol/raw/images/1586.jpg,real,train,rust,1,0,0,1,3,rust,2,rust_s3plus_mixed,2048,1024,a9e8c7fbf227a49c0fbc42575719c7997f26de2f34e12fc17a216bd73f9e85e0
1587,data/bracol/raw/images/1587.jpg,real,train,rust,1,0,0,1,1,undetermined,2,rust_s1_mixed,2048,1024,fa9d5107ed7f6c4e1466b9bef586019af62f735fc02b92e1f9ea4e2bfd9c7ece
1588,data/bracol/raw/images/1588.jpg,real,train,rust,1,0,0,1,1,undetermined,2,rust_s1_mixed,2048,1024,0f0fca161af5186bad0ba62876c3c116eeec224486bd6a3acb581ea3e4d17398
1589,data/bracol/raw/images/1589.jpg,real,train,rust,1,0,0,1,1,cercospora,2,rust_s1_mixed,2048,1024,c6e54bfaa2c16f49032d86ba0b680bce3ddd28fea642fddb7934012efb81aa94
1590,data/bracol/raw/images/1590.jpg,real,test,rust,1,0,0,0,3,rust,1,rust_s3plus_pure,2048,1024,6fbb23b90feae9730e6c09b9991a991fc12ecedafdc346903d2e1d55b1d39f17
1591,data/bracol/raw/images/1591.jpg,real,val,other,0,0,0,1,1,cercospora,1,other_cercospora,2048,1024,db95bb47fa08c4f1f575ba960c51d530ff396a322f5e46434c3bff7af623bf66
1592,data/bracol/raw/images/1592.jpg,real,test,rust,1,1,0,1,1,undetermined,3,rust_s1_mixed,2048,1024,edf19132a54b444164939a7fe98d3e5e2d18ef83d40d238712dce9dbe2a9e2ef
1593,data/bracol/raw/images/1593.jpg,real,val,rust,1,0,0,0,1,rust,1,rust_s1_pure,2048,1024,bdceb6b90d8a48ea0880cc4372c294772db2ae6fe72df93b17db36d921d8796c
1594,data/bracol/raw/images/1594.jpg,real,val,rust,1,0,0,0,1,rust,1,rust_s1_pure,2048,1024,889c7d1a67d0f0dacd6aa41f84c266dd4287f4f0ad4d69f2906b5d8a02d4c511
1595,data/bracol/raw/images/1595.jpg,real,train,rust,1,0,0,0,1,rust,1,rust_s1_pure,2048,1024,87e9feca4d8474154e5e83c77ed4c05df375c2978a4dacf694b5182b3cb1ec9d
1596,data/bracol/raw/images/1596.jpg,real,train,rust,1,0,0,1,2,undetermined,2,rust_s2_mixed,2048,1024,486b4bbc6d159d34e06e6bf28b124599e3f6d54e048cdd75938d7db382326d1c
1597,data/bracol/raw/images/1597.jpg,real,train,rust,1,0,0,0,1,rust,1,rust_s1_pure,2048,1024,26ccff5f2ff0c0c608e79dbe330875bcba9bb1b921de1b58909bb98ad09386ec
1598,data/bracol/raw/images/1598.jpg,real,train,rust,1,0,0,1,1,rust,2,rust_s1_mixed,2048,1024,3099eecdb68504ccb6b7cb82b02b2c1fd127cb58e24a14aba7b00e3c77c0e651
1599,data/bracol/raw/images/1599.jpg,real,test,rust,1,0,0,1,1,rust,2,rust_s1_mixed,2048,1024,7d97f633200aa9eb118cf299bd8c0f8b7c430e2825db7782fc6a18982dc4d714
1600,data/bracol/raw/images/1600.jpg,real,train,rust,1,0,0,0,1,rust,1,rust_s1_pure,2048,1024,4f4bf29b6b78259615ae284756f24e97076028e0df07ebf850808386d152a446
1601,data/bracol/raw/images/1601.jpg,real,test,other,0,0,0,1,1,cercospora,1,other_cercospora,2048,1024,832d63d651a42f04d189eca50f152be1a424c92b19df0d72633a1656732f9841
1602,data/bracol/raw/images/1602.jpg,real,train,rust,1,0,0,1,1,rust,2,rust_s1_mixed,2048,1024,12096d12da8002b08ebe399655b3ff7bfad4e488f2caa58902d8a1078482e2c8
1603,data/bracol/raw/images/1603.jpg,real,train,rust,1,0,0,0,1,rust,1,rust_s1_pure,2048,1024,bc4896ee3ad2d5f0a2b7a2b6a24bf7c628abe5a3292288e7afc1dac8e25452b5
1604,data/bracol/raw/images/1604.jpg,real,train,other,0,0,0,1,1,cercospora,1,other_cercospora,2048,1024,3d1347e89f611f343561284cf4884fef9ae0b6dabe886d5e6b809f28a24783bc
1605,data/bracol/raw/images/1605.jpg,real,train,rust,1,0,0,1,2,rust,2,rust_s2_mixed,2048,1024,1fd4886e4fa08191d86945b7a8cf336c472002ae03592a01eaad62e1240eb4da
1606,data/bracol/raw/images/1606.jpg,real,train,rust,1,0,0,0,4,rust,1,rust_s3plus_pure,2048,1024,e978080caba1908695ec5af9f6e47322b2d89fc71eb832c16ab0afc7cd980e89
1607,data/bracol/raw/images/1607.jpg,real,train,rust,1,0,0,0,2,rust,1,rust_s2_pure,2048,1024,70b36a6daf4a0454019e70f61628a5fc821db12fd5c6e3577a8e93e0feb21a3f
1608,data/bracol/raw/images/1608.jpg,real,train,other,0,0,0,1,1,cercospora,1,other_cercospora,2048,1024,fa3458e522f8dc66a6d4760060d0e62ea3f119b3dbf1ca7136da6c35417d7641
1609,data/bracol/raw/images/1609.jpg,real,val,rust,1,0,0,1,2,rust,2,rust_s2_mixed,2048,1024,04ab8e75fe68058338c2a5c73f24b7c18310fac65349eabff809ece2dd8ca98b
1610,data/bracol/raw/images/1610.jpg,real,train,rust,1,0,0,1,1,undetermined,2,rust_s1_mixed,2048,1024,b61c7f1f767700ad22fcd2e2b60b295907860f71d7a18633e0388fabdc865656
1611,data/bracol/raw/images/1611.jpg,real,train,other,0,0,0,1,1,cercospora,1,other_cercospora,2048,1024,1a745847d0509ae4cdb3c344f28604c679ad72b7cd97d5d84cb9504cbb55c048
1612,data/bracol/raw/images/1612.jpg,real,test,rust,1,0,0,0,1,rust,1,rust_s1_pure,2048,1024,8c87f8a118d58b0f28681a0e635761fb1c7c6984a6c57277c5a72fd7062b9c16
1613,data/bracol/raw/images/1613.jpg,real,train,rust,1,0,0,1,3,rust,2,rust_s3plus_mixed,2048,1024,4767aea844a5506a06c59d2db85244df9aea3ef5270b2a249bbbbcf64446f558
1614,data/bracol/raw/images/1614.jpg,real,train,rust,1,0,0,1,1,rust,2,rust_s1_mixed,2048,1024,c389bef568e963b3657ec89ce626921346b5e58ea40cba8fd7c93a8a7f9593cc
1615,data/bracol/raw/images/1615.jpg,real,train,rust,1,0,0,1,2,undetermined,2,rust_s2_mixed,2048,1024,1de702305bf3689470fba3fb0e6c69a3eb624d9513fa54fccdc7112c2c5d3aaa
1616,data/bracol/raw/images/1616.jpg,real,train,rust,1,0,0,0,2,rust,1,rust_s2_pure,2048,1024,d51925e1a7a2ecffc4b9d48386eb0b7f73f698165d1b90dd4de6f0803911bc65
1617,data/bracol/raw/images/1617.jpg,real,val,rust,1,0,0,0,1,rust,1,rust_s1_pure,2048,1024,ffade21f84b9125746498f09f2eb6526ba167ec1279489deb4da7e4b1dc01779
1618,data/bracol/raw/images/1618.jpg,real,val,rust,1,0,0,1,2,cercospora,2,rust_s2_mixed,2048,1024,6d88a19083336f2a6ccb8a97efbbec4ef2f2176df8e0c73a825ad8e78cc6f86b
1619,data/bracol/raw/images/1619.jpg,real,train,rust,1,0,0,1,1,undetermined,2,rust_s1_mixed,2048,1024,f658be4975ec30603c38d248d240cdb99b83907e50b98f040c4b53f19a121e77
1620,data/bracol/raw/images/1620.jpg,real,train,rust,1,0,0,1,2,rust,2,rust_s2_mixed,2048,1024,b172564837b3b26bbac189ffc8ff45c73d0142f9e5fabfa592008ec77ee8a31c
1621,data/bracol/raw/images/1621.jpg,real,train,other,0,0,0,1,1,cercospora,1,other_cercospora,2048,1024,93b293e197a296b34ea228685166d368787de4f55850a641173eba80a3b1df43
1622,data/bracol/raw/images/1622.jpg,real,train,rust,1,0,0,0,1,rust,1,rust_s1_pure,2048,1024,c8f9497774c782171f2e73da87664a6feb082ee66585d11a741942e3d872a29b
1623,data/bracol/raw/images/1623.jpg,real,train,rust,1,0,0,1,4,rust,2,rust_s3plus_mixed,2048,1024,4ef1238e05d3fa9c82cd2c500f151fa8345fdc0890eb688a75a009e5dd8494e7
1624,data/bracol/raw/images/1624.jpg,real,val,healthy,0,0,0,0,0,healthy,0,healthy,2048,1024,c4857e77e306ccc64c36c8b43255f10c274b2b94e121438689164078ccb44185
1625,data/bracol/raw/images/1625.jpg,real,train,rust,1,0,0,1,1,cercospora,2,rust_s1_mixed,2048,1024,4ac6e216cae337bfae03369b6cec918fa53174a89880fdc5dd9c7183d6ab05e2
1626,data/bracol/raw/images/1626.jpg,real,train,rust,1,0,0,0,1,rust,1,rust_s1_pure,2048,1024,24e28f8fcd3385eb1307aa9250a9bef1fb0e1c20d6e4e03217508e1d3fc1ebf0
1627,data/bracol/raw/images/1627.jpg,real,train,rust,1,0,0,0,1,rust,1,rust_s1_pure,2048,1024,01bf7aed3443453e6c9233786dfddea8edfffcd44f786bb4503c03dfb5093a58
1628,data/bracol/raw/images/1628.jpg,real,train,rust,1,0,0,0,1,rust,1,rust_s1_pure,2048,1024,45534cf49755903bd7cfd33c1b83377212cd6a914fa0456300e6c5b2d1e295c9
1629,data/bracol/raw/images/1629.jpg,real,train,rust,1,0,0,0,2,rust,1,rust_s2_pure,2048,1024,3ef45abc3cce52a4fb0808e758823071ef627ccb1502449c7ab2b6d895c922bc
1630,data/bracol/raw/images/1630.jpg,real,train,other,0,0,0,1,1,cercospora,1,other_cercospora,2048,1024,0ceb2c8c3fc06ed98760629d970e133453ad0d3cd8f4aa1b3ea8f23011b6bc40
1631,data/bracol/raw/images/1631.jpg,real,val,other,0,0,0,1,1,cercospora,1,other_cercospora,2048,1024,d62136c2dd9de6fd3badd87348cc24c594c17618260668becf3dbc7f2ab10441
1632,data/bracol/raw/images/1632.jpg,real,train,rust,1,1,0,0,2,rust,2,rust_s2_mixed,2048,1024,8c1bd529fbb0c7ed5961b97347ea7cc1e0823967ce187846053486154c552736
1633,data/bracol/raw/images/1633.jpg,real,train,rust,1,0,0,1,4,rust,2,rust_s3plus_mixed,2048,1024,575e93ae5069be39dbf8279d7365a9e1d6156a57bef9c6eb52aef0cb12481abc
1634,data/bracol/raw/images/1634.jpg,real,train,rust,1,0,0,1,1,cercospora,2,rust_s1_mixed,2048,1024,49c1926ec678574c45024c9e61630337d2e388e94de7620c187a9a13f7819026
1635,data/bracol/raw/images/1635.jpg,real,val,rust,1,0,0,1,2,rust,2,rust_s2_mixed,2048,1024,0f5d272b9a44f95cd64922d72f8513caa2165f74be91f4e8db5bacdeb608963b
1636,data/bracol/raw/images/1636.jpg,real,test,rust,1,0,0,1,1,cercospora,2,rust_s1_mixed,2048,1024,9cd9413a353d8a639320f9531cf70acb091630907300f4280ccc289677dcdaf9
1637,data/bracol/raw/images/1637.jpg,real,train,rust,1,0,0,0,1,rust,1,rust_s1_pure,2048,1024,e9248453d3fd8e997945e05ec7c36a5fa65f05a634b66a936226602621f72a3a
1638,data/bracol/raw/images/1638.jpg,real,train,rust,1,0,0,1,1,undetermined,2,rust_s1_mixed,2048,1024,2179a11cfbfea0f65d65792316745cd09e9127131ff8fc82f6dc3ee83b9a03ab
1639,data/bracol/raw/images/1639.jpg,real,train,rust,1,0,0,1,1,rust,2,rust_s1_mixed,2048,1024,897e5cf674e9a52d51793943f3be94c7e202df3820a457f57da952d4aeb1304c
1640,data/bracol/raw/images/1640.jpg,real,train,rust,1,0,0,1,1,undetermined,2,rust_s1_mixed,2048,1024,15bb9cec4732c447b9e09df3deeaf06be334fff38bc0cd02aa6513be2591b79b
1641,data/bracol/raw/images/1641.jpg,real,train,rust,1,0,0,0,1,rust,1,rust_s1_pure,2048,1024,515aaf69fec7b24ec2b4d9d1f432e3b38399074c03cdc0241b31696c8fe24975
1642,data/bracol/raw/images/1642.jpg,real,train,rust,1,0,0,1,3,cercospora,2,rust_s3plus_mixed,2048,1024,1eed61fc1c7fc011189c4dd598d0b6a5976de6ab91fde13055b20c61ab703d9c
1643,data/bracol/raw/images/1643.jpg,real,train,rust,1,0,0,1,1,undetermined,2,rust_s1_mixed,2048,1024,3709386df655731411fc4238e076ce1b1ec975cd7886e43fbbb96c229a022161
1644,data/bracol/raw/images/1644.jpg,real,test,other,0,0,0,1,1,cercospora,1,other_cercospora,2048,1024,a5cea35594878a5882fe7102065d757e741bf53d799e4680c5006f9fac03a3e5
1645,data/bracol/raw/images/1645.jpg,real,train,rust,1,0,0,1,1,rust,2,rust_s1_mixed,2048,1024,d5cb853349c40b85df6a5756b5c2ea61efcd4a24cb6828810c476a261040ad93
1646,data/bracol/raw/images/1646.jpg,real,train,rust,1,0,0,1,2,rust,2,rust_s2_mixed,2048,1024,0aa179105de42b8ef5e302ff4b362a14ba105d332a72022a237d2f933b4f45d9
1647,data/bracol/raw/images/1647.jpg,real,test,rust,1,0,0,1,4,rust,2,rust_s3plus_mixed,2048,1024,b1414dbf1c7c4591680fa4d94620477d9f3ed6bcd56833d2732fe181572d49e5
1648,data/bracol/raw/images/1648.jpg,real,train,rust,1,0,0,0,1,rust,1,rust_s1_pure,2048,1024,58ffba050b9e4cf23d63aea7b9252f880745852515e9e1735e254c7a4792bfce
1649,data/bracol/raw/images/1649.jpg,real,train,rust,1,0,0,0,1,rust,1,rust_s1_pure,2048,1024,9d7754f04fe94af9f73d80a4b96b3ace00f1b1bc3734ecabb2b7a3bf975654a7
1650,data/bracol/raw/images/1650.jpg,real,test,rust,1,0,0,0,1,rust,1,rust_s1_pure,2048,1024,37a850d21647107f4c250600f41f62938489b98d0382b840e9576e5410153cd0
1651,data/bracol/raw/images/1651.jpg,real,test,rust,1,0,0,0,1,rust,1,rust_s1_pure,2048,1024,668f4fb344353d872a912e478994d7dbddbb6fec888bb3787e7c1d5d7bb58d1f
1652,data/bracol/raw/images/1652.jpg,real,train,rust,1,0,0,1,1,rust,2,rust_s1_mixed,2048,1024,1c3da10754352927facb0915d96d3d53d96ca58be29cf2930e5fe7a6e2c95a06
1653,data/bracol/raw/images/1653.jpg,real,train,other,0,0,0,1,1,cercospora,1,other_cercospora,2048,1024,ed70aed22986052f647f22726ddaa5ec111e04a719eff653c94672ded4e71090
1654,data/bracol/raw/images/1654.jpg,real,train,other,0,0,0,1,1,cercospora,1,other_cercospora,2048,1024,a0a9cfc7e31b81109494da8d13c4e0f7457726e80dd79b4fb00c85ae37f34284
1655,data/bracol/raw/images/1655.jpg,real,val,other,0,0,0,1,1,cercospora,1,other_cercospora,2048,1024,59d988a237578cfe18d1b3f305c8188db3c3c61a1c19d1dc18a0845db0317d60
1656,data/bracol/raw/images/1656.jpg,real,train,rust,1,0,0,0,1,rust,1,rust_s1_pure,2048,1024,5c98ddb948023895b3dfeb966a220cd88ce562f5621eb0fc0f2dc754adfc1e4c
1657,data/bracol/raw/images/1657.jpg,real,test,rust,1,0,0,1,2,rust,2,rust_s2_mixed,2048,1024,800aee103da30ee686573f97bf14d8f06caaadd3b88dad2b9aa4dd397580538b
1658,data/bracol/raw/images/1658.jpg,real,val,rust,1,0,0,1,1,cercospora,2,rust_s1_mixed,2048,1024,d3b10b5b5fe17565d4438330dcf6d0027c94e7f2328e2ea142e171b505c9b085
1659,data/bracol/raw/images/1659.jpg,real,train,rust,1,0,0,1,2,cercospora,2,rust_s2_mixed,2048,1024,f65b8f0095b0d3a8c6bf3d08ac8769be1b371a8749cf164c01e62ef4591b9688
1660,data/bracol/raw/images/1660.jpg,real,train,rust,1,0,0,1,1,cercospora,2,rust_s1_mixed,2048,1024,ee146719fc16dfe3449e8abed308eb0c64bc54059d8becd45ed25346b2d008f4
1661,data/bracol/raw/images/1661.jpg,real,train,rust,1,0,0,1,1,cercospora,2,rust_s1_mixed,2048,1024,f8cbfde4a6ea5fb9479fb14b2cfe16a021843c7875db3b1d335884821ca07571
1662,data/bracol/raw/images/1662.jpg,real,train,rust,1,0,0,0,2,rust,1,rust_s2_pure,2048,1024,525945c47ba1c28ab60d7e7d19b2d0cad2110e6640eb96706ec0e7d5c3b9e04c
1663,data/bracol/raw/images/1663.jpg,real,train,rust,1,0,0,1,2,cercospora,2,rust_s2_mixed,2048,1024,ba38c5cf8db51a70a81ab92ddbd6839aada9a5a744d3eb207179728709bf1777
1664,data/bracol/raw/images/1664.jpg,real,train,rust,1,0,0,0,1,rust,1,rust_s1_pure,2048,1024,8a96fa8eadf45422589ed5c8e9e7020eccb2ce5da43ef7e1c50c7962153bd157
1665,data/bracol/raw/images/1665.jpg,real,val,rust,1,1,0,0,1,undetermined,2,rust_s1_mixed,2048,1024,15260b07a85b1b012f5680676af5a3e9dd0994bfe74831a246b774b375ffd80c
1666,data/bracol/raw/images/1666.jpg,real,val,rust,1,0,0,1,2,rust,2,rust_s2_mixed,2048,1024,eef7071624de8062c3ed893f1df331b9c60fcaca5ea73e41ec609c640ee09f5a
1667,data/bracol/raw/images/1667.jpg,real,train,rust,1,0,0,0,1,rust,1,rust_s1_pure,2048,1024,0366b62480f6ee2f25544b226cdd79bb2f862ad48d583e24e635de303bd1ac5e
1668,data/bracol/raw/images/1668.jpg,real,val,rust,1,0,0,1,1,rust,2,rust_s1_mixed,2048,1024,dde57b5c7c7591328b1685c2cd9a118cb374690221e6798ef4f7ad74a0f49c21
1669,data/bracol/raw/images/1669.jpg,real,train,rust,1,0,0,1,1,cercospora,2,rust_s1_mixed,2048,1024,8cf8857332aed4ac8b52364dddf1823246389a9b9e7892e03dde239487f8a7ba
1670,data/bracol/raw/images/1670.jpg,real,train,rust,1,0,0,1,1,undetermined,2,rust_s1_mixed,2048,1024,d6654e6f84a3ee2b9bd5639b5225f851ab59f9bddcd6bfa21fadcb8d89f1ddde
1671,data/bracol/raw/images/1671.jpg,real,train,rust,1,0,0,0,1,rust,1,rust_s1_pure,2048,1024,05b29c54dcc602e09d388a876d294cd8c92d53a28984429a2b3e495e4a071eb6
1672,data/bracol/raw/images/1672.jpg,real,train,rust,1,0,0,1,2,rust,2,rust_s2_mixed,2048,1024,f1cb4ea40c4b983ba2836b06fb9f0d248e591e4e6c959e33028754ea18303fd0
1673,data/bracol/raw/images/1673.jpg,real,test,other,0,0,0,1,1,cercospora,1,other_cercospora,2048,1024,abeeea698aea4eda906233499865c3c487d780a35b3ea743c76333865617148d
1674,data/bracol/raw/images/1674.jpg,real,train,rust,1,0,0,0,1,rust,1,rust_s1_pure,2048,1024,53a1a10e2ff9d7635ea7bc914d0a2d584db8f3f0e827d2c54973c6bcb050e992
1675,data/bracol/raw/images/1675.jpg,real,train,other,0,0,0,1,1,cercospora,1,other_cercospora,2048,1024,c4b93511be9400df0de901189c134a837ab0efb9efe5623ed0d112effc53653a
1676,data/bracol/raw/images/1676.jpg,real,train,rust,1,0,0,1,1,cercospora,2,rust_s1_mixed,2048,1024,bce4f14d7d87c64b6c65b6978f3e67184a41ac799f139a5f3f4fc9a9ec573d20
1677,data/bracol/raw/images/1677.jpg,real,train,other,0,0,0,1,1,cercospora,1,other_cercospora,2048,1024,7c264df2235df9b8278689c3e2a32bd099318b4a2fdabd9c9bd1dbe3142abdb8
1678,data/bracol/raw/images/1678.jpg,real,train,rust,1,0,0,1,2,rust,2,rust_s2_mixed,2048,1024,b118abd1618f2815bf298924febe994dace41e207a149f50d606d565c9b59402
1679,data/bracol/raw/images/1679.jpg,real,test,rust,1,1,0,0,2,rust,2,rust_s2_mixed,2048,1024,4208bad22bc03a85570645c5f25dd5891fecf53693f742ac29858713cad7e26c
1680,data/bracol/raw/images/1680.jpg,real,test,rust,1,0,0,1,2,rust,2,rust_s2_mixed,2048,1024,10416a1b7180be10997e825442690316141a674069c331017cc7ffd705d35a13
1681,data/bracol/raw/images/1681.jpg,real,train,rust,1,0,0,1,2,rust,2,rust_s2_mixed,2048,1024,c612267597f1d91cc4e215dbefbbb97ed80665006580f74b700787493410ed23
1682,data/bracol/raw/images/1682.jpg,real,train,rust,1,0,0,0,1,rust,1,rust_s1_pure,2048,1024,fea34cbaaaccb3f4ae1ebd197dc988fb26736f2f5a75543ddd6bc00a0610d208
1683,data/bracol/raw/images/1683.jpg,real,test,healthy,0,0,0,0,0,healthy,0,healthy,2048,1024,287cb6cab35d2f82030a44407503b0dbaed42fdb8a5191572a6c8e59f8d9b3be
1684,data/bracol/raw/images/1684.jpg,real,test,rust,1,0,0,0,1,rust,1,rust_s1_pure,2048,1024,c8b424883e65a6b3cb88bb64dbd7815a1e003e3d013ad571fc7646bb633a3f5f
1685,data/bracol/raw/images/1685.jpg,real,train,healthy,0,0,0,0,0,healthy,0,healthy,2048,1024,c5efb47d2e08351156e21241eec0c4a881251fb1cbd9e706cfe1b479b0b48a48
1686,data/bracol/raw/images/1686.jpg,real,train,rust,1,0,0,1,2,cercospora,2,rust_s2_mixed,2048,1024,81e414d99025526f1679574828a330f562eb4c6ab1a017f21d2bf9e7f1d7eb98
1687,data/bracol/raw/images/1687.jpg,real,val,rust,1,0,0,1,1,rust,2,rust_s1_mixed,2048,1024,f1c6e12583df9219873bfc2be3e7dbddc426fcacc9f042b437de3f56d7f68fac
1688,data/bracol/raw/images/1688.jpg,real,train,rust,1,0,0,0,2,rust,1,rust_s2_pure,2048,1024,6c8a67a6576b630799a26bf50f0f53d3552b04b421e2599f64e5572dd58d2ad6
1689,data/bracol/raw/images/1689.jpg,real,test,rust,1,0,0,1,1,cercospora,2,rust_s1_mixed,2048,1024,1ee67507cfe4e518e3d38dd2730c8124b5743f733512ab0dc5261c1f30e423a8
1690,data/bracol/raw/images/1690.jpg,real,test,rust,1,0,0,1,1,undetermined,2,rust_s1_mixed,2048,1024,6450a482f64d514d169780d9808ad0d3ad6b006265c3b9d0dc1fd8e7f879ecce
1691,data/bracol/raw/images/1691.jpg,real,val,rust,1,0,0,1,1,undetermined,2,rust_s1_mixed,2048,1024,91c98e93ad6fe58ef53372fe3321d8ad2c2ae809723e3836c750fd541fccaa0f
1692,data/bracol/raw/images/1692.jpg,real,val,rust,1,0,0,1,1,rust,2,rust_s1_mixed,2048,1024,d74d05084cb8aacb86c10a980473e97e50fdd3b1c9f75b1be761d31f53b5fdb6
1693,data/bracol/raw/images/1693.jpg,real,test,rust,1,0,0,1,1,rust,2,rust_s1_mixed,2048,1024,82e178e40e53500bfadc61b77983e33456a4f8eb029d1059ef030d6fc1cd9360
1694,data/bracol/raw/images/1694.jpg,real,train,rust,1,0,0,1,1,rust,2,rust_s1_mixed,2048,1024,b9ec6fe7a8b506797b6d7d69cf6eef6fa38e75c0a7c3804a870e381d83d87d50
1695,data/bracol/raw/images/1695.jpg,real,val,rust,1,0,0,0,2,rust,1,rust_s2_pure,2048,1024,97887c7e2b00fbd78382b98a3bcfc0c16692f76d8cdb18627e0681ebc9d756b0
1696,data/bracol/raw/images/1696.jpg,real,train,rust,1,1,0,0,1,undetermined,2,rust_s1_mixed,2048,1024,06f9631845838b55a71fab0d07bda539cb743908f27b66baebe1a236874233e4
1697,data/bracol/raw/images/1697.jpg,real,train,rust,1,0,0,1,2,cercospora,2,rust_s2_mixed,2048,1024,3190ff18a575bd0c615a2cba4667b8180ff30342f206ced74ffdcf85f6b1242a
1698,data/bracol/raw/images/1698.jpg,real,train,rust,1,0,0,1,2,rust,2,rust_s2_mixed,2048,1024,6cf65736b53f1f644d7bd7d71e4b4b91f05d65370af6055d5586202a4309b664
1699,data/bracol/raw/images/1699.jpg,real,train,rust,1,0,0,0,1,rust,1,rust_s1_pure,2048,1024,cc0e0e2f127fdf54fdd49371edb320b6c3eb07086e03a427ed25ae2c5586d328
1700,data/bracol/raw/images/1700.jpg,real,train,other,0,0,0,1,1,cercospora,1,other_cercospora,2048,1024,69dc9ac95396c7866bcb382fa2ad2b7eb7d52003d866e75e387694f47cecda6e
1701,data/bracol/raw/images/1701.jpg,real,train,rust,1,0,0,0,2,rust,1,rust_s2_pure,2048,1024,9ab0468224390e2dd875316ee18304f177845782f9ff4571a5a5a68bd24adfc2
1702,data/bracol/raw/images/1702.jpg,real,train,rust,1,0,0,1,1,rust,2,rust_s1_mixed,2048,1024,63242ade9eaf22e6e4f4c1816044ec52e8e9f9f8c08ec3f27cc23cbfd56df7f7
1703,data/bracol/raw/images/1703.jpg,real,train,rust,1,0,0,1,1,undetermined,2,rust_s1_mixed,2048,1024,1a171673850180a9d7cf67f70eb4b3e4cbd3d32043d49b970ee401e7253a1cb6
1704,data/bracol/raw/images/1704.jpg,real,train,rust,1,1,0,1,4,rust,3,rust_s3plus_mixed,2048,1024,f51ee5e2d0564a644b1ec156b4572d27560fd4dec633f3f49a38b1c42a830b7d
1705,data/bracol/raw/images/1705.jpg,real,train,rust,1,0,0,0,3,rust,1,rust_s3plus_pure,2048,1024,7b9f4204b815a49f1ab51179f33485831d8e65f802787d7dffb2e243ae7a29a1
1706,data/bracol/raw/images/1706.jpg,real,train,other,0,0,0,1,1,cercospora,1,other_cercospora,2048,1024,66ebbacc7c0a5e2c5faed5ec7b050458907d0d26fc967aa388afb867bdd096d9
1707,data/bracol/raw/images/1707.jpg,real,train,rust,1,0,0,1,3,rust,2,rust_s3plus_mixed,2048,1024,bc3abaeb7ab71cb70f20dea563328c8e3b05c765f97dab9740acaa61ba3e70f1
1708,data/bracol/raw/images/1708.jpg,real,train,other,0,0,0,1,1,cercospora,1,other_cercospora,2048,1024,d1846cdcbed60e5f3e0ed7047c7b58fbc1de7363e4e8ed884079e262e721922d
1709,data/bracol/raw/images/1709.jpg,real,train,rust,1,0,0,1,1,rust,2,rust_s1_mixed,2048,1024,6441bbd5b294bed675fa55ea44a3919c133d6bf83a57d72e1d837c3981ddc19b
1710,data/bracol/raw/images/1710.jpg,real,train,rust,1,0,0,1,2,rust,2,rust_s2_mixed,2048,1024,dc2ba3cb1615c274b9457d0d22212c6d952e9767fe5eb3a64a84d83de1935e4b
1711,data/bracol/raw/images/1711.jpg,real,train,rust,1,0,0,1,1,cercospora,2,rust_s1_mixed,2048,1024,6f85c6d3e0ff460cf4709cb2c5a889b772b2c630c17b50e46336f819b8952cc0
1712,data/bracol/raw/images/1712.jpg,real,test,rust,1,0,0,0,1,rust,1,rust_s1_pure,2048,1024,1d54eecad83bcfd5969780d07a52d2abe2a6f6daee0dfca67935775b076c2930
1713,data/bracol/raw/images/1713.jpg,real,train,rust,1,0,0,1,2,undetermined,2,rust_s2_mixed,2048,1024,0572124a92affbea79dc1bdcf70a2dcc234ba8c34c25d31a760af4288e3e74fc
1714,data/bracol/raw/images/1714.jpg,real,train,other,0,1,0,0,1,miner,1,other_miner,2048,1024,6ac9408fea13ebef26329c632dcc6d903be04527133e6e123b530e5248874b70
1715,data/bracol/raw/images/1715.jpg,real,train,rust,1,0,0,1,1,undetermined,2,rust_s1_mixed,2048,1024,65f99812b851270aa564ec7e3f5b1c7f024538dbd7fd35181c9d64473880fa34
1716,data/bracol/raw/images/1716.jpg,real,val,rust,1,0,0,1,2,rust,2,rust_s2_mixed,2048,1024,81d18c8f8363f72f6c81610bc51b1bb76599b074b3ed7457301ca9c292415ba5
1717,data/bracol/raw/images/1717.jpg,real,train,rust,1,1,0,0,1,rust,2,rust_s1_mixed,2048,1024,ce42676db3974844b4518f5f922d22df7526bb8ab8516ba31c7910144c8fbf11
1718,data/bracol/raw/images/1718.jpg,real,train,other,0,0,0,1,1,cercospora,1,other_cercospora,2048,1024,b756523e7ed1d12d2d0cb36288835eb78770ac354f7daa9e23fdbd74d21c6e3a
1719,data/bracol/raw/images/1719.jpg,real,test,other,0,0,0,1,1,cercospora,1,other_cercospora,2048,1024,4862eafe600c68b5c0e70a39b6b64c581d7de21c28f9c80b5ecefa3ac71ee45d
1720,data/bracol/raw/images/1720.jpg,real,test,rust,1,0,0,1,2,cercospora,2,rust_s2_mixed,2048,1024,5215c174b80015084ff7737e045c680efa4911f667cbc1527cdbd15a954f58c4
1721,data/bracol/raw/images/1721.jpg,real,train,rust,1,0,0,0,1,rust,1,rust_s1_pure,2048,1024,d52b4470352a41c846d02e43b793e9cd399011daf7f975b7c0bdede598a693ce
1722,data/bracol/raw/images/1722.jpg,real,train,rust,1,0,0,1,1,undetermined,2,rust_s1_mixed,2048,1024,0fc7f75e5ea869b8195fbb8827fdd402a97869d22cd1b4aa8c60cd93eaddeeb5
1723,data/bracol/raw/images/1723.jpg,real,test,other,0,1,0,1,1,undetermined,2,other_multi,2048,1024,b69aa76ab69246e49bfe411784a0108c63d012d925914c8ab0ed2912297ad376
1724,data/bracol/raw/images/1724.jpg,real,train,rust,1,0,0,1,1,cercospora,2,rust_s1_mixed,2048,1024,3ac32dd25f00415d99cbf221472c985e343235423c0e4fe411a50316ebdb00a5
1725,data/bracol/raw/images/1725.jpg,real,train,other,0,0,0,1,1,cercospora,1,other_cercospora,2048,1024,52d7a329f3fe0afdcc89011d4c0e6910c671ca88e36da659ee214f6164a8647c
1726,data/bracol/raw/images/1726.jpg,real,train,rust,1,0,0,1,1,rust,2,rust_s1_mixed,2048,1024,856d8a716b67a9f64b1e2897147e43144a84b2701cfd07400ca7861f05ddddac
1727,data/bracol/raw/images/1727.jpg,real,val,rust,1,0,0,1,2,cercospora,2,rust_s2_mixed,2048,1024,e76ed3a5a46803695b5530007cfae390cd782d2b1641ac04f925170c99603bea
1728,data/bracol/raw/images/1728.jpg,real,train,rust,1,0,0,1,1,cercospora,2,rust_s1_mixed,2048,1024,6fee46a81b9dbb8b9f107aeb5ce6f05b402a572418a91cabcfbf07cad71ed721
1729,data/bracol/raw/images/1729.jpg,real,train,rust,1,0,0,0,1,rust,1,rust_s1_pure,2048,1024,6109a37f1d56f8bb4fb712db51b22fd711df7d85a154d920179e5c63174757a2
1730,data/bracol/raw/images/1730.jpg,real,test,rust,1,0,0,1,1,cercospora,2,rust_s1_mixed,2048,1024,a5105facf69fa7419bd49774ce0828b347c44bc23f30b32016997980f2c877c5
1731,data/bracol/raw/images/1731.jpg,real,test,rust,1,0,0,1,2,undetermined,2,rust_s2_mixed,2048,1024,0f1b97f8fb61b239afe554435100ba40d0738bb259557e3e2599489b58a66fe5
1732,data/bracol/raw/images/1732.jpg,real,train,rust,1,0,0,1,1,cercospora,2,rust_s1_mixed,2048,1024,76bb1a36c8d0e4fd25ea1a6ae785ba880fcc64b9a4cb0a5cc354e7acc930799d
1733,data/bracol/raw/images/1733.jpg,real,train,other,0,0,0,1,1,cercospora,1,other_cercospora,2048,1024,e410940bc8dd6fa67cfdfad9dea2e0ecdaf22fdca6cd6a4ae58dc1ba0c2955e6
1734,data/bracol/raw/images/1734.jpg,real,train,rust,1,0,0,0,1,rust,1,rust_s1_pure,2048,1024,886ea55cf39b53cece3e2b70960fc3cd8f9fc53a8769f130c17bb721fc77fd8e
1735,data/bracol/raw/images/1735.jpg,real,test,rust,1,0,0,1,1,cercospora,2,rust_s1_mixed,2048,1024,ac5f5d72897e475bea584cb1f3d31e0a6c2d3618c57bb4a52815bc02e04525e6
1736,data/bracol/raw/images/1736.jpg,real,val,other,0,0,1,0,1,phoma,1,other_phoma,2048,1024,3ba435ebaf4594a21185ac791bff14b588c94e6fcf5480e126d9720cb2646c0c
1737,data/bracol/raw/images/1737.jpg,real,train,rust,1,0,0,1,2,rust,2,rust_s2_mixed,2048,1024,823c10ff06791cd2ad1d53e99256e363bd5780378e1cfaff3eebfa4c829e20bd
1738,data/bracol/raw/images/1738.jpg,real,val,rust,1,0,0,1,2,rust,2,rust_s2_mixed,2048,1024,480cfd35c263a8bc5be897ce5a23e30581aa97783383ed5df7ff3bd95dce00f9
1739,data/bracol/raw/images/1739.jpg,real,test,rust,1,0,0,1,1,undetermined,2,rust_s1_mixed,2048,1024,aaecc7688b52214695d83e5c2afdc3d7d832a90f557e51ba30c2598728f39881
1740,data/bracol/raw/images/1740.jpg,real,val,rust,1,0,0,0,1,rust,1,rust_s1_pure,2048,1024,4d47f3ee0e02f5e368e9d059aab3601184d0b6e2f00e0b34cc0eec4aeaafa8ab
1741,data/bracol/raw/images/1741.jpg,real,train,rust,1,0,0,1,2,cercospora,2,rust_s2_mixed,2048,1024,df2cbe2aaa2f911d0b59513fc90c4525506f8e7e9f13602c7038408f621c0d16
1742,data/bracol/raw/images/1742.jpg,real,val,healthy,0,0,0,0,0,healthy,0,healthy,2048,1024,a85970fac08c44d46ea0f835cd707e22939c31415a6ef3fd3cc0c3cdd88342ad
1743,data/bracol/raw/images/1743.jpg,real,val,rust,1,0,0,0,2,rust,1,rust_s2_pure,2048,1024,656de8c3dda54e7c7d985f00268049b13d48d5184a82a463fe0fe040615c29d3
1744,data/bracol/raw/images/1744.jpg,real,test,rust,1,0,0,1,2,rust,2,rust_s2_mixed,2048,1024,4bedad3515c0060e41e2af0624a1670c5b14e64c3b98115c1def33f79414bece
1745,data/bracol/raw/images/1745.jpg,real,train,rust,1,0,0,1,1,cercospora,2,rust_s1_mixed,2048,1024,e1dd4baa93242df93dd6a8848ba95ae804f6f3a173179cdcf673e4b0cea8f2f9
1746,data/bracol/raw/images/1746.jpg,real,train,other,0,0,0,1,1,cercospora,1,other_cercospora,2048,1024,234b9570cc4ed365b7013770221b07b1c11dab1fe1732b082f64f7b018930b30
1747,data/bracol/raw/images/1747.jpg,real,train,rust,1,0,0,1,1,rust,2,rust_s1_mixed,2048,1024,d42d4000fccb22bc7f6d7cfb29edc7eacb0a7f6a21c349a7925e262d31374871
