id,image,source,split,group,rust,severity,label_name,width,height,sha256,cluster,cluster_size,in_eval
fi_00000,data/field/uganda/images/fi_00000.jpg,field_uganda,test,healthy,0,,healthy,256,256,f0b7d658cae3c3ef846a7f87fa128ee5f35125b147fb08ef48b2bd16c14ca5ef,c00000,1,1
fi_00001,data/field/uganda/images/fi_00001.jpg,field_uganda,test,healthy,0,,healthy,256,256,289387333eda44850ad66dc491ee5111587f62a5770289fc491fec39cdf89208,c00001,1,0
fi_00002,data/field/uganda/images/fi_00002.jpg,field_uganda,test,healthy,0,,healthy,256,256,4e1cca91546331a85891d54c1a305d1baf6c05b1c608bf34a4993a57c0fd6b50,c00002,1,0
fi_00003,data/field/uganda/images/fi_00003.jpg,field_uganda,test,healthy,0,,healthy,256,256,d0c1552000caa33d3107b1efa845e2139a76f28a0ae2a4ca04572a250470c292,c00003,1,0
fi_00004,data/field/uganda/images/fi_00004.jpg,field_uganda,test,healthy,0,,healthy,256,256,0d934718719b9a31cf58557025882222807bd72fba96113599376f32faf2a560,c00004,1,0
fi_00005,data/field/uganda/images/fi_00005.jpg,field_uganda,test,healthy,0,,healthy,256,256,c5f2529ca01e3170cbbe281e0575204fbeb0520d4ead19be185c598796489a77,c00005,1,0
fi_00006,data/field/uganda/images/fi_00006.jpg,field_uganda,test,healthy,0,,healthy,256,256,90a20a1e2b21d1bfe0e102feb4cddeebdb0da1967389c4472052f4e30b371e3b,c00006,1,1
fi_00007,data/field/uganda/images/fi_00007.jpg,field_uganda,test,healthy,0,,healthy,256,256,49323c8ec054059419c1ffedbb31280db46c7a7f6108b15eef73c1c78d8d49e5,c00007,1,0
fi_00008,data/field/uganda/images/fi_00008.jpg,field_uganda,test,healthy,0,,healthy,256,256,18dbeff45756b278f603b24ff7296f20e85dc7d9337b64b22d3a2bdb171a6762,c00008,1,0
fi_00009,data/field/uganda/images/fi_00009.jpg,field_uganda,test,healthy,0,,healthy,256,256,e0021cd0248d95fe81ac342ac7ee89f36bbe3a8b4d5163b4a418753c99259619,c00009,1,0
fi_00010,data/field/uganda/images/fi_00010.jpg,field_uganda,test,healthy,0,,healthy,256,256,e82a5dac404ba0fd403fefce3209d3e856335790c6cc7b01e24892511657da0d,c00010,1,0
fi_00011,data/field/uganda/images/fi_00011.jpg,field_uganda,test,healthy,0,,healthy,256,256,b8e3c80d0a1bcbb1d8b12eacd45d6bb834653574305a901a22c83b660ae78aa6,c00011,1,0
fi_00012,data/field/uganda/images/fi_00012.jpg,field_uganda,test,healthy,0,,healthy,256,256,c7e79b329eb9efe3813cb2c19f4e51bead868a35ee389032d31597a52f71b54d,c00012,1,0
fi_00013,data/field/uganda/images/fi_00013.jpg,field_uganda,test,healthy,0,,healthy,256,256,dd7e7ea066c538b622432f996d5902343d63ef6490ff8a0b54707479b4ac18e3,c00013,1,0
fi_00014,data/field/uganda/images/fi_00014.jpg,field_uganda,test,healthy,0,,healthy,256,256,65fb5f870423f344cd7e1f1587aadf75eb43d753cc09ec406cf2af77d47a2464,c00014,1,0
fi_00015,data/field/uganda/images/fi_00015.jpg,field_uganda,test,healthy,0,,healthy,256,256,9534c304a0cd9cdab991c3b1b11251af432815e2ac261f2cc3b0a74f7f895825,c00015,1,0
fi_00016,data/field/uganda/images/fi_00016.jpg,field_uganda,test,healthy,0,,healthy,256,256,e20e7224e6e0d54d99b097136cda6f7c0b63d7df08c5f460222d0d63cc96a809,c00016,1,0
fi_00017,data/field/uganda/images/fi_00017.jpg,field_uganda,test,healthy,0,,healthy,256,256,ece4aa02f37fb6981a0b2d896bb4958cbbab6e2daa57b2bdb5ae15685e34d58b,c00017,1,0
fi_00018,data/field/uganda/images/fi_00018.jpg,field_uganda,test,healthy,0,,healthy,256,256,944d38785f03911cb17ececfd99ccedcf73834964cd143e8cb104d9691eed00d,c00018,1,0
fi_00019,data/field/uganda/images/fi_00019.jpg,field_uganda,test,healthy,0,,healthy,256,256,46815e57aaa68a26188f8cb858c27d8efad37135ddb9977cfafe097b70e7795b,c00019,1,0
fi_00020,data/field/uganda/images/fi_00020.jpg,field_uganda,test,healthy,0,,healthy,256,256,9ce37f9fc427ed635a6b76b89975cac5a7bf168c01f2729846f2d900fe87cdfd,c00020,1,0
fi_00021,data/field/uganda/images/fi_00021.jpg,field_uganda,test,healthy,0,,healthy,256,256,001306d66b34b0fe5000fc5228a1f72c6ffe6f3bc6a9b61654ffff1db5c6a235,c00021,1,0
fi_00022,data/field/uganda/images/fi_00022.jpg,field_uganda,test,healthy,0,,healthy,256,256,64bfb8088a8b01e35667aaddfc18181628b647169cbbe79a25e1eb29a55ad1f0,c00022,1,0
fi_00023,data/field/uganda/images/fi_00023.jpg,field_uganda,test,healthy,0,,healthy,256,256,e5d4359c5a97e091e390435771b5053ee536c806aa23e1c19d75c0d2db1dc982,c00023,1,0
fi_00024,data/field/uganda/images/fi_00024.jpg,field_uganda,test,healthy,0,,healthy,256,256,ae2501e13a2c4fc133be4c95002540c05f80a5e4e0574528b430a137368a5f75,c00024,1,1
fi_00025,data/field/uganda/images/fi_00025.jpg,field_uganda,test,healthy,0,,healthy,256,256,91540ff12431b270afd53c7e80aa149b7bd5b59e21e168f779537fac7ba306c4,c00025,3,0
fi_00026,data/field/uganda/images/fi_00026.jpg,field_uganda,test,healthy,0,,healthy,256,256,552e5cac0c3925f688acbc52ff02f38e84558e844d2acc076afbb9aeab1c780f,c00026,1,0
fi_00027,data/field/uganda/images/fi_00027.jpg,field_uganda,test,healthy,0,,healthy,256,256,f193fae1df8973d87ac9ad6f1ebad793b797574302d42312498b7e949ed0d21e,c00027,1,0
fi_00028,data/field/uganda/images/fi_00028.jpg,field_uganda,test,healthy,0,,healthy,256,256,01b566bc9ed54c49d513912be7f3a1b84e974bb204826db23cea215a1bbf3f20,c00028,1,0
fi_00029,data/field/uganda/images/fi_00029.jpg,field_uganda,test,healthy,0,,healthy,256,256,72e09bfd79abc882984d4ce0ac9949df6710ab16ebbc8ae0d1c25f212f5130d8,c00029,1,0
fi_00030,data/field/uganda/images/fi_00030.jpg,field_uganda,test,healthy,0,,healthy,256,256,2a64e3618b4fed48d227d255ff72636efdad935e5722d091455313368e5f7896,c00030,1,0
fi_00031,data/field/uganda/images/fi_00031.jpg,field_uganda,test,healthy,0,,healthy,256,256,b010928033050273d332a2b4ea0553ac409f13d69c2f6d3f8c93f7585435f726,c00031,1,0
fi_00032,data/field/uganda/images/fi_00032.jpg,field_uganda,test,healthy,0,,healthy,256,256,892fec9efbe8e595ed87dd2fa8868a081cde7ae8f69d1cd62a9294077529b4be,c00032,1,0
fi_00033,data/field/uganda/images/fi_00033.jpg,field_uganda,test,healthy,0,,healthy,256,256,c8a37c998e00e13f59d0aa48163e1de0236a83bd69ca8cea0881f4173971d934,c00033,1,0
fi_00034,data/field/uganda/images/fi_00034.jpg,field_uganda,test,healthy,0,,healthy,256,256,8f6bada85112d463ed4041de5dc1dd0b08534e210c79146c6149388c9d9c1d91,c00034,1,0
fi_00035,data/field/uganda/images/fi_00035.jpg,field_uganda,test,healthy,0,,healthy,256,256,31a8b09d89f9ab4b7d4d0d8495a9a90e82f4195d1d29466a90039ddb3f15ce02,c00035,1,0
fi_00036,data/field/uganda/images/fi_00036.jpg,field_uganda,test,healthy,0,,healthy,256,256,df7d1047a4ef47c5a4aadb0497705ee446983b50230d608e66935c911e394c10,c00036,1,0
fi_00037,data/field/uganda/images/fi_00037.jpg,field_uganda,test,healthy,0,,healthy,256,256,f58e40882bf5271dfecc77c31cf431ebad13607fe8cde41ba58623c726bd3c56,c00037,1,0
fi_00038,data/field/uganda/images/fi_00038.jpg,field_uganda,test,healthy,0,,healthy,256,256,f44e1473e70a9c65e633a65280a86a9d96580f7aea71be61f0e13c863d038f52,c00038,1,1
fi_00039,data/field/uganda/images/fi_00039.jpg,field_uganda,test,healthy,0,,healthy,256,256,764598f111b3577abdc59599de99bb236d03db084ce9863f798a9d1f69ed7fb7,c00039,1,0
fi_00040,data/field/uganda/images/fi_00040.jpg,field_uganda,test,healthy,0,,healthy,256,256,e0d6d58d448c62c79578035f9edb82e04383c0f2ecb86e0a826efca7d2c39a63,c00040,1,0
fi_00041,data/field/uganda/images/fi_00041.jpg,field_uganda,test,healthy,0,,healthy,256,256,40341c69be16cda105558127b899977f2bf6ac46adf51c03fcafc9a409d7f31b,c00041,1,0
fi_00042,data/field/uganda/images/fi_00042.jpg,field_uganda,test,healthy,0,,healthy,256,256,c0b4cca404bc42041c8b643edf856703dd055ca12288e07658666c92daafb906,c00042,1,1
fi_00043,data/field/uganda/images/fi_00043.jpg,field_uganda,test,healthy,0,,healthy,256,256,913ad6e0e29e6b5549bc29ca467a22bbcf467d9f9495e6508214f95bd59d51de,c00043,1,0
fi_00044,data/field/uganda/images/fi_00044.jpg,field_uganda,test,healthy,0,,healthy,256,256,4729f4395e45999f0f22900d6acaaf996ec02a9188e3806452dff8523de121a6,c00044,1,0
fi_00045,data/field/uganda/images/fi_00045.jpg,field_uganda,test,healthy,0,,healthy,256,256,00d3ca32796c154838a6aa9f5f5e51157020eaf92c2f885eed6da097bab31bb8,c00045,1,1
fi_00046,data/field/uganda/images/fi_00046.jpg,field_uganda,test,healthy,0,,healthy,256,256,fc8b4418490568ef70ae69079700973d91583c2fc33191adfd8b68723b4824d1,c00046,1,0
fi_00047,data/field/uganda/images/fi_00047.jpg,field_uganda,test,healthy,0,,healthy,256,256,ec2a50ddca4302dbe00721403f3fc0012058710e745cf6926f6b70a8c177c3e2,c00047,1,0
fi_00048,data/field/uganda/images/fi_00048.jpg,field_uganda,test,healthy,0,,healthy,256,256,5d25bc1ec719a35eb0419740f66d90e95cf1e2c021e431bab5e7733c5351a626,c00048,1,0
fi_00049,data/field/uganda/images/fi_00049.jpg,field_uganda,test,healthy,0,,healthy,256,256,9a7e7db836999376406ec363ee5b84c888d4724fa8518c896c4354d1b658d7c8,c00049,1,0
fi_00050,data/field/uganda/images/fi_00050.jpg,field_uganda,test,healthy,0,,healthy,256,256,12a174afe4177af14772bdc9d7b6ebcf65411611a2c71fd86e00eb91fdbbf3d3,c00050,1,0
fi_00051,data/field/uganda/images/fi_00051.jpg,field_uganda,test,healthy,0,,healthy,256,256,c854e19ae0011e22d7b203ee0f737a56f41f8d9b36b622f71d25f51a978ab4dc,c00051,1,1
fi_00052,data/field/uganda/images/fi_00052.jpg,field_uganda,test,healthy,0,,healthy,256,256,6690ca35f14ff625c5a0fdb49ef5380643d1858d2c70b26299f058203817fe5f,c00052,1,0
fi_00053,data/field/uganda/images/fi_00053.jpg,field_uganda,test,healthy,0,,healthy,256,256,fe64240472b514fe0a63728a8583a8e4cb4318570f48b6398ece8ef822793c33,c00053,1,0
fi_00054,data/field/uganda/images/fi_00054.jpg,field_uganda,test,healthy,0,,healthy,256,256,bfc5427e15ee24e5106d61ae4c7445ea730014e13ec9030c6168eeb3c3e8056c,c00054,1,0
fi_00055,data/field/uganda/images/fi_00055.jpg,field_uganda,test,healthy,0,,healthy,256,256,138a641dbb5a144a804dfc1824ab955db6643a5725365f611d17d47488535bb8,c00055,1,0
fi_00056,data/field/uganda/images/fi_00056.jpg,field_uganda,test,healthy,0,,healthy,256,256,089322a2150a5e9c925c93d9382fe74c1c64d125ece613009e9c4de9d578669c,c00056,1,0
fi_00057,data/field/uganda/images/fi_00057.jpg,field_uganda,test,healthy,0,,healthy,256,256,c0df57a246b1f809a5ac4d82247609e1773ffa3dd8394ae01d6031287ae7d969,c00057,1,0
fi_00058,data/field/uganda/images/fi_00058.jpg,field_uganda,test,healthy,0,,healthy,256,256,b77250a8bf6e22e19320bb83af8c4f01db495e775bd6d640319cd25c77a70646,c00058,1,0
fi_00059,data/field/uganda/images/fi_00059.jpg,field_uganda,test,healthy,0,,healthy,256,256,1f59ea9c724bf984dcb1aa4fc073d34f18af287dfac0fca65e5ca811fdf08dc1,c00059,1,0
fi_00060,data/field/uganda/images/fi_00060.jpg,field_uganda,test,healthy,0,,healthy,256,256,6f31d85faf05770121ce644ebaacf5dfa3669330104eebcce5852dec624c153f,c00060,1,0
fi_00061,data/field/uganda/images/fi_00061.jpg,field_uganda,test,healthy,0,,healthy,256,256,872042878a148bbf818e953d1158dc8004f492183448d03bc3a37d6912ef9b40,c00061,1,0
fi_00062,data/field/uganda/images/fi_00062.jpg,field_uganda,test,healthy,0,,healthy,256,256,6fd60a870fdc680163ee33c233b4cc573b4e029b8b8cbe86e4f4698799f95859,c00062,1,0
fi_00063,data/field/uganda/images/fi_00063.jpg,field_uganda,test,healthy,0,,healthy,256,256,873ed688168919e44a9211b0d37a80c51c4ba60811536f22ba6053c3e6935fe2,c00063,1,0
fi_00064,data/field/uganda/images/fi_00064.jpg,field_uganda,test,healthy,0,,healthy,256,256,3aec3c87fde361e44cd22e2a583193d43e80bf8a7dc06261732b03503a275be2,c00064,1,0
fi_00065,data/field/uganda/images/fi_00065.jpg,field_uganda,test,healthy,0,,healthy,256,256,443b9ebfa5333f631cbad8994ff77df9580ffaf4b7b3e3d6ac462199d19e2b4b,c00065,1,0
fi_00066,data/field/uganda/images/fi_00066.jpg,field_uganda,test,healthy,0,,healthy,256,256,81f9045a0be04c7cee4a398bd608328adace6ee233f765d028e7854a0c823485,c00066,1,0
fi_00067,data/field/uganda/images/fi_00067.jpg,field_uganda,test,healthy,0,,healthy,256,256,1c5fcdf5b103436b4981287944e2c6aad0112c1cd40d49329d1d0ad76468ed04,c00067,1,0
fi_00068,data/field/uganda/images/fi_00068.jpg,field_uganda,test,healthy,0,,healthy,256,256,049a754bfaae0b5de827abb319c963f13616d1121d7d4da0a081fd0b5d1726fa,c00068,1,1
fi_00069,data/field/uganda/images/fi_00069.jpg,field_uganda,test,healthy,0,,healthy,256,256,dbe7606e00b94471f3b334074f16a2884cbc09d9821a38eae1f2d12cad4044ff,c00069,1,0
fi_00070,data/field/uganda/images/fi_00070.jpg,field_uganda,test,healthy,0,,healthy,256,256,90a6b30e5f0eb2856dc4d3a80039e6f0bf6810bfe0d544d4444b48e6f617b6e3,c00070,1,0
fi_00071,data/field/uganda/images/fi_00071.jpg,field_uganda,test,healthy,0,,healthy,256,256,aa39ada1db5e0fb689309b6d49f22f0e27c1b41ccfdb93dfd517899c45199f11,c00071,1,0
fi_00072,data/field/uganda/images/fi_00072.jpg,field_uganda,test,healthy,0,,healthy,256,256,65b8c03c05eb693abd41495b792ed42e6b0b3f62da0922c4806bf04ab6c4f1e5,c00072,1,0
fi_00073,data/field/uganda/images/fi_00073.jpg,field_uganda,test,healthy,0,,healthy,256,256,1e368618d95c3bc3cf2d5ef4757388223cc88718454656a6bcc6dd5c55324bb0,c00073,1,0
fi_00074,data/field/uganda/images/fi_00074.jpg,field_uganda,test,healthy,0,,healthy,256,256,472ecb074429ccd99c927f056db3749f98b10a78bc469ff666b7fb32873e0d79,c00074,1,0
fi_00075,data/field/uganda/images/fi_00075.jpg,field_uganda,test,healthy,0,,healthy,256,256,d42fcd35f49824f0eb93443f6328aec006d3d12d9351e4237d17ba0e7e83a9cf,c00075,1,0
fi_00076,data/field/uganda/images/fi_00076.jpg,field_uganda,test,healthy,0,,healthy,256,256,19f62257a4aa6c2a863973b2305b0601f7216b78515ee68c641befb4ad5afb22,c00076,1,0
fi_00077,data/field/uganda/images/fi_00077.jpg,field_uganda,test,healthy,0,,healthy,256,256,c292a55c4c4643c227694182bf9b7f649269d3894ac6ec5ece8f329eb161c474,c00077,1,0
fi_00078,data/field/uganda/images/fi_00078.jpg,field_uganda,test,healthy,0,,healthy,256,256,7cc2a8aa980b3830500314f8470dde7ce0036666a972f2c827c778ba4899b41e,c00078,1,0
fi_00079,data/field/uganda/images/fi_00079.jpg,field_uganda,test,healthy,0,,healthy,256,256,2c1464f761555366f3852fecfbe8349a54f576fb08cb3f428163705764c763ba,c00079,1,0
fi_00080,data/field/uganda/images/fi_00080.jpg,field_uganda,test,healthy,0,,healthy,256,256,79f928975949c248398990b2d328ea856efcc167e5a795017084e536eef970b2,c00080,1,0
fi_00081,data/field/uganda/images/fi_00081.jpg,field_uganda,test,healthy,0,,healthy,256,256,efc8e57612ddb0b97c75160dc1c294af0de6056218fa5f685f484a0ef87a9938,c00081,1,1
fi_00082,data/field/uganda/images/fi_00082.jpg,field_uganda,test,healthy,0,,healthy,256,256,e473d5b90a8d41282b6470709e1c660f61da447890a1149bd502ebf7519728d0,c00082,1,0
fi_00083,data/field/uganda/images/fi_00083.jpg,field_uganda,test,healthy,0,,healthy,256,256,79524616df63c2f2cb31bb8c44e937e4b1bb71683f0492564d3c14c2016bd48e,c00083,1,0
fi_00084,data/field/uganda/images/fi_00084.jpg,field_uganda,test,healthy,0,,healthy,256,256,a848a51b35926cd8a68816135a981c0354ce2fd9f9067ae8765814556311d1a6,c00084,1,0
fi_00085,data/field/uganda/images/fi_00085.jpg,field_uganda,test,healthy,0,,healthy,256,256,cfcab636c56eb768eec4b402b3c8cddc7956da6574b10f8f637f336925e79a2d,c00085,1,0
fi_00086,data/field/uganda/images/fi_00086.jpg,field_uganda,test,healthy,0,,healthy,256,256,c16a203d55fb23dd2fe0b88d606f501cd95e00b08d4a1d145eb5180b372a89f4,c00086,1,0
fi_00087,data/field/uganda/images/fi_00087.jpg,field_uganda,test,healthy,0,,healthy,256,256,daa63cea98e344b4788123faec0e75b36c57e631a9dd85b8e02a8c9139e90d06,c00087,1,0
fi_00088,data/field/uganda/images/fi_00088.jpg,field_uganda,test,healthy,0,,healthy,256,256,6055158c1ff1db2c15d11b12d81aa697bd0e7f771f6079b194fa1bbe9392e531,c00088,1,0
fi_00089,data/field/uganda/images/fi_00089.jpg,field_uganda,test,healthy,0,,healthy,256,256,668fcc3fdf250935964da5fd3e8eb1c97b8984d9e382bfd1830f11151009b35d,c00089,1,0
fi_00090,data/field/uganda/images/fi_00090.jpg,field_uganda,test,healthy,0,,healthy,256,256,5dd91a87d5345cff49df013ddb3735eeac1b5450241f9d6983173fb2fc84a382,c00090,1,0
fi_00091,data/field/uganda/images/fi_00091.jpg,field_uganda,test,healthy,0,,healthy,256,256,5a3981844ebb3685214f447c86ee84495f309a1796bdc0283599ba3a7256f077,c00091,1,1
fi_00092,data/field/uganda/images/fi_00092.jpg,field_uganda,test,healthy,0,,healthy,256,256,1bdc483754d2d94416f89d431ba26fae761e632545dd4e61261a283c7d8959c1,c00092,1,0
fi_00093,data/field/uganda/images/fi_00093.jpg,field_uganda,test,healthy,0,,healthy,256,256,7d313172bd506767820d64ddda49d21a1fe876ccf42d07aada818b77e2a9c614,c00093,1,0
fi_00094,data/field/uganda/images/fi_00094.jpg,field_uganda,test,healthy,0,,healthy,256,256,563a13aa1fd322b24fea8da68e49291b5e28b8f3eb23bb7c06a25d13111e216b,c00094,1,1
fi_00095,data/field/uganda/images/fi_00095.jpg,field_uganda,test,healthy,0,,healthy,256,256,226d349e523667922878ee0c21cbfd78060bae6c0fe39f7bb9edecc19152dc9a,c00095,1,0
fi_00096,data/field/uganda/images/fi_00096.jpg,field_uganda,test,healthy,0,,healthy,256,256,db9f03f6d35d5f2d07b5fe9999d4efbd0e72e6fb4db6050ade3e6afec5e37746,c00096,1,1
fi_00097,data/field/uganda/images/fi_00097.jpg,field_uganda,test,healthy,0,,healthy,256,256,10a4f97dd36dc9e08208193d2689346f7d9a80550ab66b57d1fb640d696bf647,c00097,1,0
fi_00098,data/field/uganda/images/fi_00098.jpg,field_uganda,test,healthy,0,,healthy,256,256,8178d94a9bd2ef3638cfde5383dcf976652e27dde4548aa3f67571392215aa93,c00098,1,1
fi_00099,data/field/uganda/images/fi_00099.jpg,field_uganda,test,healthy,0,,healthy,256,256,f25a5a28e9e52357b8807772db1e7cf17bb7ad113f0698495dca5df3a949e68b,c00099,1,0
fi_00100,data/field/uganda/images/fi_00100.jpg,field_uganda,test,healthy,0,,healthy,256,256,bd11d22c13f63a47c3a3d40bb38300eda1d402c45e14a0e70f053dc1e2337e26,c00100,1,0
fi_00101,data/field/uganda/images/fi_00101.jpg,field_uganda,test,healthy,0,,healthy,256,256,54a7098589cef0585cb388ba53434c3c345cb08042e4de2699162268f3e50771,c00101,1,0
fi_00102,data/field/uganda/images/fi_00102.jpg,field_uganda,test,healthy,0,,healthy,256,256,0ecffb82d933850b9a6e7fa2527a8fed86883d5f4301d6ece8fa25756eec6c83,c00102,1,0
fi_00103,data/field/uganda/images/fi_00103.jpg,field_uganda,test,healthy,0,,healthy,256,256,6aff698a49e268bd3b1fdc9439975db1a2d6f58996a81c63b769ffdebc4c2136,c00103,1,0
fi_00104,data/field/uganda/images/fi_00104.jpg,field_uganda,test,healthy,0,,healthy,256,256,6deea0eef0733566266af66e6dbc32298a09718811249c0e13cbeed84a3639d9,c00104,1,1
fi_00105,data/field/uganda/images/fi_00105.jpg,field_uganda,test,healthy,0,,healthy,256,256,d63827d0c531c6e75b4d8046dd20a36ccff97c2051c9d921cdc9c85a413c118a,c00105,1,0
fi_00106,data/field/uganda/images/fi_00106.jpg,field_uganda,test,healthy,0,,healthy,256,256,63e159bf022e7967d6ed26a773ecac501b7affac9738b6bee1ec5f65217333c7,c00106,1,0
fi_00107,data/field/uganda/images/fi_00107.jpg,field_uganda,test,healthy,0,,healthy,256,256,28f01719636ab75d680e14fc50c4ae7716059d61e3d6ad7b8b559d14b61ffd7d,c00107,1,0
fi_00108,data/field/uganda/images/fi_00108.jpg,field_uganda,test,healthy,0,,healthy,256,256,7d83fcf53fbe66971fd5e1d5e6301d2f10f1d2beef1260ae89498fe65bf6cecf,c00108,1,0
fi_00109,data/field/uganda/images/fi_00109.jpg,field_uganda,test,healthy,0,,healthy,256,256,4559a41c539259c9114343356a3c139deab9286809338455465f3be158ce207d,c00109,1,0
fi_00110,data/field/uganda/images/fi_00110.jpg,field_uganda,test,healthy,0,,healthy,256,256,76fbce96f3731207ac6f7f4be781f71978769601c72b6370b72dcc127a4978ef,c00110,1,0
fi_00111,data/field/uganda/images/fi_00111.jpg,field_uganda,test,healthy,0,,healthy,256,256,0f9da163f14fbf7c8b7ea1bbedf72a7656c174c28955510718f0aefcbd804f97,c00111,1,0
fi_00112,data/field/uganda/images/fi_00112.jpg,field_uganda,test,healthy,0,,healthy,256,256,335dc38aab58860b10ca5d5ac4807339cc8dbfd883d4c4a7cc9316f8d3a6e266,c00112,1,1
fi_00113,data/field/uganda/images/fi_00113.jpg,field_uganda,test,healthy,0,,healthy,256,256,1f3e1f2292d84a90e2349537a7f13147877a9a2345c65cd0f6870be9c8605638,c00113,1,0
fi_00114,data/field/uganda/images/fi_00114.jpg,field_uganda,test,healthy,0,,healthy,256,256,d03f27438af978cb91db4b46a0c5c6c3f29baff52fba9d281187ecee67195b2e,c00114,1,0
fi_00115,data/field/uganda/images/fi_00115.jpg,field_uganda,test,healthy,0,,healthy,256,256,619243dc263a90a1f4cb4750b952db3aa9c8b5b86dfb2dfb05ce6b60db17e3e7,c00115,1,0
fi_00116,data/field/uganda/images/fi_00116.jpg,field_uganda,test,healthy,0,,healthy,256,256,321a6564061880fdc1b8c187dc941cd3d4f6e82df931ff26760b49c0af8a931e,c00116,1,0
fi_00117,data/field/uganda/images/fi_00117.jpg,field_uganda,test,healthy,0,,healthy,256,256,47961e11fd8e7558d10d49823c711b1144e1d1b79cacca6ac0660f289cc44470,c00117,1,0
fi_00118,data/field/uganda/images/fi_00118.jpg,field_uganda,test,healthy,0,,healthy,256,256,572c85a73a79111a4b9ed5707ad6ec399a4c4710c9a7bb2bc700f4c2c7f2931a,c00118,1,0
fi_00119,data/field/uganda/images/fi_00119.jpg,field_uganda,test,healthy,0,,healthy,256,256,ce3f1b284fd228fc64a8827efda2f3b6447ff7bf02b499c9a768844f9c9577e2,c00119,1,0
fi_00120,data/field/uganda/images/fi_00120.jpg,field_uganda,test,healthy,0,,healthy,256,256,863f97fc34541a83275663e7151249e36013d13b06f6f2c6faf545a689e545eb,c00120,1,0
fi_00121,data/field/uganda/images/fi_00121.jpg,field_uganda,test,healthy,0,,healthy,256,256,fb93ce8dbbbf231b5ee4c7237585eee77366b5d071fa4c46865a3b66b66f7323,c00121,1,0
fi_00122,data/field/uganda/images/fi_00122.jpg,field_uganda,test,healthy,0,,healthy,256,256,a72071619442d78bf42f08bac2a60dca754f7c16805d686c0ef679b28e627d17,c00122,1,0
fi_00123,data/field/uganda/images/fi_00123.jpg,field_uganda,test,healthy,0,,healthy,256,256,a9f8a901858972e63247027d71e0efda00dd9b9be83e28f3491f470f77b3fa1f,c00123,1,0
fi_00124,data/field/uganda/images/fi_00124.jpg,field_uganda,test,healthy,0,,healthy,256,256,3747d8c528513dde9b53dc241aace792134f6cc8b37b3fae5f467f3df25b0367,c00124,1,0
fi_00125,data/field/uganda/images/fi_00125.jpg,field_uganda,test,healthy,0,,healthy,256,256,65f4a6d0368cf35b4462048a0b34bdea2e90befb57fa63531bcdd98bfb97ec4c,c00125,1,1
fi_00126,data/field/uganda/images/fi_00126.jpg,field_uganda,test,healthy,0,,healthy,256,256,d82a4dbd0eb2f91f64323cdf662af2737a8bb7f7479ff7b7dc01735faf571b53,c00126,1,0
fi_00127,data/field/uganda/images/fi_00127.jpg,field_uganda,test,healthy,0,,healthy,256,256,d38f8fc5af0a93330707e256e24dae050f1b1d1e0f5857073061306888e4c3bd,c00127,1,0
fi_00128,data/field/uganda/images/fi_00128.jpg,field_uganda,test,healthy,0,,healthy,256,256,2a71c1544cb1cabc0392588b123fd51f5c73109cfe5be8598ecc84052f19109c,c00128,1,0
fi_00129,data/field/uganda/images/fi_00129.jpg,field_uganda,test,healthy,0,,healthy,256,256,887d6c93fbf5a0bab013888506e151c847f209c6751364d3cf2c1233b21a6d17,c00129,1,0
fi_00130,data/field/uganda/images/fi_00130.jpg,field_uganda,test,healthy,0,,healthy,256,256,d0084b776176c73466b49348a0183ccdf4cfacec10fdcad959331ab26f571688,c00130,1,0
fi_00131,data/field/uganda/images/fi_00131.jpg,field_uganda,test,healthy,0,,healthy,256,256,ec88a8f9f70bf0fe5968792c59fe03448df388997ec7d6d41a8bb7693af11ada,c00131,1,0
fi_00132,data/field/uganda/images/fi_00132.jpg,field_uganda,test,healthy,0,,healthy,256,256,c3d299cfffa8ccc9728da357a3c4a26e6dc5bf0032b4c3508b8412577a85c33d,c00132,1,1
fi_00133,data/field/uganda/images/fi_00133.jpg,field_uganda,test,healthy,0,,healthy,256,256,391d780ce0ce3dbb53eb9b0aa8eefc11a9842d042f433e74f6d8493bae901ceb,c00133,1,1
fi_00134,data/field/uganda/images/fi_00134.jpg,field_uganda,test,healthy,0,,healthy,256,256,208b3c2519ecfc1ca6155bc59734da6c354b2de9e21280c09fbc1296b9440bec,c00134,1,0
fi_00135,data/field/uganda/images/fi_00135.jpg,field_uganda,test,healthy,0,,healthy,256,256,f85e0c5a7e9628bc4f967e1378668f6485bfd8b2d0283eebc328292fefa6b12b,c00135,1,0
fi_00136,data/field/uganda/images/fi_00136.jpg,field_uganda,test,healthy,0,,healthy,256,256,fa6be8e1f63ac54e8acf2c9cc51cfe8e1eab45c0880a1d4e94605b6537d4575a,c00136,1,0
fi_00137,data/field/uganda/images/fi_00137.jpg,field_uganda,test,healthy,0,,healthy,256,256,403f112db2bdb5cc61f6bd4842ed87765f2c07a7b3a25ba569e86be4e6827a28,c00137,1,1
fi_00138,data/field/uganda/images/fi_00138.jpg,field_uganda,test,healthy,0,,healthy,256,256,cce76029b584f53e22c057d27d5a9d14de5fae56a782f8f12eb7508730e3a11d,c00138,1,1
fi_00139,data/field/uganda/images/fi_00139.jpg,field_uganda,test,healthy,0,,healthy,256,256,8cf655621f535b8522a6bd83c3201738da483b20a8e0cd306a35cb099c41aea7,c00139,1,0
fi_00140,data/field/uganda/images/fi_00140.jpg,field_uganda,test,healthy,0,,healthy,256,256,90d630dc10b179e0c6a1c2dbd7b7f44d5c64c59411e3d6a1529553fe6d1f4c2c,c00140,1,0
fi_00141,data/field/uganda/images/fi_00141.jpg,field_uganda,test,healthy,0,,healthy,256,256,5e9a5c8c5d33b9afc092bca7eb3ad7f6c1919da47ba2ba8a6a2240f3cb966529,c00141,1,0
fi_00142,data/field/uganda/images/fi_00142.jpg,field_uganda,test,healthy,0,,healthy,256,256,dc631281079e539bb8aa2483ce2e68ce281219c9f7f7070ef5137bed353996a7,c00142,1,0
fi_00143,data/field/uganda/images/fi_00143.jpg,field_uganda,test,healthy,0,,healthy,256,256,a4c3c634fd86b5bcd28d90ba7af3bc78032230e6c054ab167245bd39ec0bbc83,c00143,1,0
fi_00144,data/field/uganda/images/fi_00144.jpg,field_uganda,test,healthy,0,,healthy,256,256,4f70ee19cc9c527745ccd42e22ee31e5ccb5fec9906700d9821c75cf2df4590c,c00144,1,0
fi_00145,data/field/uganda/images/fi_00145.jpg,field_uganda,test,healthy,0,,healthy,256,256,4d89860be960cfde9ff66f9f915d976ee09468514ee04fba50be522c35b217ef,c00145,1,0
fi_00146,data/field/uganda/images/fi_00146.jpg,field_uganda,test,healthy,0,,healthy,256,256,1da273660ad664281c796c39268a34338f8377b93ed9bb3332170caa9bad3f50,c00146,1,0
fi_00147,data/field/uganda/images/fi_00147.jpg,field_uganda,test,healthy,0,,healthy,256,256,2ce4ddaee76c891277d2d4522dd1761b953e8c0cde94b8842b79c51d1c86f415,c00147,1,0
fi_00148,data/field/uganda/images/fi_00148.jpg,field_uganda,test,healthy,0,,healthy,256,256,7fde764f062a030b27716fd1c3e873d95c9ca0a8b6a70b37363ae85a5892a3a3,c00148,1,0
fi_00149,data/field/uganda/images/fi_00149.jpg,field_uganda,test,healthy,0,,healthy,256,256,3c4188ddae330cff6292760d9c66cfc31ce4a62997a6c8603b6e04aff1e2ad38,c00149,1,0
fi_00150,data/field/uganda/images/fi_00150.jpg,field_uganda,test,healthy,0,,healthy,256,256,c3b0bc6156d3bc3dfa7ad75b5cb7d510946bab32b7c9e6fd1a9df93c6854ac7b,c00150,1,0
fi_00151,data/field/uganda/images/fi_00151.jpg,field_uganda,test,healthy,0,,healthy,256,256,d298baab1412b26735b30375b725c733538e858f1a6fe0b438cd7ed2b6a8957c,c00151,1,0
fi_00152,data/field/uganda/images/fi_00152.jpg,field_uganda,test,healthy,0,,healthy,256,256,57dae74ae42aecfaea6f4b24c650a9575896f8158597c8a94f64f8d35d48be40,c00152,1,0
fi_00153,data/field/uganda/images/fi_00153.jpg,field_uganda,test,healthy,0,,healthy,256,256,81f0b352cf04ca8f2ead2ae0228d3befc9140cbfbe3b26917bde8764d83e9999,c00153,1,0
fi_00154,data/field/uganda/images/fi_00154.jpg,field_uganda,test,healthy,0,,healthy,256,256,e9006751fe022a0f75e5077fabd949099609daa4d85a9f4941b2ad78ea10a961,c00154,1,0
fi_00155,data/field/uganda/images/fi_00155.jpg,field_uganda,test,healthy,0,,healthy,256,256,2d663c00bffafd74926989b3e848ced28e8a4235ae9d1f68a1b43b84b0ab22d2,c00155,1,0
fi_00156,data/field/uganda/images/fi_00156.jpg,field_uganda,test,healthy,0,,healthy,256,256,ae102864d8daa14bb4aa41f486422aa90217a86886ea2c3f216a0d5c303ef428,c00156,1,1
fi_00157,data/field/uganda/images/fi_00157.jpg,field_uganda,test,healthy,0,,healthy,256,256,4ae4732eee3674bb47851e259647921c6b405ab9b9e6b70697d93c9fdf7232db,c00157,1,0
fi_00158,data/field/uganda/images/fi_00158.jpg,field_uganda,test,healthy,0,,healthy,256,256,632117f8cf426f56759a4bf3f50404348ed74fa6c58e880f588f81b4395d8aa6,c00158,1,0
fi_00159,data/field/uganda/images/fi_00159.jpg,field_uganda,test,healthy,0,,healthy,256,256,493878278e44ac51696763d49d5d59a0846d360fad4f1d8144a7c26c22b2de97,c00159,1,0
fi_00160,data/field/uganda/images/fi_00160.jpg,field_uganda,test,healthy,0,,healthy,256,256,10c32ee23b62a6f779650d6c6d3076bcf6fbf5db4274a9b3376d8d3980c41d59,c00160,1,0
fi_00161,data/field/uganda/images/fi_00161.jpg,field_uganda,test,healthy,0,,healthy,256,256,836b2de5dfd1bf6f84a2e1bb98f825dbc8177c507487023b7551ac30b7cd5d8a,c00161,1,0
fi_00162,data/field/uganda/images/fi_00162.jpg,field_uganda,test,healthy,0,,healthy,256,256,7b3cd4226e24697164b9acaa74d3c29408e220a22bf55147525c979b8b5ac98d,c00162,1,0
fi_00163,data/field/uganda/images/fi_00163.jpg,field_uganda,test,healthy,0,,healthy,256,256,2aec13fc787b149b2f3186a713ca442a485fd08b60ab242f31c4e87dfa882c39,c00163,1,0
fi_00164,data/field/uganda/images/fi_00164.jpg,field_uganda,test,healthy,0,,healthy,256,256,4c2b82e621e8dfc678b2ed4d19c1244bd3eff1cd919c6147f4e53c8df4cee18c,c00164,1,0
fi_00165,data/field/uganda/images/fi_00165.jpg,field_uganda,test,healthy,0,,healthy,256,256,ea8c08411142d71ccde51ba1dff5d698f433466c3fd1756c4101253dd1d0897f,c00165,1,0
fi_00166,data/field/uganda/images/fi_00166.jpg,field_uganda,test,healthy,0,,healthy,256,256,6b6dcf9eb49dbcae226d0a8b75176299a0032137c20d39eb42e4a97ba20517da,c00166,1,0
fi_00167,data/field/uganda/images/fi_00167.jpg,field_uganda,test,healthy,0,,healthy,256,256,1207fc2e5cb5700c6ffe841924360aca76bad54da2555d4b98438bd6f84640ca,c00167,1,0
fi_00168,data/field/uganda/images/fi_00168.jpg,field_uganda,test,healthy,0,,healthy,256,256,c5943e18b99004049209468717b267315a277d796852e35434b4549b23517b78,c00168,1,0
fi_00169,data/field/uganda/images/fi_00169.jpg,field_uganda,test,healthy,0,,healthy,256,256,1c21555089ca0d1b04ee57b473187df5254d1e5bcea15a504fe99d695c1b135a,c00169,1,0
fi_00170,data/field/uganda/images/fi_00170.jpg,field_uganda,test,healthy,0,,healthy,256,256,5f1a596e76c9de40730087e8c54e73de6f8dfc2e32b71ce26e8ddb96ca60b052,c00170,1,0
fi_00171,data/field/uganda/images/fi_00171.jpg,field_uganda,test,healthy,0,,healthy,256,256,c751f0cd8af26e8c7996aaf458db462ebf4a610b2ceb4c6a7097af4133e6c229,c00171,1,0
fi_00172,data/field/uganda/images/fi_00172.jpg,field_uganda,test,healthy,0,,healthy,256,256,71a2c1b944c00ee60bf1e48681681a15f1b5cf1e3cca29a06e614be21d7fb354,c00172,1,1
fi_00173,data/field/uganda/images/fi_00173.jpg,field_uganda,test,healthy,0,,healthy,256,256,8bce6b8e17964d7db0667df3f8b28338109384f29743d9fefefc680d93277a89,c00173,1,0
fi_00174,data/field/uganda/images/fi_00174.jpg,field_uganda,test,healthy,0,,healthy,256,256,dd6bd0405de870407e19ebfc3f3a3f53df942217ed4297778d7e5daf59272d8a,c00174,1,0
fi_00175,data/field/uganda/images/fi_00175.jpg,field_uganda,test,healthy,0,,healthy,256,256,65c2dc1c46eacee88217bc6f97ccda49e4f1f2ec99732e5eb9a833db43cc1905,c00175,1,0
fi_00176,data/field/uganda/images/fi_00176.jpg,field_uganda,test,healthy,0,,healthy,256,256,f2d880e235e474676b1e69b9258729006ea0bd520dfeeb3a36ff399e71200a3f,c00176,1,0
fi_00177,data/field/uganda/images/fi_00177.jpg,field_uganda,test,healthy,0,,healthy,256,256,84d5ec15ce2f12d1d8b58e34321532d4e95407a28210f306a99d3acdfb8d2b35,c00177,1,0
fi_00178,data/field/uganda/images/fi_00178.jpg,field_uganda,test,healthy,0,,healthy,256,256,b5671c8753b043490a8ba481f7162236055c7b9f21f4a025e70a094ab79dff86,c00178,1,0
fi_00179,data/field/uganda/images/fi_00179.jpg,field_uganda,test,healthy,0,,healthy,256,256,e643278d02997cad17c33de0978c2888febcc0f4bca048b3acbb730130a175c7,c00179,1,0
fi_00180,data/field/uganda/images/fi_00180.jpg,field_uganda,test,healthy,0,,healthy,256,256,3101a218ff5e714df7057ac436baa45e7b2f1a811706c4df278be9a49056b093,c00180,1,0
fi_00181,data/field/uganda/images/fi_00181.jpg,field_uganda,test,healthy,0,,healthy,256,256,553978c34efe0d05f8ad1c1ec8f15508cbd101aacca4f7c488c0bebe9c902abf,c00181,1,0
fi_00182,data/field/uganda/images/fi_00182.jpg,field_uganda,test,healthy,0,,healthy,256,256,442a202cacfc49af3e47fe8928899e0f2552e0bbbac3b0f64a998e3ade25b560,c00182,1,1
fi_00183,data/field/uganda/images/fi_00183.jpg,field_uganda,test,healthy,0,,healthy,256,256,12823695de1aecb5e29f492c4df977b079b3eef96c67212626491b07fc54b943,c00183,1,0
fi_00184,data/field/uganda/images/fi_00184.jpg,field_uganda,test,healthy,0,,healthy,256,256,428adfdcf00018a8013bbbce4fee7ee5e90d8bc05adcdc79896c340398bab357,c00184,1,0
fi_00185,data/field/uganda/images/fi_00185.jpg,field_uganda,test,healthy,0,,healthy,256,256,55400170fed0553afbc80173bf94fa9861b51b8bd85c6bece607bff515822d6b,c00185,1,0
fi_00186,data/field/uganda/images/fi_00186.jpg,field_uganda,test,healthy,0,,healthy,256,256,078e9a2913b69c915ff75853944a18f1b628bb943c5ed25e60f9d21694e719a6,c00186,1,1
fi_00187,data/field/uganda/images/fi_00187.jpg,field_uganda,test,healthy,0,,healthy,256,256,35f01ec82beac2b8ffb994244f47b4da1d0b39c27c2d23208732fce85c07b4a5,c00187,1,1
fi_00188,data/field/uganda/images/fi_00188.jpg,field_uganda,test,healthy,0,,healthy,256,256,856a280406d48e2891c015c4d49cfc2f7fad8b31ff304e0413e2aab272d0b528,c00188,1,0
fi_00189,data/field/uganda/images/fi_00189.jpg,field_uganda,test,healthy,0,,healthy,256,256,1b1bd4e6820f34d529d426c34f154984be909b4e8228346ef38f2c5a4010891b,c00189,1,0
fi_00190,data/field/uganda/images/fi_00190.jpg,field_uganda,test,healthy,0,,healthy,256,256,d6aac4ffe9b12a77fc73d7b6c6ea8ea8a103d75cf2178f14832e8fac2fc42a82,c00190,1,0
fi_00191,data/field/uganda/images/fi_00191.jpg,field_uganda,test,healthy,0,,healthy,256,256,bd2e4611217540392c4fb44b2b2585991b31939d395912ccecd3e64c3e7cec50,c00191,1,0
fi_00192,data/field/uganda/images/fi_00192.jpg,field_uganda,test,healthy,0,,healthy,256,256,59d77df8a183ddbe5c607d31a7175ea31617485f717572210a9eccfa1d60608c,c00192,1,0
fi_00193,data/field/uganda/images/fi_00193.jpg,field_uganda,test,healthy,0,,healthy,256,256,0d4ca39fecaa93c8bed98f2d61f96d1136911ee526aea221e0d68bbe921da39f,c00193,1,0
fi_00194,data/field/uganda/images/fi_00194.jpg,field_uganda,test,healthy,0,,healthy,256,256,041682aad178aacb1c4d69bdcea4cad85c250395217d3f7ec456741b5df46427,c00194,1,0
fi_00195,data/field/uganda/images/fi_00195.jpg,field_uganda,test,healthy,0,,healthy,256,256,3f56912ac21eb33ddbebdb3bd54de7b16c505929fb2450a0dc4052c823d5ef15,c00195,1,0
fi_00196,data/field/uganda/images/fi_00196.jpg,field_uganda,test,healthy,0,,healthy,256,256,0d294aef62f2b7d879fcdff4e20b196c4af3b8676d6ef985c7dd382d074b4539,c00196,1,0
fi_00197,data/field/uganda/images/fi_00197.jpg,field_uganda,test,healthy,0,,healthy,256,256,2a9b8c7cb9f169342d86ea283b84cefaf162fe16361205bd83b54d0807136ea8,c00197,1,0
fi_00198,data/field/uganda/images/fi_00198.jpg,field_uganda,test,healthy,0,,healthy,256,256,d56fb614a3e353103f01be73edb38447cfae5f8d5f06a03ced401c012b6c2bb7,c00198,1,0
fi_00199,data/field/uganda/images/fi_00199.jpg,field_uganda,test,healthy,0,,healthy,256,256,9ae7bf67f3d94f91cfef670c80168a469b38090b6180ac52659d51a578654a14,c00199,1,0
fi_00200,data/field/uganda/images/fi_00200.jpg,field_uganda,test,healthy,0,,healthy,256,256,6397dbe1ee98c54ae1b18869a19758bfdc8c5e31f689423594833e37bd56a83a,c00200,1,1
fi_00201,data/field/uganda/images/fi_00201.jpg,field_uganda,test,healthy,0,,healthy,256,256,d11226e9004ae9dbfa6f7f633aa26ad9ac3f9b84ca326aa3dddc32e00655da6d,c00201,1,1
fi_00202,data/field/uganda/images/fi_00202.jpg,field_uganda,test,healthy,0,,healthy,256,256,75bfe08ff3fd368da664739ca5b49b79992d5bdf9dd86527ea9d886e4925bff5,c00202,1,0
fi_00203,data/field/uganda/images/fi_00203.jpg,field_uganda,test,healthy,0,,healthy,256,256,bf17bb1c55e3056520daf5e12d4f19b9da45639b35a2f5f2534088acdd76f41d,c00203,1,0
fi_00204,data/field/uganda/images/fi_00204.jpg,field_uganda,test,healthy,0,,healthy,256,256,b0e6e617b4e637430246366e660be492cf04960c107d51655f036fc1174c3fb4,c00204,1,0
fi_00205,data/field/uganda/images/fi_00205.jpg,field_uganda,test,healthy,0,,healthy,256,256,63aaa9e802baffd3c2a5903f9707079ee525551fd9a51fd42b5644bc027581c6,c00205,1,0
fi_00206,data/field/uganda/images/fi_00206.jpg,field_uganda,test,healthy,0,,healthy,256,256,17adbe5d73a7b7f25a7a1e6d0be40a4918ad98a86bcacaebac2fa364e8289da0,c00206,1,1
fi_00207,data/field/uganda/images/fi_00207.jpg,field_uganda,test,healthy,0,,healthy,256,256,81eda71acad3f48780253abee73a6b749d5cbfd069546821f125657e7ebe6ae4,c00207,1,1
fi_00208,data/field/uganda/images/fi_00208.jpg,field_uganda,test,healthy,0,,healthy,256,256,dfe196b47af5cfc959cf100256f7d2483cffd6db27ee35a48a25a04c03937547,c00208,1,0
fi_00209,data/field/uganda/images/fi_00209.jpg,field_uganda,test,healthy,0,,healthy,256,256,c8bed41c9924360e79448a549c60e9c109cdeeaf27db9687eba328e599e0505f,c00209,1,1
fi_00210,data/field/uganda/images/fi_00210.jpg,field_uganda,test,healthy,0,,healthy,256,256,457d8822083fff167e99b8b766d2d35a4c3cfbfc0f8d2cd483d6dca5821e49d6,c00210,1,0
fi_00211,data/field/uganda/images/fi_00211.jpg,field_uganda,test,healthy,0,,healthy,256,256,4295e88dda617af6b4534711a14cb56e4f49dffd31176ea76180062a058fb574,c00211,1,0
fi_00212,data/field/uganda/images/fi_00212.jpg,field_uganda,test,healthy,0,,healthy,256,256,43d518d523a9ae8554b600cf0c190e64df152abf3c9385088c9343bf0efe2caf,c00212,1,0
fi_00213,data/field/uganda/images/fi_00213.jpg,field_uganda,test,healthy,0,,healthy,256,256,fb0772feec90babe22026f9d4daefae03b2e32eeeb1b2bac9ded71c03ceec411,c00213,1,1
fi_00214,data/field/uganda/images/fi_00214.jpg,field_uganda,test,healthy,0,,healthy,256,256,623b7a43d3bd38989a4dd76fa0ec05cca36701e0a8bcfbf3f10edccf0b443b4e,c00214,1,0
fi_00215,data/field/uganda/images/fi_00215.jpg,field_uganda,test,healthy,0,,healthy,256,256,d0ae550623e1eed782cca3869bcf4ca37430b2e05ff1f2020401d86552ab7801,c00215,1,0
fi_00216,data/field/uganda/images/fi_00216.jpg,field_uganda,test,healthy,0,,healthy,256,256,19e85ea22f9bb40cbc7f6609f5650894c8bab77f83dc8f36d7e2d8ec59b377ae,c00216,1,0
fi_00217,data/field/uganda/images/fi_00217.jpg,field_uganda,test,healthy,0,,healthy,256,256,0ab4683db1b188c88ed089f5f9db66d3c7ff6ac6125b9733678466673896984c,c00217,1,0
fi_00218,data/field/uganda/images/fi_00218.jpg,field_uganda,test,healthy,0,,healthy,256,256,0dd0b5af9966885816af0a1e4f82a0ce6102b67b06c52dc831df8d9eca6d3d2b,c00218,1,0
fi_00219,data/field/uganda/images/fi_00219.jpg,field_uganda,test,healthy,0,,healthy,256,256,2dd1b3b557c70bfb313782065ddc5429b0c44e3b5ecb1ce9a7ab2992f021d740,c00219,1,0
fi_00220,data/field/uganda/images/fi_00220.jpg,field_uganda,test,healthy,0,,healthy,256,256,1477eca0f9dae672b16ce44f0f42864b3da2683d1be7a66936228c195db6f321,c00220,1,0
fi_00221,data/field/uganda/images/fi_00221.jpg,field_uganda,test,healthy,0,,healthy,256,256,2cfd5e586755434535d069712e6548ff288abe4fb6d0a89e7d6f50af6312fcb6,c00221,1,0
fi_00222,data/field/uganda/images/fi_00222.jpg,field_uganda,test,healthy,0,,healthy,256,256,b2f5e86c04eb1696fca6f8667fbbe93ce7be1a153c0905f4d5c93fb11dd95b56,c00222,1,1
fi_00223,data/field/uganda/images/fi_00223.jpg,field_uganda,test,healthy,0,,healthy,256,256,11293493f795dd15d46428b96a615d94bbac279278dfb595a7d15c8b5933412d,c00223,1,1
fi_00224,data/field/uganda/images/fi_00224.jpg,field_uganda,test,healthy,0,,healthy,256,256,6eede3afdc3b4d2defbf00f3b69da94c5246f0a5da9abf84e20052bd60862fcb,c00224,1,0
fi_00225,data/field/uganda/images/fi_00225.jpg,field_uganda,test,healthy,0,,healthy,256,256,0af5a348bdfe917b7d380b9acbcbce19941b3a455ff26a0e116d3eafde0dda91,c00225,1,0
fi_00226,data/field/uganda/images/fi_00226.jpg,field_uganda,test,healthy,0,,healthy,256,256,bfcf1ecca8607dce5dc0ef4e790f815311aa13969869dd596d0b5833717c5601,c00226,1,0
fi_00227,data/field/uganda/images/fi_00227.jpg,field_uganda,test,healthy,0,,healthy,256,256,8b5621e83a3de0a2282b0a7cc716719656cc1308dbeb6118ab3e3d24702f475e,c00227,1,0
fi_00228,data/field/uganda/images/fi_00228.jpg,field_uganda,test,healthy,0,,healthy,256,256,0b10d957de95c7aaeb212e2d05d96421fd31436acd0eb639cd0700f1f4da0e7b,c00228,1,0
fi_00229,data/field/uganda/images/fi_00229.jpg,field_uganda,test,healthy,0,,healthy,256,256,a1c5c042876fb0777a21250d5e283e5935e62f3680797b5b82e25abca442dee4,c00229,1,0
fi_00230,data/field/uganda/images/fi_00230.jpg,field_uganda,test,healthy,0,,healthy,256,256,a0dc1740d737e999c39fd7220e4387a80cd4d1936a4518fb9fbf1840d52247f9,c00230,1,0
fi_00231,data/field/uganda/images/fi_00231.jpg,field_uganda,test,healthy,0,,healthy,256,256,869775cd9ec0c3e131cca9fc8e54fb25d1834287e74f6d1576f98ac9caa8c4d8,c00231,1,0
fi_00232,data/field/uganda/images/fi_00232.jpg,field_uganda,test,healthy,0,,healthy,256,256,fa962e86f104c4330aae7763897336f23cf20df7d7cd23ac530b88336c669524,c00232,1,0
fi_00233,data/field/uganda/images/fi_00233.jpg,field_uganda,test,healthy,0,,healthy,256,256,735747bccbf160abb2468af9597137a4e471cd73b2aef9cefd48c98916097803,c00233,1,0
fi_00234,data/field/uganda/images/fi_00234.jpg,field_uganda,test,healthy,0,,healthy,256,256,437667ccb98ea4dae561401070a03b9b13ce0be97a2ccdddf6f1063322d3ed5f,c00234,1,0
fi_00235,data/field/uganda/images/fi_00235.jpg,field_uganda,test,healthy,0,,healthy,256,256,0550560bed224c67b401e16b8dcbc5177fa578fc72c9225c986c93a21c6ecc90,c00235,1,0
fi_00236,data/field/uganda/images/fi_00236.jpg,field_uganda,test,healthy,0,,healthy,256,256,1fe4ca29d4b612d1c3586d3648db082cdad3e90f7d53553dd54b601720528afd,c00236,1,0
fi_00237,data/field/uganda/images/fi_00237.jpg,field_uganda,test,healthy,0,,healthy,256,256,47feb1f75df536a0673d5c08f61b30a6e05f6744031b27a233ea16e39d8d6d31,c00237,1,0
fi_00238,data/field/uganda/images/fi_00238.jpg,field_uganda,test,healthy,0,,healthy,256,256,e095daa94a73093928551765fa1d0cd84243e9aaccdedcaec448166a0662576e,c00238,1,1
fi_00239,data/field/uganda/images/fi_00239.jpg,field_uganda,test,healthy,0,,healthy,256,256,39901f18e1a27eca29a6c7be47a8bc0ecc06aca50be90eb7345d528389bb68b1,c00239,1,0
fi_00240,data/field/uganda/images/fi_00240.jpg,field_uganda,test,healthy,0,,healthy,256,256,e04b84148e9dca4e20230003160ee0ce05640fa5d3b416b8601cda1b67174856,c00240,1,0
fi_00241,data/field/uganda/images/fi_00241.jpg,field_uganda,test,healthy,0,,healthy,256,256,abb0d93dd1a42120430bbb1c7258a6a750a191dc9894d4a83ddeb164a824df61,c00241,1,1
fi_00242,data/field/uganda/images/fi_00242.jpg,field_uganda,test,healthy,0,,healthy,256,256,836dff5e6e368ed6f30085ade0e7841305010bea89ff246db73bceb604c88b73,c00242,1,0
fi_00243,data/field/uganda/images/fi_00243.jpg,field_uganda,test,healthy,0,,healthy,256,256,a09715000c8ddb8e45e26172761fa9f068157e1d7d0e2a378d15f3f630fb7301,c00243,1,0
fi_00244,data/field/uganda/images/fi_00244.jpg,field_uganda,test,healthy,0,,healthy,256,256,3e42dd0512e5bae25d8999a2b5e532d1834fdad4b46fe4ea0cf8821153ce740b,c00244,1,0
fi_00245,data/field/uganda/images/fi_00245.jpg,field_uganda,test,healthy,0,,healthy,256,256,9ab9f64f98d3b35aba2089921d90e94a48dbe3e620f2bbccfa232e484f6b7b57,c00245,1,0
fi_00246,data/field/uganda/images/fi_00246.jpg,field_uganda,test,healthy,0,,healthy,256,256,260ca855d4aa66c3ecfaccd64671baf929c91de5b9aff37deae2d252334c77a2,c00246,1,0
fi_00247,data/field/uganda/images/fi_00247.jpg,field_uganda,test,healthy,0,,healthy,256,256,b8d45e59df422c78f0527bfc1cf1115adef296f75daf9c2dbe8199d05ab01983,c00247,1,0
fi_00248,data/field/uganda/images/fi_00248.jpg,field_uganda,test,healthy,0,,healthy,256,256,679b4c847618eedff841311901370a2d8354fdc76f43981ac59cc492ff568c4a,c00248,1,1
fi_00249,data/field/uganda/images/fi_00249.jpg,field_uganda,test,healthy,0,,healthy,256,256,eeefcb5819a70bdf1c6bc2665328110d151cfc5cf518de1f87caf2b03cf606d2,c00249,1,0
fi_00250,data/field/uganda/images/fi_00250.jpg,field_uganda,test,healthy,0,,healthy,256,256,f380ba1ebb20a02e784a64ff7230c4d2a3c3271bef2ad40a49baa3425ca2ac1f,c00250,1,0
fi_00251,data/field/uganda/images/fi_00251.jpg,field_uganda,test,healthy,0,,healthy,256,256,9a96cf2b801d25aff6375ab71e8177079d43e4d203badbd83476fed9fa0647cb,c00251,1,0
fi_00252,data/field/uganda/images/fi_00252.jpg,field_uganda,test,healthy,0,,healthy,256,256,42533a10c8fcf60781d3f966d6569e464c83a12d2f0daf97fbbbe1cfa54a67fa,c00252,1,0
fi_00253,data/field/uganda/images/fi_00253.jpg,field_uganda,test,healthy,0,,healthy,256,256,b91b43764c05e3cdc9b71c8238231ee09df0508a17c26d00a3d5a96fc71216dc,c00253,1,0
fi_00254,data/field/uganda/images/fi_00254.jpg,field_uganda,test,healthy,0,,healthy,256,256,a3816e1628d58c8076376583335ed2b47d8cad44c10917d60624481c27a583bb,c00254,1,0
fi_00255,data/field/uganda/images/fi_00255.jpg,field_uganda,test,healthy,0,,healthy,256,256,f45370868b145700de7001203b3692ce5f04bdbc317932b9ac8d4831e9b9a936,c00255,1,1
fi_00256,data/field/uganda/images/fi_00256.jpg,field_uganda,test,healthy,0,,healthy,256,256,52ed4a2057e6be703ad55a586ce9e8150142fd7a24c538e5aae11619bed4d6c1,c00256,1,0
fi_00257,data/field/uganda/images/fi_00257.jpg,field_uganda,test,healthy,0,,healthy,256,256,7a09b6c4069c263543877d3ecf21dcb23adcb9736bb233994b8f6d499aec23c8,c00257,1,0
fi_00258,data/field/uganda/images/fi_00258.jpg,field_uganda,test,healthy,0,,healthy,256,256,bf4b9cac5840ea1c0951d8dc948e536abb52cecdad46cf78bbd201d77317e15d,c00258,1,0
fi_00259,data/field/uganda/images/fi_00259.jpg,field_uganda,test,healthy,0,,healthy,256,256,fdc86dc813d8f08d1c7b999a23d167f75b47d5bc1ebf0245d84089d44afc1193,c00259,1,0
fi_00260,data/field/uganda/images/fi_00260.jpg,field_uganda,test,healthy,0,,healthy,256,256,638727ef0f16ebe8a6763fbb5157f8b2b202929a9e32a301527fddddaf86531e,c00260,1,0
fi_00261,data/field/uganda/images/fi_00261.jpg,field_uganda,test,healthy,0,,healthy,256,256,bcff2f20bcecd052901440f54c1f2eb67696d27ab1df7e2ed8420e10d19cf5cd,c00261,1,0
fi_00262,data/field/uganda/images/fi_00262.jpg,field_uganda,test,healthy,0,,healthy,256,256,c3e1c88d4e52e830e0835fbc82acf09243dd1fd863b000983d37ae039f77e4ec,c00262,1,0
fi_00263,data/field/uganda/images/fi_00263.jpg,field_uganda,test,healthy,0,,healthy,256,256,01dcaac583c7e065b0d457cb257f008eca95c93d3ca72644789d9a571c8325fa,c00263,1,0
fi_00264,data/field/uganda/images/fi_00264.jpg,field_uganda,test,healthy,0,,healthy,256,256,389e0ff3a09c374a0a4782fe866a0d80bfa0de45a1bd16670e556fd88abe1359,c00264,1,0
fi_00265,data/field/uganda/images/fi_00265.jpg,field_uganda,test,healthy,0,,healthy,256,256,8cd7c28b80a664c9efcd82d95e41c4083840494b8f114d921290f0fbb2c5ab53,c00265,1,1
fi_00266,data/field/uganda/images/fi_00266.jpg,field_uganda,test,healthy,0,,healthy,256,256,7b888e6288fe03c3bfded6ed53a5acebfaf6103546df2f5110e98483bd64aa27,c00266,1,0
fi_00267,data/field/uganda/images/fi_00267.jpg,field_uganda,test,healthy,0,,healthy,256,256,ef7377cd167f2316a40b095499c10415e6d784beceec99bd83b2ee2bc4d2bf3b,c00267,1,1
fi_00268,data/field/uganda/images/fi_00268.jpg,field_uganda,test,healthy,0,,healthy,256,256,130924e326166c1cefeb688173c9b736ef16f402d248eef8a68c42650e9a072f,c00268,1,0
fi_00269,data/field/uganda/images/fi_00269.jpg,field_uganda,test,healthy,0,,healthy,256,256,ea9d536cecd647cb001a980aeac6d966747364ced07cefb9c2a7fd790aa7d74d,c00269,1,0
fi_00270,data/field/uganda/images/fi_00270.jpg,field_uganda,test,healthy,0,,healthy,256,256,a974a58eb44272a3aa99681443b49230fc8d96a0cd77046fa23bcd3bf19ba1a8,c00270,1,0
fi_00271,data/field/uganda/images/fi_00271.jpg,field_uganda,test,healthy,0,,healthy,256,256,667488c349a71b09f8d1af0df253bbf692f663101a34fe375d4cd6a880e6be91,c00271,1,0
fi_00272,data/field/uganda/images/fi_00272.jpg,field_uganda,test,healthy,0,,healthy,256,256,0f6e053b03fd280b3dc6240a9b89f09ad7d6008b87ea3b9f4f6a59829dac6a9b,c00272,1,0
fi_00273,data/field/uganda/images/fi_00273.jpg,field_uganda,test,healthy,0,,healthy,256,256,575f48884d6bf13a32deb4565fa8edec9b28a68eda7f6488e89b1550233c050f,c00273,1,0
fi_00274,data/field/uganda/images/fi_00274.jpg,field_uganda,test,healthy,0,,healthy,256,256,a69da430912563d73d8b93805ccd7f5e8f61c93a9b0cde493f12b1a1bfffc733,c00274,1,1
fi_00275,data/field/uganda/images/fi_00275.jpg,field_uganda,test,healthy,0,,healthy,256,256,c8db733c3ac021a17b52b486e1a3776e5e10f62b3dcd920267918b0c35a1140f,c00275,1,0
fi_00276,data/field/uganda/images/fi_00276.jpg,field_uganda,test,healthy,0,,healthy,256,256,3f24e4bf86d58fb3acd8d5c75f55c8e9571a3fe6ea7750d7068d2a819d336fdb,c00276,1,0
fi_00277,data/field/uganda/images/fi_00277.jpg,field_uganda,test,healthy,0,,healthy,256,256,0b45be0c976078691a5762bc3bc288fc2a0436ed14558c9db766834628068e2d,c00277,1,0
fi_00278,data/field/uganda/images/fi_00278.jpg,field_uganda,test,healthy,0,,healthy,256,256,22010a303f28fdcb38bd32324520d39371788ed6f7e91bcd4c28c81e40acaccc,c00278,1,0
fi_00279,data/field/uganda/images/fi_00279.jpg,field_uganda,test,healthy,0,,healthy,256,256,0a8f41170c0d0f83878ebffe74ca37503017bc73569e4527e2e0cdafe5136ea3,c00279,1,0
fi_00280,data/field/uganda/images/fi_00280.jpg,field_uganda,test,healthy,0,,healthy,256,256,aab3cfa440c21ea890004466fd17e5248dbcab4f82ea9229f0cfdabef7144a5f,c00280,1,0
fi_00281,data/field/uganda/images/fi_00281.jpg,field_uganda,test,healthy,0,,healthy,256,256,ae2bd0c47cfd59d86b3fbbbf5ed6a737942840572b8e7e495d1f6330390a6b7c,c00281,1,0
fi_00282,data/field/uganda/images/fi_00282.jpg,field_uganda,test,healthy,0,,healthy,256,256,cc70bbe51d756ee794dffc7388cba221112af1a6f70e3dfbd0092372a12dc4c2,c00282,1,0
fi_00283,data/field/uganda/images/fi_00283.jpg,field_uganda,test,healthy,0,,healthy,256,256,b039cbb811811b9b3e8c4d38da999300f3511a4313a67bd92c3ad9d7200e4e89,c00283,1,0
fi_00284,data/field/uganda/images/fi_00284.jpg,field_uganda,test,healthy,0,,healthy,256,256,c9d1636dbab0599b535dfa6d2f528607ecc68845ffc47a60f6709028b908f051,c00284,1,0
fi_00285,data/field/uganda/images/fi_00285.jpg,field_uganda,test,healthy,0,,healthy,256,256,908f951956a788217457f7b2f657b539c23009a24c94f3b729702a837ceba6e7,c00285,1,0
fi_00286,data/field/uganda/images/fi_00286.jpg,field_uganda,test,healthy,0,,healthy,256,256,74c60ab0f8910ceae85c9caee08973cedd590a1fba37eed191b9ed20fc3d26fa,c00286,1,1
fi_00287,data/field/uganda/images/fi_00287.jpg,field_uganda,test,healthy,0,,healthy,256,256,eb31df4df64de96e40c409b797e44d7bee931a5e360d3cfa2004b4a707c983d7,c00287,1,0
fi_00288,data/field/uganda/images/fi_00288.jpg,field_uganda,test,healthy,0,,healthy,256,256,adc1dff167dfb5abacfd2def7f1201cddecbd5ca16878b2febd8afff4f91376a,c00288,1,1
fi_00289,data/field/uganda/images/fi_00289.jpg,field_uganda,test,healthy,0,,healthy,256,256,1825a691da1f70f5fe067d1cf7bbeb50a4d72444c595e311dcd558f0fefdffcb,c00289,1,0
fi_00290,data/field/uganda/images/fi_00290.jpg,field_uganda,test,healthy,0,,healthy,256,256,a00c7474d3e0b20193e68cb50c73bac6b130da3e5beca9ebf30488ce6471594f,c00290,1,0
fi_00291,data/field/uganda/images/fi_00291.jpg,field_uganda,test,healthy,0,,healthy,256,256,b46e1cedee6cfc65b7245b09229acb3d5f91cd974dd7ca0265e7616abcadf5de,c00291,1,0
fi_00292,data/field/uganda/images/fi_00292.jpg,field_uganda,test,healthy,0,,healthy,256,256,8d3fac7516b9e85a150092fce53795b82be039ca09034cd275a51188216b257c,c00292,1,0
fi_00293,data/field/uganda/images/fi_00293.jpg,field_uganda,test,healthy,0,,healthy,256,256,fd254eef66ecb0dec112cec804df6414792e06362c52b1400ad26ca2508b218d,c00293,1,0
fi_00294,data/field/uganda/images/fi_00294.jpg,field_uganda,test,healthy,0,,healthy,256,256,208eb4fd0034271e254343c06522aa7aa86cf4dfae518ba9cadd076a592cf77b,c00294,1,0
fi_00295,data/field/uganda/images/fi_00295.jpg,field_uganda,test,healthy,0,,healthy,256,256,d3377705397613a2e74267590b2386e8c145fe13c7c08d7f98051eff965df0e8,c00295,1,0
fi_00296,data/field/uganda/images/fi_00296.jpg,field_uganda,test,healthy,0,,healthy,256,256,85e0ebb3dc2dfd7a1504bc1d18c140773ba70e9e12c9bad7bf8fdd0aad24a1c1,c00296,1,1
fi_00297,data/field/uganda/images/fi_00297.jpg,field_uganda,test,healthy,0,,healthy,256,256,af007affedb0458e0ac990b164386b9dae3a13cc1a140340af4bf32329aad9c4,c00297,1,0
fi_00298,data/field/uganda/images/fi_00298.jpg,field_uganda,test,healthy,0,,healthy,256,256,9c96f5d1ec85c9c9be90b22764d2c81cf0b0aa9a51d964bda7de1dce504945a9,c00298,1,0
fi_00299,data/field/uganda/images/fi_00299.jpg,field_uganda,test,healthy,0,,healthy,256,256,6081645c642dc7f69c0beed0930aef21c9e8c9ea9c8039339f09cf8ddb6e3bd6,c00299,1,0
fi_00300,data/field/uganda/images/fi_00300.jpg,field_uganda,test,healthy,0,,healthy,256,256,661efdad287c17ea3dec1b67435908286879778fc2727221eb4267e972b65ae3,c00300,1,0
fi_00301,data/field/uganda/images/fi_00301.jpg,field_uganda,test,healthy,0,,healthy,256,256,50b661f4ab38e9b37cf9f51bbf02e9f0b5180456c155c28e73794b52bcedf208,c00301,1,0
fi_00302,data/field/uganda/images/fi_00302.jpg,field_uganda,test,healthy,0,,healthy,256,256,dfec6e7e4189d415020e45336cd2becfa4202cf5a3886956e98e3da228f2a5f9,c00302,1,0
fi_00303,data/field/uganda/images/fi_00303.jpg,field_uganda,test,healthy,0,,healthy,256,256,28a5ed4d448ead568378c51e69c4af23b1ce0b3063943d7854a05a141d7b48c7,c00303,1,0
fi_00304,data/field/uganda/images/fi_00304.jpg,field_uganda,test,healthy,0,,healthy,256,256,0a22757951a250368ed56443f51aa97ad0d08c860d8326ec034b3ede70005d97,c00304,1,0
fi_00305,data/field/uganda/images/fi_00305.jpg,field_uganda,test,healthy,0,,healthy,256,256,39910c76bcd8494f40dd0432d714067cdbd5072b03c1e4ed9ae50687992e5169,c00305,1,0
fi_00306,data/field/uganda/images/fi_00306.jpg,field_uganda,test,healthy,0,,healthy,256,256,39689b7ed09cbb9485dcae97dae61eb0cfd8146264a60175d138f64c753e8040,c00306,1,0
fi_00307,data/field/uganda/images/fi_00307.jpg,field_uganda,test,healthy,0,,healthy,256,256,aa13c72b0125bc9ff52253dc12165df3701ffc858c30c04cea32f708254348b9,c00307,1,0
fi_00308,data/field/uganda/images/fi_00308.jpg,field_uganda,test,healthy,0,,healthy,256,256,3e3ecc414c14075c615ead9f096e3b6343243b7dfc16795dbad8b3bd3aed0c37,c00308,1,0
fi_00309,data/field/uganda/images/fi_00309.jpg,field_uganda,test,healthy,0,,healthy,256,256,8264f4718a7e49234b680b6a2b5cf9bb97ec2900a4a6acd25b0c23d0b831d563,c00309,1,0
fi_00310,data/field/uganda/images/fi_00310.jpg,field_uganda,test,healthy,0,,healthy,256,256,22643b28bd7ee22ed3afb2cb50a27736937e88f7e9c66ef0b92e4bed88430ae2,c00310,1,1
fi_00311,data/field/uganda/images/fi_00311.jpg,field_uganda,test,healthy,0,,healthy,256,256,0ab8a2e77e250eed083af3961eeccbe57715d56d84e5d1ac3a74085acce6f032,c00311,1,0
fi_00312,data/field/uganda/images/fi_00312.jpg,field_uganda,test,healthy,0,,healthy,256,256,a9baced0ff8784fc1efaf9adbb7ab3144db6f2b4b5bc00698538ca89a1ce263a,c00312,1,0
fi_00313,data/field/uganda/images/fi_00313.jpg,field_uganda,test,healthy,0,,healthy,256,256,4477c39bdf175e65e0ed232d375754120d8ddbd5364f040eab57c23219f58c8b,c00313,1,0
fi_00314,data/field/uganda/images/fi_00314.jpg,field_uganda,test,healthy,0,,healthy,256,256,4b4c16a9691af9b6e71cbe40cb75517ccf1f85f3644e31d61fa1471a98777da2,c00314,1,0
fi_00315,data/field/uganda/images/fi_00315.jpg,field_uganda,test,healthy,0,,healthy,256,256,b70b4710b6852d42883a7fe1965d86b55fd0a2f0e43ab5dd94432ff8d486363b,c00315,1,0
fi_00316,data/field/uganda/images/fi_00316.jpg,field_uganda,test,healthy,0,,healthy,256,256,23dacf3e49a0d338f52aebe8eb3a9289d24c724030764f7292e6e642e9f68d4d,c00316,1,0
fi_00317,data/field/uganda/images/fi_00317.jpg,field_uganda,test,healthy,0,,healthy,256,256,0713c03c1502894ece249079f5750fb0b414e1396d14b38c7e75e3bd9de3a1f6,c00317,1,1
fi_00318,data/field/uganda/images/fi_00318.jpg,field_uganda,test,healthy,0,,healthy,256,256,b77b61cc3d5482bc6c289ce6c5619e66cf37a556e0922b42fcc6cc7e70b775c6,c00318,1,0
fi_00319,data/field/uganda/images/fi_00319.jpg,field_uganda,test,healthy,0,,healthy,256,256,550effb2d0679da0aeeb14af992d9d774916ceff6da9316617b1e06a33b549ed,c00319,1,0
fi_00320,data/field/uganda/images/fi_00320.jpg,field_uganda,test,healthy,0,,healthy,256,256,1722d6665ff653f57fee81388d55de16a86ea0c7c34e52ea34aa9484127f2f4c,c00320,1,1
fi_00321,data/field/uganda/images/fi_00321.jpg,field_uganda,test,healthy,0,,healthy,256,256,d9c5181e47b8b331bfc85b91f7344692135be5efedf663c116cd44761bcc9db7,c00321,1,0
fi_00322,data/field/uganda/images/fi_00322.jpg,field_uganda,test,healthy,0,,healthy,256,256,8d4f98ec9cd826a9259bed53ea4b2c6a5da38284ee9317efc8e986a3dca0af90,c00322,1,0
fi_00323,data/field/uganda/images/fi_00323.jpg,field_uganda,test,healthy,0,,healthy,256,256,72720007f949ec786f939c9e696820f026d8063f4f3e30acc196a0639af2c303,c00323,1,0
fi_00324,data/field/uganda/images/fi_00324.jpg,field_uganda,test,healthy,0,,healthy,256,256,f6f1542ebb77027dbdf4b16c8934a0fae04578a6cd95fa2d466f0db0b2d94aed,c00324,1,0
fi_00325,data/field/uganda/images/fi_00325.jpg,field_uganda,test,healthy,0,,healthy,256,256,b147e48c4557e1617ef3d0dc6986a782c1c85bbbd56da80de3d93bcd675d8a06,c00325,1,0
fi_00326,data/field/uganda/images/fi_00326.jpg,field_uganda,test,healthy,0,,healthy,256,256,2c3ce1d8d50ca0322d70b92aaa25570e0115c005f14fd315dbc29c0c9b3a888c,c00326,1,0
fi_00327,data/field/uganda/images/fi_00327.jpg,field_uganda,test,healthy,0,,healthy,256,256,b7b41d76746545e59f50189ec4ac1f041fcca8d9f6d0a4575bc4e8a805c474b7,c00327,1,0
fi_00328,data/field/uganda/images/fi_00328.jpg,field_uganda,test,healthy,0,,healthy,256,256,6235725ec1ddd733d03b54e074600230bce7ae37f0e0fa12fa0c652d79f7206a,c00328,1,0
fi_00329,data/field/uganda/images/fi_00329.jpg,field_uganda,test,healthy,0,,healthy,256,256,3707c6d0402e85176a4b3694168f97b12163fe5cc6206ca51113c717771fd004,c00329,1,0
fi_00330,data/field/uganda/images/fi_00330.jpg,field_uganda,test,healthy,0,,healthy,256,256,fc7f04752ff60e5f59d79c494bb421c72595c235b9706ef20f61e3ee21aca921,c00330,1,0
fi_00331,data/field/uganda/images/fi_00331.jpg,field_uganda,test,healthy,0,,healthy,256,256,ddcc39d06e00da443bddf0d18a22709874c2da17b3c50baf4c19dedae6f67189,c00331,1,0
fi_00332,data/field/uganda/images/fi_00332.jpg,field_uganda,test,healthy,0,,healthy,256,256,f032c75cbb0e209869c820765a6ed509144400a014f1764770c5c9f680ca50eb,c00332,1,0
fi_00333,data/field/uganda/images/fi_00333.jpg,field_uganda,test,healthy,0,,healthy,256,256,593e381702bcaa880dc04c03558c7c1a1ace95626ea76f6f5b26926ff1828392,c00333,1,0
fi_00334,data/field/uganda/images/fi_00334.jpg,field_uganda,test,healthy,0,,healthy,256,256,fe63bfc220e7841d0a5f11cde52c2c3b654174e4aa774a1ad45e68947121e12a,c00334,1,0
fi_00335,data/field/uganda/images/fi_00335.jpg,field_uganda,test,healthy,0,,healthy,256,256,8202359c40ded76afd7c9533b1af9c49c723735df415d22d95ae512a3bc714fc,c00335,1,0
fi_00336,data/field/uganda/images/fi_00336.jpg,field_uganda,test,healthy,0,,healthy,256,256,235b98496463cf7251fcb5d74f3c5be2585fa36b566578f6c4725b5c28051924,c00336,1,0
fi_00337,data/field/uganda/images/fi_00337.jpg,field_uganda,test,healthy,0,,healthy,256,256,6352e4fe11a2c4e84bfa2c423dfc562c2b4e1e41ef45928c723e8458d5fcfac7,c00337,1,0
fi_00338,data/field/uganda/images/fi_00338.jpg,field_uganda,test,healthy,0,,healthy,256,256,1f4c45288c81ec207f3fef10322054592f5b814266f931818151b1f710c84123,c00338,1,0
fi_00339,data/field/uganda/images/fi_00339.jpg,field_uganda,test,healthy,0,,healthy,256,256,d6e3bbee1520637e9d7f2fd4720aa91216f741ef5cb971ed795bc883f087d31d,c00339,1,0
fi_00340,data/field/uganda/images/fi_00340.jpg,field_uganda,test,healthy,0,,healthy,256,256,27afa55aefcb72bcd765af0f8b89474c4cee6f7a50e757d9158483cfca7d5392,c00340,1,0
fi_00341,data/field/uganda/images/fi_00341.jpg,field_uganda,test,healthy,0,,healthy,256,256,69af4f13bfb0b05a665e3f9396137257804c349d6279d8ce28f68181e59383e2,c00341,1,0
fi_00342,data/field/uganda/images/fi_00342.jpg,field_uganda,test,healthy,0,,healthy,256,256,01cc3fb1a556033b7f6d8fb491342a3ab9e042edc26e07e46d1f524d5a22b01e,c00342,1,1
fi_00343,data/field/uganda/images/fi_00343.jpg,field_uganda,test,healthy,0,,healthy,256,256,2564eef35bc147340afff300532f1c181baf7f83257b6ca199f401e825809c3e,c00343,1,0
fi_00344,data/field/uganda/images/fi_00344.jpg,field_uganda,test,healthy,0,,healthy,256,256,50053b9128fa7e89848d851969e2b249939d8755150ebfbca1adceaf3122d6d6,c00344,1,0
fi_00345,data/field/uganda/images/fi_00345.jpg,field_uganda,test,healthy,0,,healthy,256,256,70442f5034c81f7136aaf14d021b323121ed612ab19954cc09a6f70128519292,c00345,1,1
fi_00346,data/field/uganda/images/fi_00346.jpg,field_uganda,test,healthy,0,,healthy,256,256,db0ba9415b34a15da75c640f29d25067f6561640b4cd24ad2150281010211611,c00346,1,0
fi_00347,data/field/uganda/images/fi_00347.jpg,field_uganda,test,healthy,0,,healthy,256,256,7e3ce242ebe9f9af6f30df10d8ff6990e421b6fbfac3813be2934d51cafcd5a6,c00347,1,0
fi_00348,data/field/uganda/images/fi_00348.jpg,field_uganda,test,healthy,0,,healthy,256,256,31a816c8b705d57616966471925f631492a96e4d8c5a2cfdc66810785535b661,c00348,1,0
fi_00349,data/field/uganda/images/fi_00349.jpg,field_uganda,test,healthy,0,,healthy,256,256,357af0879998199ff162c00e242e3af2ec27ac4e5a9cc4e287a665b15c995da4,c00349,1,0
fi_00350,data/field/uganda/images/fi_00350.jpg,field_uganda,test,healthy,0,,healthy,256,256,d202ba47d8b1d2d305d233902e3dd0a9d03bf6bbe42945b75fc24b8ad9178881,c00350,1,0
fi_00351,data/field/uganda/images/fi_00351.jpg,field_uganda,test,healthy,0,,healthy,256,256,6e5f1c19d261e7ad0ba8ecf139217d9b53bcbca922dde968896f3e6f3e88015b,c00351,1,0
fi_00352,data/field/uganda/images/fi_00352.jpg,field_uganda,test,healthy,0,,healthy,256,256,4b73c5311f4df1e47b5a6b05067f1ed1e8ccd09bea379888dd7c688f07ed8824,c00352,1,0
fi_00353,data/field/uganda/images/fi_00353.jpg,field_uganda,test,healthy,0,,healthy,256,256,a71e36d25bb6c7a9ca1fbc4d34e8fc70803c1a59945ef0b52b81ceb008d246e4,c00353,1,0
fi_00354,data/field/uganda/images/fi_00354.jpg,field_uganda,test,healthy,0,,healthy,256,256,c7a138fa6c0d990172a31af9604682e6d710b67f2213707f4198b62e8b497a15,c00354,1,0
fi_00355,data/field/uganda/images/fi_00355.jpg,field_uganda,test,healthy,0,,healthy,256,256,e756821e2c52a34b321a35ce3b89ac3329c9c57b538478cbd51f595ec4ec5161,c00355,1,0
fi_00356,data/field/uganda/images/fi_00356.jpg,field_uganda,test,healthy,0,,healthy,256,256,cc6ff87ba5f550d8475b337e68ab0e7b31a9e0d3c01088afd5f22c41c5e5d065,c00356,1,0
fi_00357,data/field/uganda/images/fi_00357.jpg,field_uganda,test,healthy,0,,healthy,256,256,56f4b308b86584a084f34c8f64b2fba7bb9c89e168bdf0eb679ff5998e94e5e4,c00357,1,0
fi_00358,data/field/uganda/images/fi_00358.jpg,field_uganda,test,healthy,0,,healthy,256,256,4918b72a104a1054c34192b2755ac0f980deabd8d3a164004312feac29476728,c00358,1,0
fi_00359,data/field/uganda/images/fi_00359.jpg,field_uganda,test,healthy,0,,healthy,256,256,f613d34d59ba2b38f1dbd5e512721ed77ae2f5bf2f38ae56dbc2c32003066eda,c00359,1,1
fi_00360,data/field/uganda/images/fi_00360.jpg,field_uganda,test,healthy,0,,healthy,256,256,8d0dac130c2d662d5c9617c9d1eef2ea87798d45d07352b4c3d5299e942bc40f,c00360,1,0
fi_00361,data/field/uganda/images/fi_00361.jpg,field_uganda,test,healthy,0,,healthy,256,256,2191a94bd5cf595f5954b045ed5bba21e009f798a3bf846bca5053db222bf803,c00361,1,0
fi_00362,data/field/uganda/images/fi_00362.jpg,field_uganda,test,healthy,0,,healthy,256,256,0ac7df4f0319b4b40f773bc2a3116b926021aaacbbed669ff21e6a7dafab4338,c00362,1,1
fi_00363,data/field/uganda/images/fi_00363.jpg,field_uganda,test,healthy,0,,healthy,256,256,178c96b4ab7f84123ac4ba5a033baec70048174e5b78a48a1cc0200dc715a20b,c00363,1,1
fi_00364,data/field/uganda/images/fi_00364.jpg,field_uganda,test,healthy,0,,healthy,256,256,b2cf9e47bebae825247ab3a425ef9897a095dad1cbb589a44811a1bd3cf5189d,c00364,1,0
fi_00365,data/field/uganda/images/fi_00365.jpg,field_uganda,test,healthy,0,,healthy,256,256,c1b5955f95682ac4c93a2ffd08e46a8cab8e09a5e159746fe884ca24f2f0ab8d,c00365,1,0
fi_00366,data/field/uganda/images/fi_00366.jpg,field_uganda,test,healthy,0,,healthy,256,256,838cc955e6a7c6ce64618b64630594be51e31858c7b7125f6ae2f0b7a5a3eb79,c00366,1,0
fi_00367,data/field/uganda/images/fi_00367.jpg,field_uganda,test,healthy,0,,healthy,256,256,d2847f3538c745d3fec199c89d871f8a4968aab54edd077caeb00227885ab806,c00367,1,0
fi_00368,data/field/uganda/images/fi_00368.jpg,field_uganda,test,healthy,0,,healthy,256,256,a6f171025d0b958b010da9c010496378bb4986f192da18f7e9be622e0681a0aa,c00368,1,1
fi_00369,data/field/uganda/images/fi_00369.jpg,field_uganda,test,healthy,0,,healthy,256,256,efe4330274155dd48b20af5b1f779a3cbe45cb8220838fec2a5e81949aa810c0,c00369,1,0
fi_00370,data/field/uganda/images/fi_00370.jpg,field_uganda,test,healthy,0,,healthy,256,256,a5a54b78a590fb03c463ad7de2c1adaeed7f3c95c67d5a32c1435bd52cb7a131,c00370,1,0
fi_00371,data/field/uganda/images/fi_00371.jpg,field_uganda,test,healthy,0,,healthy,256,256,245aa750b07673c8f51a11052a4da3f0b4b649f9578d2ae2ebc62cd7a126d95a,c00371,1,1
fi_00372,data/field/uganda/images/fi_00372.jpg,field_uganda,test,healthy,0,,healthy,256,256,743e7c0e6b11e3674cca9f19c84ba97c10f21c91d87b811192d9f31522e49eb1,c00372,1,0
fi_00373,data/field/uganda/images/fi_00373.jpg,field_uganda,test,healthy,0,,healthy,256,256,5071117900e88712e0547e2c1512522e6c415e458d3ac4b4b60c64e21edabaf5,c00373,1,0
fi_00374,data/field/uganda/images/fi_00374.jpg,field_uganda,test,healthy,0,,healthy,256,256,ae8a7143a254973a0b90ff06388778132e098517d2e0ed1f274a27ef0218e0c8,c00374,1,0
fi_00375,data/field/uganda/images/fi_00375.jpg,field_uganda,test,healthy,0,,healthy,256,256,d2aceae9459d385ea5e530ddcad650935c0601bbca4004b0630c7d175bd3f7f6,c00375,1,1
fi_00376,data/field/uganda/images/fi_00376.jpg,field_uganda,test,healthy,0,,healthy,256,256,1398ae285cd1fa07071d8d0c7669e9ec7c99c745763090d0c58a8e6189b094b9,c00376,1,0
fi_00377,data/field/uganda/images/fi_00377.jpg,field_uganda,test,healthy,0,,healthy,256,256,640850ae0c586d7c53a1c35e94c4bbecda64a6a0697bf99240a7d3e515f5e421,c00377,1,0
fi_00378,data/field/uganda/images/fi_00378.jpg,field_uganda,test,healthy,0,,healthy,256,256,1da201ae08da7dd2e45cceddf28d26ec401ed05f46cbe4b64931fbbe875c70db,c00378,1,1
fi_00379,data/field/uganda/images/fi_00379.jpg,field_uganda,test,healthy,0,,healthy,256,256,43f1bfedf58a1c76ace4c9237a70fb33c2955ee82dc194fa615ee5a6e036f905,c00379,1,0
fi_00380,data/field/uganda/images/fi_00380.jpg,field_uganda,test,healthy,0,,healthy,256,256,c94403bc6d431a59072ed2dfc88638d87389d6dbd99275010f6dca123b4096bf,c00380,1,0
fi_00381,data/field/uganda/images/fi_00381.jpg,field_uganda,test,healthy,0,,healthy,256,256,048b3b31c0d7c6641636656f159a88edd0038cb2daecfe90202eb3764c1fdfa2,c00381,1,0
fi_00382,data/field/uganda/images/fi_00382.jpg,field_uganda,test,healthy,0,,healthy,256,256,e2fb3d00c561cc65d18532a4a057a98b4952785d67143313fbe98358b1c13185,c00382,1,0
fi_00383,data/field/uganda/images/fi_00383.jpg,field_uganda,test,healthy,0,,healthy,256,256,006daa48599a96b0ef9b7cbba00e35f959cb13fb2f4c5a77c1eabd5d01b2305a,c00383,1,0
fi_00384,data/field/uganda/images/fi_00384.jpg,field_uganda,test,healthy,0,,healthy,256,256,f8cd2d7e6720779c5e51cbcddc86be427f016a2f7b28e3fcc7ef3769ea9a8210,c00384,1,0
fi_00385,data/field/uganda/images/fi_00385.jpg,field_uganda,test,healthy,0,,healthy,256,256,b0eb70cb74be4e450e3d55904862dba7b03ad8d7b23b1f07fafc3add37b81aff,c00385,1,0
fi_00386,data/field/uganda/images/fi_00386.jpg,field_uganda,test,healthy,0,,healthy,256,256,93b3e0473f476585223e8122610bc43cb1af29814428a036c3bfec61b788c8a9,c00386,1,0
fi_00387,data/field/uganda/images/fi_00387.jpg,field_uganda,test,healthy,0,,healthy,256,256,68ce365d9eb288b549316dd1a39f41363195eb9a7e55d075b3cf875564c71335,c00387,1,0
fi_00388,data/field/uganda/images/fi_00388.jpg,field_uganda,test,healthy,0,,healthy,256,256,31570f0622cdd9d9280666e9f10e88534fe0af9921936f2e4826b9e3893cf9d6,c00388,1,0
fi_00389,data/field/uganda/images/fi_00389.jpg,field_uganda,test,healthy,0,,healthy,256,256,d0d5c54252c80789dc31b8722cb8fd8b7980142f1e2a8604cb6da27ce36f32e7,c00389,1,0
fi_00390,data/field/uganda/images/fi_00390.jpg,field_uganda,test,healthy,0,,healthy,256,256,b187d3964cdd26984ad7539473b0af9fc405495ae1c507de5da6ca57a2bab7df,c00390,1,0
fi_00391,data/field/uganda/images/fi_00391.jpg,field_uganda,test,healthy,0,,healthy,256,256,e1d006343eb38cc39494b54fc03ae5c9b309e8b9fef4cb9b4ad42ace0ec541fe,c00391,1,0
fi_00392,data/field/uganda/images/fi_00392.jpg,field_uganda,test,healthy,0,,healthy,256,256,34b70ab284a01bc1bf361085822e6d9e183a81009a842fd50fb7687ab92792df,c00392,1,0
fi_00393,data/field/uganda/images/fi_00393.jpg,field_uganda,test,healthy,0,,healthy,256,256,a3458e7da71743baca69a3b498082390253ecb4447a55b4fd29caec14e44d78e,c00393,1,0
fi_00394,data/field/uganda/images/fi_00394.jpg,field_uganda,test,healthy,0,,healthy,256,256,ce60ee45299777dfd56a2124e82e42c61c9acce5a4d134549e5780f8afc4eca2,c00394,1,1
fi_00395,data/field/uganda/images/fi_00395.jpg,field_uganda,test,healthy,0,,healthy,256,256,fccf245b462762afb82a80b74895dd447324dfe651cf62a12a44f49e14479d56,c00395,1,0
fi_00396,data/field/uganda/images/fi_00396.jpg,field_uganda,test,healthy,0,,healthy,256,256,67864351c35d0537e2425e09e64b0ec3275be4e55ddf38308f82b0b93b9dc866,c00396,1,0
fi_00397,data/field/uganda/images/fi_00397.jpg,field_uganda,test,healthy,0,,healthy,256,256,df6f4930b7c60f52f4b4c7bf9b5cbf94c8e8b3bc7e016cdcd8b7a792c5aa9ab0,c00397,1,0
fi_00398,data/field/uganda/images/fi_00398.jpg,field_uganda,test,healthy,0,,healthy,256,256,688982cfc5d3a33c51788ad9eb2574384a46caf564f6e09fc29dcf557ba23cfe,c00398,1,1
fi_00399,data/field/uganda/images/fi_00399.jpg,field_uganda,test,healthy,0,,healthy,256,256,77bfafd46b27302f9d1333f1a968efd7370a0810ad639e139d2d657e0f728872,c00399,1,1
fi_00400,data/field/uganda/images/fi_00400.jpg,field_uganda,test,healthy,0,,healthy,256,256,11a1bf8f3d10a16bcd9fafb7a6d4560fa801b694d5cbc0a409bd1a7d5e3f6160,c00400,1,0
fi_00401,data/field/uganda/images/fi_00401.jpg,field_uganda,test,healthy,0,,healthy,256,256,1d24be52b14fa542f3ba446bfb8a0811fc3f1798290a6d0ef36b2a8ba5475cb8,c00401,1,0
fi_00402,data/field/uganda/images/fi_00402.jpg,field_uganda,test,healthy,0,,healthy,256,256,2653a77f8f356d81e4f8875d403ae5a07c2f3e74d0b05c04995d47be3ab83484,c00402,1,0
fi_00403,data/field/uganda/images/fi_00403.jpg,field_uganda,test,healthy,0,,healthy,256,256,7d9f8c4ae4fe37bbad586b8e1a63e72b473147af179069e8f50212323d3b3e5c,c00403,1,0
fi_00404,data/field/uganda/images/fi_00404.jpg,field_uganda,test,healthy,0,,healthy,256,256,bb754faf66f5074473d387220d8b0587d349942763af27171c906b8302787548,c00404,1,0
fi_00405,data/field/uganda/images/fi_00405.jpg,field_uganda,test,healthy,0,,healthy,256,256,c53cef8e10554aaad5adcb3535ecbea0497ac3a5d0e75abca9dd08016d9361c2,c00405,1,0
fi_00406,data/field/uganda/images/fi_00406.jpg,field_uganda,test,healthy,0,,healthy,256,256,27b9b6adc9b44c9313df88350573283a254b12c5619acec5d892ed62c18d5326,c00406,1,0
fi_00407,data/field/uganda/images/fi_00407.jpg,field_uganda,test,healthy,0,,healthy,256,256,1a1ba40e50f7fc0c8eb94458b536890c2dde2a19e978ab55fff959049eb6870d,c00407,1,0
fi_00408,data/field/uganda/images/fi_00408.jpg,field_uganda,test,healthy,0,,healthy,256,256,fd6f3cc46b2292213a7c0704a41b0920e9e3a8d2ccedefba7cbaf22812ac54f4,c00408,1,0
fi_00409,data/field/uganda/images/fi_00409.jpg,field_uganda,test,healthy,0,,healthy,256,256,4dc5b52548dffe8459a88702bb722004132894191520627e262cdeaedebf435e,c00409,1,1
fi_00410,data/field/uganda/images/fi_00410.jpg,field_uganda,test,healthy,0,,healthy,256,256,d8bd7a12869e55d3182a5817f4723bfca0ce8278ccb7a3a215eff515ce892b7a,c00410,1,0
fi_00411,data/field/uganda/images/fi_00411.jpg,field_uganda,test,healthy,0,,healthy,256,256,15cd066b912690551ce754b28647598aeebff0c55310612b63d1f6075b50fb41,c00411,1,1
fi_00412,data/field/uganda/images/fi_00412.jpg,field_uganda,test,healthy,0,,healthy,256,256,4049ea33c6c6f2faa5588defe9b957f1a9c43e82ddd1bf92b68c4d73ea2f96a2,c00412,1,0
fi_00413,data/field/uganda/images/fi_00413.jpg,field_uganda,test,healthy,0,,healthy,256,256,40df6f2968a91cdb3b711ef55c15c01cd31a24ff810a89c03ddfba922ea86514,c00413,1,0
fi_00414,data/field/uganda/images/fi_00414.jpg,field_uganda,test,healthy,0,,healthy,256,256,bd2ea637a30d926a43ceb772beff4e1b93ca9580819bec834ba38d2cef548b50,c00414,1,0
fi_00415,data/field/uganda/images/fi_00415.jpg,field_uganda,test,healthy,0,,healthy,256,256,9a43a5da9b13589b094f0a4132d5ba5cbf5b1b04295da181e2cd65baf0288a28,c00415,1,0
fi_00416,data/field/uganda/images/fi_00416.jpg,field_uganda,test,healthy,0,,healthy,256,256,b96c2b3b6e01d8938c6a49ac80fe561167c2d8b086b59d44160dcd59c78b38b7,c00416,1,0
fi_00417,data/field/uganda/images/fi_00417.jpg,field_uganda,test,healthy,0,,healthy,256,256,feec49acc6a688d76cbfa6493f6eb0b20e39d06ec48f60a039890661eab2868b,c00417,1,0
fi_00418,data/field/uganda/images/fi_00418.jpg,field_uganda,test,healthy,0,,healthy,256,256,68d2a1de1e1ab54786033d2024c23a0941fe1270e3fce3e8ca4b792c85e32c07,c00418,1,0
fi_00419,data/field/uganda/images/fi_00419.jpg,field_uganda,test,healthy,0,,healthy,256,256,0bac57b0d4d41a4e385278dac1c4381eec4fb6a9cc5729db8d18a9a013ed055a,c00419,1,0
fi_00420,data/field/uganda/images/fi_00420.jpg,field_uganda,test,healthy,0,,healthy,256,256,b4a448f8c892a572a7443de492a61b8fd4c6d28549c1178f7673a476cda7b589,c00420,1,0
fi_00421,data/field/uganda/images/fi_00421.jpg,field_uganda,test,healthy,0,,healthy,256,256,179d98e262b59ea13d5f8aac4204ebeb3df5afa7de8818369fd91ec65e4d8ae1,c00421,1,0
fi_00422,data/field/uganda/images/fi_00422.jpg,field_uganda,test,healthy,0,,healthy,256,256,c61532deb9babf564bd55209699e85e55e69348eb96081293992ae44db6d0719,c00422,1,1
fi_00423,data/field/uganda/images/fi_00423.jpg,field_uganda,test,healthy,0,,healthy,256,256,7fd347d2e389b08ea83520dfc0d93547a81bc3d97f3b92c90b8876576d21a3af,c00423,1,0
fi_00424,data/field/uganda/images/fi_00424.jpg,field_uganda,test,healthy,0,,healthy,256,256,1252c8e1b59abf9e4560a100e1d7068ba41b09b99c29f7ad8e7a36e2c03c97d5,c00424,1,0
fi_00425,data/field/uganda/images/fi_00425.jpg,field_uganda,test,healthy,0,,healthy,256,256,7d2940c4ef99cfb6e167661ea65ca2718a4e7349190039f0f224c208fe5e681d,c00425,1,0
fi_00426,data/field/uganda/images/fi_00426.jpg,field_uganda,test,healthy,0,,healthy,256,256,3a90cfccd73d2500d4a1fe9a74bb0bb469db6c2994f274e4065f29e8b631fd74,c00426,1,0
fi_00427,data/field/uganda/images/fi_00427.jpg,field_uganda,test,healthy,0,,healthy,256,256,78270b3a616384ca783949569033e98fed26d150f5412e99a2959860290c7c35,c00427,1,0
fi_00428,data/field/uganda/images/fi_00428.jpg,field_uganda,test,healthy,0,,healthy,256,256,ed9345c4218c18a49abac9ece16e82a18414ec9470f00c66a49497de2b751c33,c00428,1,0
fi_00429,data/field/uganda/images/fi_00429.jpg,field_uganda,test,healthy,0,,healthy,256,256,1a0e43a356cd92fa0a7cce8e4c5dab572d0298aec69922b6e459e819bfc6fb0e,c00429,1,1
fi_00430,data/field/uganda/images/fi_00430.jpg,field_uganda,test,healthy,0,,healthy,256,256,9311de70e545e134970b57f6f8b7ddc975c187869c9f3864a62f9dd44fd88857,c00430,1,0
fi_00431,data/field/uganda/images/fi_00431.jpg,field_uganda,test,healthy,0,,healthy,256,256,8fc9f9039a6d4c3631a4f360231656e5dc2b5d115566a90f176c1427a12874b9,c00431,1,0
fi_00432,data/field/uganda/images/fi_00432.jpg,field_uganda,test,healthy,0,,healthy,256,256,42423197d7d1bf1dbbea6267881206898907a444e5a66e5447082b8506d3100a,c00432,1,0
fi_00433,data/field/uganda/images/fi_00433.jpg,field_uganda,test,healthy,0,,healthy,256,256,67ec3fa663eb7e5ad674419af6eb444b8b3b0d1a96e12049b889827d050274dd,c00433,1,0
fi_00434,data/field/uganda/images/fi_00434.jpg,field_uganda,test,healthy,0,,healthy,256,256,389e63c121d1d68f11b00d90c0b4bb147bf9b406b4ae1bd5718d5923d9954e25,c00434,1,0
fi_00435,data/field/uganda/images/fi_00435.jpg,field_uganda,test,healthy,0,,healthy,256,256,efaecba63bee813b02c43f58acde0419d2842f2ffd952ec29e37400a624e3fff,c00435,1,0
fi_00436,data/field/uganda/images/fi_00436.jpg,field_uganda,test,healthy,0,,healthy,256,256,536cd1c835bfdc73b20e126f3a167cfcbb51ada2cffd053368f58c0068567e44,c00436,1,0
fi_00437,data/field/uganda/images/fi_00437.jpg,field_uganda,test,healthy,0,,healthy,256,256,d3847e66cac1bdf3beeb4b9c1ebb71011d284c4a7d39c3d8e52f3697e4ffe67f,c00437,1,0
fi_00438,data/field/uganda/images/fi_00438.jpg,field_uganda,test,healthy,0,,healthy,256,256,cf1f5e132164bb63009802fc1ebaa158f5ce81688dfb3922b2c5942d5905faf2,c00438,1,0
fi_00439,data/field/uganda/images/fi_00439.jpg,field_uganda,test,healthy,0,,healthy,256,256,987a9ce4b8760169534e98a07db714b96f47298f78b80994480ec00ffc0be86e,c00439,1,0
fi_00440,data/field/uganda/images/fi_00440.jpg,field_uganda,test,healthy,0,,healthy,256,256,6c20df03a8a336601822ac765df9e5ac23829436775faf8972ca61ed744dc178,c00440,1,0
fi_00441,data/field/uganda/images/fi_00441.jpg,field_uganda,test,healthy,0,,healthy,256,256,737b8f54e4b8597582e0b0ddb82d9e274ae4a90a3c5e9ea9d44b4a99499bb33a,c00441,1,0
fi_00442,data/field/uganda/images/fi_00442.jpg,field_uganda,test,healthy,0,,healthy,256,256,cf9278c3a3237b9b825e69e32cd9fd86017d52105d387f5ceb647bfe8353efb7,c00442,1,0
fi_00443,data/field/uganda/images/fi_00443.jpg,field_uganda,test,healthy,0,,healthy,256,256,e8e2ad97493e29950e1aadae512194d178f818c428e2f72efa89e36aec47c1df,c00443,1,0
fi_00444,data/field/uganda/images/fi_00444.jpg,field_uganda,test,healthy,0,,healthy,256,256,22c45335a19704fa0f7bde0fb168588cd9b3396f8e1bc67c6c84e032acd5ae3c,c00444,1,0
fi_00445,data/field/uganda/images/fi_00445.jpg,field_uganda,test,healthy,0,,healthy,256,256,d16e621d60957d5283c828cd1b85c8456d93642ff660c76c4b90f7104e63af46,c00445,1,0
fi_00446,data/field/uganda/images/fi_00446.jpg,field_uganda,test,healthy,0,,healthy,256,256,2b6e1c03af9bb3bd3d14158dc69666d30c9363c41c932bdf843690ae3a412d5e,c00446,1,0
fi_00447,data/field/uganda/images/fi_00447.jpg,field_uganda,test,healthy,0,,healthy,256,256,5e8e5cf3a8a4c7c31e227fbc044a0c04035eadce7576b2d5bf2615956ea10b17,c00447,1,0
fi_00448,data/field/uganda/images/fi_00448.jpg,field_uganda,test,healthy,0,,healthy,256,256,1141f1a64f3ac74b69f6ad17fcf208567b435a2eb3276707e64b2eb15bc30d80,c00448,1,0
fi_00449,data/field/uganda/images/fi_00449.jpg,field_uganda,test,healthy,0,,healthy,256,256,aade37df2d0aae681231e547c8b5f2ed2c5d2784303b01ae7f30591ea18ff2c3,c00449,1,0
fi_00450,data/field/uganda/images/fi_00450.jpg,field_uganda,test,healthy,0,,healthy,256,256,4e9ba88ce1fe5407e9f9390ab231c283515e3777d6abaa2e5670f7a52e5da4a8,c00450,1,0
fi_00451,data/field/uganda/images/fi_00451.jpg,field_uganda,test,healthy,0,,healthy,256,256,02a5260981246a952070e245a19c0d5dc4ee33bb88dc1bed484599373e5a8327,c00451,1,0
fi_00452,data/field/uganda/images/fi_00452.jpg,field_uganda,test,healthy,0,,healthy,256,256,78bff4dbc138ed331da1fbdef98cd7ae0a0864d86b462e6ae28f0599461c5d46,c00452,1,0
fi_00453,data/field/uganda/images/fi_00453.jpg,field_uganda,test,healthy,0,,healthy,256,256,f6d78ae7f4edc9459f3efbf1ddcaa9519a02259b53f6a3df9986a2b8b90781df,c00453,1,0
fi_00454,data/field/uganda/images/fi_00454.jpg,field_uganda,test,healthy,0,,healthy,256,256,80d77c62edbef884074285efdf116709dc37acd6740e401f46685a4d9dc362d3,c00454,1,0
fi_00455,data/field/uganda/images/fi_00455.jpg,field_uganda,test,healthy,0,,healthy,256,256,27597eb0bd95af13ed0c64bdb2865145bbac18fb3f9d71cd4b68090e95e6ff07,c00455,1,0
fi_00456,data/field/uganda/images/fi_00456.jpg,field_uganda,test,healthy,0,,healthy,256,256,e76e2bc5742f63c7dd3483f893da92d8a79b076e980ff87dad21b110864bb5e9,c00456,1,0
fi_00457,data/field/uganda/images/fi_00457.jpg,field_uganda,test,healthy,0,,healthy,256,256,08153f52a86848afe8429ae8a16d6165c38b3a24cfdf7f5bd236cf9569f93e7e,c00457,1,0
fi_00458,data/field/uganda/images/fi_00458.jpg,field_uganda,test,healthy,0,,healthy,256,256,d3cbde08dc67e110722801c85831208580fca14aa6f596069b57696a54d4cb8d,c00458,1,0
fi_00459,data/field/uganda/images/fi_00459.jpg,field_uganda,test,healthy,0,,healthy,256,256,977dc95611e2e8e7ebb8c6afac621890314b52b93e65f3ffb290fc45ccc3c48b,c00459,1,0
fi_00460,data/field/uganda/images/fi_00460.jpg,field_uganda,test,healthy,0,,healthy,256,256,3501ef1d44f7d7db0d7df7845dc322f4c079093e8856341cbb1ad15c1c00f1a9,c00460,1,0
fi_00461,data/field/uganda/images/fi_00461.jpg,field_uganda,test,healthy,0,,healthy,256,256,a5b8e929ade55ba0f0931a18df2ad603b200dcadced8b9c6a8367b3a3607f60a,c00461,1,0
fi_00462,data/field/uganda/images/fi_00462.jpg,field_uganda,test,healthy,0,,healthy,256,256,4aecdd004788b60620fb51443e7820ec96df65ba799ad9e402251dc4208621ca,c00462,1,0
fi_00463,data/field/uganda/images/fi_00463.jpg,field_uganda,test,healthy,0,,healthy,256,256,207c6ea163245cba677746a1eebc51912b6c4f9f8910c0736eb141efb5102ed0,c00463,1,0
fi_00464,data/field/uganda/images/fi_00464.jpg,field_uganda,test,healthy,0,,healthy,256,256,46a176dc584141892f8bf94e8cfbaa5f505604cdee6fa79d1b8ec6e758fa3217,c00464,1,0
fi_00465,data/field/uganda/images/fi_00465.jpg,field_uganda,test,healthy,0,,healthy,256,256,b1b8ae5deb77b2784ba7efaed268e46376a94e086b2083e6490dbb768507ed7b,c00465,1,0
fi_00466,data/field/uganda/images/fi_00466.jpg,field_uganda,test,healthy,0,,healthy,256,256,59fe2bc45c2b4af8bd924d9bd7d660ea19ed5d67f8c8a47b88574e12d1989373,c00466,1,0
fi_00467,data/field/uganda/images/fi_00467.jpg,field_uganda,test,healthy,0,,healthy,256,256,7fd1f876e0dde24c65ade9a5de6b2a451993522017a5216b124234513657dbbc,c00467,1,0
fi_00468,data/field/uganda/images/fi_00468.jpg,field_uganda,test,healthy,0,,healthy,256,256,a1f07fb5500dde681396fd4a74d3b5c7550dfcda2c5be71ee6c9f819fd2c3344,c00468,1,0
fi_00469,data/field/uganda/images/fi_00469.jpg,field_uganda,test,healthy,0,,healthy,256,256,8b7094224250eb5e13d2b7adf221a1185188444289f31887ea10c3e6e133ecfb,c00469,1,0
fi_00470,data/field/uganda/images/fi_00470.jpg,field_uganda,test,healthy,0,,healthy,256,256,0f408b6abb847980c9ab22e850d5dda635608480ab0e5c6b1aaae341a4cd9fa7,c00470,1,0
fi_00471,data/field/uganda/images/fi_00471.jpg,field_uganda,test,healthy,0,,healthy,256,256,3d521712391be6df5163e5491f81af55c3171258f96d5e93e8ef96114d90eb85,c00471,1,0
fi_00472,data/field/uganda/images/fi_00472.jpg,field_uganda,test,healthy,0,,healthy,256,256,7148fa5a234e3fa24e4eed0db967e67b100d962f9e285d66d8c17be3328ed1e0,c00472,1,0
fi_00473,data/field/uganda/images/fi_00473.jpg,field_uganda,test,healthy,0,,healthy,256,256,ebb3647f4a6f72ebad5c6d971fda1054182ec31e973b53129075f19692428d8d,c00473,1,0
fi_00474,data/field/uganda/images/fi_00474.jpg,field_uganda,test,healthy,0,,healthy,256,256,2304d89e98ddbe0176526cd6f835171fa7f550b4cb2afcfaaf77fc7c46d18932,c00474,1,0
fi_00475,data/field/uganda/images/fi_00475.jpg,field_uganda,test,healthy,0,,healthy,256,256,3106ee40e33fd516a32fdd32b2ef37b0bae1053ec36e274792a160cf9ca5daf9,c00475,1,0
fi_00476,data/field/uganda/images/fi_00476.jpg,field_uganda,test,healthy,0,,healthy,256,256,e37da724658a81c44a6a72a4c427e4fdf7f7fa9a2cec5e43469706f0762e4e1d,c00476,1,0
fi_00477,data/field/uganda/images/fi_00477.jpg,field_uganda,test,healthy,0,,healthy,256,256,8ba01566ddf8b226be33069a2aba845a9b871c448a99d8f497f1ad9b8279ec4e,c00477,1,0
fi_00478,data/field/uganda/images/fi_00478.jpg,field_uganda,test,healthy,0,,healthy,256,256,3ae41d3de7103d842d1d648d8bb0cecdbff692478c33c9797842c9dab34640e4,c00478,1,1
fi_00479,data/field/uganda/images/fi_00479.jpg,field_uganda,test,healthy,0,,healthy,256,256,b30c1a4ee39b23e6b2fe1488db019260f2746133d2332f3749aeab82fb8e20bf,c00479,1,0
fi_00480,data/field/uganda/images/fi_00480.jpg,field_uganda,test,healthy,0,,healthy,256,256,98936a4430963f3c3a00271e83f2b42f88fc553603917de0034dc74345da68b3,c00480,1,0
fi_00481,data/field/uganda/images/fi_00481.jpg,field_uganda,test,healthy,0,,healthy,256,256,38fedbdc12a477c3db059901d923099a8b608eacda7830013b49303710459766,c00481,1,0
fi_00482,data/field/uganda/images/fi_00482.jpg,field_uganda,test,healthy,0,,healthy,256,256,0288d227431eff547ea06f08d5b70cfee4aff0f9d9a964ab81617852e873b37a,c00482,1,0
fi_00483,data/field/uganda/images/fi_00483.jpg,field_uganda,test,healthy,0,,healthy,256,256,9ba7c63762d671823e274ffee1f16ce9b6e8d6ac0ddd1cc6dc482280cba0aaaa,c00483,1,0
fi_00484,data/field/uganda/images/fi_00484.jpg,field_uganda,test,healthy,0,,healthy,256,256,537e1dfb9da8b6a6255990b144303e27ec3fd667e6829a150f39392a75ccea8e,c00484,1,0
fi_00485,data/field/uganda/images/fi_00485.jpg,field_uganda,test,healthy,0,,healthy,256,256,e397d08bba4c8c19c0e6b50e10ee24edaa781513db27b98ae75eff9a261b71cd,c00485,1,0
fi_00486,data/field/uganda/images/fi_00486.jpg,field_uganda,test,healthy,0,,healthy,256,256,0f2871b830ab9ba57e3be1a6813967be58d888ca47a3777ce4202eef4f893908,c00486,1,0
fi_00487,data/field/uganda/images/fi_00487.jpg,field_uganda,test,healthy,0,,healthy,256,256,8254ac0b155642db0c653e7a5e1b9faacb76f7239ad7b5b30bf06dc614a02a00,c00487,1,0
fi_00488,data/field/uganda/images/fi_00488.jpg,field_uganda,test,healthy,0,,healthy,256,256,3558a7a3250bdd7622d307cd54802d921e336f0d565e78680ea2ae91c8e272ae,c00488,1,0
fi_00489,data/field/uganda/images/fi_00489.jpg,field_uganda,test,healthy,0,,healthy,256,256,50f5bea3f5c77125a42890ff275b9109a6e65b4be242ca2bc1e2e2b16df44342,c00489,1,0
fi_00490,data/field/uganda/images/fi_00490.jpg,field_uganda,test,healthy,0,,healthy,256,256,d4d908d6249ab2f3d4407a35a9f5ea473a2dcefabcaef1825a0970f9e640e810,c00490,1,0
fi_00491,data/field/uganda/images/fi_00491.jpg,field_uganda,test,healthy,0,,healthy,256,256,4dc8378f9729165ad5e14dd5e00ed4b872b160542e4fd141050fa4d132d6b180,c00491,1,0
fi_00492,data/field/uganda/images/fi_00492.jpg,field_uganda,test,healthy,0,,healthy,256,256,dbaf92b260a816202e7ca343ed4065c0a498e7bd620f038ea158a775a5c3d16e,c00492,1,0
fi_00493,data/field/uganda/images/fi_00493.jpg,field_uganda,test,healthy,0,,healthy,256,256,ba3e4e01762f4007cf4f3dba080b53db7961bea8020b0bc51fe510498042d2e4,c00493,1,0
fi_00494,data/field/uganda/images/fi_00494.jpg,field_uganda,test,healthy,0,,healthy,256,256,d46825524f2008590183b029e011e4363c020417cccebed77e7d807ec0ed00c0,c00494,1,0
fi_00495,data/field/uganda/images/fi_00495.jpg,field_uganda,test,healthy,0,,healthy,256,256,f1348d810c96d65bcde461c6186ee3872ca62c87a89aea938f5890bca4a3a684,c00495,1,0
fi_00496,data/field/uganda/images/fi_00496.jpg,field_uganda,test,healthy,0,,healthy,256,256,f75b563a36e93bfeda6f22336ce5c197d688e1c63bf802ce14b9cdf7054b0e1c,c00496,1,0
fi_00497,data/field/uganda/images/fi_00497.jpg,field_uganda,test,healthy,0,,healthy,256,256,db4f2faca82d52c3a8ccc4093d37e0ecd3569e4a8c4198253e1d73d8d5a7ecf5,c00497,1,0
fi_00498,data/field/uganda/images/fi_00498.jpg,field_uganda,test,healthy,0,,healthy,256,256,89d17e276367a3faf493cb9806acc3086fea8185bdd9d9e8c647bebd11063e7a,c00498,1,0
fi_00499,data/field/uganda/images/fi_00499.jpg,field_uganda,test,healthy,0,,healthy,256,256,957e7abbae01c09665cacce4740dd0633a3012ff1e2dfe8d363be112f7fe4eb9,c00499,1,0
fi_00500,data/field/uganda/images/fi_00500.jpg,field_uganda,test,healthy,0,,healthy,256,256,7c8f7fbbce1dce6173bcd0e13e569bb66eee816cfe4cc9ecdd6715b270f47eab,c00500,1,0
fi_00501,data/field/uganda/images/fi_00501.jpg,field_uganda,test,healthy,0,,healthy,256,256,b34983dbef872adc57ecd628c01ee3a6e2ebcd1045066cd33ed311d05a142864,c00501,1,0
fi_00502,data/field/uganda/images/fi_00502.jpg,field_uganda,test,healthy,0,,healthy,256,256,1448f10aaddaa8beec28508162fea547d14b2e033c3bd3ed57d40ddf9f354762,c00502,1,0
fi_00503,data/field/uganda/images/fi_00503.jpg,field_uganda,test,healthy,0,,healthy,256,256,8373956b25da3a0b7ffa9550a277b8991766b0ecd556db7e72e7ce24d74459ac,c00503,1,0
fi_00504,data/field/uganda/images/fi_00504.jpg,field_uganda,test,healthy,0,,healthy,256,256,85a4ec7c525fa2a4f90a7e88e69a95b672f92cc7706bdac6b2348279a475a4d5,c00504,1,0
fi_00505,data/field/uganda/images/fi_00505.jpg,field_uganda,test,healthy,0,,healthy,256,256,a5fa9582afa49dda86f39618725b445a23ae40278735f53f337581c750410efe,c00505,1,0
fi_00506,data/field/uganda/images/fi_00506.jpg,field_uganda,test,healthy,0,,healthy,256,256,481b598bb5d53f9dc4198d66142aa939eb5592f3cd66c4041ea0ea1aa8159a62,c00506,1,0
fi_00507,data/field/uganda/images/fi_00507.jpg,field_uganda,test,healthy,0,,healthy,256,256,80be16aac41218c77a389adf6e3f5f3acc25173a35274c2fa82e69bda7abea62,c00507,1,0
fi_00508,data/field/uganda/images/fi_00508.jpg,field_uganda,test,healthy,0,,healthy,256,256,0a9fd37a99f1974cd376d156350e84923c076f44460ebd5ed982e88ff85e8e7c,c00508,1,0
fi_00509,data/field/uganda/images/fi_00509.jpg,field_uganda,test,healthy,0,,healthy,256,256,2fe4025d24d535b096faccb8eff28795034b07593338498e7a7c9913898d9ca6,c00509,1,0
fi_00510,data/field/uganda/images/fi_00510.jpg,field_uganda,test,healthy,0,,healthy,256,256,b37e82ff7f456f5ada83a801fc5987ad5e26bc820aae91420af1a5be1064e80a,c00510,1,0
fi_00511,data/field/uganda/images/fi_00511.jpg,field_uganda,test,healthy,0,,healthy,256,256,bc763fbcb5a88a8d49343d8842e3f54d2d0fd7a168c982c011a01389bc9a5577,c00511,1,0
fi_00512,data/field/uganda/images/fi_00512.jpg,field_uganda,test,healthy,0,,healthy,256,256,3a5fe5fc81ea4d96a3f0950e1122bdd64619304ae2cf6b30318ce6c4c74e4e9b,c00512,1,0
fi_00513,data/field/uganda/images/fi_00513.jpg,field_uganda,test,healthy,0,,healthy,256,256,a9bb4392a4f04db5e7d69865aa61b38f6d09b7660bdd313f07cea431f8b79b29,c00513,1,0
fi_00514,data/field/uganda/images/fi_00514.jpg,field_uganda,test,healthy,0,,healthy,256,256,70493413e9380f8a92d11208c8d95a5667bde9e0bfe1370b34c6b7ba5ef0dd7b,c00514,1,0
fi_00515,data/field/uganda/images/fi_00515.jpg,field_uganda,test,healthy,0,,healthy,256,256,4eaf161c95bf442bbdf7a69317409dffb6aea8a1b50e85dc039e43dd0f5b8a13,c00515,1,0
fi_00516,data/field/uganda/images/fi_00516.jpg,field_uganda,test,healthy,0,,healthy,256,256,0300eccaf6d8c96836daedc0c5cf17a6920ee7970cc153f5406de7a548b61877,c00516,1,0
fi_00517,data/field/uganda/images/fi_00517.jpg,field_uganda,test,healthy,0,,healthy,256,256,eb7c94c68ea6c032e4e29a64cb6d840664263b3e8b868b94e794e1b0f1716abc,c00517,1,1
fi_00518,data/field/uganda/images/fi_00518.jpg,field_uganda,test,healthy,0,,healthy,256,256,ef6e95f998fdd1eff933783e276ffd023fada26ba76a7c266d7d15aa5d15d2c2,c00518,1,0
fi_00519,data/field/uganda/images/fi_00519.jpg,field_uganda,test,healthy,0,,healthy,256,256,5518b62a49c1f991181f60c24a3a04ab572c44dcabfd78423b599e9cfd17ca59,c00519,1,0
fi_00520,data/field/uganda/images/fi_00520.jpg,field_uganda,test,healthy,0,,healthy,256,256,a965deabb2acbf8e415c030058941bc519e052d9f7cfe92956b8d0ec9264581b,c00520,1,0
fi_00521,data/field/uganda/images/fi_00521.jpg,field_uganda,test,healthy,0,,healthy,256,256,8972ede1d24b9fa68834b66b74de6e46f661faedaf993c45aed40ee31eb9499c,c00521,1,0
fi_00522,data/field/uganda/images/fi_00522.jpg,field_uganda,test,healthy,0,,healthy,256,256,a15a15850930715f2179adcb2768fb3856c8cd8d4b6406e4b380e278c6d8c2e1,c00522,1,0
fi_00523,data/field/uganda/images/fi_00523.jpg,field_uganda,test,healthy,0,,healthy,256,256,38d2dbcf67df2aaa8847600b7146d6bbcdb120f016688dcd6057bb98cd7f2e01,c00523,1,0
fi_00524,data/field/uganda/images/fi_00524.jpg,field_uganda,test,healthy,0,,healthy,256,256,4ede9a81e681ed0e8f4b358a3327975608760995d57be69e0e75065dd8c9c65a,c00524,1,0
fi_00525,data/field/uganda/images/fi_00525.jpg,field_uganda,test,healthy,0,,healthy,256,256,83cb87ae2deb5be416de6e3e0966a2dfd9533f94781028593c5a45c7c3b4cbc7,c00525,1,1
fi_00526,data/field/uganda/images/fi_00526.jpg,field_uganda,test,healthy,0,,healthy,256,256,77815860933b882b66239f130862ad9f214322eeb205d8ef1df5e4a71b642f12,c00526,1,0
fi_00527,data/field/uganda/images/fi_00527.jpg,field_uganda,test,healthy,0,,healthy,256,256,f1f8858400ebcf6732de980e23386b427014fa1df2b02226ee21a947cf912687,c00527,1,0
fi_00528,data/field/uganda/images/fi_00528.jpg,field_uganda,test,healthy,0,,healthy,256,256,8ea253e638ff45230a7e4f9b70351cd4f132275cc9028efab248891edc48013a,c00528,1,1
fi_00529,data/field/uganda/images/fi_00529.jpg,field_uganda,test,healthy,0,,healthy,256,256,d504b85abc57995dc745ad3f89530d5ffdf909961c2becc53f52c630670d2fe0,c00529,1,0
fi_00530,data/field/uganda/images/fi_00530.jpg,field_uganda,test,healthy,0,,healthy,256,256,ef910899f0c45bf37a040b737c1b897fc9d7f07eb42b0ef9b814983013314580,c00530,1,0
fi_00531,data/field/uganda/images/fi_00531.jpg,field_uganda,test,healthy,0,,healthy,256,256,fe40b42799ac88d41c4a26f4c1a1c5ba10f70bbaef3b350e7177a4cacdee4e23,c00531,1,0
fi_00532,data/field/uganda/images/fi_00532.jpg,field_uganda,test,healthy,0,,healthy,256,256,0f949c11ab8a3174b56149ba1b91fbcae743d66fa2d7219b16cb1554a4cb4138,c00532,1,0
fi_00533,data/field/uganda/images/fi_00533.jpg,field_uganda,test,healthy,0,,healthy,256,256,c3cd1313cfe131758cb1aa4deb62ef1e4bc03abe6e84a10cfea8703a564a502e,c00533,1,1
fi_00534,data/field/uganda/images/fi_00534.jpg,field_uganda,test,healthy,0,,healthy,256,256,cc68680ac01393e65a9aee78cd097c23c630807c8c0209e6dff8d02b79a7f939,c00534,1,1
fi_00535,data/field/uganda/images/fi_00535.jpg,field_uganda,test,healthy,0,,healthy,256,256,2805531f0966555fd1b79e4e4c7e21a40df2058ea08b3418176933ef0f263dcc,c00535,1,0
fi_00536,data/field/uganda/images/fi_00536.jpg,field_uganda,test,healthy,0,,healthy,256,256,1df0614c2d13330a70a144662534fd61649f982296b22aac817d79f44c77563e,c00536,1,1
fi_00537,data/field/uganda/images/fi_00537.jpg,field_uganda,test,healthy,0,,healthy,256,256,6186228970e760459535c2e61db9f9f51d0181817536ffa654fcbfbfba542b35,c00537,1,0
fi_00538,data/field/uganda/images/fi_00538.jpg,field_uganda,test,healthy,0,,healthy,256,256,bce51a444234a75992b8bebb3c3c2a7518b82cf0d23bd4ccdbb574f8c55fea33,c00538,1,0
fi_00539,data/field/uganda/images/fi_00539.jpg,field_uganda,test,healthy,0,,healthy,256,256,0f48037473fe8bb18a00488a51229ad2e9fa8b89f1bf36d2b8ed350feedc43a4,c00539,1,0
fi_00540,data/field/uganda/images/fi_00540.jpg,field_uganda,test,healthy,0,,healthy,256,256,a87027b4003ec6e6f3b3cabf65de3c88a6a3d3d8ed2d8e875594352f472e0de7,c00540,1,0
fi_00541,data/field/uganda/images/fi_00541.jpg,field_uganda,test,healthy,0,,healthy,256,256,225c199e9cfe3f8164f6125a52013f79d3739c82016151fcba542d7861ad42b3,c00541,1,0
fi_00542,data/field/uganda/images/fi_00542.jpg,field_uganda,test,healthy,0,,healthy,256,256,b36c51cb1a877e3d2ce7e63a21848fecba999bc7a3401188d3887c2dcd4cb551,c00542,1,1
fi_00543,data/field/uganda/images/fi_00543.jpg,field_uganda,test,healthy,0,,healthy,256,256,5692764ba648145278e1ccb59dc34fdd53f1cbf526e16421bdee9a9f2bf74982,c00543,1,0
fi_00544,data/field/uganda/images/fi_00544.jpg,field_uganda,test,healthy,0,,healthy,256,256,e48a6d6b703b17d687725b18750b3239b846ebe028bbec7afc2a82789d7bb9c3,c00544,1,0
fi_00545,data/field/uganda/images/fi_00545.jpg,field_uganda,test,healthy,0,,healthy,256,256,528256638cce239d2443dc809237cb9b16e8e679b9a50ae3e10bfac705ad25b9,c00545,1,0
fi_00546,data/field/uganda/images/fi_00546.jpg,field_uganda,test,healthy,0,,healthy,256,256,9c1f9a6f3425d244889001389a5e1ee1056de690e5da533f90f71f3d2ba4bbb1,c00546,1,0
fi_00547,data/field/uganda/images/fi_00547.jpg,field_uganda,test,healthy,0,,healthy,256,256,bc04507ea8937c832cdfbd184ddda20e8a039baeb169f37b391c4e4baf8f905d,c00547,1,0
fi_00548,data/field/uganda/images/fi_00548.jpg,field_uganda,test,healthy,0,,healthy,256,256,215c9a7f4bd107b3ac4dea4ab669686749001f15863b2e4cb6445fbb53d0372f,c00548,1,0
fi_00549,data/field/uganda/images/fi_00549.jpg,field_uganda,test,healthy,0,,healthy,256,256,d385021ebd69369014c17c6d8f498328322a9017dcb8d4bc37e7f27c6029876e,c00549,1,0
fi_00550,data/field/uganda/images/fi_00550.jpg,field_uganda,test,healthy,0,,healthy,256,256,cbcb77938bac30bc2958ddcab16454d2bb2e821ea08e77d4da0b1f0647e5ccf8,c00550,1,0
fi_00551,data/field/uganda/images/fi_00551.jpg,field_uganda,test,healthy,0,,healthy,256,256,1f4c2c1ae20a53bc93caacca2b37160b415a4efb3ca86316ddb2c572e0d22bc7,c00551,1,0
fi_00552,data/field/uganda/images/fi_00552.jpg,field_uganda,test,healthy,0,,healthy,256,256,7bb0ed5ff86d35238ba1776fb22e9378340bc7df53ff3bc221109b68bbbecd9a,c00552,1,0
fi_00553,data/field/uganda/images/fi_00553.jpg,field_uganda,test,healthy,0,,healthy,256,256,30fc1aa02beb48c250b71fd0af7e8d1e0e096e2946802ef4f6804bd6408f430d,c00553,1,0
fi_00554,data/field/uganda/images/fi_00554.jpg,field_uganda,test,healthy,0,,healthy,256,256,dd04115c6550f4f38176f5a0394df0e1c648e429b1ec6d12ebdce4e70d15d6c0,c00554,1,0
fi_00555,data/field/uganda/images/fi_00555.jpg,field_uganda,test,healthy,0,,healthy,256,256,809da0b8ccfa7662d9bd33f79c4e5528d807122eead6ba22cfbeaab7a4fb90af,c00555,1,0
fi_00556,data/field/uganda/images/fi_00556.jpg,field_uganda,test,healthy,0,,healthy,256,256,ed160d224e0cdbae9c1caa0ba6ca1973b57db872ff07e0bf4cbba2f5800798c1,c00556,1,0
fi_00557,data/field/uganda/images/fi_00557.jpg,field_uganda,test,healthy,0,,healthy,256,256,a74fd77c4378c637ebf685fa37b0f6ecf1c8cba068eb5b8b3a1cc5049254b555,c00557,1,0
fi_00558,data/field/uganda/images/fi_00558.jpg,field_uganda,test,healthy,0,,healthy,256,256,ebd56fbc3b201d1440464909889a56bf7ef98c8df9dc8247855922c2b1ee0c69,c00558,1,0
fi_00559,data/field/uganda/images/fi_00559.jpg,field_uganda,test,healthy,0,,healthy,256,256,fb6ae632ced9880012d368afba522b53903d4376cc89294886500723f8877508,c00559,1,0
fi_00560,data/field/uganda/images/fi_00560.jpg,field_uganda,test,healthy,0,,healthy,256,256,84d4feb864bba869f06a913d462217add0fe35e20b29c828c454ba58ea327d13,c00560,1,1
fi_00561,data/field/uganda/images/fi_00561.jpg,field_uganda,test,healthy,0,,healthy,256,256,b61ed57a56a41a87872f35d600522e388bb791332b9291dd27d8f522bd9e175f,c00561,1,1
fi_00562,data/field/uganda/images/fi_00562.jpg,field_uganda,test,healthy,0,,healthy,256,256,8a838c6516d3941e0e5969ad954ff4ecdb6d02d37f906e2ab0ef8c8a834b3bbb,c00562,1,0
fi_00563,data/field/uganda/images/fi_00563.jpg,field_uganda,test,healthy,0,,healthy,256,256,1fc077dad34ad497c9e93e71ece6d8525e692f98b3a94c3f3c63a6573cbd6661,c00563,1,0
fi_00564,data/field/uganda/images/fi_00564.jpg,field_uganda,test,healthy,0,,healthy,256,256,a6b25779318eaf8c75be828f746287ea4c6179573b287fcdee2f561efaf6c614,c00564,1,0
fi_00565,data/field/uganda/images/fi_00565.jpg,field_uganda,test,healthy,0,,healthy,256,256,6f91e8a1763e06ee4bb202da4f0878d32d098a60e432df9e47a6b0be76a079bb,c00565,1,0
fi_00566,data/field/uganda/images/fi_00566.jpg,field_uganda,test,healthy,0,,healthy,256,256,0ba276be206eebb745711158150e21b29475ec48f5a903f339920adab618e737,c00566,1,0
fi_00567,data/field/uganda/images/fi_00567.jpg,field_uganda,test,healthy,0,,healthy,256,256,e081267b01815e383c65b3e712526ab4017392b384c69a2d6eb986000051e027,c00567,1,0
fi_00568,data/field/uganda/images/fi_00568.jpg,field_uganda,test,healthy,0,,healthy,256,256,270bfbb2b757ebe0404f2117b7fc098ea48511c2c0f748411a8c70e20f4eaae9,c00568,1,0
fi_00569,data/field/uganda/images/fi_00569.jpg,field_uganda,test,healthy,0,,healthy,256,256,32f1052d286c7c3a8d65f85c88ebeb42c302953bcb2e4115f8bfd14a81b07c53,c00569,1,0
fi_00570,data/field/uganda/images/fi_00570.jpg,field_uganda,test,healthy,0,,healthy,256,256,4676df96441096dcbd8e52153273515e3966ecddd48e229d6232e8e53bfa25b4,c00570,1,0
fi_00571,data/field/uganda/images/fi_00571.jpg,field_uganda,test,healthy,0,,healthy,256,256,628e4599332ac0ee8960e5824048392061b445596cf5a7e47545c49b8b03ac2e,c00571,1,0
fi_00572,data/field/uganda/images/fi_00572.jpg,field_uganda,test,healthy,0,,healthy,256,256,33b19a908293f2ff870043083dea80a57cc8b256ec5f035d5bbeec264746f68c,c00572,1,0
fi_00573,data/field/uganda/images/fi_00573.jpg,field_uganda,test,healthy,0,,healthy,256,256,7d2856cb1ac97e04b596e64ad4cc6012544875487de3a142691e3304dd8ebf1b,c00573,1,1
fi_00574,data/field/uganda/images/fi_00574.jpg,field_uganda,test,healthy,0,,healthy,256,256,d655480e65c13413453335b918566c12174f2655da80a9979fc1c596dcd3b584,c00574,1,1
fi_00575,data/field/uganda/images/fi_00575.jpg,field_uganda,test,healthy,0,,healthy,256,256,b6287edcfad18e3f22408404f36abb6dff0adfc292ba181156370308337768a7,c00575,1,0
fi_00576,data/field/uganda/images/fi_00576.jpg,field_uganda,test,healthy,0,,healthy,256,256,84d7f71bd73d2f83409574224b8b2e1da4578b4efe60884c20acd41b8354f479,c00576,1,0
fi_00577,data/field/uganda/images/fi_00577.jpg,field_uganda,test,healthy,0,,healthy,256,256,9edb92189380d2f1e8b2fd6776088d5c92b6c2d14bc093564459b9ef5e5acdce,c00577,1,0
fi_00578,data/field/uganda/images/fi_00578.jpg,field_uganda,test,healthy,0,,healthy,256,256,f1ef39f1b9d976ea7af38dda9e2c37a7a5bbe66da83047f91211f2655cd641d1,c00578,1,0
fi_00579,data/field/uganda/images/fi_00579.jpg,field_uganda,test,healthy,0,,healthy,256,256,f75a33f79e326e1946e31f445054c1ba8fd1d4fa79ee5cbe19b0549690e47a45,c00579,1,0
fi_00580,data/field/uganda/images/fi_00580.jpg,field_uganda,test,healthy,0,,healthy,256,256,e85a2f84d42ebcf6ce5eb9af3fe6af3ea834717bf8c6ba5bd0cc641974737d17,c00580,1,0
fi_00581,data/field/uganda/images/fi_00581.jpg,field_uganda,test,healthy,0,,healthy,256,256,c1735264abaf2d536edf419d5df89825c1bae70489211592bf6bacf14dfac8bf,c00581,1,0
fi_00582,data/field/uganda/images/fi_00582.jpg,field_uganda,test,healthy,0,,healthy,256,256,214c4dc45689a314788292f4140634203af6db6e5ae99f2e5b21edf4fdac64f1,c00582,1,0
fi_00583,data/field/uganda/images/fi_00583.jpg,field_uganda,test,healthy,0,,healthy,256,256,14bc520ff4f7878f46cc6b78e4eadab22b7617f1468b7ab166fc0d30272f65f8,c00583,1,1
fi_00584,data/field/uganda/images/fi_00584.jpg,field_uganda,test,healthy,0,,healthy,256,256,294f26ab3928cdac01ace5f0785aa2fc76167c5a2372efe291c7588721e34e83,c00584,1,0
fi_00585,data/field/uganda/images/fi_00585.jpg,field_uganda,test,healthy,0,,healthy,256,256,9f8ed4b4ff50048c050663abb5b4a28dc0b569f02278846d2f7a0d987239766d,c00585,1,0
fi_00586,data/field/uganda/images/fi_00586.jpg,field_uganda,test,healthy,0,,healthy,256,256,3f4247528bb70fbbb172a3c9936fd3a70b23a3abae85b46f8821593f3e50bba3,c00586,1,0
fi_00587,data/field/uganda/images/fi_00587.jpg,field_uganda,test,healthy,0,,healthy,256,256,e3f9a21262375d0639f79f66c73ef08293c153bb1d5b1aa9c9411ec6f9d3df42,c00587,1,0
fi_00588,data/field/uganda/images/fi_00588.jpg,field_uganda,test,healthy,0,,healthy,256,256,336f55eef7cefcf0539fed7486c2086bee275bc1e9b52fe196722b6294e9fb22,c00588,1,0
fi_00589,data/field/uganda/images/fi_00589.jpg,field_uganda,test,healthy,0,,healthy,256,256,d7486d5aa58fb92a86eabf45c887f0bdb8931ddaa73f2a50af0ff16a6fb75dae,c00589,1,0
fi_00590,data/field/uganda/images/fi_00590.jpg,field_uganda,test,healthy,0,,healthy,256,256,213e9e339809b4f514158d6a50850fa664a4481691e2c499676a75b447ae6f92,c00590,1,0
fi_00591,data/field/uganda/images/fi_00591.jpg,field_uganda,test,healthy,0,,healthy,256,256,39f5a0af3dafd137fe9fe1347f32da464004c58b233400714bd8139efd3a570b,c00591,1,0
fi_00592,data/field/uganda/images/fi_00592.jpg,field_uganda,test,healthy,0,,healthy,256,256,caad754a72e8cafdecbb7f16c9234def8f4fdb8c3e8bba34a522c2b2258a1ca3,c00592,1,0
fi_00593,data/field/uganda/images/fi_00593.jpg,field_uganda,test,healthy,0,,healthy,256,256,64650c9a4c7a38870c8ad4c7e0cceeddea74087cb0f7b7580e91c63899f43da4,c00593,1,0
fi_00594,data/field/uganda/images/fi_00594.jpg,field_uganda,test,healthy,0,,healthy,256,256,d16dd94a9d4654a60da59b38117e4e6945c4b876f607c2df71105837ab20cef1,c00594,1,1
fi_00595,data/field/uganda/images/fi_00595.jpg,field_uganda,test,healthy,0,,healthy,256,256,a30bad1f756ead7c28b9bf16b29c16a20eaaa75a83dd8ee069942b387715f519,c00595,1,0
fi_00596,data/field/uganda/images/fi_00596.jpg,field_uganda,test,healthy,0,,healthy,256,256,760f851c04a80f6ca733e14f7c3538e228354c8b0fb5b32955989a1e57f9c67c,c00596,1,1
fi_00597,data/field/uganda/images/fi_00597.jpg,field_uganda,test,healthy,0,,healthy,256,256,fc66af331eb97dd0c07ae2e1424fb29a9519b908e3760367ef7bb73e52b14b3e,c00597,1,0
fi_00598,data/field/uganda/images/fi_00598.jpg,field_uganda,test,healthy,0,,healthy,256,256,edccaffc7c8c20d2873ad662a92e47bcb89a91e8726491b10fb0d58283bb200f,c00598,1,1
fi_00599,data/field/uganda/images/fi_00599.jpg,field_uganda,test,healthy,0,,healthy,256,256,fc8779421b2d9aa450933c48a82b73a8545ba6043ef61d8d8901c8c4a2375470,c00599,1,0
fi_00600,data/field/uganda/images/fi_00600.jpg,field_uganda,test,healthy,0,,healthy,256,256,b28e3b4d63904efdf83ffe1ec772787abd1a7fa73f4925a570f17c9510b2be7d,c00600,1,0
fi_00601,data/field/uganda/images/fi_00601.jpg,field_uganda,test,healthy,0,,healthy,256,256,42987089f538c65f82bce0f320764297822ccaf8ede8fc74c29d3b370692aed9,c00601,1,0
fi_00602,data/field/uganda/images/fi_00602.jpg,field_uganda,test,healthy,0,,healthy,256,256,e1045e8f30fedc396cdb917704eb654bf664a2787fc987db1b98cde94161871b,c00602,1,0
fi_00603,data/field/uganda/images/fi_00603.jpg,field_uganda,test,healthy,0,,healthy,256,256,ab0e1406de1f87e826beac79c4fa9ace202741756271814af2341e2c9253a5db,c00603,1,0
fi_00604,data/field/uganda/images/fi_00604.jpg,field_uganda,test,healthy,0,,healthy,256,256,a7e5c795fc547dde1b55654b65d447e5a744476d7111a28d3acbf58dccdda27c,c00604,1,0
fi_00605,data/field/uganda/images/fi_00605.jpg,field_uganda,test,healthy,0,,healthy,256,256,ff23eb327805a560a636add5b92175fbc7d8451192accc540739de08440ca38a,c00605,1,0
fi_00606,data/field/uganda/images/fi_00606.jpg,field_uganda,test,healthy,0,,healthy,256,256,c05589120a9394e71b2f2187a2024b468bf83204d72f87cf25c8984c263b2fcd,c00606,1,0
fi_00607,data/field/uganda/images/fi_00607.jpg,field_uganda,test,healthy,0,,healthy,256,256,124e51ed5a2c49e77ae2c1c23279e51721a76a711a2ed0e64cb78f38cd290a01,c00607,1,0
fi_00608,data/field/uganda/images/fi_00608.jpg,field_uganda,test,healthy,0,,healthy,256,256,1d8de1b314bf393814c1346c23be50289a4ca214f66e909fdc8e020918573fe5,c00608,1,0
fi_00609,data/field/uganda/images/fi_00609.jpg,field_uganda,test,healthy,0,,healthy,256,256,4679eff2d91aa2edfecd673c30b50409efb1d40ce4324635abef834837b551f9,c00609,1,0
fi_00610,data/field/uganda/images/fi_00610.jpg,field_uganda,test,healthy,0,,healthy,256,256,c207bd05564ac8d74aee13c88dc928cee52c5f02837caf7385267c79603adad9,c00610,1,0
fi_00611,data/field/uganda/images/fi_00611.jpg,field_uganda,test,healthy,0,,healthy,256,256,d5ff2f7a9c96af947720f4649742918bb7656272895a306797ca1d19ca2c778a,c00611,1,0
fi_00612,data/field/uganda/images/fi_00612.jpg,field_uganda,test,healthy,0,,healthy,256,256,65a0018dfdea8f63250b8d27e7e1a2f663c1ecf256cdf23dfd569eaa8803227f,c00612,1,0
fi_00613,data/field/uganda/images/fi_00613.jpg,field_uganda,test,healthy,0,,healthy,256,256,dc07074ba59e434768048055a5dbfab8cd009bfd7cb22b1893ad910e4f80506c,c00613,1,0
fi_00614,data/field/uganda/images/fi_00614.jpg,field_uganda,test,healthy,0,,healthy,256,256,bed058212493eb3cd48fbf5ba116851b2dbd7645a075cb0aea403277f0815e2b,c00614,1,0
fi_00615,data/field/uganda/images/fi_00615.jpg,field_uganda,test,healthy,0,,healthy,256,256,a9b513233295ff9a9f59e3c0f81f7ddcfe1f1136720eaa64c54b2d8ebb89a02d,c00615,1,0
fi_00616,data/field/uganda/images/fi_00616.jpg,field_uganda,test,healthy,0,,healthy,256,256,d7e345d7a9e4e4b2045fbe0bd56c2c9a046e93ae1fb7a5a1164ed9b5a1a12074,c00616,1,1
fi_00617,data/field/uganda/images/fi_00617.jpg,field_uganda,test,healthy,0,,healthy,256,256,bfb9b84f25fa85b2da04672a8d59448dd806ae1dfcd957fbec8a255440499f00,c00617,1,0
fi_00618,data/field/uganda/images/fi_00618.jpg,field_uganda,test,healthy,0,,healthy,256,256,3510ad81f9009ddea6b913f4512f677b57e6c68aaf9b98d21271d830b3157b44,c00618,1,0
fi_00619,data/field/uganda/images/fi_00619.jpg,field_uganda,test,healthy,0,,healthy,256,256,5b4f642b1f634485f4e56b38f239a1edf305f1dc5890c09b844c62f63716daa3,c00619,1,0
fi_00620,data/field/uganda/images/fi_00620.jpg,field_uganda,test,healthy,0,,healthy,256,256,2aca8cff1010dd33c26cab84314a1df8c3272fe87b05399d7cbdd0cc6714d6e9,c00620,1,0
fi_00621,data/field/uganda/images/fi_00621.jpg,field_uganda,test,healthy,0,,healthy,256,256,a303a72a2bf1a3d733e88dd6d2d89c8de8ab2418fb2327935f491081af1caf78,c00621,1,1
fi_00622,data/field/uganda/images/fi_00622.jpg,field_uganda,test,healthy,0,,healthy,256,256,2d3d0b5a2ec9bcd7e5e1b17efe0eb90da60e104535a4013b680837ea9afff9f8,c00622,1,1
fi_00623,data/field/uganda/images/fi_00623.jpg,field_uganda,test,healthy,0,,healthy,256,256,2b70c69a91f3b99391bbf1f26782001686c3116203d177a11f3dd6e8c9e1d84c,c00623,1,0
fi_00624,data/field/uganda/images/fi_00624.jpg,field_uganda,test,healthy,0,,healthy,256,256,4ed4f115152aef756bf82540ae7db256bfbf20bcf154fe88373a07eece82f9d8,c00624,1,0
fi_00625,data/field/uganda/images/fi_00625.jpg,field_uganda,test,healthy,0,,healthy,256,256,fb42c22342f23b8bcf56b554c16c18f01caa253ad340a7f1025cfe1fc08ba9bc,c00625,1,0
fi_00626,data/field/uganda/images/fi_00626.jpg,field_uganda,test,healthy,0,,healthy,256,256,a75bd891a2c83722edb34a35df78c3c8357b8c30224baf741f6e0dbca8855957,c00626,1,0
fi_00627,data/field/uganda/images/fi_00627.jpg,field_uganda,test,healthy,0,,healthy,256,256,a6287f28bc768652f21fec51260386d4d4e48f20223516683e82e05f3ca52af3,c00627,1,0
fi_00628,data/field/uganda/images/fi_00628.jpg,field_uganda,test,healthy,0,,healthy,256,256,28433b2ea00ee73736720b1b6bb729cff1e6f49d4720e7e9ea6f43b0f47930a7,c00628,1,0
fi_00629,data/field/uganda/images/fi_00629.jpg,field_uganda,test,healthy,0,,healthy,256,256,bae0d2509f439a62e1251d536b461905dd92b106805ab653c0c1ba7d3032be2a,c00629,1,1
fi_00630,data/field/uganda/images/fi_00630.jpg,field_uganda,test,healthy,0,,healthy,256,256,12df43476d0d146d9df98a81771e4235bf78a4f141d2e3ae0820d107b527c9db,c00630,1,0
fi_00631,data/field/uganda/images/fi_00631.jpg,field_uganda,test,healthy,0,,healthy,256,256,668f0c1c877c0a46a2d11c7cf809956697aa58a45e21fbbbb7f144f38128c6c7,c00631,1,0
fi_00632,data/field/uganda/images/fi_00632.jpg,field_uganda,test,healthy,0,,healthy,256,256,40de7b13570dc10dce4ca2f37fd8b342370906cf99622c4fc9bf4bf85cf9a8a5,c00632,1,0
fi_00633,data/field/uganda/images/fi_00633.jpg,field_uganda,test,healthy,0,,healthy,256,256,96273e4b587690a6284b242d15e30fd022e1a43fa81bacd1c5004065d5434aad,c00633,1,0
fi_00634,data/field/uganda/images/fi_00634.jpg,field_uganda,test,healthy,0,,healthy,256,256,af321ad200510d4db29aa290f7450eee36871ec4567c3c6428b9fe0a3572021d,c00634,1,0
fi_00635,data/field/uganda/images/fi_00635.jpg,field_uganda,test,healthy,0,,healthy,256,256,1ab270629881ada2369260e8f6abafd9e358d7255b7d6d5c48f7a182458c189e,c00635,1,0
fi_00636,data/field/uganda/images/fi_00636.jpg,field_uganda,test,healthy,0,,healthy,256,256,6bf9bb2dd31b2b1568ae53b9b271c39553cd45ef69cc25a231da7f96d6e8c7ce,c00636,1,0
fi_00637,data/field/uganda/images/fi_00637.jpg,field_uganda,test,healthy,0,,healthy,256,256,d774b13eaa3593f1ed73f1ec2e6d8af8fba04d2d2a6aae03ae110cf0381fa640,c00637,1,0
fi_00638,data/field/uganda/images/fi_00638.jpg,field_uganda,test,healthy,0,,healthy,256,256,558de6faddf64e3e938486e3e2e6013833b3a959ccd0cad9bcf2ef55223babd0,c00638,1,0
fi_00639,data/field/uganda/images/fi_00639.jpg,field_uganda,test,healthy,0,,healthy,256,256,d1ac58ea54a794829c8e13e39376c584f6f88d1ff298ac8db648f6a85aaaab2c,c00639,1,1
fi_00640,data/field/uganda/images/fi_00640.jpg,field_uganda,test,healthy,0,,healthy,256,256,69fb9a5ce957466416445e3a9c2d03109bb7b3ab08639c346ed02fd1c8acfe32,c00640,1,0
fi_00641,data/field/uganda/images/fi_00641.jpg,field_uganda,test,healthy,0,,healthy,256,256,fe7d808a6a5612ee7303cd16a1fca741b4392cfd0ccd60912003f31979f3d3e5,c00641,1,0
fi_00642,data/field/uganda/images/fi_00642.jpg,field_uganda,test,healthy,0,,healthy,256,256,6430b32d85d89c322bf3a518a5f8e9de5d30b1205c1334355c451bff1d64712e,c00642,1,0
fi_00643,data/field/uganda/images/fi_00643.jpg,field_uganda,test,healthy,0,,healthy,256,256,84ec0296342b21a198320934af0d5d0e805127d0d10e110248057a7821ab4689,c00643,1,1
fi_00644,data/field/uganda/images/fi_00644.jpg,field_uganda,test,healthy,0,,healthy,256,256,e33f0205934cf6f1dd2bf7d45a3117a917a87c3467ca61da6ec9d408204e33c9,c00644,1,0
fi_00645,data/field/uganda/images/fi_00645.jpg,field_uganda,test,healthy,0,,healthy,256,256,061858e96ec14b45f7d77c688f82709940a84600cd0d3234669fb81e29ef01e9,c00645,1,0
fi_00646,data/field/uganda/images/fi_00646.jpg,field_uganda,test,healthy,0,,healthy,256,256,f8346c9cf33a3f12f5f632991ef05e0a9799f75504bb268e782dc980381894d4,c00646,1,0
fi_00647,data/field/uganda/images/fi_00647.jpg,field_uganda,test,healthy,0,,healthy,256,256,5a7b94b1ecb70f2093532e113b9da5df3a7f8c7cd426e578733f9d5d688b128e,c00647,1,0
fi_00648,data/field/uganda/images/fi_00648.jpg,field_uganda,test,healthy,0,,healthy,256,256,99f0041bf0aa48e601041bf6b47d76f22e665b14f2e82513ecdc3243fce520fa,c00648,1,0
fi_00649,data/field/uganda/images/fi_00649.jpg,field_uganda,test,healthy,0,,healthy,256,256,5817428c958580ff21265e8b3345a9847f88d82d3d85867b58a536aa348feeda,c00649,1,0
fi_00650,data/field/uganda/images/fi_00650.jpg,field_uganda,test,healthy,0,,healthy,256,256,6b0c668909beda4be3800e3c9517168a0c8b63bbbf2ba5fbf76b8c8aad60042d,c00650,1,0
fi_00651,data/field/uganda/images/fi_00651.jpg,field_uganda,test,healthy,0,,healthy,256,256,dfeb925ea2bc2edb10f9127480d388f265d1ec61e4c8be0d0ec0d47f517b42db,c00651,1,0
fi_00652,data/field/uganda/images/fi_00652.jpg,field_uganda,test,healthy,0,,healthy,256,256,550d1d3635c8ee075cf29ebd8cd717bbe7411500333add5fcaf2089cc1da8b70,c00652,1,0
fi_00653,data/field/uganda/images/fi_00653.jpg,field_uganda,test,healthy,0,,healthy,256,256,24e0ac08288cc48a0a22b573e9aa4ad2fc1084d8d37428b66b1283bd1ef08688,c00653,1,0
fi_00654,data/field/uganda/images/fi_00654.jpg,field_uganda,test,healthy,0,,healthy,256,256,69410664e9696940e934ef788c40c435de3dac48bb5b0eead9146b61e0cca080,c00654,1,0
fi_00655,data/field/uganda/images/fi_00655.jpg,field_uganda,test,healthy,0,,healthy,256,256,ad74c2e2bda87deff40b31bdc2b30e6daa7a3bfa0c7c6a0a38d9c05dc6370bbe,c00655,1,0
fi_00656,data/field/uganda/images/fi_00656.jpg,field_uganda,test,healthy,0,,healthy,256,256,3f0f3ddf51822b445f5679cf7a957c87099eb491c77499b059be6543135e65b1,c00656,1,0
fi_00657,data/field/uganda/images/fi_00657.jpg,field_uganda,test,healthy,0,,healthy,256,256,172cf3adf2ba5a6ae59945895496c612fe9344c6cfd2f691c0f56874e7b2046b,c00657,1,0
fi_00658,data/field/uganda/images/fi_00658.jpg,field_uganda,test,healthy,0,,healthy,256,256,80d20c66c8106eb30b7a07818e963d1384a376eaacf9dc527c526597db8b94c0,c00658,1,0
fi_00659,data/field/uganda/images/fi_00659.jpg,field_uganda,test,healthy,0,,healthy,256,256,8f779b970ac898ccb3ad0a6d08a8bbadb3185fa6402771d7b9270a6debf7b6a1,c00659,1,0
fi_00660,data/field/uganda/images/fi_00660.jpg,field_uganda,test,healthy,0,,healthy,256,256,97a87b7994488f18d9532da21c66d08d535219724f7002c5d2fcf77a57f47355,c00660,1,0
fi_00661,data/field/uganda/images/fi_00661.jpg,field_uganda,test,healthy,0,,healthy,256,256,61b682085c07247d69f469a6a227d232a77cdfd663b83c70e7506cf0b37fad55,c00661,1,0
fi_00662,data/field/uganda/images/fi_00662.jpg,field_uganda,test,healthy,0,,healthy,256,256,7c9cdc15e9c94d910f64d726cf0a244bbd3d102b2483d814316a016c13190da8,c00662,1,0
fi_00663,data/field/uganda/images/fi_00663.jpg,field_uganda,test,healthy,0,,healthy,256,256,a9af68d753221c68083cdf800e5435832fb6c7d1e993bb248f40849ee1ba355e,c00663,1,0
fi_00664,data/field/uganda/images/fi_00664.jpg,field_uganda,test,healthy,0,,healthy,256,256,99daeb50e7cef9ed112a96426f8cb17d5dc09f321ad52cb0861bce48b617da0f,c00664,1,0
fi_00665,data/field/uganda/images/fi_00665.jpg,field_uganda,test,healthy,0,,healthy,256,256,a3992d00bcec8987f7e95a55da9c3128e18e97aab31d766bb3a9c0ddbff0e8e3,c00665,1,0
fi_00666,data/field/uganda/images/fi_00666.jpg,field_uganda,test,healthy,0,,healthy,256,256,2bca48a24ec1a83573690ceb73928a1df73d954c64c3a30ebed8a0a83091f2e5,c00666,1,0
fi_00667,data/field/uganda/images/fi_00667.jpg,field_uganda,test,healthy,0,,healthy,256,256,caf02ea66caba74831f88a2ea3eed87ac144c63ee038c05d1f81bfe7ba66da88,c00667,1,0
fi_00668,data/field/uganda/images/fi_00668.jpg,field_uganda,test,healthy,0,,healthy,256,256,2d0eb1b9b323f8387c7a58c8fb0dc23bfb4cae0058361ad19d68f4b1fb8c6cbf,c00668,1,1
fi_00669,data/field/uganda/images/fi_00669.jpg,field_uganda,test,healthy,0,,healthy,256,256,a6077dcc83f4bae5c4de4a3c39b0a6b15c926feab814f28a3c41f61d5315199e,c00669,1,0
fi_00670,data/field/uganda/images/fi_00670.jpg,field_uganda,test,healthy,0,,healthy,256,256,3ff9b6d8b9fefbfe9757e3193801027b1a24c8bc50b440cd681699801ba4613e,c00670,1,0
fi_00671,data/field/uganda/images/fi_00671.jpg,field_uganda,test,healthy,0,,healthy,256,256,b51c3fc250bfdfd453b5c40d5f547ab8e0c0dd1eae965784ebe24f2c920047e8,c00671,1,0
fi_00672,data/field/uganda/images/fi_00672.jpg,field_uganda,test,healthy,0,,healthy,256,256,4d5a7dbad934ae1b85977071fdb1c38e37539466d927bb0a5b1a64fb30ed83e5,c00672,1,0
fi_00673,data/field/uganda/images/fi_00673.jpg,field_uganda,test,healthy,0,,healthy,256,256,c002261e6466da86f7f1ffa07de3b75f60337d3d9568459c2e9b3a8b20e11dea,c00673,1,0
fi_00674,data/field/uganda/images/fi_00674.jpg,field_uganda,test,healthy,0,,healthy,256,256,dbaa4c2bd871e43bc3e7fb1f5c3bcdaa0b67b464969f261a6ebba565317efedd,c00674,1,0
fi_00675,data/field/uganda/images/fi_00675.jpg,field_uganda,test,healthy,0,,healthy,256,256,3b889205fcaadeedc9a8904dedb1fdf614662f4b3fa1552775ff7c573ad457e4,c00675,1,0
fi_00676,data/field/uganda/images/fi_00676.jpg,field_uganda,test,healthy,0,,healthy,256,256,3a1aa2dd6afc4459eedc567ae9f40d5ddcf59c40599d7aa62843a85a181f7e0b,c00676,1,0
fi_00677,data/field/uganda/images/fi_00677.jpg,field_uganda,test,healthy,0,,healthy,256,256,84c0985c820310643c2f952df68458f57fc504ccc22476ad2184fd75814d84e3,c00677,1,0
fi_00678,data/field/uganda/images/fi_00678.jpg,field_uganda,test,healthy,0,,healthy,256,256,1472bd6c74ed5f6aad8a7589186c3f63a653164a4afb31ec50210fbffbfa8aa4,c00678,1,0
fi_00679,data/field/uganda/images/fi_00679.jpg,field_uganda,test,healthy,0,,healthy,256,256,86897fe71bd9f97218a5ae278f4404626e0ae20471d8dce48df1dd3849639be7,c00679,1,0
fi_00680,data/field/uganda/images/fi_00680.jpg,field_uganda,test,healthy,0,,healthy,256,256,e964fc09af57b960170975e9fbfe2c5696e5b1f2c6497422399c1c07c03aea3c,c00680,1,0
fi_00681,data/field/uganda/images/fi_00681.jpg,field_uganda,test,healthy,0,,healthy,256,256,9d20cab6a38b2a8b79432fe38b0425eb5ffe47c3c3043a7b56bffb681b18b3c5,c00681,1,0
fi_00682,data/field/uganda/images/fi_00682.jpg,field_uganda,test,healthy,0,,healthy,256,256,0a56bcdcf2b434bba27532983387fe277df2df0f8c7d0a1824a2c9a250a707ea,c00682,1,0
fi_00683,data/field/uganda/images/fi_00683.jpg,field_uganda,test,healthy,0,,healthy,256,256,75531672f153e7459f5a0d1a98044864208eb284252913c1221bddf791d8351b,c00683,1,0
fi_00684,data/field/uganda/images/fi_00684.jpg,field_uganda,test,healthy,0,,healthy,256,256,70c2bf3860693973f6adde876f66579be1446979eabe82a5914313ede5e688f2,c00684,1,0
fi_00685,data/field/uganda/images/fi_00685.jpg,field_uganda,test,healthy,0,,healthy,256,256,62822e45c45683a73b75cf661ba6d3ba76bd20542221e97132d883d31e32c831,c00685,1,0
fi_00686,data/field/uganda/images/fi_00686.jpg,field_uganda,test,healthy,0,,healthy,256,256,f5c28c051dbc2a82338eba1def5bc471866de8bab7d712ea09e12068c02e9a7f,c00686,1,0
fi_00687,data/field/uganda/images/fi_00687.jpg,field_uganda,test,healthy,0,,healthy,256,256,aee79725b4b6ef21443b5059bf5f0dfbf8ac25bf0363c4073c2d938cb2084eea,c00687,1,0
fi_00688,data/field/uganda/images/fi_00688.jpg,field_uganda,test,healthy,0,,healthy,256,256,6496c71d932c0c16450cc2d77e590a12dd1717b09e4e33dfd196e00dc493b16c,c00688,1,0
fi_00689,data/field/uganda/images/fi_00689.jpg,field_uganda,test,healthy,0,,healthy,256,256,53f6c6a8202263c277db79760b6521ff7cc5c778ad0b65d07111bb1481955933,c00689,1,1
fi_00690,data/field/uganda/images/fi_00690.jpg,field_uganda,test,healthy,0,,healthy,256,256,6d0476491b7411b687f17f22fe2d739e6cf1211abbf532fe4bccf753630c468a,c00690,1,0
fi_00691,data/field/uganda/images/fi_00691.jpg,field_uganda,test,healthy,0,,healthy,256,256,157d154e7c149317b3432ccd4e79f8da5d04fcbda522285007df0c9be1667c57,c00691,1,0
fi_00692,data/field/uganda/images/fi_00692.jpg,field_uganda,test,healthy,0,,healthy,256,256,e94218a76f59ec5006cb4c3143cf821bb20c5886ed062d68197cef1878c96e16,c00692,1,1
fi_00693,data/field/uganda/images/fi_00693.jpg,field_uganda,test,healthy,0,,healthy,256,256,bd5d6929900a0083422d35ff630a038cdb7988235f6f0412576b5f1e2e0924f9,c00693,1,0
fi_00694,data/field/uganda/images/fi_00694.jpg,field_uganda,test,healthy,0,,healthy,256,256,4ad5c5d163eb37fba583b4c81196854e933557c5533db015d346dce2cc5bc290,c00694,1,0
fi_00695,data/field/uganda/images/fi_00695.jpg,field_uganda,test,healthy,0,,healthy,256,256,a12740be7d413b799a7c7073751af5a675e198b8c07aca32342342140a36256f,c00695,1,0
fi_00696,data/field/uganda/images/fi_00696.jpg,field_uganda,test,healthy,0,,healthy,256,256,126376294635e7a6f5d3bf33bd30db216141a50759843d60fa083eb946cba786,c00696,1,1
fi_00697,data/field/uganda/images/fi_00697.jpg,field_uganda,test,healthy,0,,healthy,256,256,d9d57e82f100359926d379cf09f87163851c364eb05c7179549260d7afac4fc7,c00697,1,0
fi_00698,data/field/uganda/images/fi_00698.jpg,field_uganda,test,healthy,0,,healthy,256,256,fc43ce6c67811d19e06d45e7f6dbe7cfa0c30d06ffdbf728c8ab87da31bd9cb1,c00698,1,0
fi_00699,data/field/uganda/images/fi_00699.jpg,field_uganda,test,healthy,0,,healthy,256,256,5b2a740c3130f0585366a5c6287c4be286c8eb98087f6dabbfd25af6c31c5ce3,c00699,1,0
fi_00700,data/field/uganda/images/fi_00700.jpg,field_uganda,test,healthy,0,,healthy,256,256,76d275542c597a64d830acfa2c14ec32a24cdcbbea2b2658e39c34f2ff3aac8a,c00700,1,0
fi_00701,data/field/uganda/images/fi_00701.jpg,field_uganda,test,healthy,0,,healthy,256,256,40da7974dadc5ab1f0df7a57540023e99a7f5ae17121e782445f23836e1513d0,c00701,1,0
fi_00702,data/field/uganda/images/fi_00702.jpg,field_uganda,test,healthy,0,,healthy,256,256,7d27460d5de59996677f797db96071bd3325a9c1d17c86af19a21db4984dc732,c00702,1,0
fi_00703,data/field/uganda/images/fi_00703.jpg,field_uganda,test,healthy,0,,healthy,256,256,5bfd7fdd848f2f25cbd35a5cd1e40f5ab4ccbed2d7d950a19f6564253d3fdb81,c00703,1,0
fi_00704,data/field/uganda/images/fi_00704.jpg,field_uganda,test,healthy,0,,healthy,256,256,d1ab563d43e6e1b9775e8557cbb6ed1304c132c93437f6ce0dacc9484eb0f25c,c00704,1,0
fi_00705,data/field/uganda/images/fi_00705.jpg,field_uganda,test,healthy,0,,healthy,256,256,28f4847305868fbd9f7b0038137295db545b37e41a4302bb970fc4a571c64ea4,c00705,1,0
fi_00706,data/field/uganda/images/fi_00706.jpg,field_uganda,test,healthy,0,,healthy,256,256,ea1c06a959959ffb64e9f8213775e2f3c3c78f5098ee43edc22d115eb8ef81c3,c00706,1,0
fi_00707,data/field/uganda/images/fi_00707.jpg,field_uganda,test,healthy,0,,healthy,256,256,02af474d26ebcb9c3fcccc91d2f93db1073a296b4ba531d67d0818fffb8ee8ae,c00707,1,0
fi_00708,data/field/uganda/images/fi_00708.jpg,field_uganda,test,healthy,0,,healthy,256,256,8219086bc48ecee14a3cf5e77f165164c25aa86e03235cbfc8f2ae4a1fda28f4,c00708,1,0
fi_00709,data/field/uganda/images/fi_00709.jpg,field_uganda,test,healthy,0,,healthy,256,256,a31730b793abb6648c456f94611a91f84aedb627f9ae2d75afb047a612f1e9e1,c00709,1,1
fi_00710,data/field/uganda/images/fi_00710.jpg,field_uganda,test,healthy,0,,healthy,256,256,691ab291ae66a5fb73219d68e4f3579d7033154d311c425b3c6ef7b079648895,c00710,1,0
fi_00711,data/field/uganda/images/fi_00711.jpg,field_uganda,test,healthy,0,,healthy,256,256,420107d26040669c60312c5e41e49d11ff0587337119a567a2dc51460ace4dd9,c00711,1,0
fi_00712,data/field/uganda/images/fi_00712.jpg,field_uganda,test,healthy,0,,healthy,256,256,5aa1fba98d7fd8c1b237d8f1ebe90af54ab24d6114e4304d52b4f330b2731fd7,c00712,1,0
fi_00713,data/field/uganda/images/fi_00713.jpg,field_uganda,test,healthy,0,,healthy,256,256,f91ec424075754d9d48d2eb4fd4cd762c9417af6e73e4880bc1899033b922f12,c00713,1,0
fi_00714,data/field/uganda/images/fi_00714.jpg,field_uganda,test,healthy,0,,healthy,256,256,77615dc59502ec9126b46c57d6f5404679442bf553ec95c5b83852f9d408b093,c00714,1,0
fi_00715,data/field/uganda/images/fi_00715.jpg,field_uganda,test,healthy,0,,healthy,256,256,402d8e361a605e80771f53aa8702169955920ee851c63328850ff048277fd226,c00715,1,0
fi_00716,data/field/uganda/images/fi_00716.jpg,field_uganda,test,healthy,0,,healthy,256,256,6c5033543c568454e2f220692e1546e09c23e8ab5e57d17592be361af771cf0d,c00716,1,0
fi_00717,data/field/uganda/images/fi_00717.jpg,field_uganda,test,healthy,0,,healthy,256,256,a34b7fdb9ff5ec3b286094044b95c4e0fc767d0616cc0a967fa853ef738475a1,c00717,1,0
fi_00718,data/field/uganda/images/fi_00718.jpg,field_uganda,test,healthy,0,,healthy,256,256,b4ace7af5f4fa08f511c5ae869a088831cae0dd6d6637374158b2feff743ff74,c00718,1,1
fi_00719,data/field/uganda/images/fi_00719.jpg,field_uganda,test,healthy,0,,healthy,256,256,7e6d133bc9a1f9c7f3ef6cea750e8ea0e709d3d8f70d454824746016784ec894,c00719,1,0
fi_00720,data/field/uganda/images/fi_00720.jpg,field_uganda,test,healthy,0,,healthy,256,256,4cf5906577c2d3f74b93f8abdb0babd1c5de7c923ccccac34929cca8b5f523db,c00720,1,0
fi_00721,data/field/uganda/images/fi_00721.jpg,field_uganda,test,healthy,0,,healthy,256,256,5cc9eabc1cbfa2d0a29cd40f054679bddb24e3b5c99fd441e057158fdca7ad65,c00721,1,0
fi_00722,data/field/uganda/images/fi_00722.jpg,field_uganda,test,healthy,0,,healthy,256,256,ed0c63c1e036bdc1919965c6b8b84545e7665aae572f2a41c2682ca79c25543b,c00722,1,0
fi_00723,data/field/uganda/images/fi_00723.jpg,field_uganda,test,healthy,0,,healthy,256,256,c0d5e7f403a7a57b2306d879cfa0c6881387d598ee2936cd30e9973b7c54d7d7,c00723,1,0
fi_00724,data/field/uganda/images/fi_00724.jpg,field_uganda,test,healthy,0,,healthy,256,256,0ea23e21fd74443de57b11d3944f02569bcd5320158ea46c07b87dfcb47e32f8,c00724,1,1
fi_00725,data/field/uganda/images/fi_00725.jpg,field_uganda,test,healthy,0,,healthy,256,256,226d668919f7cea19d828cc69662088372242e54234801803882fde017501a04,c00725,1,0
fi_00726,data/field/uganda/images/fi_00726.jpg,field_uganda,test,healthy,0,,healthy,256,256,27e316b3d89ba3f1f6dfe4c20ea67d402f81b5cff2e9fe5766fb92116eba07f1,c00726,1,0
fi_00727,data/field/uganda/images/fi_00727.jpg,field_uganda,test,healthy,0,,healthy,256,256,74bd1e5a4a6a058c5d8d8aa472042451bf09e2b5029da9d66775b73304861148,c00727,1,0
fi_00728,data/field/uganda/images/fi_00728.jpg,field_uganda,test,healthy,0,,healthy,256,256,b88563f74cc2e8cd8348b5b4da2218e29a769e1db6a32c97464def9b3a098974,c00728,1,0
fi_00729,data/field/uganda/images/fi_00729.jpg,field_uganda,test,healthy,0,,healthy,256,256,1284f70465a4aeec66844b162a76dfbb06e88a1026af591e726428a21be2b632,c00729,1,0
fi_00730,data/field/uganda/images/fi_00730.jpg,field_uganda,test,healthy,0,,healthy,256,256,49f14127c6850f1774008d3dda744d3757aad26af8b2103cbb42c6ddef4549a2,c00730,1,0
fi_00731,data/field/uganda/images/fi_00731.jpg,field_uganda,test,healthy,0,,healthy,256,256,fc04c83cede047460b7d6be0d53bbe6fc9b0a9964a26afe3f00d176c2240f76e,c00731,1,1
fi_00732,data/field/uganda/images/fi_00732.jpg,field_uganda,test,healthy,0,,healthy,256,256,ee8b80f37970016236e2ee1b5c7706ed4ae6c4c653c7089752c4e2b4be416c79,c00732,1,0
fi_00733,data/field/uganda/images/fi_00733.jpg,field_uganda,test,healthy,0,,healthy,256,256,4eb27fb631e6e342eacef8a21915fce721bc487a59d9e167d380a6193e067c8f,c00733,1,0
fi_00734,data/field/uganda/images/fi_00734.jpg,field_uganda,test,healthy,0,,healthy,256,256,62ed94d618742fa151d68fe4e636a75f9fe2ba479aea5d6b3f0f47b312d1882e,c00734,1,0
fi_00735,data/field/uganda/images/fi_00735.jpg,field_uganda,test,healthy,0,,healthy,256,256,71223995a6095d32ae0061e902ceb25b9e47bb328fd8f7dceafff2701f829ae4,c00735,1,1
fi_00736,data/field/uganda/images/fi_00736.jpg,field_uganda,test,healthy,0,,healthy,256,256,8d240ab19539ff8920829f071bbaecfdcc0800d986a39d8bca847b72b2516bf1,c00736,1,0
fi_00737,data/field/uganda/images/fi_00737.jpg,field_uganda,test,rust,1,,rust,256,256,93014e4ae09077e0aecc63b7778458735b81b990da239a65b01b90bde1f49f6d,c00737,1,0
fi_00738,data/field/uganda/images/fi_00738.jpg,field_uganda,test,rust,1,,rust,256,256,3e93c4adf10683a30d7b2760db13e996565b6db0611380ed49e137673ffa5fc8,c00738,1,0
fi_00739,data/field/uganda/images/fi_00739.jpg,field_uganda,test,rust,1,,rust,256,256,c37b73bccdee13a4e6753788823ac2b8fb75ce45ded2071b70695d9c54ca9ae9,c00739,1,0
fi_00740,data/field/uganda/images/fi_00740.jpg,field_uganda,test,rust,1,,rust,256,256,1fef5ee1fbd6d7840bead1e84154a6e66a5586e23d8b48c12fe0debb4ec1a1b8,c00740,1,0
fi_00741,data/field/uganda/images/fi_00741.jpg,field_uganda,test,rust,1,,rust,256,256,4e88b73d1a42f979722395ca3772f1b8ffe5b60948d78d8b4ef82e109b977d43,c00741,1,0
fi_00742,data/field/uganda/images/fi_00742.jpg,field_uganda,test,rust,1,,rust,256,256,e39a8de7d9bf257c56276ee65a5970bc9e6661564c2a704c5ca74b14229a2b44,c00742,1,0
fi_00743,data/field/uganda/images/fi_00743.jpg,field_uganda,test,rust,1,,rust,256,256,92034d04fce96447c443151cf7c7b7bba8e07fade1a69d080f95ea5b1a2579e1,c00743,2,0
fi_00744,data/field/uganda/images/fi_00744.jpg,field_uganda,test,rust,1,,rust,256,256,d18b0a4f220daf408372e90e7f71aefd83b817c5652f36a82330b8c616d699b7,c00744,1,0
fi_00745,data/field/uganda/images/fi_00745.jpg,field_uganda,test,rust,1,,rust,256,256,047e2bdc5988f70df407584794a4646ed34f41cc32ed59effd6beec42cec5952,c00745,1,1
fi_00746,data/field/uganda/images/fi_00746.jpg,field_uganda,test,rust,1,,rust,256,256,81856c869428c7862f4d15934d0c5d9fcba428b7ecd0f5bf54e3eba3ac00feaa,c00746,1,0
fi_00747,data/field/uganda/images/fi_00747.jpg,field_uganda,test,rust,1,,rust,256,256,ddd0a1cf85ab0ba8ccf64b31c59613ca357b70abe5a5c68caf616a6daa5ed93b,c00747,1,0
fi_00748,data/field/uganda/images/fi_00748.jpg,field_uganda,test,rust,1,,rust,256,256,6534880e42ec5436a680aeb91a1fae9f77e6b63dbd3cb4b8a6877c134ca0f075,c00748,1,0
fi_00749,data/field/uganda/images/fi_00749.jpg,field_uganda,test,rust,1,,rust,256,256,6169fcc09f8c677e54b493dac130d81cea3de28b3a199abe0d09d0406a88d452,c00749,1,1
fi_00750,data/field/uganda/images/fi_00750.jpg,field_uganda,test,rust,1,,rust,256,256,1fd5a0c85b01d3bdbdc73a00b552705a3d24e0ee3e7acbed6bd4ed9317a6c307,c00750,1,0
fi_00751,data/field/uganda/images/fi_00751.jpg,field_uganda,test,rust,1,,rust,256,256,970e48a7aa167264311506b9de642ccc0405884fe1e4b26e5d7ea2a4f7d5bd0a,c00751,1,1
fi_00752,data/field/uganda/images/fi_00752.jpg,field_uganda,test,rust,1,,rust,256,256,db6539880adcd47b712f9dfe7573847dca8a3de1f2dd54cec87bcfa26ace7499,c00752,1,1
fi_00753,data/field/uganda/images/fi_00753.jpg,field_uganda,test,rust,1,,rust,256,256,1b715d119fc1ff8eef48910758676b52367c2317fc5c8d082780460bd5e6eb89,c00753,2,0
fi_00754,data/field/uganda/images/fi_00754.jpg,field_uganda,test,rust,1,,rust,256,256,6be59cee6932530a1914755506d39158896a133e5320384f8d7b6e8c31ec3a35,c00754,1,1
fi_00755,data/field/uganda/images/fi_00755.jpg,field_uganda,test,rust,1,,rust,256,256,3dacf99b02caecaaf7f09b40c63c828ce6e7c1fd101b3e86573f625f32d2f6bb,c00755,2,1
fi_00756,data/field/uganda/images/fi_00756.jpg,field_uganda,test,rust,1,,rust,256,256,cdd8e5c67013a918fec3f31aa77033180ef0c7e468c077de1ead3e7216bb39e5,c00756,2,0
fi_00757,data/field/uganda/images/fi_00757.jpg,field_uganda,test,rust,1,,rust,256,256,9de64f15f6e5415c25b273491925acfd37c26b0541d754a812cf835f3e35e5e5,c00757,1,0
fi_00758,data/field/uganda/images/fi_00758.jpg,field_uganda,test,rust,1,,rust,256,256,38f08aeb87c1db7551084d393cec35aaff54102909e5ef6ae5ca46042f00f2ed,c00758,1,1
fi_00759,data/field/uganda/images/fi_00759.jpg,field_uganda,test,rust,1,,rust,256,256,5d7767b13933622821a51f1617c3e4baee8203c0e3f7a5c80f017c195f17d9ea,c00759,1,1
fi_00760,data/field/uganda/images/fi_00760.jpg,field_uganda,test,rust,1,,rust,256,256,0cbad65ca08c1b41ec1cd4dd6c3e137e5c1436b544883720055555a791424f16,c00760,2,0
fi_00761,data/field/uganda/images/fi_00761.jpg,field_uganda,test,rust,1,,rust,256,256,4448f0ab9bfd792ffa11cb9f9d99db2438ae2de7cd1f0360714cb4ebfc7ed399,c00761,1,0
fi_00762,data/field/uganda/images/fi_00762.jpg,field_uganda,test,rust,1,,rust,256,256,e2721b07a7b2ea56aa31e01489b6dcaaf775649a341f1f5f3a340d099e7ab659,c00762,1,0
fi_00763,data/field/uganda/images/fi_00763.jpg,field_uganda,test,rust,1,,rust,256,256,4aab8a50f5d09cc64d022cdd193e0eb225b5dcb3132db6e7504d613fd858fbc3,c00763,1,0
fi_00764,data/field/uganda/images/fi_00764.jpg,field_uganda,test,rust,1,,rust,256,256,80c0499c8a8bf60d6889a974216f982ea65e2109a819c16626569372fd2c79bd,c00764,1,0
fi_00765,data/field/uganda/images/fi_00765.jpg,field_uganda,test,rust,1,,rust,256,256,576d46549769c6c1abce0d089f8bd632e22d95ffee5e012a39cf08043815d3d9,c00765,2,0
fi_00766,data/field/uganda/images/fi_00766.jpg,field_uganda,test,rust,1,,rust,256,256,6aa6257ff986916fd0a45df2ea1c2fc9f5635afbbbbf081006bf789db46d8dca,c00766,1,0
fi_00767,data/field/uganda/images/fi_00767.jpg,field_uganda,test,rust,1,,rust,256,256,a058df6abfa0d03a25e8aada342ea780cfcc51c3135886ad45ccae9fbe107d49,c00767,1,0
fi_00768,data/field/uganda/images/fi_00768.jpg,field_uganda,test,rust,1,,rust,256,256,48c313f1d8213e751d59179fb4db35eb0e4717024b88a910d202a2a9c2ad5a26,c00768,1,0
fi_00769,data/field/uganda/images/fi_00769.jpg,field_uganda,test,rust,1,,rust,256,256,03d2ed09de0f66bc5f7e4ee35911562fa2cfade8c1162a531931cbbb2a24f0dc,c00769,1,0
fi_00770,data/field/uganda/images/fi_00770.jpg,field_uganda,test,rust,1,,rust,256,256,603d23aeaa8bf9c2af815ba8b78d7e8a3500a8978c5ee25bd5e6a66c0ac1ee02,c00770,1,0
fi_00771,data/field/uganda/images/fi_00771.jpg,field_uganda,test,rust,1,,rust,256,256,abb8bb20d139a64b209933f2dfa26ffcdcdc73171d067afb79b2ac0b141ded2e,c00771,1,0
fi_00772,data/field/uganda/images/fi_00772.jpg,field_uganda,test,rust,1,,rust,256,256,10e435aa0be58472c224d3618e0abb3fa4f0fecfd2812d231f43280ce2b296b5,c00772,1,0
fi_00773,data/field/uganda/images/fi_00773.jpg,field_uganda,test,rust,1,,rust,256,256,42087c81bdee112d00d6c5cc57f6d25fe36330dedd39c454c190593bf89594f8,c00773,1,0
fi_00774,data/field/uganda/images/fi_00774.jpg,field_uganda,test,rust,1,,rust,256,256,7d0e62e8b0576c963233df3eff5940d4518c43b0f2fe72b8e8961a24c81dd006,c00774,2,0
fi_00775,data/field/uganda/images/fi_00775.jpg,field_uganda,test,rust,1,,rust,256,256,73654a5f94872e8dce066cc0c038b0857a733a783b22dcb7476a115e73cdc1b7,c00775,1,0
fi_00776,data/field/uganda/images/fi_00776.jpg,field_uganda,test,rust,1,,rust,256,256,58950f5d3b1b294905ef94abe122cfb796a60ce19ff9a4b71d67282be7876420,c00776,1,0
fi_00777,data/field/uganda/images/fi_00777.jpg,field_uganda,test,rust,1,,rust,256,256,5db8063e1fe40037a57c8f463d05bb7c899e022c5718ede03f0e441ccddab8da,c00777,2,0
fi_00778,data/field/uganda/images/fi_00778.jpg,field_uganda,test,rust,1,,rust,256,256,1401ee7d25f77a5a2a16f5185fad255da5896f45611983fc9fdbcdf477be051f,c00778,1,0
fi_00779,data/field/uganda/images/fi_00779.jpg,field_uganda,test,rust,1,,rust,256,256,a8763aa9b21abf0d4850a6e4a935c3d69a679f59fd5f4d15ee0f8b1c058a7aec,c00779,1,1
fi_00780,data/field/uganda/images/fi_00780.jpg,field_uganda,test,rust,1,,rust,256,256,0c562bd43795ee54c80306f8011731c83187cc1f392f62d0887e9c2e2b2eb182,c00780,1,0
fi_00781,data/field/uganda/images/fi_00781.jpg,field_uganda,test,rust,1,,rust,256,256,76d2a1acae979d5caf27cb63fac320cf5eee269ac087423b814d61956da0d8a7,c00781,1,0
fi_00782,data/field/uganda/images/fi_00782.jpg,field_uganda,test,rust,1,,rust,256,256,4c61a2af2c4635f72afe077cc785fbee7dcf5214885b1ba78f04a8376d3783c6,c00782,1,0
fi_00783,data/field/uganda/images/fi_00783.jpg,field_uganda,test,rust,1,,rust,256,256,5db488435d3b62379b5f3ff45096953d2e854d852bcee96efa22a125ee3f255e,c00783,1,0
fi_00784,data/field/uganda/images/fi_00784.jpg,field_uganda,test,rust,1,,rust,256,256,4792ee639e86c83e0c542178983fa76bc323be082f14e711d010e8b1283ba5aa,c00784,1,0
fi_00785,data/field/uganda/images/fi_00785.jpg,field_uganda,test,rust,1,,rust,256,256,27eedb8da015efa13fee85ab6d87cdc04099c8e0f3acb9f8513b4b3ff85fdbbc,c00785,1,0
fi_00786,data/field/uganda/images/fi_00786.jpg,field_uganda,test,rust,1,,rust,256,256,85e9fae95614b31ce83e30bf6a61de98022eff4e2ce205936fa76b38bb69ed00,c00786,1,0
fi_00787,data/field/uganda/images/fi_00787.jpg,field_uganda,test,rust,1,,rust,256,256,1126a54ff0122d0ae146a53e6cc3284a2e68e81064eaf02800d3aec9eb70a838,c00787,1,0
fi_00788,data/field/uganda/images/fi_00788.jpg,field_uganda,test,rust,1,,rust,256,256,7891af73bba2a607fb519d40398abda9c7e6a700e75d8fdd6093bc0bc0f1ddd5,c00788,1,0
fi_00789,data/field/uganda/images/fi_00789.jpg,field_uganda,test,rust,1,,rust,256,256,4b2962e5b4bdc2e0f5ff60bc1fb76ad511a90f9cf882192079397b58c02d1b76,c00789,1,0
fi_00790,data/field/uganda/images/fi_00790.jpg,field_uganda,test,rust,1,,rust,256,256,2363a32723e31d083610220a5201a2c3286c47cbd5e583d78b8ff7fb857812ac,c00790,1,0
fi_00791,data/field/uganda/images/fi_00791.jpg,field_uganda,test,rust,1,,rust,256,256,9ed8d9b6e0e46282700524f3972e3c36bdf67b591735efa15d08e445ea3bc616,c00791,1,0
fi_00792,data/field/uganda/images/fi_00792.jpg,field_uganda,test,rust,1,,rust,256,256,6b6fe9a3a5717e86f35eac87bfd5fd576e87abca7901d5c3b901d98869dad0c9,c00792,1,0
fi_00793,data/field/uganda/images/fi_00793.jpg,field_uganda,test,rust,1,,rust,256,256,cdd39c9d84c042bdb0da755bca0590747ee96c4c04c4db6b9c8fe3b6f412ccc9,c00793,1,0
fi_00794,data/field/uganda/images/fi_00794.jpg,field_uganda,test,rust,1,,rust,256,256,0aadf760441cd7f9821a628ecdb5767a88e7e5a3d2250ee5c2143564fec9bd47,c00794,1,0
fi_00795,data/field/uganda/images/fi_00795.jpg,field_uganda,test,rust,1,,rust,256,256,7ecbd2613e851501f5c90413a5c3370a0b6161f33ff9816a552186d9e77ea267,c00795,1,0
fi_00796,data/field/uganda/images/fi_00796.jpg,field_uganda,test,rust,1,,rust,256,256,5cd2d4a8c974b9fb659ce16b8db022f020acc61e2b87916cf2ef539e14799d47,c00796,1,1
fi_00797,data/field/uganda/images/fi_00797.jpg,field_uganda,test,rust,1,,rust,256,256,4af120d54599060204d1694758e8ec5c29b4bb2ba5f3fb9547b0f05f03101040,c00797,1,0
fi_00798,data/field/uganda/images/fi_00798.jpg,field_uganda,test,rust,1,,rust,256,256,1223f57977c1357a6a8d5e0792ef5c5b79eccd715c2fcddb8b9cad92f97a8fdc,c00798,1,0
fi_00799,data/field/uganda/images/fi_00799.jpg,field_uganda,test,rust,1,,rust,256,256,035d59636c09cd9ccc7fd94075432d1e5c7596c1bb8b3bb752988115d3eb933b,c00799,1,0
fi_00800,data/field/uganda/images/fi_00800.jpg,field_uganda,test,rust,1,,rust,256,256,3a5cebeaf93f18c7b94d95d2378ea62010a6998a89a8f79269b716420980edfb,c00800,1,0
fi_00801,data/field/uganda/images/fi_00801.jpg,field_uganda,test,rust,1,,rust,256,256,da038b3f30d685d74bb525f65f91248205f7c5c86acb7fc22085c02e46956416,c00801,2,0
fi_00802,data/field/uganda/images/fi_00802.jpg,field_uganda,test,rust,1,,rust,256,256,5dbe7588a347f1494c38c723928ab1490e17ae00176e577c4cb8166b6d4e8938,c00802,1,0
fi_00803,data/field/uganda/images/fi_00803.jpg,field_uganda,test,rust,1,,rust,256,256,667c23ce98e1bb9574f24521562e7c13c5c2adfbf89d2011c10a530e169a3ec7,c00803,1,1
fi_00804,data/field/uganda/images/fi_00804.jpg,field_uganda,test,rust,1,,rust,256,256,37180d45b892d10dda90d7242bedd3ff17c44fd139e267d59d30a42a989a0fca,c00804,1,0
fi_00805,data/field/uganda/images/fi_00805.jpg,field_uganda,test,rust,1,,rust,256,256,b0b3997b26d260b28da8d826c803bb9efce9d708f48c9512ab4f8ab923ae65a2,c00805,1,0
fi_00806,data/field/uganda/images/fi_00806.jpg,field_uganda,test,rust,1,,rust,256,256,27747fc1cc789fcf4a471ceb40990987f93dbd8fec108b0bff46595fab91f73a,c00806,1,0
fi_00807,data/field/uganda/images/fi_00807.jpg,field_uganda,test,rust,1,,rust,256,256,dcb2bc1ba5626922fd47eb2ed12c2f72d3d9eae16f11ed075131c1b4521d8d42,c00807,1,0
fi_00808,data/field/uganda/images/fi_00808.jpg,field_uganda,test,rust,1,,rust,256,256,f4d4aecfaa5f8a11e3306ad1389cdefe371d561d48406262accb4dd215ec683f,c00808,1,0
fi_00809,data/field/uganda/images/fi_00809.jpg,field_uganda,test,rust,1,,rust,256,256,b5e67843a60084af0218b27a1350d0e70b83049024209ccf80dcbd599f885d99,c00809,1,0
fi_00810,data/field/uganda/images/fi_00810.jpg,field_uganda,test,rust,1,,rust,256,256,224f571ab23f8d3321fe4b584f4fa03d793e3c2aceb8b579947aabe7b9be1df8,c00810,1,0
fi_00811,data/field/uganda/images/fi_00811.jpg,field_uganda,test,rust,1,,rust,256,256,a2348c8fb069d32120feae5b7c148d490ba3a46ae981d935a67d2254dc10188e,c00811,1,1
fi_00812,data/field/uganda/images/fi_00812.jpg,field_uganda,test,rust,1,,rust,256,256,257cf805f212643b83ca4eaa0f6cff1813791960fa6f14f75810acd0a80eb544,c00812,1,1
fi_00813,data/field/uganda/images/fi_00813.jpg,field_uganda,test,rust,1,,rust,256,256,c7bc3fa79250d2b2afab00631026eb8b9d9a432d8d487c0799f90e44cf0905f2,c00813,1,0
fi_00814,data/field/uganda/images/fi_00814.jpg,field_uganda,test,rust,1,,rust,256,256,3da3299256762accc0da6d05150105f84a4a2fb69f22b1c4abc2f55e2322bcc8,c00814,1,0
fi_00815,data/field/uganda/images/fi_00815.jpg,field_uganda,test,rust,1,,rust,256,256,b066a9cb78e8c8649025158824e4c6cc10c2e97234fcbb6f5f19d8e4c9f022dd,c00815,1,0
fi_00816,data/field/uganda/images/fi_00816.jpg,field_uganda,test,rust,1,,rust,256,256,949955a89c261cb244868a613fa52208d964daf1bb01cc0723f57eeb6d541985,c00816,1,0
fi_00817,data/field/uganda/images/fi_00817.jpg,field_uganda,test,rust,1,,rust,256,256,e2c6b574b1f95122c9c543c00e00593dfc9eba1a398e4838b08c09ddf84db1ce,c00817,1,0
fi_00818,data/field/uganda/images/fi_00818.jpg,field_uganda,test,rust,1,,rust,256,256,2bd31d37abf36d94fd8db312a095799f6e531fa8907ba5c4a051247169006892,c00818,1,0
fi_00819,data/field/uganda/images/fi_00819.jpg,field_uganda,test,rust,1,,rust,256,256,234813f9ab1c78bd675db442a91ac7869bb9a7f0f59d6273377467f3caee1e5c,c00819,1,0
fi_00820,data/field/uganda/images/fi_00820.jpg,field_uganda,test,rust,1,,rust,256,256,db1ea7cab684e43dc89be80ee11d5f6a3d9b9c1aec6be88af80e199361b737f4,c00820,1,1
fi_00821,data/field/uganda/images/fi_00821.jpg,field_uganda,test,rust,1,,rust,256,256,903391dbd85f561c23759e370e95e38cdbf72a6f3f75ee92d284d06f34431c2d,c00821,1,0
fi_00822,data/field/uganda/images/fi_00822.jpg,field_uganda,test,rust,1,,rust,256,256,a8115f05c9bef653e8a485586c58713a2b30dec785c792fd9965758397ef97a6,c00822,1,0
fi_00823,data/field/uganda/images/fi_00823.jpg,field_uganda,test,rust,1,,rust,256,256,d16e3dd40c5ef3325d44df8a1feef93462eccf7387c66cfc00caade51b584380,c00823,1,1
fi_00824,data/field/uganda/images/fi_00824.jpg,field_uganda,test,rust,1,,rust,256,256,6b84fb4d9062e42fa42ac43cdea3f91f2381fe58634860e808896a35bd1d0243,c00824,1,0
fi_00825,data/field/uganda/images/fi_00825.jpg,field_uganda,test,rust,1,,rust,256,256,3ca51215493f4866c27521cc643c20ffc8bb56b611f5f61a77485efd1bcd4350,c00825,1,1
fi_00826,data/field/uganda/images/fi_00826.jpg,field_uganda,test,rust,1,,rust,256,256,a9c974df50a5d92cb3656ba20e93f2d3ba0a125b73d4c49a63b3e16d32343885,c00826,1,0
fi_00827,data/field/uganda/images/fi_00827.jpg,field_uganda,test,rust,1,,rust,256,256,ad027c2bdaceeeb715d6566e6fd8e61d08f1a4d854ac6763921dcbc3d4feb010,c00827,1,0
fi_00828,data/field/uganda/images/fi_00828.jpg,field_uganda,test,rust,1,,rust,256,256,2ddc65e0bd7a8a422c403401cab6a2caf1190ec17c80c4046c5cf6e3171c065c,c00828,1,0
fi_00829,data/field/uganda/images/fi_00829.jpg,field_uganda,test,rust,1,,rust,256,256,2e9d571c78fb4e497727562f618399f2c97571a6d104dbfc3760713143e9eec3,c00829,1,1
fi_00830,data/field/uganda/images/fi_00830.jpg,field_uganda,test,rust,1,,rust,256,256,994c4cab994fcf04be868c1011fee5e3d1071c5c00a92d366fbaf08e9d293724,c00830,1,0
fi_00831,data/field/uganda/images/fi_00831.jpg,field_uganda,test,rust,1,,rust,256,256,3336d116aa8434a9cee1479c66d3e1b64dcc773a48d77c38a2906de164570115,c00831,2,0
fi_00832,data/field/uganda/images/fi_00832.jpg,field_uganda,test,rust,1,,rust,256,256,b213af2e12f49b2ac8e239a7bcc528d8f2969c424a4316950822d589f6524555,c00832,1,0
fi_00833,data/field/uganda/images/fi_00833.jpg,field_uganda,test,rust,1,,rust,256,256,d2a9899e406eb652035affd6209db8ba8111dc5f8111e18816c1cfcef6e1bda3,c00833,1,1
fi_00834,data/field/uganda/images/fi_00834.jpg,field_uganda,test,rust,1,,rust,256,256,be507005a71b9237351cdb32a5d3c8c80f786ad347e2cb52a58a8740e4041b71,c00834,1,0
fi_00835,data/field/uganda/images/fi_00835.jpg,field_uganda,test,rust,1,,rust,256,256,4860fceb6f4767e81b630315878187250db5a967dd88bef9baa0127d0dbea3f7,c00835,1,0
fi_00836,data/field/uganda/images/fi_00836.jpg,field_uganda,test,rust,1,,rust,256,256,22b202630f2604ebec8a4674488377bb55172e69094535d396050a1d084d97c7,c00836,1,0
fi_00837,data/field/uganda/images/fi_00837.jpg,field_uganda,test,rust,1,,rust,256,256,459a9b87ff5e4284b6cbca43f4963e662af35cbbe1f9029ed9780de88d188a3e,c00837,1,1
fi_00838,data/field/uganda/images/fi_00838.jpg,field_uganda,test,rust,1,,rust,256,256,f789de66cee97297ca90c74d754723c51ec6272c35a6207c8abbec97aaee064f,c00838,1,0
fi_00839,data/field/uganda/images/fi_00839.jpg,field_uganda,test,rust,1,,rust,256,256,5f47debe1dee8c759788bc2295727af56c522479b8bda9c4e853526cfce3213a,c00839,1,0
fi_00840,data/field/uganda/images/fi_00840.jpg,field_uganda,test,rust,1,,rust,256,256,1f758314df44f82068cc11b35260c721d1d76214a7177c66ce75476ff87ad448,c00840,1,0
fi_00841,data/field/uganda/images/fi_00841.jpg,field_uganda,test,rust,1,,rust,256,256,03a3ed4028624b11124616f4316d1aa5f70c8c0225960cd2eb89e8f12f48ca78,c00841,1,0
fi_00842,data/field/uganda/images/fi_00842.jpg,field_uganda,test,rust,1,,rust,256,256,025c3cffa40f216e78b1c725bc27745e1188cfc0b1d9a54818da5f740c989679,c00842,1,0
fi_00843,data/field/uganda/images/fi_00843.jpg,field_uganda,test,rust,1,,rust,256,256,16f7b4367abdbcd1da77995a787d87919bcb36c503335939b8b7239d0885959d,c00843,1,1
fi_00844,data/field/uganda/images/fi_00844.jpg,field_uganda,test,rust,1,,rust,256,256,17207bdc2d3c6a61b4aca49c1a720b9531e410df475f409b3e1ad9ec2e21b76f,c00844,1,1
fi_00845,data/field/uganda/images/fi_00845.jpg,field_uganda,test,rust,1,,rust,256,256,5f939db95c78f192af3ea7d96f80ecbdc46e80f9b380d4c41aec3d0853d02c3d,c00845,1,0
fi_00846,data/field/uganda/images/fi_00846.jpg,field_uganda,test,rust,1,,rust,256,256,f49fd95e1fb2ce400b627996d7951af0b14b7bbd48880bd8003ad44b1be451e3,c00846,1,0
fi_00847,data/field/uganda/images/fi_00847.jpg,field_uganda,test,rust,1,,rust,256,256,cdd16fe401cebc5e1bff66636e9e26f24091344e2fdc8f9fa35d01266edaeca4,c00847,1,0
fi_00848,data/field/uganda/images/fi_00848.jpg,field_uganda,test,rust,1,,rust,256,256,3f04e80fc72c6f954cb5be08f512d338b95a97847a77c2bb198d23806f98202c,c00848,2,0
fi_00849,data/field/uganda/images/fi_00849.jpg,field_uganda,test,rust,1,,rust,256,256,e98e08f93687a195da481c05d9a877febbfc3bd85d15f3913a6b70644f02d186,c00849,1,0
fi_00850,data/field/uganda/images/fi_00850.jpg,field_uganda,test,rust,1,,rust,256,256,1b583e60aede9194e386c865c37d26e58c6e1799a02cdc40eef9daec2257ebb2,c00850,1,0
fi_00851,data/field/uganda/images/fi_00851.jpg,field_uganda,test,rust,1,,rust,256,256,f5a0aee9c4c8010422fe2b88a46498f981eef3430b53bddad76f2d93b58cd153,c00851,1,0
fi_00852,data/field/uganda/images/fi_00852.jpg,field_uganda,test,rust,1,,rust,256,256,2390f85a74ab742b1ddc720fc40b61c29b0babb9f7c94ea69074c30e6de782b8,c00852,1,0
fi_00853,data/field/uganda/images/fi_00853.jpg,field_uganda,test,rust,1,,rust,256,256,ceef397f552f41754953de3fb0438e8770e0f0225af6823a5a7a2529c2ece6d7,c00853,1,1
fi_00854,data/field/uganda/images/fi_00854.jpg,field_uganda,test,rust,1,,rust,256,256,a6c62e5f6b58852419dc76269aa8307cd3dfbb56931ff32135e620770cb9754f,c00854,1,0
fi_00855,data/field/uganda/images/fi_00855.jpg,field_uganda,test,rust,1,,rust,256,256,975965bfe222158f3dff1a6a493b54a147437811a718913adf67ed84fd60b22f,c00855,1,1
fi_00856,data/field/uganda/images/fi_00856.jpg,field_uganda,test,rust,1,,rust,256,256,a119b33cdf3f0c58a576529feda5b005d12c7d3e76d7a5fdb54296c1cbbbffd3,c00856,1,1
fi_00857,data/field/uganda/images/fi_00857.jpg,field_uganda,test,rust,1,,rust,256,256,0371017934c10589243fb514f8aef1390d8ea22f9228314029406eae6dc5a212,c00857,1,0
fi_00858,data/field/uganda/images/fi_00858.jpg,field_uganda,test,rust,1,,rust,256,256,56d33501b81b26cea4ec2bf41430005f42fafd0c0712837f257160405a3157f5,c00858,1,0
fi_00859,data/field/uganda/images/fi_00859.jpg,field_uganda,test,rust,1,,rust,256,256,fbda34e9b5d1e060b1d285c758b95d27cbd1e69bf34257a5f97dd7114f6b393d,c00859,1,0
fi_00860,data/field/uganda/images/fi_00860.jpg,field_uganda,test,rust,1,,rust,256,256,dcc9d3afba78baedbb11e471e829968e1a50346713d2bb7fb302bc756da9cf92,c00860,1,0
fi_00861,data/field/uganda/images/fi_00861.jpg,field_uganda,test,rust,1,,rust,256,256,b12114a0224c236d4edb0d97a39430b22739c87ef041c44e8f14c5085458c051,c00861,1,0
fi_00862,data/field/uganda/images/fi_00862.jpg,field_uganda,test,rust,1,,rust,256,256,cd3fddc9867bb8b25748f014a50bfa9fc0356291dda7ebd4e0d2acd67abcd28b,c00862,1,0
fi_00863,data/field/uganda/images/fi_00863.jpg,field_uganda,test,rust,1,,rust,256,256,368b94fbd4425e7c8ae414e1a9a78ee9493c16753eb4e57d89ed89cf812d61aa,c00863,1,0
fi_00864,data/field/uganda/images/fi_00864.jpg,field_uganda,test,rust,1,,rust,256,256,a8265cddbf142d2c79928d963624c8ce8f9f263cf03551bfa9f3a861c1020759,c00864,1,0
fi_00865,data/field/uganda/images/fi_00865.jpg,field_uganda,test,rust,1,,rust,256,256,3b47a90ef27f4f64faa6fbe7837dad64ba3c364e541fa98d53dc2efa9f5c2faa,c00865,1,0
fi_00866,data/field/uganda/images/fi_00866.jpg,field_uganda,test,rust,1,,rust,256,256,1c4b5c28b2c5ef10aa4a535caeb4fbfaa6d5c0925e6f3d5f33fdc28520eb42ba,c00866,1,0
fi_00867,data/field/uganda/images/fi_00867.jpg,field_uganda,test,rust,1,,rust,256,256,231622c21db8853dae12440c1d6556be06ebbf57ed41fb7548c9ee1f2fac41fb,c00867,1,1
fi_00868,data/field/uganda/images/fi_00868.jpg,field_uganda,test,rust,1,,rust,256,256,4c52fd83bd8578d36a466441f26749b830d02c1e48887c47d4cf56d39e500d98,c00868,1,1
fi_00869,data/field/uganda/images/fi_00869.jpg,field_uganda,test,rust,1,,rust,256,256,d0f7fd6b63d2286789a4f8efe6e31ce5b099e1cd618734783e9dc90f551e664f,c00869,1,1
fi_00870,data/field/uganda/images/fi_00870.jpg,field_uganda,test,rust,1,,rust,256,256,b78f5da61f9bd14452c60bafd95902124a28ce62ec2f0c3746688269862c8ffb,c00870,1,0
fi_00871,data/field/uganda/images/fi_00871.jpg,field_uganda,test,rust,1,,rust,256,256,83ef89383e0a39cba203780702e5d7b6ecfb34e6c818e05cace6dddbedd31e81,c00871,1,0
fi_00872,data/field/uganda/images/fi_00872.jpg,field_uganda,test,rust,1,,rust,256,256,30da557d1ced35bc6a348d3d2566274aa5fc0591f161cf7adc1192f5e0be54b6,c00872,1,0
fi_00873,data/field/uganda/images/fi_00873.jpg,field_uganda,test,rust,1,,rust,256,256,c058c8aa33da6d5f41c1380d1869b077d1c490a4c30a718a6f208518346ac9b0,c00873,1,0
fi_00874,data/field/uganda/images/fi_00874.jpg,field_uganda,test,rust,1,,rust,256,256,4130cf0c0c53626e054e9ab32302ce06b0afcce2820c68f6704ffa1c8d621140,c00874,1,1
fi_00875,data/field/uganda/images/fi_00875.jpg,field_uganda,test,rust,1,,rust,256,256,93808ac1e37e5ba43c45ad4fec5fb3aa91ff22b7a9e0faaa4c034e449f29821c,c00875,1,1
fi_00876,data/field/uganda/images/fi_00876.jpg,field_uganda,test,rust,1,,rust,256,256,5a901b1d1a7774d193e3782c6c058e98f97701339135c67d1b3667f35ed5824d,c00876,1,0
fi_00877,data/field/uganda/images/fi_00877.jpg,field_uganda,test,rust,1,,rust,256,256,b2e19e8be5544765100cea795286cd6632abc35787a85556c6752db512fab43b,c00877,1,1
fi_00878,data/field/uganda/images/fi_00878.jpg,field_uganda,test,rust,1,,rust,256,256,122f9dfd418b39d8d3e06d0031333c9a32feda08cefee5ea91b242b97d18a987,c00878,1,0
fi_00879,data/field/uganda/images/fi_00879.jpg,field_uganda,test,rust,1,,rust,256,256,4a32f9a8107b019ae12d7aaf5808b92661ae7faa85177d2b5a25b56fb39ccf58,c00879,1,0
fi_00880,data/field/uganda/images/fi_00880.jpg,field_uganda,test,rust,1,,rust,256,256,99d2080e10335724aed8cf4e7fbe533ecea5d043aec424b875d2b14fbec4d6f5,c00880,1,0
fi_00881,data/field/uganda/images/fi_00881.jpg,field_uganda,test,rust,1,,rust,256,256,4586cbe3637be1c1c3b572b77be4d4816a47a0df167d1a623359b5451cbaba85,c00881,1,1
fi_00882,data/field/uganda/images/fi_00882.jpg,field_uganda,test,rust,1,,rust,256,256,595a8b400eb3d57f61b9fd9500fa59e4a5331a4767086a823dee9b81b501d90f,c00882,1,1
fi_00883,data/field/uganda/images/fi_00883.jpg,field_uganda,test,rust,1,,rust,256,256,6664f515dc8e6e7d69164194ade6c371920d869ae277c8315617d19e9460485b,c00883,1,0
fi_00884,data/field/uganda/images/fi_00884.jpg,field_uganda,test,rust,1,,rust,256,256,10a81c82c4f73747a0ddcf8457b5a12e4532687e6577d2c79f6c7155b0f9e6fb,c00884,1,1
fi_00885,data/field/uganda/images/fi_00885.jpg,field_uganda,test,rust,1,,rust,256,256,6954dfaf6ac8869400f63d7dca6c65861737e94b21ed06723419e4a1bf59b522,c00885,1,1
fi_00886,data/field/uganda/images/fi_00886.jpg,field_uganda,test,rust,1,,rust,256,256,419a3a18dee192619e568dc446863b78651dc2c1e760895dd27985f6768936c4,c00886,1,0
fi_00887,data/field/uganda/images/fi_00887.jpg,field_uganda,test,rust,1,,rust,256,256,0d2f63221f2479f039d2be1e94c82e0cb6f00ae19b439fed45e4887f435d20c1,c00887,1,0
fi_00888,data/field/uganda/images/fi_00888.jpg,field_uganda,test,rust,1,,rust,256,256,ed9e59736bba155a1c5d86a351abed2c8a3539b83cab6a3f70ed4b8d3c965688,c00888,1,0
fi_00889,data/field/uganda/images/fi_00889.jpg,field_uganda,test,rust,1,,rust,256,256,14e73a29c539135070097c7d8c54d4a9112529e9492784848a0dfc108b1ae3e1,c00889,1,0
fi_00890,data/field/uganda/images/fi_00890.jpg,field_uganda,test,rust,1,,rust,256,256,0b8c637273b881e9a4ce3ab81edcec771b7d142b1d893526bf7e6f5665e32428,c00890,1,0
fi_00891,data/field/uganda/images/fi_00891.jpg,field_uganda,test,rust,1,,rust,256,256,bd81ed8184693b830d268f98df7cbfbbae8fbae9c5714f2de62742bb8f31d87e,c00891,1,0
fi_00892,data/field/uganda/images/fi_00892.jpg,field_uganda,test,rust,1,,rust,256,256,915a8f6f5c294c0957ea89100b489b110445228ff94b33c8f37435ea84c28ae3,c00892,1,1
fi_00893,data/field/uganda/images/fi_00893.jpg,field_uganda,test,rust,1,,rust,256,256,fe29de7661dbbb5f2b3d1e54430b6018ee94291670b0df418be0af57c1b43626,c00893,1,0
fi_00894,data/field/uganda/images/fi_00894.jpg,field_uganda,test,rust,1,,rust,256,256,5852e00c82dc541aa26eed1f704045d5707665babb1b311e9b65e34c6fc21a5b,c00894,1,0
fi_00895,data/field/uganda/images/fi_00895.jpg,field_uganda,test,rust,1,,rust,256,256,c84f1910f2173c23b3b66fc97f721c1464095246f42bffa2a4721aaea913ff11,c00895,1,0
fi_00896,data/field/uganda/images/fi_00896.jpg,field_uganda,test,rust,1,,rust,256,256,3c3627445d794c597d39e33dda7099fad9418cccbf07fcdcd444eebd2715e57e,c00896,1,0
fi_00897,data/field/uganda/images/fi_00897.jpg,field_uganda,test,rust,1,,rust,256,256,9f4fe0fa6094523e65f02ca2e4f56f28e055b7eb886c94a24170cddc1f37e82c,c00897,1,0
fi_00898,data/field/uganda/images/fi_00898.jpg,field_uganda,test,rust,1,,rust,256,256,235aa0ac11f0a73ef5d265daa50d17deb38d6a893f6149ef2f0a867f0f56205f,c00898,1,0
fi_00899,data/field/uganda/images/fi_00899.jpg,field_uganda,test,rust,1,,rust,256,256,ec7fcd6c547d7c516f91012bc793440808f6f7069f9d2dbaabade64418195f3c,c00899,1,0
fi_00900,data/field/uganda/images/fi_00900.jpg,field_uganda,test,rust,1,,rust,256,256,4059a38cdc20c956f1fd663da16ab092ea8ba6fe87bd5b222326702ec6a4763b,c00900,1,0
fi_00901,data/field/uganda/images/fi_00901.jpg,field_uganda,test,rust,1,,rust,256,256,706de30ca26caaaddff7be2878e37704a84ba56d064305f81a018ee6f92c4704,c00901,1,1
fi_00902,data/field/uganda/images/fi_00902.jpg,field_uganda,test,rust,1,,rust,256,256,867bd432169cc2e2679fe6494d3d5cdbec4fe845566c72514cad0b6be7d6e6e6,c00902,1,0
fi_00903,data/field/uganda/images/fi_00903.jpg,field_uganda,test,rust,1,,rust,256,256,4faa60bff36e61f28c4c889933631e8cf6a58022644284a173146e11fbd22b7c,c00903,1,0
fi_00904,data/field/uganda/images/fi_00904.jpg,field_uganda,test,rust,1,,rust,256,256,967284fc06a2ec9e6a6002381549369950d472aa5657baa087ba655b66577223,c00904,1,0
fi_00905,data/field/uganda/images/fi_00905.jpg,field_uganda,test,rust,1,,rust,256,256,f86dff959ee587aee170daea9010d948d03d5964eeca1c63087374f2e042cec5,c00905,1,1
fi_00906,data/field/uganda/images/fi_00906.jpg,field_uganda,test,rust,1,,rust,256,256,97254658aa3b9cccafb3c5398d3a1b466fde1aabe61448369c9adf0da7b3f91d,c00906,1,0
fi_00907,data/field/uganda/images/fi_00907.jpg,field_uganda,test,rust,1,,rust,256,256,c01fdb1d69e52dfda8128a8df25645d2424c5d169c146e9ef3f69aa9904c6954,c00907,1,0
fi_00908,data/field/uganda/images/fi_00908.jpg,field_uganda,test,rust,1,,rust,256,256,1ad2eb537d3254fb545d15b43dfc8f7a4e0363841af3765db4e86757ad37f5b0,c00908,1,1
fi_00909,data/field/uganda/images/fi_00909.jpg,field_uganda,test,rust,1,,rust,256,256,d4bd06c7f21b3507180376431f5dfb8ba31ba7687ede6050ef40db6aaf66797e,c00909,1,1
fi_00910,data/field/uganda/images/fi_00910.jpg,field_uganda,test,rust,1,,rust,256,256,9c356f48dce9077318adfd8c44518357b1f50d1ef81f53d8ef364da827d7e1cf,c00910,1,0
fi_00911,data/field/uganda/images/fi_00911.jpg,field_uganda,test,rust,1,,rust,256,256,dc250b1a8536ec9b363942bb603594c61ec7e4d060b46b9b4b2b94c320a8371b,c00911,1,0
fi_00912,data/field/uganda/images/fi_00912.jpg,field_uganda,test,rust,1,,rust,256,256,f9b8e9cf9bb423f82add4ed75f9e982f6343a5850b8bc7990a9c1f3212d897fb,c00912,1,0
fi_00913,data/field/uganda/images/fi_00913.jpg,field_uganda,test,rust,1,,rust,256,256,0908f8a9dd7d88872330037de9d40c9a843f5aa67b4bc3f41c88caa3e9adb04c,c00913,1,0
fi_00914,data/field/uganda/images/fi_00914.jpg,field_uganda,test,rust,1,,rust,256,256,d5f047ba63941c71f2567c5cceaf48187acd0b49eb7b23eaed963a0c7214fd39,c00914,1,1
fi_00915,data/field/uganda/images/fi_00915.jpg,field_uganda,test,rust,1,,rust,256,256,133c9adad15610d170ab9c65ec4153f19ac41a327ec52d1ec2d0085ef50e0fc8,c00915,1,0
fi_00916,data/field/uganda/images/fi_00916.jpg,field_uganda,test,rust,1,,rust,256,256,1fe9ee445cebf266de3a8ba959f90f5f91cdb73bcb82bd65e2efbfe713ca8c80,c00916,1,0
fi_00917,data/field/uganda/images/fi_00917.jpg,field_uganda,test,rust,1,,rust,256,256,81d682de66fcb92a3d9d290275a06f4990a03ae60cc9e4f7e1ff4ced02495e1f,c00917,1,0
fi_00918,data/field/uganda/images/fi_00918.jpg,field_uganda,test,rust,1,,rust,256,256,673c9941a2a9dce97ce6168616a3baf4ba39fa8b8db69a0cd44255f9a5392a63,c00918,1,0
fi_00919,data/field/uganda/images/fi_00919.jpg,field_uganda,test,rust,1,,rust,256,256,0bfe3dbe8dc456a20eea3f45ba217631f81bedc4eb0114a17d74022d2c2bc850,c00919,1,1
fi_00920,data/field/uganda/images/fi_00920.jpg,field_uganda,test,rust,1,,rust,256,256,b4e5a9d5bf1ac737aff1b91fa2ed90835f742a762009d4eee80a01e59660e144,c00920,1,0
fi_00921,data/field/uganda/images/fi_00921.jpg,field_uganda,test,rust,1,,rust,256,256,fe573939d2d0933bf2764d25632e86d234fa272819905e2da7c9d3770ebe9c9e,c00921,1,1
fi_00922,data/field/uganda/images/fi_00922.jpg,field_uganda,test,rust,1,,rust,256,256,fd6d7276babe0814ccf7d8088604c01f261335ae49f5ddc8c56939550b1dfdd5,c00922,1,0
fi_00923,data/field/uganda/images/fi_00923.jpg,field_uganda,test,rust,1,,rust,256,256,79bbb981317ae054c154c19bd94d8e4be0ef1e1c84d84ede59013d7695379fc3,c00923,1,0
fi_00924,data/field/uganda/images/fi_00924.jpg,field_uganda,test,rust,1,,rust,256,256,63a11b2b21df8512cf4d84c31832cde972d72de67eb2ea4d38f26b7f9f28173e,c00924,1,1
fi_00925,data/field/uganda/images/fi_00925.jpg,field_uganda,test,rust,1,,rust,256,256,1ac4c23781106da8c8c66a48560d315c03e926fa3094e8fccf551e9f2b42284c,c00925,1,1
fi_00926,data/field/uganda/images/fi_00926.jpg,field_uganda,test,rust,1,,rust,256,256,e63a2d37dded775a5b4649a24869933da9f15861f3b61b140316a8685f7dd379,c00926,1,0
fi_00927,data/field/uganda/images/fi_00927.jpg,field_uganda,test,rust,1,,rust,256,256,ce4f6173bf679cdbb7f973995cecac21ba0470dfd2ae776a55db1176c7f9d0c4,c00927,1,0
fi_00928,data/field/uganda/images/fi_00928.jpg,field_uganda,test,rust,1,,rust,256,256,0d6ddae6284d4b397302bca6aa66b7d728ef6d8f8caaa2ebc08fbf2d648050d7,c00928,1,0
fi_00929,data/field/uganda/images/fi_00929.jpg,field_uganda,test,rust,1,,rust,256,256,1782502c55c9d6c0b62b62e3938e4d5f4ed298e64f076a2fbc2fe257b51efe0f,c00929,1,1
fi_00930,data/field/uganda/images/fi_00930.jpg,field_uganda,test,rust,1,,rust,256,256,9b0a15556c23860bf2f031550453362775ad27bf2c125d9cc86fc811cb4bc167,c00930,1,0
fi_00931,data/field/uganda/images/fi_00931.jpg,field_uganda,test,rust,1,,rust,256,256,eebae4d998307930b7d79c317b08b2029490512a340db54e877cb4a5b72e1583,c00931,1,0
fi_00932,data/field/uganda/images/fi_00932.jpg,field_uganda,test,rust,1,,rust,256,256,c805760e9e796e16972375ce4f81f06dac555471366e406767fac7f7abe4f6c7,c00932,1,0
fi_00933,data/field/uganda/images/fi_00933.jpg,field_uganda,test,rust,1,,rust,256,256,8a15434eee0e2556da789f58c2b1ee1688bdb718e77878a5eaf7992709f3e674,c00933,1,0
fi_00934,data/field/uganda/images/fi_00934.jpg,field_uganda,test,rust,1,,rust,256,256,df8cd1efb4bc78d68dd45d319195e2ce5a7d451dd04a59475ee08827e280f8a3,c00934,1,0
fi_00935,data/field/uganda/images/fi_00935.jpg,field_uganda,test,rust,1,,rust,256,256,574cc5cb67cc1867d16c45600e1280744806c40c887e0cfa64bb5294a69f4603,c00935,1,1
fi_00936,data/field/uganda/images/fi_00936.jpg,field_uganda,test,rust,1,,rust,256,256,43cf80a539fe6d210eee05ea2a43938a1bbde3d699ee3b961036592d6e8a8fe9,c00936,1,0
fi_00937,data/field/uganda/images/fi_00937.jpg,field_uganda,test,rust,1,,rust,256,256,a29eb7b6bedc648f43b375ae29f606c24fce14c360ca5bf720eae1a7ee62f374,c00937,1,1
fi_00938,data/field/uganda/images/fi_00938.jpg,field_uganda,test,rust,1,,rust,256,256,828ed5f53c6d020369d75e182a77e8a51cc3109c580b40948205cf10bf1d6130,c00938,1,0
fi_00939,data/field/uganda/images/fi_00939.jpg,field_uganda,test,rust,1,,rust,256,256,4c5191bd19c0264b294d9ec71eb8b71682e1272a05d394fea480659f53876966,c00939,1,0
fi_00940,data/field/uganda/images/fi_00940.jpg,field_uganda,test,rust,1,,rust,256,256,fdb4e0e8100880c81744d79d29b5c7f7e43a24449fb7675d6909fa3b00ab4d59,c00940,1,0
fi_00941,data/field/uganda/images/fi_00941.jpg,field_uganda,test,rust,1,,rust,256,256,5ad576d282ac7ee4199205fa90ddedf42667a806f5b542e01f01a11878a3a259,c00941,1,0
fi_00942,data/field/uganda/images/fi_00942.jpg,field_uganda,test,rust,1,,rust,256,256,deef8e1d5a2dffb572c48f9dea03c033dae78c0f10ee127af83d7e40e450f7d1,c00942,1,0
fi_00943,data/field/uganda/images/fi_00943.jpg,field_uganda,test,rust,1,,rust,256,256,bc93e5b766bb76dc9cbcc8854aacf23b0582ff3633741baf22de937d5cea8ad9,c00943,1,0
fi_00944,data/field/uganda/images/fi_00944.jpg,field_uganda,test,rust,1,,rust,256,256,562cbd209af4903c71671b4955c125ce14eb5acd3e7bd419b899ae15fcdc3330,c00944,1,1
fi_00945,data/field/uganda/images/fi_00945.jpg,field_uganda,test,rust,1,,rust,256,256,3cb1b9a6bd048c53b873ba516cdfd4bd7d30f2edcba265bd3b7fa18880be2123,c00945,1,0
fi_00946,data/field/uganda/images/fi_00946.jpg,field_uganda,test,rust,1,,rust,256,256,d91d2708b28f0ae678d6499916b294571e6d75698db2b7698777fbfdaf263c3e,c00946,1,0
fi_00947,data/field/uganda/images/fi_00947.jpg,field_uganda,test,rust,1,,rust,256,256,7db8bddce2474c494102d3381ca64d912bd61306e8012d0b552723b1385f4db5,c00947,1,0
fi_00948,data/field/uganda/images/fi_00948.jpg,field_uganda,test,rust,1,,rust,256,256,07cc345a72cd2965f21d5d5b4d7fa6c026628b9b987f1ff1d8a34cb6e4c7f701,c00948,1,1
fi_00949,data/field/uganda/images/fi_00949.jpg,field_uganda,test,rust,1,,rust,256,256,dd226efd1ecafa820df53332f80b4078452c9d21688beb6b7a8469a409b3cc42,c00949,1,1
fi_00950,data/field/uganda/images/fi_00950.jpg,field_uganda,test,rust,1,,rust,256,256,8f53c2dccaa07c49bf43dd24b768cb2cb452b05295c6039ff0e6593d00b191aa,c00950,1,0
fi_00951,data/field/uganda/images/fi_00951.jpg,field_uganda,test,rust,1,,rust,256,256,a5690e1d47b8efd23ab3e7f58f56f02326fd6986690a7a6c013e185c822d45ad,c00951,1,0
fi_00952,data/field/uganda/images/fi_00952.jpg,field_uganda,test,rust,1,,rust,256,256,5eaaf52071eb34c3af7df57a94076e81d2292f6d20f753d113b55d617bb890fe,c00952,1,0
fi_00953,data/field/uganda/images/fi_00953.jpg,field_uganda,test,rust,1,,rust,256,256,a51158ee8d3904c2dcad8303d164b866cb928ec682fbbeca1176df3f0ef6a4dd,c00953,1,0
fi_00954,data/field/uganda/images/fi_00954.jpg,field_uganda,test,rust,1,,rust,256,256,9f2e12f8ffa7aabc95cd285ac16e8fbc4feb7934b335fd45dfe79ef1653d5ce8,c00954,1,0
fi_00955,data/field/uganda/images/fi_00955.jpg,field_uganda,test,rust,1,,rust,256,256,f31a8d3669f7f1bb6dd9da44df979e7c06eb28879e7b504357a07ced50d81b7c,c00955,1,1
fi_00956,data/field/uganda/images/fi_00956.jpg,field_uganda,test,rust,1,,rust,256,256,47b94c398e808c2c482737872df143456dd22ac43a6205003ffaefb960b31592,c00956,1,1
fi_00957,data/field/uganda/images/fi_00957.jpg,field_uganda,test,rust,1,,rust,256,256,75c60b902bcc02b54320d210a898520953963c2ca2508010dff0169b2f754f42,c00957,1,0
fi_00958,data/field/uganda/images/fi_00958.jpg,field_uganda,test,rust,1,,rust,256,256,1a626faf69a8a182fb54be145a8964dfd7a2bd8068d622d0d5c6a2f5133156f9,c00958,1,0
fi_00959,data/field/uganda/images/fi_00959.jpg,field_uganda,test,rust,1,,rust,256,256,b5f800f28957b49bfaa5071fbc5a117a04d6bf76c8d9e29312c94c2ec5325238,c00959,1,0
fi_00960,data/field/uganda/images/fi_00960.jpg,field_uganda,test,rust,1,,rust,256,256,55fe588648ebf1c5e4737e0e80af02a84de03cd8c7fd98e0854dfd573b1a66d2,c00960,1,0
fi_00961,data/field/uganda/images/fi_00961.jpg,field_uganda,test,rust,1,,rust,256,256,7bf939484b80c04787a4a9e5d93e0bd15aebc37c187af033df02c625281a74c3,c00961,1,0
fi_00962,data/field/uganda/images/fi_00962.jpg,field_uganda,test,rust,1,,rust,256,256,126b21011b95476b380bca91743e091896405641e491ed51254c4384371984a2,c00962,1,0
fi_00963,data/field/uganda/images/fi_00963.jpg,field_uganda,test,rust,1,,rust,256,256,e6fe5619ad4a0b542aadc18a05987d5db889d6d1a71d1fe281a2244164bc1106,c00963,1,0
fi_00964,data/field/uganda/images/fi_00964.jpg,field_uganda,test,rust,1,,rust,256,256,6e330fc1430398d3e2bab312ea23156f31e8fc6c77960528167f4b42b22c100e,c00964,1,0
fi_00965,data/field/uganda/images/fi_00965.jpg,field_uganda,test,rust,1,,rust,256,256,4547a790808b57f2f374efd7c619b264c37e194d3a78c7dda4cf6737d7d7b749,c00965,1,0
fi_00966,data/field/uganda/images/fi_00966.jpg,field_uganda,test,rust,1,,rust,256,256,f36e801c3fe1ebcf089e588d0cc3ba845ce96946a78303db9832faae28bc6579,c00966,1,0
fi_00967,data/field/uganda/images/fi_00967.jpg,field_uganda,test,rust,1,,rust,256,256,2ce87fd3f36eb81c4d84962afac1109cff5a49083010575d7c4334f9e5ef1579,c00967,1,1
fi_00968,data/field/uganda/images/fi_00968.jpg,field_uganda,test,rust,1,,rust,256,256,f2acca9381db74b24c6184453d60fa6d018f34dc728038ac6d94b60b8d6f16c4,c00968,1,0
fi_00969,data/field/uganda/images/fi_00969.jpg,field_uganda,test,rust,1,,rust,256,256,dd6966fb00af37f737ede4311339d2721483ffe03d84c174f3191c06f65c2698,c00969,1,0
fi_00970,data/field/uganda/images/fi_00970.jpg,field_uganda,test,rust,1,,rust,256,256,1f4c73355a7b800c391adcd56eaadf59923c828c8ba2ea57a68cc01f8dfd7fee,c00970,1,0
fi_00971,data/field/uganda/images/fi_00971.jpg,field_uganda,test,rust,1,,rust,256,256,38fc3516b89a695b18f3808b57f09cd55e85586c72ed4a1e19180691b1211f99,c00971,1,0
fi_00972,data/field/uganda/images/fi_00972.jpg,field_uganda,test,rust,1,,rust,256,256,0101ba25a988160d5847b65244aa399ea5b59852da32a291d9228b1f5eb3db29,c00972,1,1
fi_00973,data/field/uganda/images/fi_00973.jpg,field_uganda,test,rust,1,,rust,256,256,d2da0dd8b43c96dc609fc3f6a3b8070d19404199784a57c330188d97138ba070,c00973,1,0
fi_00974,data/field/uganda/images/fi_00974.jpg,field_uganda,test,rust,1,,rust,256,256,087a2bf96c786deb324e683b170bb98e24650b5da466c6a28572d2c89923e0bf,c00974,1,0
fi_00975,data/field/uganda/images/fi_00975.jpg,field_uganda,test,rust,1,,rust,256,256,1ade80ca23484dae2a62961e46afeea2e2b373f2b650e958e58261f20895adf4,c00975,1,0
fi_00976,data/field/uganda/images/fi_00976.jpg,field_uganda,test,rust,1,,rust,256,256,e9f205297bfb2a61baf9066234f7e956b87fba8132daeb186a0946feaf0974ae,c00976,1,0
fi_00977,data/field/uganda/images/fi_00977.jpg,field_uganda,test,rust,1,,rust,256,256,ac09f467c31ebe9f0b4acab791371bf2ee2c3e76d342bc8fc3bbac117d67c242,c00977,1,0
fi_00978,data/field/uganda/images/fi_00978.jpg,field_uganda,test,rust,1,,rust,256,256,d1959cb22061ff93cfe669c59f47fb70cc4e95d60de88e433c24d68fb84473b8,c00978,1,1
fi_00979,data/field/uganda/images/fi_00979.jpg,field_uganda,test,rust,1,,rust,256,256,e239a758b7b2327e68a131cc100f0cdb41382669e83fd099c924907fae368e8d,c00979,1,0
fi_00980,data/field/uganda/images/fi_00980.jpg,field_uganda,test,rust,1,,rust,256,256,727061e82bd9d2b139ffbb585a432ec38eca5f903d040891cc9112c4e5821775,c00980,1,0
fi_00981,data/field/uganda/images/fi_00981.jpg,field_uganda,test,rust,1,,rust,256,256,b9e33e646d28507aaa7697fe93f2935bcbf8cbea34f6ff75f47ad7f31b44ce07,c00981,1,0
fi_00982,data/field/uganda/images/fi_00982.jpg,field_uganda,test,rust,1,,rust,256,256,4ede6a77507b8e05c93b75157fd89ff37cc06878d7d48e657ca1da7d1794f565,c00982,1,1
fi_00983,data/field/uganda/images/fi_00983.jpg,field_uganda,test,rust,1,,rust,256,256,c9901b96ceda8db4478a559cedcf6ebea61a09792c6cf14a606488f80107a668,c00983,1,0
fi_00984,data/field/uganda/images/fi_00984.jpg,field_uganda,test,rust,1,,rust,256,256,7fc710445d2ea595ac389c126e1a056628091f461ead895570cfe7c1eb129cd8,c00984,1,0
fi_00985,data/field/uganda/images/fi_00985.jpg,field_uganda,test,rust,1,,rust,256,256,17753262217cfff86697dfb7f0381e86d0c6c2e153f59853c7b02ca9b5c6b406,c00985,1,0
fi_00986,data/field/uganda/images/fi_00986.jpg,field_uganda,test,rust,1,,rust,256,256,f34fb7768690d2fe5b19bea09f1440acb2b2fc64fd587370039482804ca48cca,c00986,1,0
fi_00987,data/field/uganda/images/fi_00987.jpg,field_uganda,test,rust,1,,rust,256,256,3e7d582e2c492c1c9ed3dd1b60e23b47109200d20232f284666546b2144ff624,c00987,1,0
fi_00988,data/field/uganda/images/fi_00988.jpg,field_uganda,test,rust,1,,rust,256,256,863413fe6cc59615e1a100afd46dfe7ab26506033ad27b9cb4af040ec6af15de,c00988,1,0
fi_00989,data/field/uganda/images/fi_00989.jpg,field_uganda,test,rust,1,,rust,256,256,7c7bbb81e07325c93df6ed82e6f18e74e26f20eca5875d602d5c1e43627dcc94,c00989,1,0
fi_00990,data/field/uganda/images/fi_00990.jpg,field_uganda,test,rust,1,,rust,256,256,7c4e4c75de6bc0c6336fd245bd83fa7cbd7daff2f61888eb833039bb9c66bc20,c00990,1,1
fi_00991,data/field/uganda/images/fi_00991.jpg,field_uganda,test,rust,1,,rust,256,256,a8b9b12655e5e4aaaebdc63606200d22878c9254a0bf194b2a5b02219a69c8b8,c00991,1,0
fi_00992,data/field/uganda/images/fi_00992.jpg,field_uganda,test,rust,1,,rust,256,256,69a199aaac00c6e86b1dd313e64cf1918d199b32327584da61120f92afedf5a7,c00992,1,1
fi_00993,data/field/uganda/images/fi_00993.jpg,field_uganda,test,rust,1,,rust,256,256,d83d75e92aeccadba7c0bcd456bbff12dc81df7f0491ad105ecd27febf41f8de,c00993,1,0
fi_00994,data/field/uganda/images/fi_00994.jpg,field_uganda,test,rust,1,,rust,256,256,d956f060767464482c3648a4719fd7456e9207a2a64ab7bf63d0b6dfbe18afdb,c00994,1,0
fi_00995,data/field/uganda/images/fi_00995.jpg,field_uganda,test,rust,1,,rust,256,256,571a6de5385bac3665814c727135bfa656e7efb9c37cef71bbd216902cae8b6f,c00995,1,0
fi_00996,data/field/uganda/images/fi_00996.jpg,field_uganda,test,rust,1,,rust,256,256,6826ba3c9272ef9a7928ac25d66b1a7fadbdebe6c41abd7c7ccb88e621ed3ead,c00996,1,0
fi_00997,data/field/uganda/images/fi_00997.jpg,field_uganda,test,rust,1,,rust,256,256,fbd1c75db31c52ef621477b6d3b8b1c05bef187904a8003e9e799c991438db4d,c00997,1,0
fi_00998,data/field/uganda/images/fi_00998.jpg,field_uganda,test,rust,1,,rust,256,256,e186a7623aa275269a7455410f24711073a2593d38fa9762515b2400b0336ad3,c00998,1,1
fi_00999,data/field/uganda/images/fi_00999.jpg,field_uganda,test,rust,1,,rust,256,256,7b4978a5bdf29d803c5abb42d18d8aab40664499852a15083e95a4f2a317c79d,c00999,1,0
fi_01000,data/field/uganda/images/fi_01000.jpg,field_uganda,test,rust,1,,rust,256,256,097121ff8a0dfd4cf526abccd78795212dc90ee349fb1cf0927c7f41d2481bbe,c01000,1,0
fi_01001,data/field/uganda/images/fi_01001.jpg,field_uganda,test,rust,1,,rust,256,256,45faeb39b8daa58f73478404430a21d391c6d237623d7847b563d27418b67470,c01001,1,0
fi_01002,data/field/uganda/images/fi_01002.jpg,field_uganda,test,rust,1,,rust,256,256,f329d10d667bfff736f137c067f7557d79db478f6adb12255127518d1699dfd8,c01002,1,1
fi_01003,data/field/uganda/images/fi_01003.jpg,field_uganda,test,rust,1,,rust,256,256,730154825542060dfd6c852fd56835d724a3b66ad7a6fb680f966d42d6a4cc84,c01003,1,0
fi_01004,data/field/uganda/images/fi_01004.jpg,field_uganda,test,rust,1,,rust,256,256,5eb447dbbdb5e076028fa0ef86f6077f22905c5328d7e835063c5ecc7d5f5e0c,c01004,1,0
fi_01005,data/field/uganda/images/fi_01005.jpg,field_uganda,test,rust,1,,rust,256,256,122c533c468b562e97d7bdc3e1627d9d217110783bcdc66f13bd149079e6229d,c01005,1,0
fi_01006,data/field/uganda/images/fi_01006.jpg,field_uganda,test,rust,1,,rust,256,256,c1a6c10b2ed8fb565c184607ab53a452daa96d710744b1e409cdc47f194e88ad,c01006,1,0
fi_01007,data/field/uganda/images/fi_01007.jpg,field_uganda,test,rust,1,,rust,256,256,172d2729a1469101c1cf18b573a71e165eb19075634cf8d78e31c9e4e2e403ce,c01007,1,0
fi_01008,data/field/uganda/images/fi_01008.jpg,field_uganda,test,rust,1,,rust,256,256,a8cc370c33e1dfdfba69533cbb09f3a458f7032d11007f0a4f52fed51764b15f,c01008,1,0
fi_01009,data/field/uganda/images/fi_01009.jpg,field_uganda,test,rust,1,,rust,256,256,587bc32050840c04ce7ab5e1347a399e3bb2a1a2b7c986947e9c1393942d833f,c01009,1,0
fi_01010,data/field/uganda/images/fi_01010.jpg,field_uganda,test,rust,1,,rust,256,256,54d362184aa733d906e9fc7d786509c23d21501ed3f86a216436d63719e4b815,c01010,1,0
fi_01011,data/field/uganda/images/fi_01011.jpg,field_uganda,test,rust,1,,rust,256,256,f544ef5f35712c720d4c1bd59bc7987b7396217f7f0f4583a8f88d95d63bfd82,c01011,1,0
fi_01012,data/field/uganda/images/fi_01012.jpg,field_uganda,test,rust,1,,rust,256,256,b800576a2cc7e4e51498bc9521d18b78de1ea23ad8d22472ffaf621f4cb1b87a,c01012,1,0
fi_01013,data/field/uganda/images/fi_01013.jpg,field_uganda,test,rust,1,,rust,256,256,c6842f9b373ac8dc754e60101a0bbc8e4e28da9c00581e3a754090f0d8f6293d,c01013,1,0
fi_01014,data/field/uganda/images/fi_01014.jpg,field_uganda,test,rust,1,,rust,256,256,c9322c19e4f81aad649d72fa7447a6065434d851a566ef1c21c3ed37cc096be9,c01014,1,0
fi_01015,data/field/uganda/images/fi_01015.jpg,field_uganda,test,rust,1,,rust,256,256,8661979cd9f64e422b678ffb554103cced626415a36457599cf8cfa3bd0d6368,c01015,1,0
fi_01016,data/field/uganda/images/fi_01016.jpg,field_uganda,test,rust,1,,rust,256,256,2b6cf07ce88b8ca3f7cba79f00782ba1d4cc7d153b48d32fd59746a30d87d586,c01016,1,1
fi_01017,data/field/uganda/images/fi_01017.jpg,field_uganda,test,rust,1,,rust,256,256,a5910ca626592cdec551e005cdc0a84509fb062567fdcbbdb3a456348177b8ac,c01017,1,1
fi_01018,data/field/uganda/images/fi_01018.jpg,field_uganda,test,rust,1,,rust,256,256,12c76534cfb12f18142355b731d2a1b71013215931cec880f472eac4a9258636,c01018,1,0
fi_01019,data/field/uganda/images/fi_01019.jpg,field_uganda,test,rust,1,,rust,256,256,6d4388ada146ae64b0121ca9d52d91461175ef40dab16167f98b75692638c863,c01019,1,0
fi_01020,data/field/uganda/images/fi_01020.jpg,field_uganda,test,rust,1,,rust,256,256,80ec557eef76b6c31ee39cbbca16c49a47daa81d444b6e6249eb6d7adf37d2a1,c01020,1,0
fi_01021,data/field/uganda/images/fi_01021.jpg,field_uganda,test,rust,1,,rust,256,256,300d93a71996f39b83e255b5586d33ffaf2c160c6006352f4463908f72e4bc44,c01021,1,0
fi_01022,data/field/uganda/images/fi_01022.jpg,field_uganda,test,rust,1,,rust,256,256,50e83cc81b2a83aa75517fbd7b40af8371e2edffa0461aeb4f239ff7cafa0f05,c01022,1,0
fi_01023,data/field/uganda/images/fi_01023.jpg,field_uganda,test,rust,1,,rust,256,256,d085d23eab3dc92eb51a6834281c4c6b1a0205080a9806b9eba55b969feaf914,c01023,1,1
fi_01024,data/field/uganda/images/fi_01024.jpg,field_uganda,test,rust,1,,rust,256,256,28bd7916902187c6e4a120472d6c7c09c698c3525248becf17a94c171b9b4b60,c01024,1,0
fi_01025,data/field/uganda/images/fi_01025.jpg,field_uganda,test,rust,1,,rust,256,256,3ab14cbb703ee8e89411aae0232d99f31b72fe8e08c95227af0dc603657704b3,c01025,1,0
fi_01026,data/field/uganda/images/fi_01026.jpg,field_uganda,test,rust,1,,rust,256,256,375cbe7a63b0825429ba4fd22108b3512191a7b0edc6e0e3081b5a12245bec88,c01026,1,0
fi_01027,data/field/uganda/images/fi_01027.jpg,field_uganda,test,rust,1,,rust,256,256,d7804b24646dba8009838cb421eb050823c2ec77a17c3f4a952b691993f86a31,c01027,1,0
fi_01028,data/field/uganda/images/fi_01028.jpg,field_uganda,test,rust,1,,rust,256,256,bb1b054e9ded4329b323c047d1a938bc6379025cbedeca3fc90cb6c5448202c4,c01028,1,1
fi_01029,data/field/uganda/images/fi_01029.jpg,field_uganda,test,rust,1,,rust,256,256,7daa47c1dfd75377f6ada1cd34bf7be18cad5e2583a94881af502df0f6caff83,c01029,1,0
fi_01030,data/field/uganda/images/fi_01030.jpg,field_uganda,test,rust,1,,rust,256,256,60e6c18375ec4a52a1ed216bde7c83146331459f12045bf841ea0801bd755813,c01030,1,1
fi_01031,data/field/uganda/images/fi_01031.jpg,field_uganda,test,rust,1,,rust,256,256,b5e10f717c9be16e89dd512cb40aeb0cbedd1ac96287def66e0db82cb8a0b2d3,c01031,1,1
fi_01032,data/field/uganda/images/fi_01032.jpg,field_uganda,test,rust,1,,rust,256,256,f854fa2e07defecd4a621e4817da520f129edf4ee1f408d7a82161082092c1aa,c01032,1,0
fi_01033,data/field/uganda/images/fi_01033.jpg,field_uganda,test,rust,1,,rust,256,256,9ae1817c989928bb6a31eb79099ecd3babde5a8833c99643146d694160b48420,c01033,1,0
fi_01034,data/field/uganda/images/fi_01034.jpg,field_uganda,test,rust,1,,rust,256,256,446aec88f76735335ad0a518e61e0939fd74cf4eb75bcda9b76a01f396c0c8e1,c01034,1,1
fi_01035,data/field/uganda/images/fi_01035.jpg,field_uganda,test,rust,1,,rust,256,256,fe88d178e46e58304ca3ecf1d5e5cd4645c81c3c4de33d3a215c06ca2ad9d27f,c01035,1,1
fi_01036,data/field/uganda/images/fi_01036.jpg,field_uganda,test,rust,1,,rust,256,256,d979ed7d6521d735854059841141d302ffddd59497a0e655d6ccc87688f247dc,c01036,1,0
fi_01037,data/field/uganda/images/fi_01037.jpg,field_uganda,test,rust,1,,rust,256,256,c83eb54ea2193eec02de5fa30f808d4654b32b5d79e2e4eeed4908c22ea7bbfd,c01037,1,0
fi_01038,data/field/uganda/images/fi_01038.jpg,field_uganda,test,rust,1,,rust,256,256,314c04b0dec2509abc343e71127f18f61ca0f60180484eb3a1d2a35bfd83fbbf,c01038,1,0
fi_01039,data/field/uganda/images/fi_01039.jpg,field_uganda,test,rust,1,,rust,256,256,0759ea2af453107a63a10fc7edc41f6f97520171db82f0b5b616359a8ef8c2ef,c01039,1,1
fi_01040,data/field/uganda/images/fi_01040.jpg,field_uganda,test,rust,1,,rust,256,256,188781e0e7628950d893dc50f486c2be7694eff2372e8017aa30226f6931fe4d,c01040,1,0
fi_01041,data/field/uganda/images/fi_01041.jpg,field_uganda,test,rust,1,,rust,256,256,705e74687bd67b07492755bcc121b5feb716d7a9f6e1da3783051b8c68c4db15,c01041,1,1
fi_01042,data/field/uganda/images/fi_01042.jpg,field_uganda,test,rust,1,,rust,256,256,78c9d5dc77e489d8f1414d7c4b2eb5a15876fdba84163d389d6d8ed930ae8701,c01042,1,0
fi_01043,data/field/uganda/images/fi_01043.jpg,field_uganda,test,rust,1,,rust,256,256,c42628b89e8ff0a99a061ef35b92b32cd541d22c57ff3eb200886a0762faa533,c01043,1,0
fi_01044,data/field/uganda/images/fi_01044.jpg,field_uganda,test,rust,1,,rust,256,256,69a5d243924f04fda374c01cfbdcbdef27b0d2332ded8a3b5759c86b38bcdb73,c01044,1,0
fi_01045,data/field/uganda/images/fi_01045.jpg,field_uganda,test,rust,1,,rust,256,256,37751592f8abf45feaffa30f02d239fe60f0282c10d73998f2ddce3486d94597,c01045,1,1
fi_01046,data/field/uganda/images/fi_01046.jpg,field_uganda,test,rust,1,,rust,256,256,06b2e471e9637af1602c1c9cdf29793753343ea64bb7ae5eb064f38cad2ea29f,c01046,1,1
fi_01047,data/field/uganda/images/fi_01047.jpg,field_uganda,test,rust,1,,rust,256,256,4531f9ae1e856c6ae3a6ecf9b16fb28623cfac5b81f5d7fe619fad8e9923bdd6,c01047,1,0
fi_01048,data/field/uganda/images/fi_01048.jpg,field_uganda,test,rust,1,,rust,256,256,f85bae019d67fd7d1e5d8a0d98be6cf98e6fa7b14fb6ece1972f3804bf065439,c01048,1,0
fi_01049,data/field/uganda/images/fi_01049.jpg,field_uganda,test,rust,1,,rust,256,256,734cfdfa8a9bf8cf8df88a87e04efcff008f81b68c26f28ae0f08111fd1b318c,c01049,1,1
fi_01050,data/field/uganda/images/fi_01050.jpg,field_uganda,test,rust,1,,rust,256,256,c43bbfd732d1cc41b776383bff3db6bbf1dfb0aa1aa63162a01f1cb9880193ed,c01050,1,1
fi_01051,data/field/uganda/images/fi_01051.jpg,field_uganda,test,rust,1,,rust,256,256,2897eaa9220aa8caf314aadde244e085484120b48483fe0d3c84d45030b250ca,c01051,1,1
fi_01052,data/field/uganda/images/fi_01052.jpg,field_uganda,test,rust,1,,rust,256,256,cafb31b5e276b5c5f879fd62e9b0fab74739a4fd9125e0c0995cc91586047b4d,c01052,1,1
fi_01053,data/field/uganda/images/fi_01053.jpg,field_uganda,test,rust,1,,rust,256,256,a1a2211b5be6387673fe035b35664dad40aa1fccfbf6f03e81ae6eba497ad092,c01053,1,1
fi_01054,data/field/uganda/images/fi_01054.jpg,field_uganda,test,rust,1,,rust,256,256,a5a0df4d675bda5b739457c77da6e35d4a5ab3a686ca94f791954c4fb5c85587,c01054,1,0
fi_01055,data/field/uganda/images/fi_01055.jpg,field_uganda,test,rust,1,,rust,256,256,536bd7c21185b3eec1db543d46e3599292217a2957f28e8115dc753ef9836eed,c01055,1,0
fi_01056,data/field/uganda/images/fi_01056.jpg,field_uganda,test,rust,1,,rust,256,256,0af799493086bcb0472dd438704781aee44cc9f0812d5cc2f02049b874ad69f3,c01056,1,1
fi_01057,data/field/uganda/images/fi_01057.jpg,field_uganda,test,rust,1,,rust,256,256,e67bea992f70d5241730b448035d0369a1f4e2edcf19c9828cc66be959b96b23,c01057,1,0
fi_01058,data/field/uganda/images/fi_01058.jpg,field_uganda,test,rust,1,,rust,256,256,89713fea504c6c1cf17a8c1e977baab9b8f5d585e92d152e09a4eb58532ff909,c01058,1,0
fi_01059,data/field/uganda/images/fi_01059.jpg,field_uganda,test,rust,1,,rust,256,256,36529b411d762bd3d9c651e1135f5d9fc6427f0cec44a8507d81a3b5adb0014d,c01059,1,0
fi_01060,data/field/uganda/images/fi_01060.jpg,field_uganda,test,rust,1,,rust,256,256,4a25d3437085e63f68dd62e503d13f5ee6bbf682dbeacf8af9a0a20b1fe956e2,c01060,1,0
fi_01061,data/field/uganda/images/fi_01061.jpg,field_uganda,test,rust,1,,rust,256,256,991f4200593897abf412061a2f8fc644fbf00af478df783fdbbffe353bf9d679,c01061,1,1
fi_01062,data/field/uganda/images/fi_01062.jpg,field_uganda,test,rust,1,,rust,256,256,d674f1cb7119e3e215800518597f71c82330771e10b1cb21622826db7b5b4005,c01062,1,1
fi_01063,data/field/uganda/images/fi_01063.jpg,field_uganda,test,rust,1,,rust,256,256,ec187cabbe91f6f75e4715f8f37cba16db8c622d9837c9585c968ef74d8abb4a,c01063,1,0
fi_01064,data/field/uganda/images/fi_01064.jpg,field_uganda,test,rust,1,,rust,256,256,79c941e4c4cd69c9a47e0030acdbf644184bdac8ad04e0f55355dafdf9fda35c,c01064,1,0
fi_01065,data/field/uganda/images/fi_01065.jpg,field_uganda,test,rust,1,,rust,256,256,c1c6fa40e48ca9bac87b893d11153c0c4b0d60aa1a5fc2e0abeba6666339691f,c01065,1,0
fi_01066,data/field/uganda/images/fi_01066.jpg,field_uganda,test,rust,1,,rust,256,256,0b5b5518fd1f76bfba877f7dc5453041308b9ca7ffafa039aad81d5217fd7e9d,c01066,1,0
fi_01067,data/field/uganda/images/fi_01067.jpg,field_uganda,test,rust,1,,rust,256,256,6ce4122e1d92ee798a64283ca5043e4c06294d2641747611f8de90692c4bf0d1,c01067,1,0
fi_01068,data/field/uganda/images/fi_01068.jpg,field_uganda,test,rust,1,,rust,256,256,262c71483c905899e11afa5ca25238321cfd705c9468d7d1179458d206531973,c01068,1,1
fi_01069,data/field/uganda/images/fi_01069.jpg,field_uganda,test,rust,1,,rust,256,256,5c569584be67c079be3e19d293c6097cac2186bbf088d404f1014c82f57c2de8,c01069,1,0
fi_01070,data/field/uganda/images/fi_01070.jpg,field_uganda,test,rust,1,,rust,256,256,421ba79a869caef7875997ef99991f9f041a7dd4f948ce55a07e859e07362bc5,c01070,1,1
fi_01071,data/field/uganda/images/fi_01071.jpg,field_uganda,test,rust,1,,rust,256,256,6406acc4cd1a86ff156087a9bd804f4324699acfc50a558d1295a73d2f8df316,c01071,1,0
fi_01072,data/field/uganda/images/fi_01072.jpg,field_uganda,test,rust,1,,rust,256,256,584414c641827ea9b5e533e6c9091de6d84736d083461b667abd7a04398874ba,c01072,1,0
fi_01073,data/field/uganda/images/fi_01073.jpg,field_uganda,test,rust,1,,rust,256,256,68f6bea522df74892c76276a2a26020242a7a6a5545371c98f52c74f9124f106,c01073,1,1
fi_01074,data/field/uganda/images/fi_01074.jpg,field_uganda,test,rust,1,,rust,256,256,9ebf03885b70049838962b26f22077f4dbe3f49dc401b7ed05f30448b4dbed7c,c01074,1,0
fi_01075,data/field/uganda/images/fi_01075.jpg,field_uganda,test,rust,1,,rust,256,256,dc686712994e698f08232502cc7781449924b51943fca8e9f3e128c1c911bceb,c01075,1,1
fi_01076,data/field/uganda/images/fi_01076.jpg,field_uganda,test,rust,1,,rust,256,256,1d702a392ae2874064785cf68f40864a69ff2c7e9abd01de81c647ac6584a2f2,c01076,1,0
fi_01077,data/field/uganda/images/fi_01077.jpg,field_uganda,test,rust,1,,rust,256,256,81ab2f6edfaf08064c7df56f430ebff31dc58111e95def136cc78f7e684db628,c01077,1,1
fi_01078,data/field/uganda/images/fi_01078.jpg,field_uganda,test,rust,1,,rust,256,256,7bc51e126a919345a4c8c7bdbb7259f0e81e7c3cf3013f1b32d2d6b52e15df99,c01078,1,0
fi_01079,data/field/uganda/images/fi_01079.jpg,field_uganda,test,rust,1,,rust,256,256,84996b87fbdedd9a7cac222e04a0a21897c40b04aeba1ee60760adf35c8f0f6b,c01079,1,0
fi_01080,data/field/uganda/images/fi_01080.jpg,field_uganda,test,rust,1,,rust,256,256,b522c56753216bca63229a4b7229d1f51348e53912d16002b06b19900b80b2c8,c01080,1,0
fi_01081,data/field/uganda/images/fi_01081.jpg,field_uganda,test,rust,1,,rust,256,256,6ae967c6660bb554de61684bf648257354bc38681365e64a4592f5e430b59ace,c01081,1,0
fi_01082,data/field/uganda/images/fi_01082.jpg,field_uganda,test,rust,1,,rust,256,256,4d5b83b029e86eca0e270144f5b70789119e4acfe729bc884d3a0785f91b7337,c01082,1,0
fi_01083,data/field/uganda/images/fi_01083.jpg,field_uganda,test,rust,1,,rust,256,256,a4976a3f6b11129d677d52904b102204208e16011d0330c6bf77ca54932e17ec,c01083,1,0
fi_01084,data/field/uganda/images/fi_01084.jpg,field_uganda,test,rust,1,,rust,256,256,f3520f4eba1f9935d6807f1d697d77079df9f5b1a61acf5768babe42d16a6101,c01084,1,0
fi_01085,data/field/uganda/images/fi_01085.jpg,field_uganda,test,rust,1,,rust,256,256,56b6b77926fe13f5bd2e3d4f64c747b2ff4d8ca39236ad2b91584c908e2a9d8b,c01085,1,0
fi_01086,data/field/uganda/images/fi_01086.jpg,field_uganda,test,rust,1,,rust,256,256,31fa92314f6795fe6662526f947e6b225c983ff5ebb208bfd02fa0bbae1fbaa1,c01086,1,0
fi_01087,data/field/uganda/images/fi_01087.jpg,field_uganda,test,rust,1,,rust,256,256,0b1ac88e69e81f56a63870881bab10b0ee4c62abee0796be22174fb478a0e181,c01087,1,0
fi_01088,data/field/uganda/images/fi_01088.jpg,field_uganda,test,rust,1,,rust,256,256,7b532639d0499c3cf18e4d85b63292490e08cb3dbe8a5185224508f752fa1c8a,c01088,1,0
fi_01089,data/field/uganda/images/fi_01089.jpg,field_uganda,test,rust,1,,rust,256,256,cd97b23f1b467ff3b20a07fd548884a57a18218e8b512578ec1c40e9cc9edb3f,c01089,1,0
fi_01090,data/field/uganda/images/fi_01090.jpg,field_uganda,test,rust,1,,rust,256,256,2162c564307edf9e8857e8197ae3f76a7f803c6ec99b735af9b780670d0bfe71,c01090,1,0
fi_01091,data/field/uganda/images/fi_01091.jpg,field_uganda,test,rust,1,,rust,256,256,9f5269455f5b961268a3a13cadab9bf68d4d2e941d1afb0afe93c758e71c50de,c01091,1,1
fi_01092,data/field/uganda/images/fi_01092.jpg,field_uganda,test,rust,1,,rust,256,256,27a22e347bd1cf12356f0e9ec6fd96336274c1b17a88fea7b45ce64db4f46a65,c01092,1,1
fi_01093,data/field/uganda/images/fi_01093.jpg,field_uganda,test,rust,1,,rust,256,256,0b69f64c3b18bf7d6da9f9bc5550450d91cbfee61b3573cbfcceebea2ad1a79b,c01093,1,1
fi_01094,data/field/uganda/images/fi_01094.jpg,field_uganda,test,rust,1,,rust,256,256,581f7d74c163075adbf4e29a19c5453a90ba29ac1c021e2685452731dca1c794,c01094,1,1
fi_01095,data/field/uganda/images/fi_01095.jpg,field_uganda,test,rust,1,,rust,256,256,ae9e8b748689f6d31ba133c3685b173aaee4018b9f7392a32416bb2ad5fdeac5,c01095,1,1
fi_01096,data/field/uganda/images/fi_01096.jpg,field_uganda,test,rust,1,,rust,256,256,a4e0257b852f72344b762674864c758de0d0c66b57b36b67ae78ace8cfd9a6de,c01096,1,0
fi_01097,data/field/uganda/images/fi_01097.jpg,field_uganda,test,rust,1,,rust,256,256,95e56f71570ad654add39df82645f87f45564e57c3b8df59e7680d74cf8e3c5b,c01097,1,0
fi_01098,data/field/uganda/images/fi_01098.jpg,field_uganda,test,rust,1,,rust,256,256,5039c2bd4da8dcc56aab24016cb55812d419d3d530dd0c59250ce40609c3e297,c01098,1,1
fi_01099,data/field/uganda/images/fi_01099.jpg,field_uganda,test,rust,1,,rust,256,256,9f57b0b87b1d7c53eec1f1022d5af7381c142f6ead15df2e44f133c01e0e4d2e,c01099,1,0
fi_01100,data/field/uganda/images/fi_01100.jpg,field_uganda,test,rust,1,,rust,256,256,e0d876642002bf6febe5d3c8cb25c956e0445546115a834f806745bad7890b89,c01100,1,0
fi_01101,data/field/uganda/images/fi_01101.jpg,field_uganda,test,rust,1,,rust,256,256,d52d35b28458e08aa76988c3fd029b164defbd95808b604427a9c36abe2876b0,c01101,1,0
fi_01102,data/field/uganda/images/fi_01102.jpg,field_uganda,test,rust,1,,rust,256,256,7e6df02903d180bdcdbe6c823b689571f511d6fca1dd4f5cd814b08a8ee2a404,c01102,1,0
fi_01103,data/field/uganda/images/fi_01103.jpg,field_uganda,test,rust,1,,rust,256,256,a9d8e04c0711d764ed506583a436443a211bc84be25427fae65a114107d3866c,c01103,1,0
fi_01104,data/field/uganda/images/fi_01104.jpg,field_uganda,test,rust,1,,rust,256,256,eb4885cc58d2efffaab5475e92b92f5187ae890b9ec9f2c9a28f9e82e4fd2ca2,c01104,1,0
fi_01105,data/field/uganda/images/fi_01105.jpg,field_uganda,test,rust,1,,rust,256,256,a0c30cf07f5e5f4346f86df8bd634ff7894c945dfaa3ecbf41df675a288072f0,c01105,1,0
fi_01106,data/field/uganda/images/fi_01106.jpg,field_uganda,test,rust,1,,rust,256,256,a3b73f80e7f9a8f420c4eca3c2ca352d83f2e2537f12f93b52ed39fb772d1dd7,c01106,1,0
fi_01107,data/field/uganda/images/fi_01107.jpg,field_uganda,test,rust,1,,rust,256,256,0257f6d002170c3e932ea6ba262b8eec00f9aee8869d7ff4a6ebbe4c775ec2b5,c01107,1,0
fi_01108,data/field/uganda/images/fi_01108.jpg,field_uganda,test,rust,1,,rust,256,256,8283e39e57680b75c4c0d629d13bd3d05067694ecc625eb7fbd7e312b0df8481,c01108,1,0
fi_01109,data/field/uganda/images/fi_01109.jpg,field_uganda,test,rust,1,,rust,256,256,b7ab6e1a8a3a3cd38f8bcccac525d800474dc6b979ce6d3cc192e566021b0b40,c01109,1,0
fi_01110,data/field/uganda/images/fi_01110.jpg,field_uganda,test,rust,1,,rust,256,256,a134db6021932e1dce3dd640bb3eb4b6468d9b1c5e1f31daab186fbcc9d48ba5,c01110,1,0
fi_01111,data/field/uganda/images/fi_01111.jpg,field_uganda,test,rust,1,,rust,256,256,2917d5545b7ae162d09f5755d3879439eb4f9687aabf0c2f66784b434233b1ae,c01111,1,0
fi_01112,data/field/uganda/images/fi_01112.jpg,field_uganda,test,rust,1,,rust,256,256,1a84aeef13c9a6517692a1f20b741626b8173e7f9720c456b8bc9c7477a1885d,c01112,1,0
fi_01113,data/field/uganda/images/fi_01113.jpg,field_uganda,test,rust,1,,rust,256,256,419a08442685c3f05dba2e10df9896b04a44ef9aee958683a58e7936e4dda79f,c01113,1,1
fi_01114,data/field/uganda/images/fi_01114.jpg,field_uganda,test,rust,1,,rust,256,256,78b1ace86adda8b2a15986c079cd16fc6ee3e1f91c2fd3d0400c9a96a29debfd,c01114,1,0
fi_01115,data/field/uganda/images/fi_01115.jpg,field_uganda,test,rust,1,,rust,256,256,7af4692f342048b3f8939b8f5a1711c061b9297e657833a399ad7c80b03d5921,c01115,1,1
fi_01116,data/field/uganda/images/fi_01116.jpg,field_uganda,test,rust,1,,rust,256,256,c2b5c82455dc8a2cd5e2e1b9c0babb5c4222d16a59857a70d5f6eb2ef1756080,c01116,1,0
fi_01117,data/field/uganda/images/fi_01117.jpg,field_uganda,test,rust,1,,rust,256,256,ba4fe41dec6a1fcdf82614a8b84bbb8c4c926876c62545d57b0e3a656b9ce87f,c01117,1,1
fi_01118,data/field/uganda/images/fi_01118.jpg,field_uganda,test,rust,1,,rust,256,256,3f79d4e5c6c1c1b9912ee6ead345b079e753cfb519f26e62933ad2a5807aed63,c01118,1,1
fi_01119,data/field/uganda/images/fi_01119.jpg,field_uganda,test,rust,1,,rust,256,256,2b74d8517ec08b577ae8aa62d281167b2146f51b0363e80e38b55c9255cbaa54,c01119,1,0
fi_01120,data/field/uganda/images/fi_01120.jpg,field_uganda,test,rust,1,,rust,256,256,1f625538481c5763286a46ebe9fad30ccbe4a10d59878b43332a614e3b53eb5a,c01120,1,1
fi_01121,data/field/uganda/images/fi_01121.jpg,field_uganda,test,rust,1,,rust,256,256,0f29445328d8a228bcf234b9f898f69237afccbd85261b618c5c03d0b083bc56,c01121,1,0
fi_01122,data/field/uganda/images/fi_01122.jpg,field_uganda,test,rust,1,,rust,256,256,8b3fadecf6554bcbf127e2e535c31795edc4d030efaeb8d39df8580b7fa71d15,c01122,1,1
fi_01123,data/field/uganda/images/fi_01123.jpg,field_uganda,test,rust,1,,rust,256,256,0b355d9dcb2b397599b7ebfa4254bc8e7e4ca96ee6313dc3076c419807198f15,c01123,1,0
fi_01124,data/field/uganda/images/fi_01124.jpg,field_uganda,test,rust,1,,rust,256,256,6330ffb2328d70c157425a24c94b298853aa53f18f3b2f1de2f04869db2e653e,c01124,1,0
fi_01125,data/field/uganda/images/fi_01125.jpg,field_uganda,test,rust,1,,rust,256,256,7e428b448b3ddd868b52dd0d9ea0ac498543b8e0ef0970308109cbd723ea3629,c01125,1,0
fi_01126,data/field/uganda/images/fi_01126.jpg,field_uganda,test,rust,1,,rust,256,256,5276276bbaabb7f0ac5afe67cfca41be4b5aade44d7f1152a28e4b30c7ab5acb,c01126,1,0
fi_01127,data/field/uganda/images/fi_01127.jpg,field_uganda,test,rust,1,,rust,256,256,3ef68e48c3db8f43012e49ee8443dbea21869b4a4f7f78f4f61cb559dd3fbeeb,c01127,1,0
fi_01128,data/field/uganda/images/fi_01128.jpg,field_uganda,test,rust,1,,rust,256,256,2e9aa202d4f2d38db6f0cbbf69897d9a1fe6bf6602034d50786594237bb7b53e,c01128,1,0
fi_01129,data/field/uganda/images/fi_01129.jpg,field_uganda,test,rust,1,,rust,256,256,c7201ccd9113eb5569dc568eadff400630d73afee9860ddbb622584adfa6a538,c01129,1,0
fi_01130,data/field/uganda/images/fi_01130.jpg,field_uganda,test,rust,1,,rust,256,256,98beaf253dce9754ac46d2a4bb5578f398e4e1c59e30067137bc2d4d7f4d38f7,c01130,1,0
fi_01131,data/field/uganda/images/fi_01131.jpg,field_uganda,test,rust,1,,rust,256,256,4f7457d93b1c12d39b09783117cfd0b7fb07e3f4b780b87f741811010781149a,c01131,1,0
fi_01132,data/field/uganda/images/fi_01132.jpg,field_uganda,test,rust,1,,rust,256,256,20eddf95793640bf8255804d2fd292b757e46637d09d61de514ea391cc82cecc,c01132,1,0
fi_01133,data/field/uganda/images/fi_01133.jpg,field_uganda,test,rust,1,,rust,256,256,56eef8dc734c1cbc4a0bbf106d2e08a9ffb81797cd5ad412b2d5945a8aa0a54f,c01133,1,0
fi_01134,data/field/uganda/images/fi_01134.jpg,field_uganda,test,rust,1,,rust,256,256,e9a532decad508c0741d1faeecd01fbbeb0b5041601f4e0633e90a36cb82000e,c01134,1,0
fi_01135,data/field/uganda/images/fi_01135.jpg,field_uganda,test,rust,1,,rust,256,256,b1b907ba8930b1d6469abc7be0577d8669aef41991359a054e9408be45b31a5e,c01135,1,0
fi_01136,data/field/uganda/images/fi_01136.jpg,field_uganda,test,rust,1,,rust,256,256,6fd4eb5c76fcbbda3e383b80a095739112e97445c6dc2fa3157b457f95937eac,c01136,1,1
fi_01137,data/field/uganda/images/fi_01137.jpg,field_uganda,test,rust,1,,rust,256,256,81b7ea646f574c9b37eb25365958c5641f731ce5c092912a1a9f3dd9eb6e4fab,c01137,1,0
fi_01138,data/field/uganda/images/fi_01138.jpg,field_uganda,test,rust,1,,rust,256,256,b098090f1b4a5b0c27042b171b8fa90dbc1e3584a7dbeb40a5dfc17f0cb5d6e6,c01138,1,0
fi_01139,data/field/uganda/images/fi_01139.jpg,field_uganda,test,rust,1,,rust,256,256,e70fc216378bdbf8299a4296d3694ea65bac14162f255677635c6ba1641c1e88,c01139,1,1
fi_01140,data/field/uganda/images/fi_01140.jpg,field_uganda,test,rust,1,,rust,256,256,d8bae2a004738808394ed916d28ec06001753e74c99823cb6e1114bac05e3dc7,c01140,1,0
fi_01141,data/field/uganda/images/fi_01141.jpg,field_uganda,test,rust,1,,rust,256,256,26914de5e5f707a9a238ddae72e024388821716ad2dc662d4d73ef7a28f5f60b,c01141,1,1
fi_01142,data/field/uganda/images/fi_01142.jpg,field_uganda,test,rust,1,,rust,256,256,0307ea5c7073165a89ab954a5f6aecbbba1d6c2a6f9e0afef745396b8e0a14b9,c01142,1,0
fi_01143,data/field/uganda/images/fi_01143.jpg,field_uganda,test,rust,1,,rust,256,256,a0d0cee72a8e8590c89ee6a45be71f82caab8c3a564e71ab399f428df9dad7e4,c01143,1,1
fi_01144,data/field/uganda/images/fi_01144.jpg,field_uganda,test,rust,1,,rust,256,256,605f1a3ec598cbf8a2ded96eb13eb37f5d5f9d319d5aa6051c2371ad75010099,c01144,1,0
fi_01145,data/field/uganda/images/fi_01145.jpg,field_uganda,test,rust,1,,rust,256,256,95293cd7cbe9db90a313a1d8c8ff4b54c804e70926585cec5ebd579c4925a747,c01145,1,0
fi_01146,data/field/uganda/images/fi_01146.jpg,field_uganda,test,rust,1,,rust,256,256,42f7e2e0a11dcf7037ed70f33bb34885cce713d7afcb755a4430b659626e46f8,c01146,1,0
fi_01147,data/field/uganda/images/fi_01147.jpg,field_uganda,test,rust,1,,rust,256,256,d661447d9bafc349828d458dded4d8d64742b7620b60a55f6164610698b300f3,c01147,1,0
fi_01148,data/field/uganda/images/fi_01148.jpg,field_uganda,test,rust,1,,rust,256,256,5e3af35804f94f59c09a31977ddbef8ef52a9c44c9adf5a048880fe164d412e6,c01148,1,0
fi_01149,data/field/uganda/images/fi_01149.jpg,field_uganda,test,rust,1,,rust,256,256,8708382be5c1523b42796305ff1b19115a25290d1202d8946edad228fd4d0300,c01149,1,0
fi_01150,data/field/uganda/images/fi_01150.jpg,field_uganda,test,rust,1,,rust,256,256,d14cf3e482fed67cb9c64bf4eafff98419cc2754e56feef8eb44a9af176658a2,c01150,1,0
fi_01151,data/field/uganda/images/fi_01151.jpg,field_uganda,test,rust,1,,rust,256,256,21e510a7dbfba9a5662eac9c1804b9f1133ecb1e1433eaaf41ec21a2a537476f,c01151,1,0
fi_01152,data/field/uganda/images/fi_01152.jpg,field_uganda,test,rust,1,,rust,256,256,985ee90f677015d9f73bd950c952342314391e4c36e99e7a489f82ad741c09ca,c01152,1,0
fi_01153,data/field/uganda/images/fi_01153.jpg,field_uganda,test,rust,1,,rust,256,256,cd7c1fd5ffd63adf5313848329ef71be9102751e2276f4dc351486a7f7ef16a6,c01153,1,1
fi_01154,data/field/uganda/images/fi_01154.jpg,field_uganda,test,rust,1,,rust,256,256,e95bacb36d925a28c9b8d105192f782334c77a72e26e135b9046070d9da3d69e,c01154,1,0
fi_01155,data/field/uganda/images/fi_01155.jpg,field_uganda,test,rust,1,,rust,256,256,9e219d8e60543c3674befc19b2301e9ca5e5785200c5dd524d62d373e9213062,c01155,1,1
fi_01156,data/field/uganda/images/fi_01156.jpg,field_uganda,test,rust,1,,rust,256,256,8630a94851304bfc049164b6b603a97d969f89040e98f1a88d7ae4e1d87e67dd,c01156,1,0
fi_01157,data/field/uganda/images/fi_01157.jpg,field_uganda,test,rust,1,,rust,256,256,2ce864f58972375e02903c7a3e39b4c84236be8b80a70de37768282141c1f9c8,c01157,1,1
fi_01158,data/field/uganda/images/fi_01158.jpg,field_uganda,test,rust,1,,rust,256,256,1d1e1dc03c2e2e836752bc28d5f4c3718d9e3938b5c1cb6611ea5509e26a0d75,c01158,1,1
fi_01159,data/field/uganda/images/fi_01159.jpg,field_uganda,test,rust,1,,rust,256,256,2f87e185cc86d537362ca73ac89debf714256602472e1fd3937fb28482cb494d,c01159,1,0
fi_01160,data/field/uganda/images/fi_01160.jpg,field_uganda,test,rust,1,,rust,256,256,8e41224e97ca6ac9bdefecebfb39c614edcec59ea13845efeb564fecff976606,c01160,1,0
fi_01161,data/field/uganda/images/fi_01161.jpg,field_uganda,test,rust,1,,rust,256,256,987ce0ba69d0b61df5e1d6f4ff187e082b590a482040887fe0e807bcf88a056e,c01161,1,0
fi_01162,data/field/uganda/images/fi_01162.jpg,field_uganda,test,rust,1,,rust,256,256,797c774906459d870a70cc3bbf193e3bc0a95c08484b2b4e215ad9c07e0f3b4e,c01162,1,0
fi_01163,data/field/uganda/images/fi_01163.jpg,field_uganda,test,rust,1,,rust,256,256,814e25253995c49da87794dcf9c35b6f3979c04e8d53bc425636e98b1a2c5ac6,c01163,1,1
fi_01164,data/field/uganda/images/fi_01164.jpg,field_uganda,test,rust,1,,rust,256,256,e44ef09476c4340ae2a0f843d8582ba4c5dbbcc8e06d85a293cc40560ae30e90,c01164,1,1
fi_01165,data/field/uganda/images/fi_01165.jpg,field_uganda,test,rust,1,,rust,256,256,a2c3c041d79a49be1dd8569e8c50b96ddc1c03f32098ecdae8f5d9c202a38955,c01165,1,0
fi_01166,data/field/uganda/images/fi_01166.jpg,field_uganda,test,rust,1,,rust,256,256,cd03e2178a4972eacaf535bfc7138cbaacd3867ac6a0d906c257b1a89dc6c723,c01166,1,0
fi_01167,data/field/uganda/images/fi_01167.jpg,field_uganda,test,rust,1,,rust,256,256,bfb3124790f1d4e98be958c4024c0197f780d901c769a368bfa902d5a99144e6,c01167,1,0
fi_01168,data/field/uganda/images/fi_01168.jpg,field_uganda,test,rust,1,,rust,256,256,65e7d345dcb788383436023703e80d82f8e90741c4d368c6a6caef2d1ad8bbe9,c01168,1,0
fi_01169,data/field/uganda/images/fi_01169.jpg,field_uganda,test,rust,1,,rust,256,256,1310daa8102cd62bdb88903d1c9ead172e15880295383dd3c010fe976e3d0ed8,c01169,1,0
fi_01170,data/field/uganda/images/fi_01170.jpg,field_uganda,test,rust,1,,rust,256,256,bb1f10bc1cc1b72d676fac9d679881b1178914cae33622a35334d48e33c56653,c01170,1,1
fi_01171,data/field/uganda/images/fi_01171.jpg,field_uganda,test,rust,1,,rust,256,256,c269db7122ac560801478255e561a6a000776ba3762289c56517c36449c38169,c01171,1,0
fi_01172,data/field/uganda/images/fi_01172.jpg,field_uganda,test,rust,1,,rust,256,256,79fe11ef09c90485b84cc87a21d28b2afc3585ef62a64359bfb0572fd0c7b2de,c01172,1,0
fi_01173,data/field/uganda/images/fi_01173.jpg,field_uganda,test,rust,1,,rust,256,256,c3368bf3f31b38083df6f1b3d26e90254b4607a0e40dc9614279b69bc30b9698,c01173,1,1
fi_01174,data/field/uganda/images/fi_01174.jpg,field_uganda,test,rust,1,,rust,256,256,b0a7c2244a8fba99dd8bbf0b49f5a008672372ddf2fe1c3daca4c45530233c49,c01174,1,1
fi_01175,data/field/uganda/images/fi_01175.jpg,field_uganda,test,rust,1,,rust,256,256,2a6b246dd22cb7302a33d63b1b7fe81cade43444d523e154f1a3c5dbcb56a0ae,c01175,1,0
fi_01176,data/field/uganda/images/fi_01176.jpg,field_uganda,test,rust,1,,rust,256,256,a94afdd30bf36a57b72e42ded5240131af7484b2303aa2db8e36731e44425b70,c01176,1,0
fi_01177,data/field/uganda/images/fi_01177.jpg,field_uganda,test,rust,1,,rust,256,256,b4aeba7edfd69592d23cd45fa9ed03394ee4f22b9b317e5df1e498968e70e4af,c01177,1,0
fi_01178,data/field/uganda/images/fi_01178.jpg,field_uganda,test,rust,1,,rust,256,256,9bd0c076793c9504a1a1066c4c80ece734c4c35f1aa12c56ec3ac0cb1fff2041,c01178,1,0
fi_01179,data/field/uganda/images/fi_01179.jpg,field_uganda,test,rust,1,,rust,256,256,f8bafe9787286f229af5f3ade48586ac3dd159cd52fb66c2acd2d5943a7237c6,c01179,1,0
fi_01180,data/field/uganda/images/fi_01180.jpg,field_uganda,test,rust,1,,rust,256,256,5e419f4b0a68ae2ef09bd4f88735ef49641bac82db41e78538d46ee2fe04971f,c01180,1,0
fi_01181,data/field/uganda/images/fi_01181.jpg,field_uganda,test,rust,1,,rust,256,256,63e83b2c532adc6e394063c5dbfe9092f7d31529df16ce75d904e34c63fb5585,c01181,1,1
fi_01182,data/field/uganda/images/fi_01182.jpg,field_uganda,test,rust,1,,rust,256,256,715349b9e28d7473fe52dde6a409d561c53f486477ae345b8fe31294ece169df,c01182,1,0
fi_01183,data/field/uganda/images/fi_01183.jpg,field_uganda,test,rust,1,,rust,256,256,63afc139e3ca85a780548304e7ae9086c5f96f28208ba35c87e4c27c8f082a37,c01183,1,1
fi_01184,data/field/uganda/images/fi_01184.jpg,field_uganda,test,rust,1,,rust,256,256,9f35253aadeea52adee600b157efa1105bd483d0f39152d5253e0aa56d4988d6,c01184,1,0
fi_01185,data/field/uganda/images/fi_01185.jpg,field_uganda,test,rust,1,,rust,256,256,18e6019eff1247fdabcc891db3fe0342a87bdeac9d63f1dc03b7a754f8f84e24,c01185,1,0
fi_01186,data/field/uganda/images/fi_01186.jpg,field_uganda,test,rust,1,,rust,256,256,a334aa83744b1389e15c0f963df7d1366c0b31300df9bb236924e84244de96e9,c01186,1,0
fi_01187,data/field/uganda/images/fi_01187.jpg,field_uganda,test,rust,1,,rust,256,256,123311696f56da019813fb6e5cf6e4fc8403c0522f3daeaa7e9f599de19cb41c,c01187,1,1
fi_01188,data/field/uganda/images/fi_01188.jpg,field_uganda,test,rust,1,,rust,256,256,6c0c22fd8dcfaa42a013bf77ef48fbfbdf929a4e2af55c14d97c64f672d8af05,c01188,1,0
fi_01189,data/field/uganda/images/fi_01189.jpg,field_uganda,test,rust,1,,rust,256,256,28e970b4fa3ab4a47d81d1137d012b63a72274b134e894eb7750c693964747e5,c01189,1,0
fi_01190,data/field/uganda/images/fi_01190.jpg,field_uganda,test,rust,1,,rust,256,256,bc305949d1c19e39f11b4b91e6d7d5fec8ba39ce6fbe698f65951124367c96bf,c01190,1,0
fi_01191,data/field/uganda/images/fi_01191.jpg,field_uganda,test,rust,1,,rust,256,256,2d3571ad455fd78b09f918e2f82dbf132dd52753f2d094daa7866e9c046131d1,c01191,1,1
fi_01192,data/field/uganda/images/fi_01192.jpg,field_uganda,test,rust,1,,rust,256,256,d972f7be0af47fba7b7325967d82e36186006e14b18ffe5859af5fd207f54655,c01192,1,1
fi_01193,data/field/uganda/images/fi_01193.jpg,field_uganda,test,rust,1,,rust,256,256,725b4610b438d78aae82759dd1815d77f23edd474119e9bb30f8591cab32d24a,c01193,1,1
fi_01194,data/field/uganda/images/fi_01194.jpg,field_uganda,test,rust,1,,rust,256,256,3e03e70117022f0dce027279b2a70039c3b2309e41ac387b014c0f71f9969917,c01194,1,0
fi_01195,data/field/uganda/images/fi_01195.jpg,field_uganda,test,rust,1,,rust,256,256,81519a77444f88cbc02140edd402ed0509cccf68adb89a57076f18fb1bcd7b82,c01195,1,1
fi_01196,data/field/uganda/images/fi_01196.jpg,field_uganda,test,rust,1,,rust,256,256,67b2372aecd68f45c246740192378d634c92210b9d7077339b2fd0d418620ef3,c01196,1,0
fi_01197,data/field/uganda/images/fi_01197.jpg,field_uganda,test,rust,1,,rust,256,256,68cf6fcc8cd704d8764a4537baebf5a50037a2ce7582824e13ce3780bcafd6b8,c01197,1,0
fi_01198,data/field/uganda/images/fi_01198.jpg,field_uganda,test,rust,1,,rust,256,256,717c7386406bcbf98fd058ea08df574c9e747938b2be2ff19f0fd3081fcc70f2,c01198,1,0
fi_01199,data/field/uganda/images/fi_01199.jpg,field_uganda,test,rust,1,,rust,256,256,adbd78740f98735acb1349c0f01f174211eaba183e66fc12bbe3082091127f48,c01199,1,1
fi_01200,data/field/uganda/images/fi_01200.jpg,field_uganda,test,rust,1,,rust,256,256,67ac2f401548632ee3eb503e1d071b665ce7248895ccc13ee14d17fb13e3fa03,c01200,1,1
fi_01201,data/field/uganda/images/fi_01201.jpg,field_uganda,test,rust,1,,rust,256,256,f19d007760516a1a5d5ab1e8ff84e4b824c0acdd9530c16ff81d801d2b1030df,c01201,1,0
fi_01202,data/field/uganda/images/fi_01202.jpg,field_uganda,test,rust,1,,rust,256,256,0caac1a508752671a820a383fe95460ad446ffe13321a65f93d59e9cf6c76391,c01202,1,0
fi_01203,data/field/uganda/images/fi_01203.jpg,field_uganda,test,rust,1,,rust,256,256,107fcd9e43728cd3141dd4c60bacf2558d2941d49106aa8e8630e0fe8a180497,c01203,1,0
fi_01204,data/field/uganda/images/fi_01204.jpg,field_uganda,test,rust,1,,rust,256,256,e731439270ef7c2f965080611d14096cc416f027ef4aeaa09afca0d0f1a6765a,c01204,1,0
fi_01205,data/field/uganda/images/fi_01205.jpg,field_uganda,test,rust,1,,rust,256,256,fea37798316fa63e8448992f575b17a489675e00f96328b43e4e9b32ad9579e7,c01205,1,0
fi_01206,data/field/uganda/images/fi_01206.jpg,field_uganda,test,rust,1,,rust,256,256,15010fcb175f622ea2cab050d0fc7a2335f94bc715c8658f9805cad8e07e56a2,c01206,1,0
fi_01207,data/field/uganda/images/fi_01207.jpg,field_uganda,test,rust,1,,rust,256,256,5ceaedfb686abed5710a37dd876240647f48ae092f2fcb337a5cff12ad840173,c01207,1,0
fi_01208,data/field/uganda/images/fi_01208.jpg,field_uganda,test,rust,1,,rust,256,256,d570a0ebc3dbc89897c4427346e1676fabf85007586185bfa31dd329a8aadbde,c01208,1,1
fi_01209,data/field/uganda/images/fi_01209.jpg,field_uganda,test,rust,1,,rust,256,256,e69c2f26a9ef72a2fe801f800625f246697b8b928b728cae8d62625d52fe934b,c01209,1,0
fi_01210,data/field/uganda/images/fi_01210.jpg,field_uganda,test,rust,1,,rust,256,256,5ba939465f166bc5e47de8df780487cd9b52cf39a54125627773501a25183555,c01210,1,0
fi_01211,data/field/uganda/images/fi_01211.jpg,field_uganda,test,rust,1,,rust,256,256,96b1868178465f2800b56312894dc6874b31704bdcf5560b4395315827fa4f88,c01211,1,1
fi_01212,data/field/uganda/images/fi_01212.jpg,field_uganda,test,rust,1,,rust,256,256,fba94ee4c362c8f9f22dbbfe778cb83b6f3d5a87ba129c22924d62084f1edf29,c01212,1,0
fi_01213,data/field/uganda/images/fi_01213.jpg,field_uganda,test,rust,1,,rust,256,256,b451992486a9a7012acfbf4f0f8051f8ab916542c25d0e9a745ecfd3c0a27f4d,c01213,1,1
fi_01214,data/field/uganda/images/fi_01214.jpg,field_uganda,test,rust,1,,rust,256,256,83bf198f00c8682cf715f10b0dbe3b54299f02ae86fc2230a5364157cc49cb01,c01214,1,0
fi_01215,data/field/uganda/images/fi_01215.jpg,field_uganda,test,rust,1,,rust,256,256,7e0e17fc27579fe25b8332bd34ac7c4375029b79a56add4e59ca0638d818725a,c01215,1,0
fi_01216,data/field/uganda/images/fi_01216.jpg,field_uganda,test,rust,1,,rust,256,256,42ee3d12f687b8785ab337ca3fd6475b2144ef13749e593244fe9c63f643006c,c01216,1,1
fi_01217,data/field/uganda/images/fi_01217.jpg,field_uganda,test,rust,1,,rust,256,256,957db72317e0f17f8aa3da8522ece681593d87ac06068c562e23ee2028085fc3,c01217,1,0
fi_01218,data/field/uganda/images/fi_01218.jpg,field_uganda,test,rust,1,,rust,256,256,1d70f8ee9e9a17fc24293fefef8b637e2f2a4706ae63e5dac982aedde4e99a1b,c01218,1,1
fi_01219,data/field/uganda/images/fi_01219.jpg,field_uganda,test,rust,1,,rust,256,256,4cee3acad6c8c19b36d6e178fe73c635301bb50f73563ae37422b916d805486b,c01219,1,0
fi_01220,data/field/uganda/images/fi_01220.jpg,field_uganda,test,rust,1,,rust,256,256,9917b799221d0a1f4b7d32f139d25112934027f2d2afb39c1b00001c48232932,c01220,1,0
fi_01221,data/field/uganda/images/fi_01221.jpg,field_uganda,test,rust,1,,rust,256,256,9a6f3a39fafdd659a843727be0a4d305b991c58574602662cb9abd6df1e8428d,c01221,1,1
fi_01222,data/field/uganda/images/fi_01222.jpg,field_uganda,test,rust,1,,rust,256,256,c2166b94f7c245f1df0affc60487cd0773a32aa0f7ad60f8d35cfee3458a02be,c01222,1,0
fi_01223,data/field/uganda/images/fi_01223.jpg,field_uganda,test,rust,1,,rust,256,256,703aa0c1382cc9f641363320350b1dd50d8dbab2339eb33d48c8b514be455dd8,c01223,1,1
fi_01224,data/field/uganda/images/fi_01224.jpg,field_uganda,test,rust,1,,rust,256,256,cfc6f05f2af4504ac842acfa1195608db02c686ff704e12a30382edc92534787,c01224,1,0
fi_01225,data/field/uganda/images/fi_01225.jpg,field_uganda,test,rust,1,,rust,256,256,189e60177e3a11838c00c36e3cedea3e2f7e424bb89b495f7bf0486a0ed9fde0,c01225,1,1
fi_01226,data/field/uganda/images/fi_01226.jpg,field_uganda,test,rust,1,,rust,256,256,a96db1570fe4634af53e45a01b6269d442b8701b03c4989bc7cdb84e9812bc58,c01226,1,0
fi_01227,data/field/uganda/images/fi_01227.jpg,field_uganda,test,rust,1,,rust,256,256,993e3c8de406fa65e91db3159606d5fb6936eb52e381b2e736910b329a4d7194,c01227,1,0
fi_01228,data/field/uganda/images/fi_01228.jpg,field_uganda,test,rust,1,,rust,256,256,c4a6fbd974b55558ee8a8ce9ac57484b417d009223df01d83f3ed1fbe3a54f7e,c01228,1,1
fi_01229,data/field/uganda/images/fi_01229.jpg,field_uganda,test,rust,1,,rust,256,256,232cbbc6936249501cc380063fa5c3cb1ad88512e0e7e8b0cb6bfac9ee7bcd5c,c01229,1,1
fi_01230,data/field/uganda/images/fi_01230.jpg,field_uganda,test,rust,1,,rust,256,256,a6706b59d4e9060d6e3b6752f15f0bda6d3df112dc2d8edb48c278b13e758ffd,c01230,1,0
fi_01231,data/field/uganda/images/fi_01231.jpg,field_uganda,test,rust,1,,rust,256,256,f1cf9792cf96e5d62ea34dd158333b4a3706330e7e026a4234587cb83699a839,c01231,1,0
fi_01232,data/field/uganda/images/fi_01232.jpg,field_uganda,test,rust,1,,rust,256,256,6d2c8de14fbf1c34111710ba2455ccc2561b2cd1652ddab636c1bd3cc4cd2abd,c01232,1,0
fi_01233,data/field/uganda/images/fi_01233.jpg,field_uganda,test,rust,1,,rust,256,256,7b4c4f5349845e02de52e475cedee4923fff49e430dd7acc8a48f46febcb047d,c01233,1,0
fi_01234,data/field/uganda/images/fi_01234.jpg,field_uganda,test,rust,1,,rust,256,256,37efc8408c8f716315f1e2ce55a802cd640b3526ffed0882787ab15e19bea650,c01234,1,0
fi_01235,data/field/uganda/images/fi_01235.jpg,field_uganda,test,rust,1,,rust,256,256,383906d02d1f9b12b0388be8f529c2d85031685e06ba9ad316dbaa77c073491e,c01235,1,0
fi_01236,data/field/uganda/images/fi_01236.jpg,field_uganda,test,rust,1,,rust,256,256,481fe8508da91a057fc9b64338fa28fdcf5c402c640d94006aeec67aca776d8e,c01236,1,1
fi_01237,data/field/uganda/images/fi_01237.jpg,field_uganda,test,rust,1,,rust,256,256,7af6081567205491a16c6e3ab7675ba55ad89f5b536e48616a3c62b74c6431b3,c01237,1,0
fi_01238,data/field/uganda/images/fi_01238.jpg,field_uganda,test,rust,1,,rust,256,256,7d5684ae282c1163eaaf62b6785f573f1e4fef1fcbdcc317644a275dcdb4184e,c01238,1,0
fi_01239,data/field/uganda/images/fi_01239.jpg,field_uganda,test,rust,1,,rust,256,256,6219074e6b38722c3667e033f826ae4d06befc625b55656562cafaa8774b981a,c01239,1,0
fi_01240,data/field/uganda/images/fi_01240.jpg,field_uganda,test,rust,1,,rust,256,256,6d83cf2037408fdbff925b773a16def5dae91328ad747d1ef86c75a211210507,c01240,1,0
fi_01241,data/field/uganda/images/fi_01241.jpg,field_uganda,test,rust,1,,rust,256,256,6b13b4107ced26efd5082b54839242d755e971979c813fc4d0432cc4a66d9c68,c01241,1,1
fi_01242,data/field/uganda/images/fi_01242.jpg,field_uganda,test,rust,1,,rust,256,256,69c8e67591d3d9c99cdc49501fc503d72f01b99d0b439aefc3a18792081f4dc7,c01242,1,0
fi_01243,data/field/uganda/images/fi_01243.jpg,field_uganda,test,rust,1,,rust,256,256,b544fc029278a0369c38a7057e087a738559c295932633e5eae3a08442178cf7,c01243,1,1
fi_01244,data/field/uganda/images/fi_01244.jpg,field_uganda,test,rust,1,,rust,256,256,d7c6711b4982749bcb50b28e4e3273f49b621bce5fb915ce174b9e166b6d7e24,c01244,1,0
fi_01245,data/field/uganda/images/fi_01245.jpg,field_uganda,test,rust,1,,rust,256,256,4505617cca1d19cea35fcb2812da25f455e2afa440aecaed485381cabc06f848,c01245,1,0
fi_01246,data/field/uganda/images/fi_01246.jpg,field_uganda,test,rust,1,,rust,256,256,7a60686ac8923728029c2625dc7e6a97f31069487ed5c711060f787f2d952e43,c01246,1,0
fi_01247,data/field/uganda/images/fi_01247.jpg,field_uganda,test,rust,1,,rust,256,256,b9caf37808bcc3f5aa38bf27101f5b6dd85b4a2337d8f37f53b3093a7c3f525c,c01247,1,0
fi_01248,data/field/uganda/images/fi_01248.jpg,field_uganda,test,rust,1,,rust,256,256,78a005e52f2e1b893ba5324dc1842e8899773b9cea9c64976f32688c6673f3e3,c01248,1,0
fi_01249,data/field/uganda/images/fi_01249.jpg,field_uganda,test,rust,1,,rust,256,256,f3ad970faa6512f2ce4a568474fe384c3de9765a3146dc4f037a1ef743e381b5,c01249,1,0
fi_01250,data/field/uganda/images/fi_01250.jpg,field_uganda,test,rust,1,,rust,256,256,175895cd4d09c58d35b8dd69ac0dd650cbe12402d20d3af0f7cba895f3d5d672,c01250,1,0
fi_01251,data/field/uganda/images/fi_01251.jpg,field_uganda,test,rust,1,,rust,256,256,0f65d3e1cecf0256f522e2f4c0c4fbfa8ea4406cb2e11e6a2b5c6c5a33b664a3,c01251,1,1
fi_01252,data/field/uganda/images/fi_01252.jpg,field_uganda,test,rust,1,,rust,256,256,001f3983d96d352edf5b8758a4621daa54573e639f8fd09caf639f7f8a73f078,c01252,1,0
fi_01253,data/field/uganda/images/fi_01253.jpg,field_uganda,test,rust,1,,rust,256,256,168446464fd8cea973b8b4160aab5e71c3f15fa1b6cee8d34b5b5a4d0cad850a,c01253,1,0
fi_01254,data/field/uganda/images/fi_01254.jpg,field_uganda,test,rust,1,,rust,256,256,26b2f6b0147396fb2216d0a41b6ee261ffbe1e1cd6a5f1c3be1335891ff4a023,c01254,1,0
fi_01255,data/field/uganda/images/fi_01255.jpg,field_uganda,test,rust,1,,rust,256,256,a8a5f68753b626067b9fc604cfafce9f42aaacb8d47ca29f78fcf84a161dd838,c01255,1,0
fi_01256,data/field/uganda/images/fi_01256.jpg,field_uganda,test,rust,1,,rust,256,256,d0ef5e785371bde53ed4fb7c7b9229d0f7614ec5301f287816e8f33ea4df1b98,c01256,1,0
fi_01257,data/field/uganda/images/fi_01257.jpg,field_uganda,test,rust,1,,rust,256,256,3690bb3c9aafd155647b64eade3a583c57fe916a7f95bd7874b9758e56d15d6a,c01257,1,0
fi_01258,data/field/uganda/images/fi_01258.jpg,field_uganda,test,rust,1,,rust,256,256,79092364d778e0d09272dcbaf2191aac948997200b998a5d58cfca57c23bddcc,c01258,1,1
fi_01259,data/field/uganda/images/fi_01259.jpg,field_uganda,test,rust,1,,rust,256,256,b97be0fa3cc8f52be0a6cdebdb914f95c63cbde501372d71fb7998c1b9e12f65,c01259,1,1
fi_01260,data/field/uganda/images/fi_01260.jpg,field_uganda,test,rust,1,,rust,256,256,4967e17fc46b019d32c71301492fcfbf78bdc7284268604a3825fb44b0a07fc6,c01260,1,1
fi_01261,data/field/uganda/images/fi_01261.jpg,field_uganda,test,rust,1,,rust,256,256,04f7bc57a15b753593ad06848a24dadb04ab62e23e3aa645e961e04c8a077c94,c01261,1,0
fi_01262,data/field/uganda/images/fi_01262.jpg,field_uganda,test,rust,1,,rust,256,256,3b3f86c9f2bbdf1c997463e6331cc9f33f4ac78578de15ab9437a650a37f8199,c01262,1,0
fi_01263,data/field/uganda/images/fi_01263.jpg,field_uganda,test,rust,1,,rust,256,256,75cf6da57ab4435983420415bc815d07a8c6f2227cdec882fe0d41bf4a15b9de,c01263,1,0
fi_01264,data/field/uganda/images/fi_01264.jpg,field_uganda,test,rust,1,,rust,256,256,97fbe8000243589bf36fce79d79acfbaf6642ee147e43c50db99629ea89cc3b4,c01264,1,0
fi_01265,data/field/uganda/images/fi_01265.jpg,field_uganda,test,rust,1,,rust,256,256,5378a82e15270bd1177a9c218b0eb4a522e64d5bc0882790009d5f1f947a13d4,c01265,1,0
fi_01266,data/field/uganda/images/fi_01266.jpg,field_uganda,test,rust,1,,rust,256,256,4f4c41db701a4baf1f738b7656053f9eece9a86a23182d74f7c3501a9ce16685,c01266,1,0
fi_01267,data/field/uganda/images/fi_01267.jpg,field_uganda,test,rust,1,,rust,256,256,d4528a9d4d27d6fb70c7c57f339bf12319faf6231de8e4e4ed00097d9bc66dff,c01267,1,0
fi_01268,data/field/uganda/images/fi_01268.jpg,field_uganda,test,rust,1,,rust,256,256,efb511e4d6a437bdea591dd3d9ec10ac367ab92023e0d5e6ff9b9238e9c9a236,c01268,1,0
fi_01269,data/field/uganda/images/fi_01269.jpg,field_uganda,test,rust,1,,rust,256,256,2239b5a2096695107c12e647cafbdbfbe62565654d7797c3e801b38af5f37345,c01269,1,0
fi_01270,data/field/uganda/images/fi_01270.jpg,field_uganda,test,rust,1,,rust,256,256,42f3fa81af34c7ced55d0ae48641cf134d4c060fdcb099d04b0c0e018d1fdc3c,c01270,1,0
fi_01271,data/field/uganda/images/fi_01271.jpg,field_uganda,test,rust,1,,rust,256,256,c4cb675f24b6d7e4cff231f8382cb47b853b42682e6c2870699859b5e0bfd076,c01271,1,0
fi_01272,data/field/uganda/images/fi_01272.jpg,field_uganda,test,rust,1,,rust,256,256,2bdd2188f2e56b5d359ca3f9cbecff3b947337f27d45ecb1782f8c6b2df15861,c01272,1,0
fi_01273,data/field/uganda/images/fi_01273.jpg,field_uganda,test,rust,1,,rust,256,256,8c843c6bc3a40b13b9b020bfc1b38f3338d782df67c95e922cfd9805a0767be9,c01273,1,1
fi_01274,data/field/uganda/images/fi_01274.jpg,field_uganda,test,rust,1,,rust,256,256,9951c63f2df3c4cd74ffe75cbf153bf4d392ab7db572a1d10b0cb20f88653c0a,c01274,1,0
fi_01275,data/field/uganda/images/fi_01275.jpg,field_uganda,test,rust,1,,rust,256,256,0262278dbf299cbd01f5571e1ec0aba698801bd3dfced74e9b4ea1945b395f50,c01275,1,0
fi_01276,data/field/uganda/images/fi_01276.jpg,field_uganda,test,rust,1,,rust,256,256,77e95cd5c22a36c188d641e444223877c9a86d056b1ee24c4e4e389e13de9fdd,c01276,1,0
fi_01277,data/field/uganda/images/fi_01277.jpg,field_uganda,test,rust,1,,rust,256,256,10fea81ab4d4ea3d8c5fb9781b2848ac65cb5695f4b2afdf6de2df86bd7263dc,c01277,1,1
fi_01278,data/field/uganda/images/fi_01278.jpg,field_uganda,test,rust,1,,rust,256,256,244ffd4963e53f205e70dcfddbae4cd858b945883c81bdfeb67f424755af1f58,c01278,1,0
fi_01279,data/field/uganda/images/fi_01279.jpg,field_uganda,test,rust,1,,rust,256,256,85f2cdb3c44c56ae595a1d41ed1088e2765327a02e2ce32d82e48614e008cc81,c01279,1,0
fi_01280,data/field/uganda/images/fi_01280.jpg,field_uganda,test,rust,1,,rust,256,256,9794f2356b2cb30dd4adb1fb07150b7d332ec4084f4e3558601bc45b39933d9e,c01280,1,0
fi_01281,data/field/uganda/images/fi_01281.jpg,field_uganda,test,rust,1,,rust,256,256,2dd47d984ae57169a548885460134daffe5a3e084cd42be576b90f208b4a92b5,c01281,1,0
fi_01282,data/field/uganda/images/fi_01282.jpg,field_uganda,test,rust,1,,rust,256,256,7614476e5397c9201868ce0d5f73bb173291ab816798a895febd5a8c5638753d,c01282,1,1
fi_01283,data/field/uganda/images/fi_01283.jpg,field_uganda,test,rust,1,,rust,256,256,4c1cb1bc37e88dcead81c8877d703cf4613ec9738dd4e561c529a4a6c9f9c7f2,c01283,1,0
fi_01284,data/field/uganda/images/fi_01284.jpg,field_uganda,test,rust,1,,rust,256,256,c30b3bd256d788ed6af4b400ac92ea46aa635d2960f6ca7d9e08c9e100cf8674,c01284,1,0
fi_01285,data/field/uganda/images/fi_01285.jpg,field_uganda,test,rust,1,,rust,256,256,a15ff9990d3f31725f23d5e10b7e728b8cb0cdb42a3478cf59de76680f64e85a,c01285,1,0
fi_01286,data/field/uganda/images/fi_01286.jpg,field_uganda,test,rust,1,,rust,256,256,e5f9a1614836dd6e0fff0cea575b8e6a0cae888af5e513f25664b603d451ce45,c01286,1,0
fi_01287,data/field/uganda/images/fi_01287.jpg,field_uganda,test,rust,1,,rust,256,256,243e373a064dcd679a104240386c221eb0013db76ac0de348574e834f3bc8430,c01287,1,1
fi_01288,data/field/uganda/images/fi_01288.jpg,field_uganda,test,rust,1,,rust,256,256,645c0902ab8443298e84a1e2a6b7f740a05e1bdabc80a4af276dfdefec222e3f,c01288,1,0
fi_01289,data/field/uganda/images/fi_01289.jpg,field_uganda,test,rust,1,,rust,256,256,c47b4cc3e14d1f63f5eadeca89e5c74c296701f883406896311d3407ad3a1e3a,c01289,1,0
fi_01290,data/field/uganda/images/fi_01290.jpg,field_uganda,test,rust,1,,rust,256,256,ed55dff8aa778ccc8dbbe0c3da8d31bd1a9d2e90f336c95b3f07f152e7e088a5,c01290,1,0
fi_01291,data/field/uganda/images/fi_01291.jpg,field_uganda,test,rust,1,,rust,256,256,337140a05916482a88b32df393eb8e21a9560d7cdafdfd251b1efbf1fec9686e,c01291,1,1
fi_01292,data/field/uganda/images/fi_01292.jpg,field_uganda,test,rust,1,,rust,256,256,be2500c8a4a3cea42101a4ea4f8e7dd14062465e3fccf7bbbbcc65687bc78269,c01292,1,0
fi_01293,data/field/uganda/images/fi_01293.jpg,field_uganda,test,rust,1,,rust,256,256,0480eaecda4e61ea731ba84764ec00a002b693ff80138b8bf88615ae7e87ae5c,c01293,1,0
fi_01294,data/field/uganda/images/fi_01294.jpg,field_uganda,test,rust,1,,rust,256,256,bb9eb318d42082081d3f7dfba78595270b8b16d3b8d0d9fd290b9c467d284292,c01294,1,0
fi_01295,data/field/uganda/images/fi_01295.jpg,field_uganda,test,rust,1,,rust,256,256,8e24b1ed9d58e0608b937271d97abf8657dfc4279181f32c9497be80e80c9d49,c01295,1,0
fi_01296,data/field/uganda/images/fi_01296.jpg,field_uganda,test,rust,1,,rust,256,256,4236e1eccf5d16758ecfcd848066b48795e7dcb63901431668265ae7a75a5344,c01296,1,0
fi_01297,data/field/uganda/images/fi_01297.jpg,field_uganda,test,rust,1,,rust,256,256,91b6e63a88e05940a8a5457fcaf056f5b0709a707a015d1b25f2845cc80edb67,c01297,1,0
fi_01298,data/field/uganda/images/fi_01298.jpg,field_uganda,test,rust,1,,rust,256,256,a66076c0b7171a5bcd0911092dad9afca75a3977dce3d9c2702a79c3246f52f3,c01298,1,0
fi_01299,data/field/uganda/images/fi_01299.jpg,field_uganda,test,rust,1,,rust,256,256,fe2ab82283f1f1a1a8b27e0f3e794454d1599bd88af88cb281524dd8d85a5e92,c01299,1,0
fi_01300,data/field/uganda/images/fi_01300.jpg,field_uganda,test,rust,1,,rust,256,256,6d266b091bfd65be81f33e0c8ce8aa67b5ac0a26249f3c76ec5500221bbf166e,c01300,1,0
fi_01301,data/field/uganda/images/fi_01301.jpg,field_uganda,test,rust,1,,rust,256,256,53486a343ffc3d178a42a66386f5fac9ba26dcfdaf4ac79f1390057d9821940a,c01301,1,1
fi_01302,data/field/uganda/images/fi_01302.jpg,field_uganda,test,rust,1,,rust,256,256,913fe8f2d5ac444c4ea8b085f1982dce70f1a03d61a3a03310b67ce37289348d,c01302,1,1
fi_01303,data/field/uganda/images/fi_01303.jpg,field_uganda,test,rust,1,,rust,256,256,2357b1794aa2486485f51ed66b3d1e053f3276a69f4c6f852d3941537e2827f9,c01303,1,0
fi_01304,data/field/uganda/images/fi_01304.jpg,field_uganda,test,rust,1,,rust,256,256,923163fefdd58a42356e7af7c02b80ec8d0f2d75d166c338d65f9373ca3a549c,c01304,1,1
fi_01305,data/field/uganda/images/fi_01305.jpg,field_uganda,test,rust,1,,rust,256,256,c2889436929d6b640235fadd4654fe085ec9786c16695fb6ae9843552079f5e3,c01305,1,0
fi_01306,data/field/uganda/images/fi_01306.jpg,field_uganda,test,rust,1,,rust,256,256,4f2dfb98e8909c7cfb171f2651086c1b6d3b6a584838f8022827cdcb6b899c7a,c01306,1,1
fi_01307,data/field/uganda/images/fi_01307.jpg,field_uganda,test,rust,1,,rust,256,256,5acbc0f3faebef1ab0e655b0e8ca01661b8101a3858a2210f7115ba56af17f41,c01307,1,0
fi_01308,data/field/uganda/images/fi_01308.jpg,field_uganda,test,rust,1,,rust,256,256,ee82a101c0bbd6613b1923cd74480da72daab06dc641e280201ce400417af28d,c01308,1,0
fi_01309,data/field/uganda/images/fi_01309.jpg,field_uganda,test,rust,1,,rust,256,256,72993f25c39380cbaef17a897904e6e046f421dce6292ec8dc3b4bb228d37cd0,c01309,1,0
fi_01310,data/field/uganda/images/fi_01310.jpg,field_uganda,test,rust,1,,rust,256,256,f524932cdee673d9e694bd1e5d52d10bb7e3fce62d8e0bf19ffd757e508be17d,c01310,1,0
fi_01311,data/field/uganda/images/fi_01311.jpg,field_uganda,test,rust,1,,rust,256,256,9f464edf918c68cac5e118e8a9bea620778ad9b09525987f795e232366d7fdb3,c01311,1,0
fi_01312,data/field/uganda/images/fi_01312.jpg,field_uganda,test,rust,1,,rust,256,256,00aea4e6000889bc7858b4a1f1464253d9fe4d05258d3870aa89623df63f3ecb,c01312,1,0
fi_01313,data/field/uganda/images/fi_01313.jpg,field_uganda,test,rust,1,,rust,256,256,75030213f54dd35d030d5441c9d09652b0dd463befa91de038fd43842086a130,c01313,1,0
fi_01314,data/field/uganda/images/fi_01314.jpg,field_uganda,test,rust,1,,rust,256,256,ec700c51249fb0b1ff3cab1dd4d3a8a7ccf8aa7da32c46e5191c38ce7d09eee1,c01314,1,0
fi_01315,data/field/uganda/images/fi_01315.jpg,field_uganda,test,rust,1,,rust,256,256,a842a28fabf380d6baedb920e62b6aba13e443258fdece08dbfac97b24cb5573,c01315,1,0
fi_01316,data/field/uganda/images/fi_01316.jpg,field_uganda,test,rust,1,,rust,256,256,e50055fa75e46f2d6d014dfac938b096f3300556039d259c27bb1badf563bede,c01316,1,0
fi_01317,data/field/uganda/images/fi_01317.jpg,field_uganda,test,rust,1,,rust,256,256,dc38e66cf99dc172801092e39f9b204c250c6e30b2a8d3e2ccc9d20f8031cb06,c01317,1,0
fi_01318,data/field/uganda/images/fi_01318.jpg,field_uganda,test,rust,1,,rust,256,256,a8e4237ed655a07e472836cc9d937b0cd7b7a59fdb64b797f43c61ef877b18ef,c01318,1,0
fi_01319,data/field/uganda/images/fi_01319.jpg,field_uganda,test,rust,1,,rust,256,256,fb5f2f72bd06057026e1575219f2ab33cab0b1c49a37a309f31a537653d4b398,c01319,1,0
fi_01320,data/field/uganda/images/fi_01320.jpg,field_uganda,test,rust,1,,rust,256,256,4cfaedd667164165cd804cc93a3f7d11b8b331e59d9369bbd547b29da3286963,c01320,1,0
fi_01321,data/field/uganda/images/fi_01321.jpg,field_uganda,test,rust,1,,rust,256,256,f3427ba83ad190a23db9d25921f282f397019c698406dda44022bf4cabbe20c4,c01321,1,1
fi_01322,data/field/uganda/images/fi_01322.jpg,field_uganda,test,rust,1,,rust,256,256,ee6d327599eb700ecd5e719f2c85ed404a055014ae9afbad7609a8515331f5f1,c01322,1,0
fi_01323,data/field/uganda/images/fi_01323.jpg,field_uganda,test,rust,1,,rust,256,256,11090a0faa77ef87bf203c6b06e9d8a5648555448798913605e86e39b6ac9e78,c01323,1,1
fi_01324,data/field/uganda/images/fi_01324.jpg,field_uganda,test,rust,1,,rust,256,256,14e1ab8947a6e9f37e4fbc8bf1891439538a897d18dfc9116a0f6a81ff073f81,c01324,1,0
fi_01325,data/field/uganda/images/fi_01325.jpg,field_uganda,test,rust,1,,rust,256,256,8a79f91f3769656f1cd503d7592dff1f9def90766f63e715299eb633efdcf9a3,c01325,1,0
fi_01326,data/field/uganda/images/fi_01326.jpg,field_uganda,test,rust,1,,rust,256,256,2868b5e9fcc5e4a48fa7e00a6a68e014a0931ac3c590b9baa6549f4ea02b367c,c01326,1,0
fi_01327,data/field/uganda/images/fi_01327.jpg,field_uganda,test,rust,1,,rust,256,256,b492ecc511b828f5779455b0de56e01491d4f2421a1f280f5b827e328f9b1634,c01327,1,0
fi_01328,data/field/uganda/images/fi_01328.jpg,field_uganda,test,rust,1,,rust,256,256,6b0e3ad0aadc3cc8219dede58d18ec8c8a8e79328be22ff662d304b9cf76f037,c01328,1,1
fi_01329,data/field/uganda/images/fi_01329.jpg,field_uganda,test,rust,1,,rust,256,256,605d810f47680e487df68fbecc8da70ff5d1f9e2ab2a3e75256d80fa9826c426,c01329,1,0
fi_01330,data/field/uganda/images/fi_01330.jpg,field_uganda,test,rust,1,,rust,256,256,99dc323c593c6f91f01cf07230182c8468f50b88a426db380ffdf9691e584588,c01330,1,0
fi_01331,data/field/uganda/images/fi_01331.jpg,field_uganda,test,rust,1,,rust,256,256,fd3f0e267f0bf19523a0f5a7a3cd447ba7ea44be3538c1db543c0caca23b1b90,c01331,1,0
fi_01332,data/field/uganda/images/fi_01332.jpg,field_uganda,test,rust,1,,rust,256,256,6461ca1b3a6dfadffa4d76f91bca2378be2f551580e749c0d01899576f33a27a,c01332,1,0
fi_01333,data/field/uganda/images/fi_01333.jpg,field_uganda,test,rust,1,,rust,256,256,6e811757561a9b187e934253120d39e071995f9b60644a8c1baeb53de46ed662,c01333,1,1
fi_01334,data/field/uganda/images/fi_01334.jpg,field_uganda,test,rust,1,,rust,256,256,a08c73173be932cb03041588b20df8a0f310894c7d3cf4311238fed448652f6d,c01334,1,0
fi_01335,data/field/uganda/images/fi_01335.jpg,field_uganda,test,rust,1,,rust,256,256,31392ff666d815a49d537c5374cce4de5fe3099620bd82e737bd1c93525cb344,c01335,1,0
fi_01336,data/field/uganda/images/fi_01336.jpg,field_uganda,test,rust,1,,rust,256,256,f4e423bd8512d54e33c853c70d9bffaa17dbce46f8dd105e081092cadc65dbbf,c01336,1,0
fi_01337,data/field/uganda/images/fi_01337.jpg,field_uganda,test,rust,1,,rust,256,256,bda790e8d0f312f67693ac005107c2606093fa9c1d2277d8e6ca64290cdf8839,c01337,1,0
fi_01338,data/field/uganda/images/fi_01338.jpg,field_uganda,test,rust,1,,rust,256,256,a765e11f563304660ac84a6e2287f469e2213d99042e71263e86aaf119a6949d,c01338,1,0
fi_01339,data/field/uganda/images/fi_01339.jpg,field_uganda,test,rust,1,,rust,256,256,1cf900b71088192064fce779b0c1aac5eb0d382a515ccc595d86226afd651b04,c01339,1,0
fi_01340,data/field/uganda/images/fi_01340.jpg,field_uganda,test,rust,1,,rust,256,256,7ada549e6df1da8be16a9f94b444107d36a548938db6cdc7d2a55d5e6a213405,c01340,1,0
fi_01341,data/field/uganda/images/fi_01341.jpg,field_uganda,test,rust,1,,rust,256,256,026e3e1e4b7b502e78c6cd090d230ed380943352b26f9b1da7fc00bbb9f37a35,c01341,1,1
fi_01342,data/field/uganda/images/fi_01342.jpg,field_uganda,test,other,0,,phoma,256,256,e9391a9a98d9cc2b483967b79835df38f0a215a66f15e3c0a2a5c75dec246609,c01342,1,0
fi_01343,data/field/uganda/images/fi_01343.jpg,field_uganda,test,other,0,,phoma,256,256,2f6298bc7f62f063ef6449a2fbd12436a62562fc373fc47b740d1652f3a587cb,c01343,1,0
fi_01344,data/field/uganda/images/fi_01344.jpg,field_uganda,test,other,0,,phoma,256,256,f1c721818b2b54b9ff9f456e811336875050541a6c339e5ce9808696aa73f9d6,c01344,1,0
fi_01345,data/field/uganda/images/fi_01345.jpg,field_uganda,test,other,0,,phoma,256,256,9183c4d18013973057285d5f64eb9289715bfe94d4e8e373c38c80e3e465d5fb,c01345,1,0
fi_01346,data/field/uganda/images/fi_01346.jpg,field_uganda,test,other,0,,phoma,256,256,8d96818e2203b02b92e62d8597bdba100c64c1d784560a998941105eb490ff83,c01346,1,0
fi_01347,data/field/uganda/images/fi_01347.jpg,field_uganda,test,other,0,,phoma,256,256,a0173f4305c3ad2f9c9662697ae2bf407be4cd153383cba2dacf3629905088e0,c01347,1,0
fi_01348,data/field/uganda/images/fi_01348.jpg,field_uganda,test,other,0,,phoma,256,256,37d922eb58523ea8fcdf7d1985e98218ba4e3d428a942d2f4872ba1600dd8205,c01348,1,1
fi_01349,data/field/uganda/images/fi_01349.jpg,field_uganda,test,other,0,,phoma,256,256,e26e0056b05922f32704d6eaf91142095c869a02626bad26bab46dbd288aa30d,c01349,1,0
fi_01350,data/field/uganda/images/fi_01350.jpg,field_uganda,test,other,0,,phoma,256,256,daa84bbf9a314a79b9d2ca49d9d4a7b23441a81548d41936d499ebc509517373,c01350,1,0
fi_01351,data/field/uganda/images/fi_01351.jpg,field_uganda,test,other,0,,phoma,256,256,083f5fbb0687c7225e37f5199ef88c02378d7ae68b565d34f2031eb7ca558b4e,c01351,1,0
fi_01352,data/field/uganda/images/fi_01352.jpg,field_uganda,test,other,0,,phoma,256,256,bc046827b64098b87fcbcb6896d5b81a050743516baa50187874b1e61483b032,c01352,1,0
fi_01353,data/field/uganda/images/fi_01353.jpg,field_uganda,test,other,0,,phoma,256,256,258f5e144032883567f15c5736b36b0a824a6d78e4ce68b444d0344267df10b4,c01353,1,0
fi_01354,data/field/uganda/images/fi_01354.jpg,field_uganda,test,other,0,,phoma,256,256,de45578bf93daa1a07f95b5464e0de36a513c03ed8b728151ba65dd5a7e42417,c01354,1,0
fi_01355,data/field/uganda/images/fi_01355.jpg,field_uganda,test,other,0,,phoma,256,256,d51a433e683de03a595ac899725e6f41a339532fdd93a78cd9a6775cde395339,c01355,1,1
fi_01356,data/field/uganda/images/fi_01356.jpg,field_uganda,test,other,0,,phoma,256,256,ee9527207dabbcae612741192b53debfa89819c5462331d3e150dce505d5c892,c01356,1,0
fi_01357,data/field/uganda/images/fi_01357.jpg,field_uganda,test,other,0,,phoma,256,256,ee3753e0d7552f7bcce6c168d2001903fa614cd102ba93c1235f6905c400ad28,c01357,1,0
fi_01358,data/field/uganda/images/fi_01358.jpg,field_uganda,test,other,0,,phoma,256,256,5572080527046b3df95b88116be65fca92c350c61b5b02317514455398cb6f38,c01358,1,0
fi_01359,data/field/uganda/images/fi_01359.jpg,field_uganda,test,other,0,,phoma,256,256,15c1b21e4612f3fd93b0b6843d727dc18026b2d7a3b1a89e8067c4e67a8e5bbd,c01359,1,0
fi_01360,data/field/uganda/images/fi_01360.jpg,field_uganda,test,other,0,,phoma,256,256,ea16af6e9ab7d3e0576f6c1fd55d15797d750e158b48ae3b779beb47e1e3cb89,c01360,1,0
fi_01361,data/field/uganda/images/fi_01361.jpg,field_uganda,test,other,0,,phoma,256,256,f32d018d7da1ffc9e6d2ae0d057f470d66fb8e96bfbf59c4a56cdb1e3cae4be2,c01361,1,0
fi_01362,data/field/uganda/images/fi_01362.jpg,field_uganda,test,other,0,,phoma,256,256,62b8235b127c00631c7b741de26572d109f770cadb915f7751f7d4682daf3a2f,c01362,1,0
fi_01363,data/field/uganda/images/fi_01363.jpg,field_uganda,test,other,0,,phoma,256,256,5d508c6a58c2cdbdc4217d4cb453f51d213c70fac21cf7f3681251a73f70003d,c01363,1,0
fi_01364,data/field/uganda/images/fi_01364.jpg,field_uganda,test,other,0,,phoma,256,256,7faedc21b730a4ea82023750a59c8be9b744229d793c35f01f596f39dfaf6bcc,c01364,1,0
fi_01365,data/field/uganda/images/fi_01365.jpg,field_uganda,test,other,0,,phoma,256,256,18ed3d4dcb376af2acf6eafc842e00fde80ed9c213dd9dc587680e2c16ea5195,c01365,1,0
fi_01366,data/field/uganda/images/fi_01366.jpg,field_uganda,test,other,0,,phoma,256,256,b32936fbbdf121dec5884e0953e10934291583f14095c2ce43c405173eb68820,c01366,1,0
fi_01367,data/field/uganda/images/fi_01367.jpg,field_uganda,test,other,0,,phoma,256,256,27dd8dba4f7262324675a86256a6450fff3508a9139d2aa8cbd469308cd37cf3,c01367,1,1
fi_01368,data/field/uganda/images/fi_01368.jpg,field_uganda,test,other,0,,phoma,256,256,a68b5f44c2b74f94f56e287956ce2adba1704b8bf80356b07b31950e46a3b6ff,c01368,1,0
fi_01369,data/field/uganda/images/fi_01369.jpg,field_uganda,test,other,0,,phoma,256,256,b5e1a53ada04870bcf81be6896749f318a208ace8ad5a6c24d8364c0e2b2059a,c01369,1,0
fi_01370,data/field/uganda/images/fi_01370.jpg,field_uganda,test,other,0,,phoma,256,256,f8423726ac00e1b3c3d2306e44da70df1cf5a5cfa32b790013110e52b3c92cae,c01370,1,0
fi_01371,data/field/uganda/images/fi_01371.jpg,field_uganda,test,other,0,,phoma,256,256,2a2eb5251ccdd286080623db0c3c06a8372a6fa0c4ecc36c96c95abc682d5208,c01371,1,0
fi_01372,data/field/uganda/images/fi_01372.jpg,field_uganda,test,other,0,,phoma,256,256,ed0c13728e9d6d0575d4c79c8ea49ee163d0a4e8a43a97169b0f7d069258f4cc,c01372,1,0
fi_01373,data/field/uganda/images/fi_01373.jpg,field_uganda,test,other,0,,phoma,256,256,064420eb9e46f245d9550a7996d1bf97f660fd4add140c03ee67a96ed145a656,c01373,1,0
fi_01374,data/field/uganda/images/fi_01374.jpg,field_uganda,test,other,0,,phoma,256,256,07e858b0f6010676057b963efd76d25388100131c83af520d6cbbda53728e852,c01374,1,0
fi_01375,data/field/uganda/images/fi_01375.jpg,field_uganda,test,other,0,,phoma,256,256,cb72eab3fd31abb7aa50c21e7c21acf7cb2b893e59eb356320430f63e1c975ed,c01375,1,0
fi_01376,data/field/uganda/images/fi_01376.jpg,field_uganda,test,other,0,,phoma,256,256,8ca0e22ac37d1d8ac76331e8c48be6a0f5fcdce56de02bbb240c01ec419ec391,c01376,1,0
fi_01377,data/field/uganda/images/fi_01377.jpg,field_uganda,test,other,0,,phoma,256,256,72fd8c1ceca1648118c600a7f08df8ec675ac25455888f8b0f333bb7592fdaab,c01377,1,0
fi_01378,data/field/uganda/images/fi_01378.jpg,field_uganda,test,other,0,,phoma,256,256,4342dc04312eded72560da387140d6330e3e2c4958231ffef427a4625817fb27,c01378,1,0
fi_01379,data/field/uganda/images/fi_01379.jpg,field_uganda,test,other,0,,phoma,256,256,8a59b2fa921cd0b2c1822fb055403443250c6145e9a71f7f24b438c65a242765,c01379,1,0
fi_01380,data/field/uganda/images/fi_01380.jpg,field_uganda,test,other,0,,phoma,256,256,6661e973c371ba4cd50e259a518e23cbbe13b710a14243e401a1b232ef90f2c8,c01380,1,0
fi_01381,data/field/uganda/images/fi_01381.jpg,field_uganda,test,other,0,,phoma,256,256,112a6414bfefcbcce52fc8178b0c845e06686f24fd917a353a5b3fc73b788142,c01381,1,0
fi_01382,data/field/uganda/images/fi_01382.jpg,field_uganda,test,other,0,,phoma,256,256,40d4b69bcfa8fd12b852382883f2c4dff922eeff8a784c953381031ce6ee147c,c01382,1,0
fi_01383,data/field/uganda/images/fi_01383.jpg,field_uganda,test,other,0,,phoma,256,256,4003174b367cbf11dc307b6c6370738b6b1ad44399b466d624493bfba5b6853b,c01383,1,0
fi_01384,data/field/uganda/images/fi_01384.jpg,field_uganda,test,other,0,,phoma,256,256,533e4a4e85414adc0df51f7ef8363751124e92e37db198ad2f79cad5e4e1f609,c01384,1,0
fi_01385,data/field/uganda/images/fi_01385.jpg,field_uganda,test,other,0,,phoma,256,256,15bc176190dd0481ccaac4632696b504a98e69b24ade79023f727347a332cb87,c01385,1,0
fi_01386,data/field/uganda/images/fi_01386.jpg,field_uganda,test,other,0,,phoma,256,256,f902b81e863d3862bc81565f124fd0d3cca8aac67b53136cbb57adfc2729a863,c01386,1,0
fi_01387,data/field/uganda/images/fi_01387.jpg,field_uganda,test,other,0,,phoma,256,256,bb287990bd1ed80f6d393a8fb3f5b68e91c80678bc4c05e2bbb14c4a10aea998,c01387,1,0
fi_01388,data/field/uganda/images/fi_01388.jpg,field_uganda,test,other,0,,phoma,256,256,e75e0a0f57a6cd0d5d06d80677ad75eaec3c973f5f98b398f656e6d93890beea,c01388,1,0
fi_01389,data/field/uganda/images/fi_01389.jpg,field_uganda,test,other,0,,phoma,256,256,35641e6da52e6b916cf3d4c45ad556486e5b54ab5e6faeb5e940acd27247bcb8,c01389,1,0
fi_01390,data/field/uganda/images/fi_01390.jpg,field_uganda,test,other,0,,phoma,256,256,7b58ce72b35f934cfa3cd2decc8798bb0377bf624011e3970b6f85fcac32146d,c01390,1,1
fi_01391,data/field/uganda/images/fi_01391.jpg,field_uganda,test,other,0,,phoma,256,256,b983fa36617fbdc3c07a74ae8c41732b69a1aabd32e452f601b412a36721360d,c01391,1,0
fi_01392,data/field/uganda/images/fi_01392.jpg,field_uganda,test,other,0,,phoma,256,256,aea8fc379ef6f768360c1acf957c266dadc02587991fa7f9714b7a186d71dc1f,c01392,2,1
fi_01393,data/field/uganda/images/fi_01393.jpg,field_uganda,test,other,0,,phoma,256,256,eea2eca42ae0a137f0043bac921d4368f18143924331faa729c0708eead01e82,c01393,1,0
fi_01394,data/field/uganda/images/fi_01394.jpg,field_uganda,test,other,0,,phoma,256,256,6715988d9ae95b54a823989fa12de6d563da2e66726f39723ffe1a3465ad5332,c01394,1,1
fi_01395,data/field/uganda/images/fi_01395.jpg,field_uganda,test,other,0,,phoma,256,256,9a9a5e2acbe418eddbcaae02b8a6bf6e4ac8b03239a80e16e2d3c3b68247d81d,c01395,1,0
fi_01396,data/field/uganda/images/fi_01396.jpg,field_uganda,test,other,0,,phoma,256,256,30d1c8b7106944596ec82938f21e228ebd0b6516d39f8eb64bc6f97660d51db8,c01396,1,0
fi_01397,data/field/uganda/images/fi_01397.jpg,field_uganda,test,other,0,,phoma,256,256,6206a1d55239f2749543030b1728423b856fd51598d9999a6fce8cf67b0c0430,c01397,1,0
fi_01398,data/field/uganda/images/fi_01398.jpg,field_uganda,test,other,0,,phoma,256,256,e0ff1916e45a5a4daf0c52d61351566b49eb776d2ad25834ce51fe074f9f132c,c01398,1,0
fi_01399,data/field/uganda/images/fi_01399.jpg,field_uganda,test,other,0,,phoma,256,256,fb983856d5398e53ccc63d07a99082efb9496494a247514b81b6d85e067ae295,c01399,1,0
fi_01400,data/field/uganda/images/fi_01400.jpg,field_uganda,test,other,0,,phoma,256,256,3ddce7b844ee8f8f76cde8e35e1762dbcc9411e3bb9f61a58b332f631fdfc7ce,c01400,1,0
fi_01401,data/field/uganda/images/fi_01401.jpg,field_uganda,test,other,0,,phoma,256,256,79cd83ab1e264f7863bcd81b7459c76aa2414825d31d38e2abb4e9ea50f5aa7f,c01401,1,0
fi_01402,data/field/uganda/images/fi_01402.jpg,field_uganda,test,other,0,,phoma,256,256,496ef145e67eaaab598584d92dc2dba19ec7e2cd8d7b66920a91378f84d7ee43,c01402,1,0
fi_01403,data/field/uganda/images/fi_01403.jpg,field_uganda,test,other,0,,phoma,256,256,84a8c8fb6661670d19f0532ad777323b0e88bd79573d00ea9ce3c5857e0f6983,c01403,2,0
fi_01404,data/field/uganda/images/fi_01404.jpg,field_uganda,test,other,0,,phoma,256,256,11a8f6f5b72e3484e9194c25ef33b83332595456c0ec9ae78f13441814918b3f,c01404,1,0
fi_01405,data/field/uganda/images/fi_01405.jpg,field_uganda,test,other,0,,phoma,256,256,4eb4ad7f9c38be1941b13c63ff81692ed6182ede7d0d321f0c7c1d76a77a63b0,c01405,1,0
fi_01406,data/field/uganda/images/fi_01406.jpg,field_uganda,test,other,0,,phoma,256,256,ea5a2582d6e1577aee86070be2f6b49694c88801144ee63682bc0730c82de914,c01406,1,0
fi_01407,data/field/uganda/images/fi_01407.jpg,field_uganda,test,other,0,,phoma,256,256,26535ee6fcdb341c0d0253fd348740aea3ebd58b077ae9b1d2d9d32fd77973b4,c01407,1,0
fi_01408,data/field/uganda/images/fi_01408.jpg,field_uganda,test,other,0,,phoma,256,256,96805e9dbb03f658ef403a99329277d8673a3eae80a60ae12ab5cd4141fff22b,c01408,1,0
fi_01409,data/field/uganda/images/fi_01409.jpg,field_uganda,test,other,0,,phoma,256,256,6eea646f39b7d23920356744383cf33e6a94d557fe6b80b3c3746ee45ca8e785,c01409,1,1
fi_01410,data/field/uganda/images/fi_01410.jpg,field_uganda,test,other,0,,phoma,256,256,51dc4565748200f7ff70a90f077418ad234dd7323fa71363e59fb3d70dd055e5,c01410,1,0
fi_01411,data/field/uganda/images/fi_01411.jpg,field_uganda,test,other,0,,phoma,256,256,fc4f218de78c11dab68c38219237ffa7be6d696c56288fd0a986e624d7510121,c01411,1,0
fi_01412,data/field/uganda/images/fi_01412.jpg,field_uganda,test,other,0,,phoma,256,256,f5c89df4a153fda6a02b52e676383aa5cc38becc39f44fdb4c128c31a214b513,c01412,1,1
fi_01413,data/field/uganda/images/fi_01413.jpg,field_uganda,test,other,0,,phoma,256,256,ade783b5f8ca41b64966bc395f0a891bc0f031f4cffa73c317df0ae1c9f93c82,c01413,1,0
fi_01414,data/field/uganda/images/fi_01414.jpg,field_uganda,test,other,0,,phoma,256,256,dc62d8fc13162ec940ff825a65ae932a510864d5cd645c55b84478ba27548a11,c01414,1,0
fi_01415,data/field/uganda/images/fi_01415.jpg,field_uganda,test,other,0,,phoma,256,256,dc02ecb11a185872bd4d705ab07c43a1474bc9b186a6f68c1e82f1daafec5941,c01415,1,0
fi_01416,data/field/uganda/images/fi_01416.jpg,field_uganda,test,other,0,,phoma,256,256,2eca06a32b16dfb6638d43a63be82ba8fe5355815d65110bd2fa778b3f0d00a9,c01416,1,0
fi_01417,data/field/uganda/images/fi_01417.jpg,field_uganda,test,other,0,,phoma,256,256,16969ab9380984dc1ce4e0822896ba2fb76d3cb89144e595352365d695d46d25,c01417,1,0
fi_01418,data/field/uganda/images/fi_01418.jpg,field_uganda,test,other,0,,phoma,256,256,971f9773800959f8e3741841450ebb5dcbbf0a2993d2d9696c81cad89113d15a,c01418,1,0
fi_01419,data/field/uganda/images/fi_01419.jpg,field_uganda,test,other,0,,phoma,256,256,9d86e1ea5408bde488b27e052e47e5d168fa0707447e7ba44cfab61ef5aa7294,c01419,1,0
fi_01420,data/field/uganda/images/fi_01420.jpg,field_uganda,test,other,0,,phoma,256,256,fa84c7ae13f0ba8e92dab1bc93051d482d7f01da30eb951e3e97dc60f738bd45,c01420,1,0
fi_01421,data/field/uganda/images/fi_01421.jpg,field_uganda,test,other,0,,phoma,256,256,b830458db7f1f1f521393404c3e0716b19deba205fec9468562d53a9ee2d6332,c01421,1,0
fi_01422,data/field/uganda/images/fi_01422.jpg,field_uganda,test,other,0,,phoma,256,256,f080f972c9b9460fbcceefcc44dda48e39597b6ae39a080b16a4c272f710f530,c01422,1,0
fi_01423,data/field/uganda/images/fi_01423.jpg,field_uganda,test,other,0,,phoma,256,256,31b612c99a4d69544653de47d5f6c537543acde09884287b4092fbbed7ff0017,c01423,1,0
fi_01424,data/field/uganda/images/fi_01424.jpg,field_uganda,test,other,0,,phoma,256,256,64cbb399c48f39ace5a1166125137e661a4e93cfb43f3987cc6f54840ffd11e0,c01424,1,0
fi_01425,data/field/uganda/images/fi_01425.jpg,field_uganda,test,other,0,,phoma,256,256,17611c4a25cf6026418ed12b2f20a03f04afee8131dcc4fc8d39e4fb041780bf,c01425,1,1
fi_01426,data/field/uganda/images/fi_01426.jpg,field_uganda,test,other,0,,phoma,256,256,1e0b2fe0be3d99f2534444b7448489bf61df46fc03de54122511062d764057dd,c01426,1,0
fi_01427,data/field/uganda/images/fi_01427.jpg,field_uganda,test,other,0,,phoma,256,256,4cb2f367ebee6dc3c90b84cb26b8c06d61ad55e6805645a0f41c16aeaf0281af,c01427,1,0
fi_01428,data/field/uganda/images/fi_01428.jpg,field_uganda,test,other,0,,phoma,256,256,cf29182ea131ce3cefd95af7ae6ee7b99c83a7df598c5e854efff21a4470d3a2,c01428,1,0
fi_01429,data/field/uganda/images/fi_01429.jpg,field_uganda,test,other,0,,phoma,256,256,9ac6e75057d6396f07b7f5bc9d5a80e2a388adb7ef818a7c75849ed31c195366,c01429,1,1
fi_01430,data/field/uganda/images/fi_01430.jpg,field_uganda,test,other,0,,phoma,256,256,24c337b3a4c6624f15aa0d4b438de50f629d25dfda319df36fbf0d21a1b4e862,c01430,1,1
fi_01431,data/field/uganda/images/fi_01431.jpg,field_uganda,test,other,0,,phoma,256,256,50a099f19efd7587ae4374040583d8e537cc0419251c10bc88a68528c00a81ad,c01431,1,0
fi_01432,data/field/uganda/images/fi_01432.jpg,field_uganda,test,other,0,,phoma,256,256,c5ddf1c39f3293c073c3cc34b1837a7cabe9900adc126bb6e3c246799df475f6,c01432,1,0
fi_01433,data/field/uganda/images/fi_01433.jpg,field_uganda,test,other,0,,phoma,256,256,e76dbc59fb57c2cc2b69260d5e0ebb7f775fd296c5e6b420f23bb350d11755a9,c01433,1,0
fi_01434,data/field/uganda/images/fi_01434.jpg,field_uganda,test,other,0,,phoma,256,256,949f1a6f7dc03c81e6b4d1a5535e798011c2d342e85c5f5c0851e676cae73299,c01434,1,0
fi_01435,data/field/uganda/images/fi_01435.jpg,field_uganda,test,other,0,,phoma,256,256,4657d57d221a39d68fc29cd7326449cbc4670f2e9859bb89c1f51961093bcccb,c01435,1,0
fi_01436,data/field/uganda/images/fi_01436.jpg,field_uganda,test,other,0,,phoma,256,256,70fa29e724e29bfa32175aa23323f21f05080d7495d535e977f85b85e8ef24dd,c01436,1,0
fi_01437,data/field/uganda/images/fi_01437.jpg,field_uganda,test,other,0,,phoma,256,256,3ff42c1f3cf998d00c281b4ab0ddb3c645f3534cbe877975e2a3dfac0f0119c2,c01437,1,0
fi_01438,data/field/uganda/images/fi_01438.jpg,field_uganda,test,other,0,,phoma,256,256,460ae3f1e6b6a96f153c63a6a2f15086c995a7133c2d4739dd72377c8f312f6b,c01438,1,0
fi_01439,data/field/uganda/images/fi_01439.jpg,field_uganda,test,other,0,,phoma,256,256,94e6f769bfdb1ce741ed69683ba9f22929aa4e7eba91d768e99781ff57e11a6f,c01439,1,0
fi_01440,data/field/uganda/images/fi_01440.jpg,field_uganda,test,other,0,,phoma,256,256,59e4c0ae9094db5b94e1b9ff5f5cd0d698bdc4a4e708fd48fb6368aace1323a6,c01440,1,0
fi_01441,data/field/uganda/images/fi_01441.jpg,field_uganda,test,other,0,,phoma,256,256,9e2349921b6e232fd8ed9de5bd0be034694501ff0fb3fb80c9ce1d38fcbf7ad9,c01441,1,0
fi_01442,data/field/uganda/images/fi_01442.jpg,field_uganda,test,other,0,,phoma,256,256,e2a99f1c2de018c3e4bab79ca1236cad59ff8697207f3e93ab66bc2917c6ae0f,c01442,1,0
fi_01443,data/field/uganda/images/fi_01443.jpg,field_uganda,test,other,0,,phoma,256,256,899b13e03f6712d4277e940ca322d0881c0133ce879ad9f67fc1d4fee387c774,c01443,1,1
fi_01444,data/field/uganda/images/fi_01444.jpg,field_uganda,test,other,0,,phoma,256,256,606b2fdc1bcbee5b46eeb02fd0d3674063c28fefee0c336d104d3af2cda1d57d,c01444,1,0
fi_01445,data/field/uganda/images/fi_01445.jpg,field_uganda,test,other,0,,phoma,256,256,3afbec6305bc15fd75cc652c9cfc5636679ecfb68ca7a47be808416dd5861a2a,c01445,1,1
fi_01446,data/field/uganda/images/fi_01446.jpg,field_uganda,test,other,0,,phoma,256,256,75fedf77f117ee397d4701bb4963200f0350d9f1ab2323ae1dfd15258ea45de8,c01446,1,0
fi_01447,data/field/uganda/images/fi_01447.jpg,field_uganda,test,other,0,,phoma,256,256,6465e0aba11554cf1b88be82c3fade568ebc40888663a34a38362161914e4371,c01447,1,0
fi_01448,data/field/uganda/images/fi_01448.jpg,field_uganda,test,other,0,,phoma,256,256,ba8af4ffde33192bc73a04021dc8959540b350543f358d32de7b06f9ca139411,c01448,1,0
fi_01449,data/field/uganda/images/fi_01449.jpg,field_uganda,test,other,0,,phoma,256,256,74a56c45b211e6f93cd35770001539b13d28cdbe5c63eb4c644ae5e5014ad976,c01449,1,0
fi_01450,data/field/uganda/images/fi_01450.jpg,field_uganda,test,other,0,,phoma,256,256,af1b697b5c8eae49c925ae3adc13190530e3de54c08463f5db4f6ceef1b308f6,c01450,1,0
fi_01451,data/field/uganda/images/fi_01451.jpg,field_uganda,test,other,0,,phoma,256,256,6fae88d4730bd7fecfd4ef4784cfcdc146de069c96b8fde3a79f9239b1bb24b6,c01451,1,0
fi_01452,data/field/uganda/images/fi_01452.jpg,field_uganda,test,other,0,,phoma,256,256,17b935827f1ab0d0fade4220c8562eecdca479048e39aefacf6b3401e17785af,c01452,1,1
fi_01453,data/field/uganda/images/fi_01453.jpg,field_uganda,test,other,0,,phoma,256,256,d1102af03e2517239c7085bc3ed7464fb5f3b4b2dc827f8dfc18b06c86a80d50,c01453,1,1
fi_01454,data/field/uganda/images/fi_01454.jpg,field_uganda,test,other,0,,phoma,256,256,062c826ff8110b09133c305d1dc341ae1ef4c0b4fe8bb14674a8df6868e78cef,c01454,1,0
fi_01455,data/field/uganda/images/fi_01455.jpg,field_uganda,test,other,0,,phoma,256,256,3b81a0e84ed2137559e0c3afeece8ef313975920d0d2e608f05a72cfd7220d87,c01455,1,0
fi_01456,data/field/uganda/images/fi_01456.jpg,field_uganda,test,other,0,,phoma,256,256,6c56c09f0c3cae1c4cd10ad78df12507bf449d0eb462b8b4063d57ab6a3516db,c01456,1,0
fi_01457,data/field/uganda/images/fi_01457.jpg,field_uganda,test,other,0,,phoma,256,256,f2a748bfd775e27027f0355392936a43e1a2046ea4d1950ca5054a049d862705,c01457,1,0
fi_01458,data/field/uganda/images/fi_01458.jpg,field_uganda,test,other,0,,phoma,256,256,a30059a182a4a3bd47afe57f0d18e597b232603ee353266021d09642c572f20e,c01458,1,0
fi_01459,data/field/uganda/images/fi_01459.jpg,field_uganda,test,other,0,,phoma,256,256,c0261f725f3875d70239d47ccad8ff153724c290b8b15081c86eecf31b1b46d4,c01459,1,0
fi_01460,data/field/uganda/images/fi_01460.jpg,field_uganda,test,other,0,,phoma,256,256,965afb659acc922edc1006ac6260fee25dab1cefb44d3ef47214c9b052f3f455,c01460,1,0
fi_01461,data/field/uganda/images/fi_01461.jpg,field_uganda,test,other,0,,phoma,256,256,c40486d86585cdbee0bd18215417a796e000bb8cf95fdea80238e872ac8b4632,c01461,1,0
fi_01462,data/field/uganda/images/fi_01462.jpg,field_uganda,test,other,0,,phoma,256,256,09f55e76b834c0be83391fd1067d6186613ee92f16cc430ec9a0649a83d6ff38,c01462,1,0
fi_01463,data/field/uganda/images/fi_01463.jpg,field_uganda,test,other,0,,phoma,256,256,b15c7901954bcc0a5494327254fe22b6855cd9b0b54fcd3b155a5a900b95e7cf,c01463,1,0
fi_01464,data/field/uganda/images/fi_01464.jpg,field_uganda,test,other,0,,phoma,256,256,e12c63b9e4c4ee2dabe52a45803ceb78954c097768aa5dd707096c0fbd078ebd,c01464,1,0
fi_01465,data/field/uganda/images/fi_01465.jpg,field_uganda,test,other,0,,phoma,256,256,ab6c9b144474cec6e739f00a4e95bef8b70cc024650d0f3f25a5a9c590398be1,c01465,1,0
fi_01466,data/field/uganda/images/fi_01466.jpg,field_uganda,test,other,0,,phoma,256,256,48be6e48901d17817a93631cef7f83a2b3f509c042d9a591b3e8e9c98a44c505,c01466,1,0
fi_01467,data/field/uganda/images/fi_01467.jpg,field_uganda,test,other,0,,phoma,256,256,5d6c903bc903cfdba50e562885f6f9e2f5b09ee87bf106add09ed3342c7b55ed,c01467,1,0
fi_01468,data/field/uganda/images/fi_01468.jpg,field_uganda,test,other,0,,phoma,256,256,5c3033031dad6a77cf884268561bf73482dfb220fa25e5eccd3cb721ba6f27b0,c01468,1,0
fi_01469,data/field/uganda/images/fi_01469.jpg,field_uganda,test,other,0,,phoma,256,256,65b54d407a2442c44847fb78728bb24069e91c1967017b8ffeb29e752af52dd2,c01469,1,0
fi_01470,data/field/uganda/images/fi_01470.jpg,field_uganda,test,other,0,,phoma,256,256,7477dfd142edb5a19d4e689a85d842996373c03c55fc0543589a6445777b3af7,c01470,1,0
fi_01471,data/field/uganda/images/fi_01471.jpg,field_uganda,test,other,0,,phoma,256,256,ece38d089193fd9629b0099ef5c627b7e3a8af5b417f3487d036c0fbeb40bdcb,c01471,1,0
fi_01472,data/field/uganda/images/fi_01472.jpg,field_uganda,test,other,0,,phoma,256,256,f6cec1300700ea96dd6ed73b6b25ec6f384a654a5e414648a80817e01d7bf7d4,c01472,1,0
fi_01473,data/field/uganda/images/fi_01473.jpg,field_uganda,test,other,0,,phoma,256,256,8533dbd6b38e7a823fe8f2c704bd3013bfcfc0974b04de1ab2b21a74d61a8aee,c01473,1,0
fi_01474,data/field/uganda/images/fi_01474.jpg,field_uganda,test,other,0,,phoma,256,256,ab5975ae22b151a16400696570aa243550af6d222babb9cb66244e2c80e9a61f,c01474,1,0
fi_01475,data/field/uganda/images/fi_01475.jpg,field_uganda,test,other,0,,phoma,256,256,2cc8f50bbc7d2584b5f20eea6ff104f62876cc8366d511e3666f211c3c4b7854,c01475,1,0
fi_01476,data/field/uganda/images/fi_01476.jpg,field_uganda,test,other,0,,phoma,256,256,87cdde4f62724a4af83b5ccd291e680297f61afc6f2506712eb4d68d4be1ddea,c01476,1,0
fi_01477,data/field/uganda/images/fi_01477.jpg,field_uganda,test,other,0,,phoma,256,256,fc5099f0f9f554bc586b6d1b2f1a1e51bdf827216a1642f181971e71973d5a0f,c01477,1,0
fi_01478,data/field/uganda/images/fi_01478.jpg,field_uganda,test,other,0,,phoma,256,256,dd2acb3f006af3f88a8bbd8e37f1d0b99fb25ffda451e9a9c596f2b6e822540b,c01478,1,0
fi_01479,data/field/uganda/images/fi_01479.jpg,field_uganda,test,other,0,,phoma,256,256,db909253735cc1ecc30d75c41f9d93851e94fe271b54698423e9dbaf2b1a37a2,c01479,1,0
fi_01480,data/field/uganda/images/fi_01480.jpg,field_uganda,test,other,0,,phoma,256,256,b2a48ac90d8326da539d8b8a4cdb70b2632d31e9cf0a8decd3a6f500a80b2adc,c01480,1,0
fi_01481,data/field/uganda/images/fi_01481.jpg,field_uganda,test,other,0,,phoma,256,256,5a79ea3d1e86943efa9336032b3e0b855f6405c8617a8a475c60710468217279,c01481,1,1
fi_01482,data/field/uganda/images/fi_01482.jpg,field_uganda,test,other,0,,phoma,256,256,fb42661df2ab0b147873d3d60bc56bc446ad6b21f6a863df153cdd40a438c816,c01482,1,0
fi_01483,data/field/uganda/images/fi_01483.jpg,field_uganda,test,other,0,,phoma,256,256,4516af78d717932521de610b33ca74bd246e6d42b76d0cb76454a4f83e057a82,c01483,1,0
fi_01484,data/field/uganda/images/fi_01484.jpg,field_uganda,test,other,0,,phoma,256,256,268a66325f12b30b2770d79e90564ef10c8c13b87a52795a99cb6e31b04fc745,c01484,1,0
fi_01485,data/field/uganda/images/fi_01485.jpg,field_uganda,test,other,0,,phoma,256,256,da3f44b18f1c339614f4982a3ec952d8f530bbcc8481104c521fd08b5904f930,c01485,1,0
fi_01486,data/field/uganda/images/fi_01486.jpg,field_uganda,test,other,0,,phoma,256,256,106a95b0319a44ae24d4b74b3638e5f10f73747f536c501e39108b18f3e2f67f,c01486,1,0
fi_01487,data/field/uganda/images/fi_01487.jpg,field_uganda,test,other,0,,phoma,256,256,d4fe6044079fb086c3a93256cb4c88ec27f2af4e9f8f875d31a6df60b499b3c8,c01487,1,0
fi_01488,data/field/uganda/images/fi_01488.jpg,field_uganda,test,other,0,,phoma,256,256,38608d13501d8acad215086c4b40304f6dbb2a1d956bdc14b9da105302eff276,c01488,1,0
fi_01489,data/field/uganda/images/fi_01489.jpg,field_uganda,test,other,0,,phoma,256,256,cf78e72c58226d9dadd9d7cee9942059bc033b4a55c252d65d73b5d165d981f3,c01489,1,0
fi_01490,data/field/uganda/images/fi_01490.jpg,field_uganda,test,other,0,,phoma,256,256,050fff24abc3b4ccc78487f62f6a89a0f6734381853f8693dbf6c6e0d28df246,c01490,1,0
fi_01491,data/field/uganda/images/fi_01491.jpg,field_uganda,test,other,0,,phoma,256,256,995023202ee0c6548e51be3e5bdca33da5a7c45cf8a28dbecb3bef373adca947,c01491,1,0
fi_01492,data/field/uganda/images/fi_01492.jpg,field_uganda,test,other,0,,phoma,256,256,5e974372e8560b246994a60466be56237dee3286f4ab6f0600da9ba16ec74978,c01492,1,0
fi_01493,data/field/uganda/images/fi_01493.jpg,field_uganda,test,other,0,,phoma,256,256,a09c6e5b812783b24ef8d43d42c9c5df8df05ad140e728eb92a2502f33f512cd,c01493,1,0
fi_01494,data/field/uganda/images/fi_01494.jpg,field_uganda,test,other,0,,phoma,256,256,5955c0802c67d16f429c416433c148f09ad96927d051d2dee06cf626841bec0b,c01494,1,0
fi_01495,data/field/uganda/images/fi_01495.jpg,field_uganda,test,other,0,,phoma,256,256,08917fc08bdcad6bd1571b8719c498b0f43674f2710dd13be664eb5fcd0889ac,c01495,1,1
fi_01496,data/field/uganda/images/fi_01496.jpg,field_uganda,test,other,0,,phoma,256,256,17b1f3379e1bc99eb8657cbc98f2a2ceac96fcc77898f4bdc3362fd7662a5080,c01496,1,0
fi_01497,data/field/uganda/images/fi_01497.jpg,field_uganda,test,other,0,,phoma,256,256,545bbd495a6e09374d14ebd82b7500a568a1b22db2446c8db22e962951bb4f7d,c01497,1,0
fi_01498,data/field/uganda/images/fi_01498.jpg,field_uganda,test,other,0,,phoma,256,256,c251506dbccf6718fd5215c083f489b704c4132e065d06a05f0d88a271bba84e,c01498,1,0
fi_01499,data/field/uganda/images/fi_01499.jpg,field_uganda,test,other,0,,phoma,256,256,b0e60a692fbe45bb649bc379f28449b7755853cdecc25ad44ae68c91d138bf12,c01499,1,0
fi_01500,data/field/uganda/images/fi_01500.jpg,field_uganda,test,other,0,,phoma,256,256,24876c7c4c681c3d5ea4e187522aef85409cb73c41aa300034409a57502b6649,c01500,1,0
fi_01501,data/field/uganda/images/fi_01501.jpg,field_uganda,test,other,0,,phoma,256,256,7a23ea4f55bdf65c86bdccd1892a2f029824666968fbd93a7bc27ceb6e4877ee,c01501,1,0
fi_01502,data/field/uganda/images/fi_01502.jpg,field_uganda,test,other,0,,phoma,256,256,d3efdefd14095e62e7b0f3228444f78e4260046680c162ae8bb290c181517d0c,c01502,1,0
fi_01503,data/field/uganda/images/fi_01503.jpg,field_uganda,test,other,0,,phoma,256,256,f6f11430897d09a2c248fa4230cda67c238977c90775fd67861949f7115a8046,c01503,1,0
fi_01504,data/field/uganda/images/fi_01504.jpg,field_uganda,test,other,0,,phoma,256,256,9f0cec108dfb62f232f03624439ff2c3fceb068060e75e4f837df5685dc0f0ac,c01504,1,0
fi_01505,data/field/uganda/images/fi_01505.jpg,field_uganda,test,other,0,,phoma,256,256,facc53e44b2a940a07532202c06c6d5645652232a84e7dbab9a73515f008108d,c01505,1,0
fi_01506,data/field/uganda/images/fi_01506.jpg,field_uganda,test,other,0,,phoma,256,256,aad8f4d990aa771aea65decdec11f040b69c5ec449c01273fdfd2fea54670ddb,c01506,1,0
fi_01507,data/field/uganda/images/fi_01507.jpg,field_uganda,test,other,0,,phoma,256,256,679fd23571c05bb5ed5f39827a5328cf5e51d5c5080d2d937e11896b2491080b,c01507,1,0
fi_01508,data/field/uganda/images/fi_01508.jpg,field_uganda,test,other,0,,phoma,256,256,8d2afc5da18fb1737cd97262d93607755654dda2f247f9e13ecc72b81c4248df,c01508,1,0
fi_01509,data/field/uganda/images/fi_01509.jpg,field_uganda,test,other,0,,phoma,256,256,1098757ed399f58d5dff5b2cadaa8a67c60ebc14438c3b1d5bd6729f11d3000d,c01509,1,0
fi_01510,data/field/uganda/images/fi_01510.jpg,field_uganda,test,other,0,,phoma,256,256,e5e3ee76c1341ff125a5e314ea10c03efe9b4281972b9a51e3321cf4f74b39bb,c01510,1,0
fi_01511,data/field/uganda/images/fi_01511.jpg,field_uganda,test,other,0,,phoma,256,256,b91ebbc648b069ed0ce792153b0bc0fc832449c681e61741f199116b8d3bf1d8,c01511,1,0
fi_01512,data/field/uganda/images/fi_01512.jpg,field_uganda,test,other,0,,phoma,256,256,55b029cdec99e0298504d61c3d2977dc1472d3d9023b99ce99aec2556586d0e3,c01512,1,0
fi_01513,data/field/uganda/images/fi_01513.jpg,field_uganda,test,other,0,,phoma,256,256,ebcb76e2da57d59fb41bd4c3bd1c171802ba7b6a441ddab7db6aa1b849e22211,c01513,1,0
fi_01514,data/field/uganda/images/fi_01514.jpg,field_uganda,test,other,0,,phoma,256,256,b1df5f9a00fc6bc53b7fc04549ed836a7678b9f14f00e033274a467ec0caff80,c01514,1,0
fi_01515,data/field/uganda/images/fi_01515.jpg,field_uganda,test,other,0,,phoma,256,256,ec7c0f4bc6e0f542a7fe417a898f2a4577200b7446dba3a53879305fc6dd3937,c01515,1,0
fi_01516,data/field/uganda/images/fi_01516.jpg,field_uganda,test,other,0,,phoma,256,256,28cc15c2d2dd244b9d4a8f7ec48b0c195452624624231242c384e004dedd14c6,c01516,1,0
fi_01517,data/field/uganda/images/fi_01517.jpg,field_uganda,test,other,0,,phoma,256,256,ecc5131be42f9cf0d5474dee89b37b84548ceb1f74747c33cedd3195cc062871,c01517,1,1
fi_01518,data/field/uganda/images/fi_01518.jpg,field_uganda,test,other,0,,phoma,256,256,7795ebd31a86d1a17903448232983aa1936c13610e5816c648c8658c2b55cf19,c01518,1,0
fi_01519,data/field/uganda/images/fi_01519.jpg,field_uganda,test,other,0,,phoma,256,256,7be5a5cb077fc910f13b8651dca0bcc03d2f2e1bc9d38a545e54cabbe4761ccb,c01519,1,0
fi_01520,data/field/uganda/images/fi_01520.jpg,field_uganda,test,other,0,,phoma,256,256,f24d2490e93f07247f4317316dec847cac2245e0e9d0d073dd9a7a0dbcec78a9,c01520,1,1
fi_01521,data/field/uganda/images/fi_01521.jpg,field_uganda,test,other,0,,phoma,256,256,1faa22a105c0f40e0dbbf6b5643e35aae63f06e367efce81798ddaba8dd79fcf,c01521,1,0
fi_01522,data/field/uganda/images/fi_01522.jpg,field_uganda,test,other,0,,phoma,256,256,a2b8d19c68dd6310b56087ffd81f63f4933e9517c5452600684559a5ccc26349,c01522,1,0
fi_01523,data/field/uganda/images/fi_01523.jpg,field_uganda,test,other,0,,phoma,256,256,67245e7e8bce198b7a5bf328087f0443262effc984ac4a020bd0d090bdab5d7d,c01523,1,0
fi_01524,data/field/uganda/images/fi_01524.jpg,field_uganda,test,other,0,,phoma,256,256,aa80014e7e0c30e1211d3ac698b0a1899568c1ccfe7a4cca1e9dad26f5818868,c01524,1,1
fi_01525,data/field/uganda/images/fi_01525.jpg,field_uganda,test,other,0,,phoma,256,256,91f6e296d1b0f8d02a7f27b7eefb3d03f46cb763401250c7d32f76496bd653e1,c01525,1,1
fi_01526,data/field/uganda/images/fi_01526.jpg,field_uganda,test,other,0,,phoma,256,256,4d65b6fa4988592a8b3830da331fdda78ed6bb97dca4faac2055d73030dbab82,c01526,1,0
fi_01527,data/field/uganda/images/fi_01527.jpg,field_uganda,test,other,0,,phoma,256,256,732ffe0cbbc8fb18074ae38f134889c9760bdf14bd589bedd374b1745c63fd89,c01527,1,0
fi_01528,data/field/uganda/images/fi_01528.jpg,field_uganda,test,other,0,,phoma,256,256,0f73fd71dd260ae4bdb5d4d0c5778e7fc6faac110d474af2689a34e511339a63,c01528,1,0
fi_01529,data/field/uganda/images/fi_01529.jpg,field_uganda,test,other,0,,phoma,256,256,d60ef0c62bfa97495793183fe78cb00a94bcff0d0b96480b4cbe65541d07c4d2,c01529,1,0
fi_01530,data/field/uganda/images/fi_01530.jpg,field_uganda,test,other,0,,phoma,256,256,790c9e32c32d10b29b010706bbf92f8cb8de42bd9845923f35590fcc63da1c24,c01530,1,0
fi_01531,data/field/uganda/images/fi_01531.jpg,field_uganda,test,other,0,,phoma,256,256,08b0c6dd560a7053f03b36baa0fb6e9f9e1d919cf2719714d13a0dffb1a08325,c01531,1,0
fi_01532,data/field/uganda/images/fi_01532.jpg,field_uganda,test,other,0,,phoma,256,256,70a52026f7dcd48f55b87f9fd67e6425f32bce344bd6e3ea1a1e2f5ccdebb82a,c01532,1,0
fi_01533,data/field/uganda/images/fi_01533.jpg,field_uganda,test,other,0,,phoma,256,256,3ca72a15ee6977f015d593581f854a4987f284d892b71cf9e6dbff2791136971,c01533,1,0
fi_01534,data/field/uganda/images/fi_01534.jpg,field_uganda,test,other,0,,phoma,256,256,00659555102a029a2860422b321fe13864c9fd5da7eac8e2ca15a9ae6111c576,c01534,1,0
fi_01535,data/field/uganda/images/fi_01535.jpg,field_uganda,test,other,0,,phoma,256,256,84a14e5c6e09175998f61ecf8140b6a180e81790b645a207e99a546dd05716df,c01535,1,0
fi_01536,data/field/uganda/images/fi_01536.jpg,field_uganda,test,other,0,,phoma,256,256,f5f0414c03e00902a7a5cf1ac00d646b4fdcb00d4c6a5c166eb8e2963c12e88c,c01536,1,0
fi_01537,data/field/uganda/images/fi_01537.jpg,field_uganda,test,other,0,,phoma,256,256,6c4ddd5cefdd93d56de94985a9306eb56c7d2e16f3d0f261d770ac31794228de,c01537,1,0
fi_01538,data/field/uganda/images/fi_01538.jpg,field_uganda,test,other,0,,phoma,256,256,78cabf991c1943c83691ac37eb0fbc2521f10e561bbbe7cb7271d2730abaac1e,c01538,1,0
fi_01539,data/field/uganda/images/fi_01539.jpg,field_uganda,test,other,0,,phoma,256,256,8a472535bc759cedf8cf8ab8628980ecbfaf9728af064a39efb004328a6e48fd,c01539,1,0
fi_01540,data/field/uganda/images/fi_01540.jpg,field_uganda,test,other,0,,phoma,256,256,8d0b661745ea305bfe134d1ef524da45716ba93cf2305e8c1af86d9b5d303c38,c01540,1,0
fi_01541,data/field/uganda/images/fi_01541.jpg,field_uganda,test,other,0,,phoma,256,256,2da5e87a5551f14cf7396dd95376a81e954e09f82ccefe3702e643eacbe25062,c01541,1,0
fi_01542,data/field/uganda/images/fi_01542.jpg,field_uganda,test,other,0,,phoma,256,256,f807fe7cb17623380f574924fcc10cc332df8a00e5fd1f9459eba0aa883ad826,c01542,1,0
fi_01543,data/field/uganda/images/fi_01543.jpg,field_uganda,test,other,0,,phoma,256,256,834bc39249c0e4b7f0b5c996547ac9e59bac969674040234f92fc0ecf37de360,c01543,1,0
fi_01544,data/field/uganda/images/fi_01544.jpg,field_uganda,test,other,0,,phoma,256,256,57a51f8aa288f7151fa2c14832000ee35c517b947034814613fc92f76d9e26c7,c01544,1,1
fi_01545,data/field/uganda/images/fi_01545.jpg,field_uganda,test,other,0,,phoma,256,256,ae00b6b09566a712f1261bfc3f7578456bbeb3e2bdb8bab3d957bde496d7fc96,c01545,1,1
fi_01546,data/field/uganda/images/fi_01546.jpg,field_uganda,test,other,0,,phoma,256,256,a2ee7a37f7581d57be2482e78162412ba25807c5bc37f3006028df03b5414ab3,c01546,1,0
fi_01547,data/field/uganda/images/fi_01547.jpg,field_uganda,test,other,0,,phoma,256,256,41f7c471af4c06681a747d7fbc947abcfe4103a95e84c76512d23e27a0bf9934,c01547,1,0
fi_01548,data/field/uganda/images/fi_01548.jpg,field_uganda,test,other,0,,phoma,256,256,a8d204910c7767ce88b4c24bdbf2cb20a137eff8f091cc2aa3a6c671adc34807,c01548,1,0
fi_01549,data/field/uganda/images/fi_01549.jpg,field_uganda,test,other,0,,phoma,256,256,db448682b113c83fb61202e185ba8e428b293b05cebc55b3fce630550104975c,c01549,1,0
fi_01550,data/field/uganda/images/fi_01550.jpg,field_uganda,test,other,0,,phoma,256,256,aa5ad6e699b27033a620ea29f650c7b72e327fee23bf65356cdebca9fd858024,c01550,1,0
fi_01551,data/field/uganda/images/fi_01551.jpg,field_uganda,test,other,0,,phoma,256,256,32c60b760474a5ad103363ae4d403e675d5626beafec6ae3a48e7a75ac4dc375,c01551,1,0
fi_01552,data/field/uganda/images/fi_01552.jpg,field_uganda,test,other,0,,phoma,256,256,afead44cdbe631c65bd75fca93f27f06e74bf1316afb81e0df9e22c5f9b148e6,c01552,1,0
fi_01553,data/field/uganda/images/fi_01553.jpg,field_uganda,test,other,0,,phoma,256,256,609094fcb6c623d2e0dfc35f1934bb9c04d7090506650dad515b7ecd6d5d86da,c01553,1,0
fi_01554,data/field/uganda/images/fi_01554.jpg,field_uganda,test,other,0,,phoma,256,256,4d85733e37478ebbbb4cdc81509da841cc92b205111062832ff6ebacf9b7d8fa,c01554,1,1
fi_01555,data/field/uganda/images/fi_01555.jpg,field_uganda,test,other,0,,phoma,256,256,fd3317667d0bc5037379c47ba74c3e993e5cb58b5c67f8ad00c49b93174c76ab,c01555,1,0
fi_01556,data/field/uganda/images/fi_01556.jpg,field_uganda,test,other,0,,phoma,256,256,c168f68da0c5255b2092c792375d635213a7a283cdbe255f9faf53102a52e47e,c01556,1,0
fi_01557,data/field/uganda/images/fi_01557.jpg,field_uganda,test,other,0,,phoma,256,256,c8484edd221130a83dc22e208a7a31f7015e0a6837531ff60c8daa2e136948c4,c01557,1,0
fi_01558,data/field/uganda/images/fi_01558.jpg,field_uganda,test,other,0,,phoma,256,256,ea89ccc94a8123ddc5e9fd1959cc46f8f593178b63b6844a9fbe180c35d6c73c,c01558,1,0
fi_01559,data/field/uganda/images/fi_01559.jpg,field_uganda,test,other,0,,phoma,256,256,6048dad142bb5c02bc0f2130644071b0bd138233d60b54f346a6239423826d8c,c01559,1,0
fi_01560,data/field/uganda/images/fi_01560.jpg,field_uganda,test,other,0,,phoma,256,256,acfc09e0a09b0b15a227edaf08dcd566cffc0bc981c73a9d3a2476f002d41856,c01560,1,1
fi_01561,data/field/uganda/images/fi_01561.jpg,field_uganda,test,other,0,,phoma,256,256,f13a66803ca91df2dd0df79ba714bc96a531fac465b37f534fff299a8b19e31a,c01561,1,0
fi_01562,data/field/uganda/images/fi_01562.jpg,field_uganda,test,other,0,,phoma,256,256,dc82e9d955856887cf663f6a652a6de413ff08ef8d2974e554dc0c805a1112f7,c01562,1,0
fi_01563,data/field/uganda/images/fi_01563.jpg,field_uganda,test,other,0,,phoma,256,256,7b2889d7bc9d1f084980b1dbe8e5fab8c76cfdc457b05303e8fb93198079e374,c01563,1,0
fi_01564,data/field/uganda/images/fi_01564.jpg,field_uganda,test,other,0,,phoma,256,256,9bf6d74456c2348bec3225399d6f1e40f14a6833401ade79be8f069abb4cf694,c01564,1,1
fi_01565,data/field/uganda/images/fi_01565.jpg,field_uganda,test,other,0,,phoma,256,256,21617bb670d8357e5b7ead310d84c66b18acfde7bfab486b539fc6d8d9410349,c01565,1,0
fi_01566,data/field/uganda/images/fi_01566.jpg,field_uganda,test,other,0,,phoma,256,256,a7128865db55cf5ff42e627c8164370326a5502b8afd588c0e499bfc6a6cf03f,c01566,1,0
fi_01567,data/field/uganda/images/fi_01567.jpg,field_uganda,test,other,0,,phoma,256,256,21c8a4272dab4471bd6315d36b4afa8dec478ce2573b9ff24b70349adaadde12,c01567,1,0
fi_01568,data/field/uganda/images/fi_01568.jpg,field_uganda,test,other,0,,phoma,256,256,4dfe8dbdc96a538873726f3665e8c5456c81f9c0034ad896dbdc54e35280dc26,c01568,1,0
fi_01569,data/field/uganda/images/fi_01569.jpg,field_uganda,test,other,0,,phoma,256,256,eb4bc051aa64496cab4c7fc8648b4f5f4fb00e8c99c10fbeb5617593af1f8599,c01569,1,0
fi_01570,data/field/uganda/images/fi_01570.jpg,field_uganda,test,other,0,,phoma,256,256,2231d08c13e5049901d1c723b64dd307e9b678c36361ff0f1a3438d4b01b0bbf,c01570,1,0
fi_01571,data/field/uganda/images/fi_01571.jpg,field_uganda,test,other,0,,phoma,256,256,7fad0dbd4f05687139a7c4e46ad66320c3c47ccb7becc3ffaaae2f55e413baf3,c01571,1,1
fi_01572,data/field/uganda/images/fi_01572.jpg,field_uganda,test,other,0,,phoma,256,256,a778cc46e5956244638e38bf8acb308100c7614561ce78c5c70297c38e34e22f,c01572,1,0
fi_01573,data/field/uganda/images/fi_01573.jpg,field_uganda,test,other,0,,phoma,256,256,59e1aa9b597c5aa0684cbfac9b04276eb70cc2b044a3564655ff209429a4cb21,c01573,1,1
fi_01574,data/field/uganda/images/fi_01574.jpg,field_uganda,test,other,0,,phoma,256,256,43f0f976ac017d7f18c3ea49360f6c7915d193d338ce8173055b89a4dc4a2af1,c01574,1,0
fi_01575,data/field/uganda/images/fi_01575.jpg,field_uganda,test,other,0,,phoma,256,256,47433f1d35128b3b2bfd574e0034922e484a32ae219de748ce1c2ef72a073a9f,c01575,1,0
fi_01576,data/field/uganda/images/fi_01576.jpg,field_uganda,test,other,0,,phoma,256,256,6e9e48a4656f560b21ac97c485004a64cb790b170e68d6450ffb4b9b4eef9748,c01576,1,0
fi_01577,data/field/uganda/images/fi_01577.jpg,field_uganda,test,other,0,,phoma,256,256,52b0135d4d3debc61d5618211390c901b0e61bbb81704c17a228edd55ba58f4f,c01577,1,0
fi_01578,data/field/uganda/images/fi_01578.jpg,field_uganda,test,other,0,,phoma,256,256,c174098ad41133caca08020c34efa0c51aaa6351a05f5c2e04c30cb4d2399868,c01578,1,0
fi_01579,data/field/uganda/images/fi_01579.jpg,field_uganda,test,other,0,,phoma,256,256,e5df8e17a90f3a6875566e7a5ddb5244e390c2331873120a8691c22454fb635e,c01579,1,0
fi_01580,data/field/uganda/images/fi_01580.jpg,field_uganda,test,other,0,,phoma,256,256,fe5a070297ab263f082436e3e5a1bfce5aa72bca48bb8ab5310395adb9ab92e4,c01580,1,0
fi_01581,data/field/uganda/images/fi_01581.jpg,field_uganda,test,other,0,,phoma,256,256,7473c07c1684f9851e8073e83f350b3d3c1220d2fd5cdc4735c0f12d64aab44a,c01581,1,0
fi_01582,data/field/uganda/images/fi_01582.jpg,field_uganda,test,other,0,,phoma,256,256,45ec5b95973041a757333801314a52b761a344029e51fefe49e973913bd58632,c01582,1,0
fi_01583,data/field/uganda/images/fi_01583.jpg,field_uganda,test,other,0,,phoma,256,256,0bbfa34b5fe95af8b13bff57f7658b44ed1c17458961bdfca53ccb5d6d9a196a,c01583,1,0
fi_01584,data/field/uganda/images/fi_01584.jpg,field_uganda,test,other,0,,phoma,256,256,e3f0f1e150770434b84db2f22e2f678bd5563575cff42d832d3e405920e6401f,c01584,1,0
fi_01585,data/field/uganda/images/fi_01585.jpg,field_uganda,test,other,0,,phoma,256,256,92c7235db5048e9c8d1684b76f4e6fed062d85dc6e0767e2059228099f78b936,c01585,1,0
fi_01586,data/field/uganda/images/fi_01586.jpg,field_uganda,test,other,0,,phoma,256,256,d9d464054251cba786946e07ad85a6eccbd36c3c3ad6e013513d559f00326cd3,c01586,1,1
fi_01587,data/field/uganda/images/fi_01587.jpg,field_uganda,test,other,0,,phoma,256,256,efcae8448f8f324fee0a701e18c99491e4cf3fe1970db6380711d5d0c43c1259,c01587,1,1
fi_01588,data/field/uganda/images/fi_01588.jpg,field_uganda,test,other,0,,phoma,256,256,9b08f42bd2b980775806fd186d5660e0a7f2b1007d4208949da0a36d27319993,c01588,1,1
fi_01589,data/field/uganda/images/fi_01589.jpg,field_uganda,test,other,0,,phoma,256,256,cde0567d579aaf92c1ee147516b4107cdc0a3853ea5e0e21e358e21d6ff15784,c01589,1,1
fi_01590,data/field/uganda/images/fi_01590.jpg,field_uganda,test,other,0,,phoma,256,256,4db89afa7a78ee6c7944d81052f34e18f2fe22160d93a5f5737c2567afcffc70,c01590,1,0
fi_01591,data/field/uganda/images/fi_01591.jpg,field_uganda,test,other,0,,phoma,256,256,2a0684dbb7103d9ae0e20d5e06d345dd0eca6eba9210e76576d819558fd88019,c01591,1,1
fi_01592,data/field/uganda/images/fi_01592.jpg,field_uganda,test,other,0,,phoma,256,256,c10995f70fd1986ce3b297fe6948c3c030ae45179b9bf3eb55a8eb61b19acd96,c01592,1,0
fi_01593,data/field/uganda/images/fi_01593.jpg,field_uganda,test,other,0,,phoma,256,256,f28bac5e7b30b37c14753b777035897c5ce82d9b68dd279484e61a6424d5c589,c01593,1,0
fi_01594,data/field/uganda/images/fi_01594.jpg,field_uganda,test,other,0,,phoma,256,256,11c30266ee62263f0a4fcda728b8a9ca42203e18dbe97038e7058691bfc3535f,c01594,1,1
fi_01595,data/field/uganda/images/fi_01595.jpg,field_uganda,test,other,0,,phoma,256,256,49061aed22a03270a7fb0e4ab36ef710ef1156534f5ae015053c2b039721847b,c01595,1,0
fi_01596,data/field/uganda/images/fi_01596.jpg,field_uganda,test,other,0,,phoma,256,256,19924a33c6eee5291751bfacbfecfcf65a95ec143d67d987a31313b467fa8957,c01596,1,0
fi_01597,data/field/uganda/images/fi_01597.jpg,field_uganda,test,other,0,,phoma,256,256,bb3d9bafc33e4f656701bf81c872273a26e154874f8a2ee38eea928a9ea5f7fe,c01597,1,0
fi_01598,data/field/uganda/images/fi_01598.jpg,field_uganda,test,other,0,,phoma,256,256,fcdd812a68e327d4a170f40e2ddcc13d991373d7bdbd8c2fb69c461eb029877d,c01598,1,0
fi_01599,data/field/uganda/images/fi_01599.jpg,field_uganda,test,other,0,,phoma,256,256,ddf93cc628203e3fc52dd427893cd66fefef2501159bd95e7032c9b1d3d69c22,c01599,1,0
fi_01600,data/field/uganda/images/fi_01600.jpg,field_uganda,test,other,0,,phoma,256,256,ff363548cccffee00e479369bcbbf8b60a5dfdbe497010c2dca2166f9521cf38,c01600,1,0
fi_01601,data/field/uganda/images/fi_01601.jpg,field_uganda,test,other,0,,phoma,256,256,c937c692ec40370669341f238fcbe48fbda676ac89dace5741f6092a3c2018ee,c01601,1,1
fi_01602,data/field/uganda/images/fi_01602.jpg,field_uganda,test,other,0,,phoma,256,256,647130f5e70283bfbcf3dd7c08556017eb3e0b0ac2c499b3821912da97f68b1b,c01602,1,0
fi_01603,data/field/uganda/images/fi_01603.jpg,field_uganda,test,other,0,,phoma,256,256,db1db6da66f669c46d59048f9f5de522a6d10f8951522db64d9b9377575c26f4,c01603,1,0
fi_01604,data/field/uganda/images/fi_01604.jpg,field_uganda,test,other,0,,phoma,256,256,b30a6c72660280afc4acb787e0587bb7a339d396c796afcad2e0bdf026d95337,c01604,1,0
fi_01605,data/field/uganda/images/fi_01605.jpg,field_uganda,test,other,0,,phoma,256,256,4616df3a3fa5df11b852d1f599e4016a3d706b54076127ac6479d97708552c47,c01605,1,0
fi_01606,data/field/uganda/images/fi_01606.jpg,field_uganda,test,other,0,,phoma,256,256,bbe0806e54f6819163efa20067aa402901e782b16dcff619247e0f4e7b64e58b,c01606,1,0
fi_01607,data/field/uganda/images/fi_01607.jpg,field_uganda,test,other,0,,phoma,256,256,af8eac6f764ba6f5a18445b0f7fe9314687e557e4504a9d294d5defb50b62a75,c01607,1,0
fi_01608,data/field/uganda/images/fi_01608.jpg,field_uganda,test,other,0,,phoma,256,256,7f0322b31f362e1d949d91cc5b1ff94d327cda8bb75aaaf47c1cc2a2eaabc715,c01608,1,0
fi_01609,data/field/uganda/images/fi_01609.jpg,field_uganda,test,other,0,,phoma,256,256,9e1e0bc42aebf74460a5a39c67d993f24215b92b7873c0232d46067335b07f67,c01609,1,0
fi_01610,data/field/uganda/images/fi_01610.jpg,field_uganda,test,other,0,,phoma,256,256,c8069956a96e538f8c890c39c6fb9423fc7efac4592029a5e94127c0d82610e3,c01610,1,0
fi_01611,data/field/uganda/images/fi_01611.jpg,field_uganda,test,other,0,,phoma,256,256,b0a9ca28345e55ace1f51513f69c304111aa471e3c988054ca7aad04553f88c6,c01611,1,0
fi_01612,data/field/uganda/images/fi_01612.jpg,field_uganda,test,other,0,,phoma,256,256,cb24039001d7184eced4af4f12a9cafbd240f32579b5eddb3652fa709e573d7a,c01612,1,1
fi_01613,data/field/uganda/images/fi_01613.jpg,field_uganda,test,other,0,,phoma,256,256,a46b3443086fbcf8dc051e6fe7e921cfa0a563f4c25b33eebecd90c786da92fa,c01613,1,1
fi_01614,data/field/uganda/images/fi_01614.jpg,field_uganda,test,other,0,,phoma,256,256,cf4ab66543d7080d8f7e2c076cbaa3fba65096aa3a9e743d5c45ae5bbb9532b9,c01614,1,0
fi_01615,data/field/uganda/images/fi_01615.jpg,field_uganda,test,other,0,,phoma,256,256,b7793d09c6b64c653a8254f8e10dfe97c70b2926a4cffbf2465e43cd1d44a717,c01615,1,0
fi_01616,data/field/uganda/images/fi_01616.jpg,field_uganda,test,other,0,,phoma,256,256,8d563d05d839a1f81758d38e1ae969ee2a79f1a97a0dc01fc3099a5ddee44368,c01616,1,0
fi_01617,data/field/uganda/images/fi_01617.jpg,field_uganda,test,other,0,,phoma,256,256,5d2fd391b390be5913de2186a4afa30ae65734223ba872fe286e9a1b2e71c874,c01617,1,0
fi_01618,data/field/uganda/images/fi_01618.jpg,field_uganda,test,other,0,,phoma,256,256,cd1a1f806c3355b2432f213a0a91489f1e150c08f14b1722dbbfc8fd8d13b935,c01618,1,0
fi_01619,data/field/uganda/images/fi_01619.jpg,field_uganda,test,other,0,,phoma,256,256,bfd741334ce2ff37de9c2413b4dc0a265aef57a1ecb9fd3a65e01c9ac5e26b7d,c01619,1,0
fi_01620,data/field/uganda/images/fi_01620.jpg,field_uganda,test,other,0,,phoma,256,256,3d3e57dcde44bb1beccd256f6cff1c89986d41560175544b1a15bbd28f21bcf4,c01620,1,0
fi_01621,data/field/uganda/images/fi_01621.jpg,field_uganda,test,other,0,,phoma,256,256,9c6b60bfae54dc5c20c501ab9bc539666f3502a04390b579d5945671163991b7,c01621,1,0
fi_01622,data/field/uganda/images/fi_01622.jpg,field_uganda,test,other,0,,phoma,256,256,348f052e071f24a7bed77ece57e07706b893c7792a37249228f6646acad5df79,c01622,1,1
fi_01623,data/field/uganda/images/fi_01623.jpg,field_uganda,test,other,0,,phoma,256,256,f7959eb8b814dc2c98834bbdac37ec5b9a478f903469b6cf45f381834786e208,c01623,1,0
fi_01624,data/field/uganda/images/fi_01624.jpg,field_uganda,test,other,0,,phoma,256,256,5179984071e44a721a574ed9e17442b1fe42ae868cbf90ba9ec95b9e8b9027f8,c01624,1,0
fi_01625,data/field/uganda/images/fi_01625.jpg,field_uganda,test,other,0,,phoma,256,256,104c6961f8ac03e50291ba8dfbbfe75ca2c41897916be205f5f6518e41407c75,c01625,1,0
fi_01626,data/field/uganda/images/fi_01626.jpg,field_uganda,test,other,0,,phoma,256,256,f5cba0d8efd94c5b750c76f11877cfbb00e3a8efa2671a712613e6af0c7f77da,c01626,1,0
fi_01627,data/field/uganda/images/fi_01627.jpg,field_uganda,test,other,0,,phoma,256,256,0c3bee39db9dd8aeb71251108c0df1ee955911b4300585cd22bae730b7f879bd,c01627,1,1
fi_01628,data/field/uganda/images/fi_01628.jpg,field_uganda,test,other,0,,phoma,256,256,51250d8e311bbb3a8eef15231c98101e03524ab811ffbd2cbf76f5fddb82bc34,c01628,1,0
fi_01629,data/field/uganda/images/fi_01629.jpg,field_uganda,test,other,0,,phoma,256,256,bad1e882f2a27bc10e19683d2ed19c432818530d276d5770b2b2ff20d6f07e73,c01629,1,0
fi_01630,data/field/uganda/images/fi_01630.jpg,field_uganda,test,other,0,,phoma,256,256,368e754192502c0087bf81d651f4af3cb222928a7b11fc79f7e1207baf5be020,c01630,1,0
fi_01631,data/field/uganda/images/fi_01631.jpg,field_uganda,test,other,0,,phoma,256,256,c6ada63274b1bb9651852d3f7399fac1b87ab5583bd59724c6f8479d7f086258,c01631,1,1
fi_01632,data/field/uganda/images/fi_01632.jpg,field_uganda,test,other,0,,phoma,256,256,fa1650af5ce4df9af86e88dc85a5ff21b997750a5167a4a3cf74560807d9c81c,c01632,1,0
fi_01633,data/field/uganda/images/fi_01633.jpg,field_uganda,test,other,0,,phoma,256,256,532ca4d94fa88234da5561784bdbdcde45c74364bbb7bdd9ef16a0c096356f40,c01633,1,0
fi_01634,data/field/uganda/images/fi_01634.jpg,field_uganda,test,other,0,,phoma,256,256,3e6070b5e2f8d13c444fa364313826b6d4315bb30a9e4e477dbea2307e0fa623,c01634,1,0
fi_01635,data/field/uganda/images/fi_01635.jpg,field_uganda,test,other,0,,phoma,256,256,446fd134b8cde1c6a5116fe06687141fe783fef44ec8e2b17b1da778cae1f9c6,c01635,1,0
fi_01636,data/field/uganda/images/fi_01636.jpg,field_uganda,test,other,0,,phoma,256,256,d090cc5072229a5ad32755962fadd6454d26e9aa2185b963ed58be69a7e823f7,c01636,1,0
fi_01637,data/field/uganda/images/fi_01637.jpg,field_uganda,test,other,0,,phoma,256,256,93659fb33ffe4c5fa3a6ce989d8b3a73d506f207dc1f02104eb1cf7c94898a8c,c01637,1,1
fi_01638,data/field/uganda/images/fi_01638.jpg,field_uganda,test,other,0,,phoma,256,256,ce4513cedd07a8cc3f6c7ea77a80a2e402ae874df623925e40c6bfdcc8e61515,c01638,1,0
fi_01639,data/field/uganda/images/fi_01639.jpg,field_uganda,test,other,0,,phoma,256,256,13fadabbb4b0bf3ddda1b6aa011ebf1ef1968c77e6688c3f28176a8528a2c80b,c01639,1,0
fi_01640,data/field/uganda/images/fi_01640.jpg,field_uganda,test,other,0,,phoma,256,256,ffe392e9d8e212a457c7a31fa4d58ae4ef83d4cc771b70f55ceec33cc0b9913d,c01640,1,0
fi_01641,data/field/uganda/images/fi_01641.jpg,field_uganda,test,other,0,,phoma,256,256,2c84e9026f845aae2985cf0a10a28fc98ff045dcb53fbc00d6a214b973a65c66,c01641,1,0
fi_01642,data/field/uganda/images/fi_01642.jpg,field_uganda,test,other,0,,phoma,256,256,d75c4ba5a536af9afc7570fca340f96508322dd7abd4a3e7145e0a90d3ccdf64,c01642,1,0
fi_01643,data/field/uganda/images/fi_01643.jpg,field_uganda,test,other,0,,phoma,256,256,c360aae23ad9d909a07f47c016ed1bd93c2c90b139b466beef05eddc254bebcf,c01643,1,1
fi_01644,data/field/uganda/images/fi_01644.jpg,field_uganda,test,other,0,,phoma,256,256,011268cfbccf1f6a2a2a4d2522256e3d878f28ec6d2e244c6b2f1cb1dfec1599,c01644,1,0
fi_01645,data/field/uganda/images/fi_01645.jpg,field_uganda,test,other,0,,phoma,256,256,042971e2ac3d7a216aa9e8c08278ff08ac4dce1e481f9317704485d5172e9fbe,c01645,1,0
fi_01646,data/field/uganda/images/fi_01646.jpg,field_uganda,test,other,0,,phoma,256,256,1dbdf59355216292529570960a7fbc12be21ed922a5afae623a9a092dcb38157,c01646,1,0
fi_01647,data/field/uganda/images/fi_01647.jpg,field_uganda,test,other,0,,phoma,256,256,7b46a8a7ecf1cd0bbbf985ea65c44ad74baf2a980d845b833aa397256c22490f,c01647,1,0
fi_01648,data/field/uganda/images/fi_01648.jpg,field_uganda,test,other,0,,phoma,256,256,b579a8dc47d9de94faf15c19d2d88b9d15ef3a19cb6e3ef4c3d334c48e188111,c01648,1,0
fi_01649,data/field/uganda/images/fi_01649.jpg,field_uganda,test,other,0,,phoma,256,256,8f74d8c849bde4ffd278fd4c52d661c4f3c18d1dfa05d9668b85150c36470c35,c01649,1,0
fi_01650,data/field/uganda/images/fi_01650.jpg,field_uganda,test,other,0,,phoma,256,256,a2ba2fa85243f1c057c81c21dbd3ec411bd1af2a614531b47f4b562c258ca22f,c01650,1,0
fi_01651,data/field/uganda/images/fi_01651.jpg,field_uganda,test,other,0,,phoma,256,256,46f26e6e2ed1e43571976e7f455f16d52bc4ebd978ac06621e5b701607a24b1c,c01651,1,0
fi_01652,data/field/uganda/images/fi_01652.jpg,field_uganda,test,other,0,,phoma,256,256,a9fc94d2e669dafd8508648680b99fb66a1313cd9edad36e50bfee1360c59092,c01652,1,0
fi_01653,data/field/uganda/images/fi_01653.jpg,field_uganda,test,other,0,,phoma,256,256,7a81efa2097a19fab01290651a5847361f256a8d104c72351fba1ddf90559b33,c01653,1,0
fi_01654,data/field/uganda/images/fi_01654.jpg,field_uganda,test,other,0,,phoma,256,256,8c853e2328ddc391ca9b65770ceaba8d81a2f3fca27c0c2b642d9493eee27bfd,c01654,1,0
fi_01655,data/field/uganda/images/fi_01655.jpg,field_uganda,test,other,0,,phoma,256,256,1597f548f622c29ea4d0be87d050ef8060a857cb5f9654f2d514323d98ca5576,c01655,1,0
fi_01656,data/field/uganda/images/fi_01656.jpg,field_uganda,test,other,0,,phoma,256,256,3718105bff02b6a9136fabdcd8ce4ec0acd8d53ac33d71a009a693fbfad200cc,c01656,1,0
fi_01657,data/field/uganda/images/fi_01657.jpg,field_uganda,test,other,0,,phoma,256,256,fcca352c7cdde23e41506535406ca66d0c48199ca352e9780ebc929fb8730991,c01657,1,1
fi_01658,data/field/uganda/images/fi_01658.jpg,field_uganda,test,other,0,,phoma,256,256,86af869e1acedc09ebdaa41da79c02f62f48a6f44c709af137785d80401333e7,c01658,1,0
fi_01659,data/field/uganda/images/fi_01659.jpg,field_uganda,test,other,0,,phoma,256,256,0650996e2e3cc3835832890aed5817149300ba753217a4cda78227245b775e34,c01659,1,0
fi_01660,data/field/uganda/images/fi_01660.jpg,field_uganda,test,other,0,,phoma,256,256,29ddacd24117fed88c0d0b49fa66667437b122fd56934c281ef081b5b2950878,c01660,1,0
fi_01661,data/field/uganda/images/fi_01661.jpg,field_uganda,test,other,0,,phoma,256,256,35f46c1711c8509c3ab840c49633274dd8728175b61e283e8891a73d5494d4a0,c01661,1,0
fi_01662,data/field/uganda/images/fi_01662.jpg,field_uganda,test,other,0,,phoma,256,256,278743637b6a01dcccda3777785c2a8b468ee54613eeb9b994f7b43f181d978f,c01662,1,0
fi_01663,data/field/uganda/images/fi_01663.jpg,field_uganda,test,other,0,,phoma,256,256,9be554fb38d7550a8443716d36868f8475fe002ce2881b2389c52ee44e7b74e0,c01663,1,0
fi_01664,data/field/uganda/images/fi_01664.jpg,field_uganda,test,other,0,,phoma,256,256,bc909cbaa8432408af645be9841ff253b175c0121b67bf9a449a335294808688,c01664,1,0
fi_01665,data/field/uganda/images/fi_01665.jpg,field_uganda,test,other,0,,phoma,256,256,6c44a9b593e7769a8d5ad27ce2b6f6165f92400e3fd8681f807ba6f8e0c68e6a,c01665,1,0
fi_01666,data/field/uganda/images/fi_01666.jpg,field_uganda,test,other,0,,phoma,256,256,310e73ee789a4b445312b808c145523a94108eeb913fbb7af80889120b600192,c01666,1,0
fi_01667,data/field/uganda/images/fi_01667.jpg,field_uganda,test,other,0,,phoma,256,256,47780c07068855c012c173de9d21d4b27a12cf8f30adf01322ace105a9ab5c33,c01667,1,1
fi_01668,data/field/uganda/images/fi_01668.jpg,field_uganda,test,other,0,,phoma,256,256,d83f230ab9940cb7a3cf429fd8c3ab49d2ab5536823c53d879d6bfa3302a5cd4,c01668,1,0
fi_01669,data/field/uganda/images/fi_01669.jpg,field_uganda,test,other,0,,phoma,256,256,4b597ba2074848562ace18c9b8349628efd2ee2e029f4d152f434985b67a69aa,c01669,1,0
fi_01670,data/field/uganda/images/fi_01670.jpg,field_uganda,test,other,0,,phoma,256,256,e14b896f9ce5a8b3f596485ed0ce9dc02e33f9f3229047c0c02110c9129d1c75,c01670,1,0
fi_01671,data/field/uganda/images/fi_01671.jpg,field_uganda,test,other,0,,phoma,256,256,ca9da479002466e705f50660855dc6bd4024b3093e9c0a34c26775f4a68c9bf5,c01671,1,0
fi_01672,data/field/uganda/images/fi_01672.jpg,field_uganda,test,other,0,,phoma,256,256,c23d0722606d0e6ad0e82e8a008feddc13dd9dfba8d64972da9c941231767010,c01672,1,0
fi_01673,data/field/uganda/images/fi_01673.jpg,field_uganda,test,other,0,,phoma,256,256,6d253b1f0393aa0d2ab75bd7758d4a4d8e189d2c0e2d69694dc8c259bb05231e,c01673,1,0
fi_01674,data/field/uganda/images/fi_01674.jpg,field_uganda,test,other,0,,phoma,256,256,11efc2461ae93ab3049b4fbf86d0ba992ef84425473b504e47ce9c5122b331da,c01674,1,1
fi_01675,data/field/uganda/images/fi_01675.jpg,field_uganda,test,other,0,,phoma,256,256,9cc070c5bfcfdbcaca931e5473daa22a502b9bc3a561818b57105004bf6b5af0,c01675,1,1
fi_01676,data/field/uganda/images/fi_01676.jpg,field_uganda,test,other,0,,phoma,256,256,29383ea6428818d300a13e6857653eea4626fad4967cdc63e8c1c5b9371ded97,c01676,1,0
fi_01677,data/field/uganda/images/fi_01677.jpg,field_uganda,test,other,0,,phoma,256,256,12a604c7de416f7fab27f8625b9b5202fdf93eef81164117501cbc7cf238ea06,c01677,1,0
fi_01678,data/field/uganda/images/fi_01678.jpg,field_uganda,test,other,0,,phoma,256,256,be9570a16d8ed3017f0b0a179b2437042c6a5fd398980c3890f7d94956779340,c01678,1,0
fi_01679,data/field/uganda/images/fi_01679.jpg,field_uganda,test,other,0,,phoma,256,256,5ab6e095c74d8bedeb232875dbe65d184476fdc207eb39cc8f437e02d86b506c,c01679,1,0
fi_01680,data/field/uganda/images/fi_01680.jpg,field_uganda,test,other,0,,phoma,256,256,e2fec1bc914cb2663dabe789c698d536706b15ec0491c75ce3df9fdfb7e1ee14,c01680,1,0
fi_01681,data/field/uganda/images/fi_01681.jpg,field_uganda,test,other,0,,phoma,256,256,2e3906ebcbe2b19e2076f81e9febdd4918092e45d77f4347059fbe992c9e9cae,c01681,1,0
fi_01682,data/field/uganda/images/fi_01682.jpg,field_uganda,test,other,0,,phoma,256,256,f2ad965a424e478314b51a6810646566e85389646ef6428e3b7b3d3a01094373,c01682,1,0
fi_01683,data/field/uganda/images/fi_01683.jpg,field_uganda,test,other,0,,phoma,256,256,e9643e4df669b6ff0fe42e86a1ea763f8c4f196a838640c2a628b6db7cb39152,c01683,1,0
fi_01684,data/field/uganda/images/fi_01684.jpg,field_uganda,test,other,0,,phoma,256,256,ec6036ae10d40dabce9a48911f302192c4dbcc46b2a764fafa34076609149714,c01684,1,0
fi_01685,data/field/uganda/images/fi_01685.jpg,field_uganda,test,other,0,,phoma,256,256,69f6f131b4f697dffb81405421e57a7e0bb6f187812cc786e62549ee804d321f,c01685,1,0
fi_01686,data/field/uganda/images/fi_01686.jpg,field_uganda,test,other,0,,phoma,256,256,a57a907505281ed477e02494f9198dd219af04a96ad5bb8f0cde42b675b4cdba,c01686,1,0
fi_01687,data/field/uganda/images/fi_01687.jpg,field_uganda,test,other,0,,phoma,256,256,c6c9e694696216da52766ffd5dfa97a5c2815a0f78f6fc4cfe2d45cdd8a4aced,c01687,1,0
fi_01688,data/field/uganda/images/fi_01688.jpg,field_uganda,test,other,0,,phoma,256,256,2fde70f784e2856978c4bcc3f57735fb87721891463efd9c67b794adb1b9d997,c01688,1,0
fi_01689,data/field/uganda/images/fi_01689.jpg,field_uganda,test,other,0,,phoma,256,256,08d55bfe6aa906d7e09be5f0e940c0973dd7b43e6939967f2df537b73c514d36,c01689,1,0
fi_01690,data/field/uganda/images/fi_01690.jpg,field_uganda,test,other,0,,phoma,256,256,edff3531a104473ca57370956309eea5dbd3651df6651c844f6b533212a9d557,c01690,1,0
fi_01691,data/field/uganda/images/fi_01691.jpg,field_uganda,test,other,0,,phoma,256,256,69be400e945005b06bb1a6d463b172729acecc9f7f8e86e96d5d141bb4b85364,c01691,1,0
fi_01692,data/field/uganda/images/fi_01692.jpg,field_uganda,test,other,0,,phoma,256,256,0a5c406f36909bc51e256b079babcd3e01499338fa194f6cd4f82dbc6d950cd9,c01692,1,1
fi_01693,data/field/uganda/images/fi_01693.jpg,field_uganda,test,other,0,,phoma,256,256,dc5c7b167d2402b634ffc0bf84b1d47097e6a0c4509ba45ed6fbdc94ed71940d,c01693,1,0
fi_01694,data/field/uganda/images/fi_01694.jpg,field_uganda,test,other,0,,phoma,256,256,11ae582b4de1ed85ee68553f9a9279b5493166097a99f5d1b9320ef3ad16c40c,c01694,1,0
fi_01695,data/field/uganda/images/fi_01695.jpg,field_uganda,test,other,0,,phoma,256,256,ce291119d58e9b20e62c8e351c65b809c69a00f7934c5c868a0b4ad090360175,c01695,1,0
fi_01696,data/field/uganda/images/fi_01696.jpg,field_uganda,test,other,0,,phoma,256,256,9ec80316d01e3354440953d763966431c713fdf1f2ef7e8faeec949485a84713,c01696,1,0
fi_01697,data/field/uganda/images/fi_01697.jpg,field_uganda,test,other,0,,phoma,256,256,3d7e4fc17c51350e297a889422d8cb3ca18858969d065bfeb987ec5248d7a46b,c01697,1,0
fi_01698,data/field/uganda/images/fi_01698.jpg,field_uganda,test,other,0,,phoma,256,256,c03fee0dd08e07b246a65944d0fb3db5ac14fce45d59da7dec499d2ef3ab0aba,c01698,1,0
fi_01699,data/field/uganda/images/fi_01699.jpg,field_uganda,test,other,0,,phoma,256,256,0536c30f0e60f1ca871520b3326a69a2a1a95cb2419790eeeeb7867471a8e19f,c01699,1,0
fi_01700,data/field/uganda/images/fi_01700.jpg,field_uganda,test,other,0,,phoma,256,256,b5ba41bda65a4828d7c68efb3f1b1458298a044f7bb82da9565a0754eadd01c6,c01700,1,0
fi_01701,data/field/uganda/images/fi_01701.jpg,field_uganda,test,other,0,,phoma,256,256,6ee7a5ed45cb2e8e482f89d372055ad03e7227f0c76745f9fee7cffad28ccfdf,c01701,1,0
fi_01702,data/field/uganda/images/fi_01702.jpg,field_uganda,test,other,0,,phoma,256,256,eef897d2f2205b56b167f6b41d39a2c912c37c2d8c5211a13105609675a6ef2f,c01702,1,1
fi_01703,data/field/uganda/images/fi_01703.jpg,field_uganda,test,other,0,,phoma,256,256,65adf594946abd20955c07cb8aa1b03131fd237cf59bd0c0bef26ecc5d7f1355,c01703,1,1
fi_01704,data/field/uganda/images/fi_01704.jpg,field_uganda,test,other,0,,phoma,256,256,e29e29e452c21d7b2a3923543e3160b27f5825f6c996f5715dd4aa5ae3457482,c01704,1,0
fi_01705,data/field/uganda/images/fi_01705.jpg,field_uganda,test,other,0,,phoma,256,256,8c7eb96c0350102ac1b95ad603c8bb343cc7c393e78a7b87b38689b7ad2b3e3f,c01705,1,0
fi_01706,data/field/uganda/images/fi_01706.jpg,field_uganda,test,other,0,,phoma,256,256,c722d56224331466776561597fb1f4a898d1e5bcc223f253ee83380078fc3afb,c01706,1,1
fi_01707,data/field/uganda/images/fi_01707.jpg,field_uganda,test,other,0,,phoma,256,256,8c267525a506b383228c8da56775d344c82f8057704df6e83100905bb7b54118,c01707,1,0
fi_01708,data/field/uganda/images/fi_01708.jpg,field_uganda,test,other,0,,phoma,256,256,e91ce4af86a2e0303fb12d6be6ea33db63b817c8c9d7e7cad13cf5a6269ddde0,c01708,1,0
fi_01709,data/field/uganda/images/fi_01709.jpg,field_uganda,test,other,0,,phoma,256,256,7ac7e38a7626cde2d23fb7d05208290cfa8ded0940d685e66cd97e47c4c51236,c01709,1,1
fi_01710,data/field/uganda/images/fi_01710.jpg,field_uganda,test,other,0,,phoma,256,256,2caa38f9e3045cc3e29344bf178ea4cf63a8baf970d22a5a6111f2da807633d0,c01710,1,0
fi_01711,data/field/uganda/images/fi_01711.jpg,field_uganda,test,other,0,,phoma,256,256,0df5bccdae054c572e0430cfb01ee3085dcd90cb905c84b70ecd8df898949535,c01711,1,0
fi_01712,data/field/uganda/images/fi_01712.jpg,field_uganda,test,other,0,,phoma,256,256,e82c572fe0fbbd8b02de34766835ac965918c2870359349516cf4277832a58e5,c01712,1,0
fi_01713,data/field/uganda/images/fi_01713.jpg,field_uganda,test,other,0,,phoma,256,256,cf4b8b743a4d991572945f572582c31dfcd7c5dee84bf4e2f0c578a1a949944f,c01713,1,0
fi_01714,data/field/uganda/images/fi_01714.jpg,field_uganda,test,other,0,,phoma,256,256,ffa453b88dc2381e4d63edc74f85c2958d56e0d6ab1da61146131bf73fd08c52,c01714,1,0
fi_01715,data/field/uganda/images/fi_01715.jpg,field_uganda,test,other,0,,phoma,256,256,cf492e05fba9959d936de56cb6b4bfe0003df3e61f0c730d98bb9e85a9f74880,c01715,1,0
fi_01716,data/field/uganda/images/fi_01716.jpg,field_uganda,test,other,0,,phoma,256,256,877dcc58e54aa10005715cac85acc13531ed07a8042736959dd60aa075af06f2,c01716,1,0
fi_01717,data/field/uganda/images/fi_01717.jpg,field_uganda,test,other,0,,phoma,256,256,531b1aa9d99e5bdcabd249146db48e05c1f4a2487bda7c17ede0af450a57dfa4,c01717,1,0
fi_01718,data/field/uganda/images/fi_01718.jpg,field_uganda,test,other,0,,phoma,256,256,6e42689c20bddb6c52089018d454f12f674ef8b2e1fd8ed7e18097cdf8f2b44f,c01718,1,0
fi_01719,data/field/uganda/images/fi_01719.jpg,field_uganda,test,other,0,,phoma,256,256,dfe21c8f8a6a3147374a83562b9359ff519597984de5d110c0935679571dcfc6,c01719,1,0
fi_01720,data/field/uganda/images/fi_01720.jpg,field_uganda,test,other,0,,phoma,256,256,a6cf42fb44aaad80d14ea768688b540f4e9f0b2ae4b7747413e4ca90b53020c2,c01720,1,0
fi_01721,data/field/uganda/images/fi_01721.jpg,field_uganda,test,other,0,,phoma,256,256,d97a1aca16efe3bb01122179c21f0cb5d1a30d2b02b9074a92349b74d56df218,c01721,1,0
fi_01722,data/field/uganda/images/fi_01722.jpg,field_uganda,test,other,0,,phoma,256,256,273cc776ade182929334adadbf8f99d8336e4e80156a14258463120d2116f6ee,c01722,1,0
fi_01723,data/field/uganda/images/fi_01723.jpg,field_uganda,test,other,0,,phoma,256,256,799430756001e5aa4ff9d710248f9f864333cdcd4fcd3a4f4576a8326bbbff9c,c01723,1,0
fi_01724,data/field/uganda/images/fi_01724.jpg,field_uganda,test,other,0,,phoma,256,256,6d9006fe9b7df642d91ec9a551aeec7d34988fad84ea27302324cb192e8a84b0,c01724,1,0
fi_01725,data/field/uganda/images/fi_01725.jpg,field_uganda,test,other,0,,phoma,256,256,1de4054c22699ae16c76532c5f24a83acb9c05be1189af2c3a9ded429529643d,c01725,1,0
fi_01726,data/field/uganda/images/fi_01726.jpg,field_uganda,test,other,0,,phoma,256,256,c9941ed2ab59fe8ae6bd53dc762a26d48261ea7e2269d1f62c023e6d9bf2af8d,c01726,1,0
fi_01727,data/field/uganda/images/fi_01727.jpg,field_uganda,test,other,0,,phoma,256,256,e03d1fd090ce9c93c97bcf93253e4674665604294a9cf25facd95d90d3e464fe,c01727,1,0
fi_01728,data/field/uganda/images/fi_01728.jpg,field_uganda,test,other,0,,phoma,256,256,83d811746df39c40ba9aa43200fee3488ad1325e20652fa980bda2a1d608de2b,c01728,1,0
fi_01729,data/field/uganda/images/fi_01729.jpg,field_uganda,test,other,0,,phoma,256,256,d0cf261056f691f8a4a73c194f982eb8d6962cf3e18caf641082826730de2364,c01729,1,0
fi_01730,data/field/uganda/images/fi_01730.jpg,field_uganda,test,other,0,,phoma,256,256,723e562de1ad548dde1e3cd36825ff06110e151518a2203f89c92e40c99c2aa0,c01730,1,0
fi_01731,data/field/uganda/images/fi_01731.jpg,field_uganda,test,other,0,,phoma,256,256,63d971d052f0ed0cb6d8802c3265eef2905a97e3018933fbbb0d7c7b8b9b0ad7,c01731,1,0
fi_01732,data/field/uganda/images/fi_01732.jpg,field_uganda,test,other,0,,phoma,256,256,21fe8ede293971c258e95f9e81cee9d6f67de69324dc89f76f3dafb7b557ddd4,c01732,1,1
fi_01733,data/field/uganda/images/fi_01733.jpg,field_uganda,test,other,0,,phoma,256,256,5049f816ede144c7816885251ad8f8681e1540bef57f355e08b925a9cdd485e9,c01733,1,0
fi_01734,data/field/uganda/images/fi_01734.jpg,field_uganda,test,other,0,,phoma,256,256,e32e6cc76d3bfea06b8abc7ed4a3e20e839d6806c0302f35da8f4589143a06c8,c01734,1,0
fi_01735,data/field/uganda/images/fi_01735.jpg,field_uganda,test,other,0,,phoma,256,256,bde0425732ece26abe86b54b3a6f38de2fd49fd706b2ff760c7490e61ab81f09,c01735,1,0
fi_01736,data/field/uganda/images/fi_01736.jpg,field_uganda,test,other,0,,phoma,256,256,80afcce9a89dd9c45e795414257f54cbaa3d1790ca6788f592e6cf2211103168,c01736,1,0
fi_01737,data/field/uganda/images/fi_01737.jpg,field_uganda,test,other,0,,phoma,256,256,1696c7d354ff6ab69bd554e237ab2a77f14c999b2156693aee6152169f7c472a,c01737,1,0
fi_01738,data/field/uganda/images/fi_01738.jpg,field_uganda,test,other,0,,phoma,256,256,56749edde7b3dfaddd58de0212951d8ec47ba383171dc87af8ca8c4fa7ba957d,c01738,1,0
fi_01739,data/field/uganda/images/fi_01739.jpg,field_uganda,test,other,0,,phoma,256,256,c2579570e8c596a961de4d07e61c290817285942b6ac097094b02bce00cf651a,c01739,1,0
fi_01740,data/field/uganda/images/fi_01740.jpg,field_uganda,test,other,0,,phoma,256,256,1b6ba098ce1d8392297eb62940e0106b0b15d16bbe0309822dc8cc4c6796abee,c01740,1,0
fi_01741,data/field/uganda/images/fi_01741.jpg,field_uganda,test,other,0,,phoma,256,256,7e890c0644733b1316dffb866b00525d8f4c3bc7e5a6892d0cdaf4b0d027c054,c01741,1,0
fi_01742,data/field/uganda/images/fi_01742.jpg,field_uganda,test,other,0,,phoma,256,256,e39d2208b5213a555a0cbde849cacf39d13241efe954fad9f15406fc4ee854e4,c01742,1,0
fi_01743,data/field/uganda/images/fi_01743.jpg,field_uganda,test,other,0,,phoma,256,256,5d9af65ec8e2a8cbe6a22c6c79fb19cd42a8bfb2a766965f05e025055d9b34d5,c01743,1,0
fi_01744,data/field/uganda/images/fi_01744.jpg,field_uganda,test,other,0,,phoma,256,256,b5d09afbf32a0f56efd57739946c88ee08024984ae8dee85a1579121efd8d0e6,c01744,1,0
fi_01745,data/field/uganda/images/fi_01745.jpg,field_uganda,test,other,0,,phoma,256,256,9a784ea3d7db4cf2c29ee4ffc23a1205e451cfa5c44667bcdc6fe19042504b58,c01745,1,0
fi_01746,data/field/uganda/images/fi_01746.jpg,field_uganda,test,other,0,,phoma,256,256,a3210f560a2c8d0e40708117fab525c6b57f38a884b011cb901f77702bdb82c6,c01746,1,0
fi_01747,data/field/uganda/images/fi_01747.jpg,field_uganda,test,other,0,,phoma,256,256,94043c9fa1138b8185f3984861f5b0314e55075c25b765d3f5f3e174b0274315,c01747,1,0
fi_01748,data/field/uganda/images/fi_01748.jpg,field_uganda,test,other,0,,phoma,256,256,3b3cb2e9166f35e03203083e6093a4a09ac05799e79ef595841cb3930ea5a519,c01748,1,0
fi_01749,data/field/uganda/images/fi_01749.jpg,field_uganda,test,other,0,,phoma,256,256,462dfab81ef5b17c9f86d3c3d243c4db6886d6c4387689a1b5604058d8e9ac9a,c01749,1,0
fi_01750,data/field/uganda/images/fi_01750.jpg,field_uganda,test,other,0,,phoma,256,256,f194694d407030b0c116ef2cde9943356d4ee81cb8eee74c5672ff29ccd0c506,c01750,1,0
fi_01751,data/field/uganda/images/fi_01751.jpg,field_uganda,test,other,0,,phoma,256,256,bcfa8ddceac710a13cb8623eae24d1098875ce45ad0ad093a4e8ec192aa75527,c01751,1,1
fi_01752,data/field/uganda/images/fi_01752.jpg,field_uganda,test,other,0,,phoma,256,256,089388829a48573d474f799f601d7e83875275835c9dfc701a4f138b5d11a15d,c01752,1,0
fi_01753,data/field/uganda/images/fi_01753.jpg,field_uganda,test,other,0,,phoma,256,256,5aab9f74a927bd5025c3d5f25dd8d95c79f202c94fd177f9bb3430081b0f5638,c01753,1,0
fi_01754,data/field/uganda/images/fi_01754.jpg,field_uganda,test,other,0,,phoma,256,256,0bc637b03a0a837c5d07328b3c8bed4170f8bce615c84a5a434e0556f8eacdcb,c01754,1,0
fi_01755,data/field/uganda/images/fi_01755.jpg,field_uganda,test,other,0,,phoma,256,256,f2e38fcd25aa02f44342d7209a510ac0e442a746f5b9ba4c608aa7a0f0f7c9a6,c01755,1,0
fi_01756,data/field/uganda/images/fi_01756.jpg,field_uganda,test,other,0,,phoma,256,256,75377d7155c246a58ee9b829179441f16534703bd25256b3b7aafb5388b5ee5d,c01756,1,0
fi_01757,data/field/uganda/images/fi_01757.jpg,field_uganda,test,other,0,,phoma,256,256,6daf2eb9b4ad0441bf77e9601b8f5174b000d4898f3f187c92af51a477782ba3,c01757,1,0
fi_01758,data/field/uganda/images/fi_01758.jpg,field_uganda,test,other,0,,phoma,256,256,9177fd714487ff4f4e7cc255c6df918af249bcaa8880ff824327e35bafe6c888,c01758,1,0
fi_01759,data/field/uganda/images/fi_01759.jpg,field_uganda,test,other,0,,phoma,256,256,668fd2706e90ca61b59de4b6205e36aae70caa5801248b62e2b9ee4bd6b67b83,c01759,1,0
fi_01760,data/field/uganda/images/fi_01760.jpg,field_uganda,test,other,0,,phoma,256,256,bbc2f4218bc517bfcc032a85db7446289f6eb16c755413df2a74b46bba94b7e0,c01760,1,0
fi_01761,data/field/uganda/images/fi_01761.jpg,field_uganda,test,other,0,,phoma,256,256,af81a3c568434b07f07a53cdedf3c5462f20ece686e6ce64def76d86f67389a8,c01761,1,0
fi_01762,data/field/uganda/images/fi_01762.jpg,field_uganda,test,other,0,,phoma,256,256,76fb32d87f39c3e506c88beb7c25ad3c42a13b628ca2a1ac6e8ded8c40c19940,c01762,1,0
fi_01763,data/field/uganda/images/fi_01763.jpg,field_uganda,test,other,0,,phoma,256,256,c13444c32aafc153cdefa9677b9b7bfd37e59b22c154197187ef1bdcb1f49302,c01763,1,0
fi_01764,data/field/uganda/images/fi_01764.jpg,field_uganda,test,other,0,,phoma,256,256,8ca36af5dd233ee1f30376a88edb57458d3668e8827b17680c0cec3fe52fade9,c01764,1,0
fi_01765,data/field/uganda/images/fi_01765.jpg,field_uganda,test,other,0,,phoma,256,256,36e035e9a2f5328f1eb4c345ffd39ae9110e316f82bf3e1c136d268594721619,c01765,1,0
fi_01766,data/field/uganda/images/fi_01766.jpg,field_uganda,test,other,0,,phoma,256,256,750db4ec9e43e1aca52f38341a9e7fb09a3d828c77dfe0035f0212df59c75772,c01766,1,0
fi_01767,data/field/uganda/images/fi_01767.jpg,field_uganda,test,other,0,,phoma,256,256,40fd1538dd3c9036021680834c9b8695235d01805fc8f6bc7a179a3a890ed561,c01767,1,1
fi_01768,data/field/uganda/images/fi_01768.jpg,field_uganda,test,other,0,,phoma,256,256,d38ab88b213ec37d80f347abe3af3669fa29556f0169ee1372ac0f459d522949,c01768,1,0
fi_01769,data/field/uganda/images/fi_01769.jpg,field_uganda,test,other,0,,phoma,256,256,dfc3be7eb7cdc1e7148a970fb34475a6ee132d5179581eb9f4e9f5ff9ba57371,c01769,1,0
fi_01770,data/field/uganda/images/fi_01770.jpg,field_uganda,test,other,0,,phoma,256,256,730e2b4cb29ad14c81ce40e777af05cbf9c969b7279d114fa713376ca0795567,c01770,1,0
fi_01771,data/field/uganda/images/fi_01771.jpg,field_uganda,test,other,0,,phoma,256,256,905bf24d67967a8d970095c24d0a87112098931902693e04012bd0920ac2b721,c01771,1,1
fi_01772,data/field/uganda/images/fi_01772.jpg,field_uganda,test,other,0,,phoma,256,256,e43b54cdd26b64a663780776e09990ac57cf1d0195cc7b917cae06a48f9a2dd8,c01772,1,0
fi_01773,data/field/uganda/images/fi_01773.jpg,field_uganda,test,other,0,,phoma,256,256,bfa2478d22b15037981ede1f0bf1c264b97d2e2c12a2c8e2b8286552c5a097ab,c01773,1,0
fi_01774,data/field/uganda/images/fi_01774.jpg,field_uganda,test,other,0,,phoma,256,256,a310a8a10790af72bc9cd056be1809aa8ab2d0acca7638c735802bdb1a419de8,c01774,1,1
fi_01775,data/field/uganda/images/fi_01775.jpg,field_uganda,test,other,0,,phoma,256,256,b2ee28aea5329e0526188f79588e39fc999c2b5d17146209404635615ec23ea3,c01775,1,0
fi_01776,data/field/uganda/images/fi_01776.jpg,field_uganda,test,other,0,,phoma,256,256,d1f3e67a6e5cbfd9c2b55db818819a37e360d0b019b6cbbf1b525862227b8910,c01776,1,0
fi_01777,data/field/uganda/images/fi_01777.jpg,field_uganda,test,other,0,,phoma,256,256,0ba8297d81c2501a042166e3ccf714c9736bdc8fd1c8787e841f4a2842a46c4d,c01777,1,0
fi_01778,data/field/uganda/images/fi_01778.jpg,field_uganda,test,other,0,,phoma,256,256,6f9ca5372b1e7da9953feadbcc30948028a1a5b67f171ced9cea20cc1162d681,c01778,1,0
fi_01779,data/field/uganda/images/fi_01779.jpg,field_uganda,test,other,0,,phoma,256,256,40e2b7e3ac6fb70901e69792b6c91baec632a21ceb052f4f2dd410e1e6691718,c01779,1,0
fi_01780,data/field/uganda/images/fi_01780.jpg,field_uganda,test,other,0,,phoma,256,256,8acfe8cdec859c850150f8fbb4ebc51d463f1f1c68a8ab01ffc99612c65c90af,c01780,1,0
fi_01781,data/field/uganda/images/fi_01781.jpg,field_uganda,test,other,0,,phoma,256,256,88e18efb128e4dfebd1a12c7725ad6cc33a614928c3942c5f2afc99d75038d18,c01781,1,0
fi_01782,data/field/uganda/images/fi_01782.jpg,field_uganda,test,other,0,,phoma,256,256,7443c38193fe18157eaa308e8184a039e3d3cac9a6e11d16fe449666fc291241,c01782,1,0
fi_01783,data/field/uganda/images/fi_01783.jpg,field_uganda,test,other,0,,phoma,256,256,4cd02863b6f25566d25da61301e9fd714bd0647515a75bb8cc226cc649952b29,c01783,1,0
fi_01784,data/field/uganda/images/fi_01784.jpg,field_uganda,test,other,0,,phoma,256,256,c19110dbe523ab70cb472c4ec3165484c590a09c67d9cc0c22a652d5a356e834,c01784,1,0
fi_01785,data/field/uganda/images/fi_01785.jpg,field_uganda,test,other,0,,phoma,256,256,a449c9a8ee4755c657b8824431449ee8613414fa6f56ec8c21234d5237ac0931,c01785,1,0
fi_01786,data/field/uganda/images/fi_01786.jpg,field_uganda,test,other,0,,phoma,256,256,8429bdc74f6f36ffedd99fd69a7e55049bf294c6c33582cbdf0b977f5728461c,c01786,1,1
fi_01787,data/field/uganda/images/fi_01787.jpg,field_uganda,test,other,0,,phoma,256,256,fb42355907da2857620894c523fc466817e375fbb68fbac44a1bc67ac45e5203,c01787,1,0
fi_01788,data/field/uganda/images/fi_01788.jpg,field_uganda,test,other,0,,phoma,256,256,6df7754b79605cf02de47d9dbc294dad3588f72f85c8814ea118f5e5b59ce02d,c01788,1,0
fi_01789,data/field/uganda/images/fi_01789.jpg,field_uganda,test,other,0,,phoma,256,256,d71b60c43656b6e504aa2f7d76db4a49d99ad9929b2b769d90a26f76c771e65f,c01789,1,0
fi_01790,data/field/uganda/images/fi_01790.jpg,field_uganda,test,other,0,,phoma,256,256,bd0eea16fff2b37691ca53d53afd5ef5db3028be9d205483a10597421e436bf0,c01790,1,0
fi_01791,data/field/uganda/images/fi_01791.jpg,field_uganda,test,other,0,,phoma,256,256,d510a15122d29fe4b779a7212ecda47c9341390b960f61e0b15cee1a6ae14db5,c01791,1,0
