id,image,source,split,group,rust,miner,phoma,cercospora,severity,predominant,n_stress,stratum,width,height,sha256,source_id,mode,preset,seed,bad,expect_unsure,variant,luma_mean,luma_std,sharp
v0785_whole_0,data/synthetic/v3/images/v0785_whole_0.jpg,synthetic,train,rust,1,0,0,0,2,rust,1,rust_s2_pure,1024,512,39fc1aedb3f289bc26ef2288c0c09c121d82d7a9665ec74b19b49723046b818b,785,whole,overcast,955647632,,0,0,0.637,0.075,4.71
v1518_whole_0,data/synthetic/v3/images/v1518_whole_0.jpg,synthetic,train,rust,1,0,0,0,1,rust,1,rust_s1_pure,1024,512,370611c3dd340d3b9c6d0632b6aa3b942ff472851d331601bf3346e546478e7b,1518,whole,sun,1078331167,,0,0,0.458,0.077,1.8
v1409_whole_0,data/synthetic/v3/images/v1409_whole_0.jpg,synthetic,train,rust,1,0,0,1,2,rust,2,rust_s2_mixed,896,672,44d21250599357b8ad6e0df4350da1c95c869f162fb8cae1b239cff60b52a3ef,1409,whole,sun_wet,1146627069,,0,0,0.565,0.121,1.21
v0796_closeup_1,data/synthetic/v3/images/v0796_closeup_1.jpg,synthetic,train,rust,1,1,0,0,3,rust,2,rust_s3plus_mixed,512,512,15556b56b6416ef914008fe3333e04e5fb9016423ffbcffccb02b357b400acbd,796,closeup,golden,1963716410,,0,0,0.378,0.126,0.59
v1521_whole_0,data/synthetic/v3/images/v1521_whole_0.jpg,synthetic,train,rust,1,1,0,0,1,undetermined,2,rust_s1_mixed,1024,512,6b9434f1d4e8c2d4f2b893d8df90e54914b11bd359d4c585d2031e90770b06f1,1521,whole,overcast,1562547070,,0,0,0.398,0.086,1.73
v0166_whole_0,data/synthetic/v3/images/v0166_whole_0.jpg,synthetic,train,rust,1,0,0,0,1,rust,1,rust_s1_pure,1024,512,44d9d3288f1967245f06f76d27376eceeb584e541195434d3e16df7888ffe820,166,whole,sun,1429158490,,0,0,0.499,0.088,1.21
v1613_closeup_0,data/synthetic/v3/images/v1613_closeup_0.jpg,synthetic,train,rust,1,0,0,1,3,rust,2,rust_s3plus_mixed,384,384,8bc119868bbdc45162b52b13078d3746956c950e1c21e6d836f5b5d629fc4390,1613,closeup,overcast,196317742,,0,0,0.329,0.043,0.49
v1643_whole_0,data/synthetic/v3/images/v1643_whole_0.jpg,synthetic,train,rust,1,0,0,1,1,undetermined,2,rust_s1_mixed,1024,512,18f721772eff4b3add0dfebdde4ad18ae06288d82a92e6b189826e595717f25b,1643,whole,sun,1013801500,,0,0,0.641,0.053,1.22
v1715_whole_0,data/synthetic/v3/images/v1715_whole_0.jpg,synthetic,train,rust,1,0,0,1,1,undetermined,2,rust_s1_mixed,1024,512,e0b655d777e9ac5136b6101a3b30a630a28d9000ab6a91d0e1006bfaae221551,1715,whole,overcast,845072172,,0,0,0.483,0.11,0.9
v0991_whole_0,data/synthetic/v3/images/v0991_whole_0.jpg,synthetic,train,healthy,0,0,0,0,0,healthy,0,healthy,1024,512,d010e56b887715d94becdd026fc304dec47d2ae0c5414ba2e3c79e063d858fd1,991,whole,studio,947091272,,0,0,0.836,0.239,9.07
v1527_whole_0,data/synthetic/v3/images/v1527_whole_0.jpg,synthetic,train,rust,1,0,0,0,3,rust,1,rust_s3plus_pure,768,768,25d95c8518469947b834d73749bfd488a7ef4f3264c6584d156af1dc76db5ca8,1527,whole,sun,1504702412,,0,0,0.438,0.078,0.86
v0173_closeup_0,data/synthetic/v3/images/v0173_closeup_0.jpg,synthetic,train,rust,1,0,0,0,1,rust,1,rust_s1_pure,256,256,0ddab2732ff34d2ec8592c77fcc26e2584b7d54ffb009f54f39ed62c58d6d24f,173,closeup,sun_wet,1800970196,,0,0,0.619,0.094,0.91
v1264_closeup_0,data/synthetic/v3/images/v1264_closeup_0.jpg,synthetic,train,rust,1,0,0,0,2,rust,1,rust_s2_pure,256,256,9037a2acbff44869f72764fa48321166bdb4a12e2e2f703f023d8fe339cc3b26,1264,closeup,overcast,1722489554,,0,0,0.409,0.117,2.16
v1589_whole_0,data/synthetic/v3/images/v1589_whole_0.jpg,synthetic,train,rust,1,0,0,1,1,cercospora,2,rust_s1_mixed,1024,512,0424a6c45cafba746e662a7274458fd6920970473ea66071b9f75d38de832e13,1589,whole,sun_wet,1015816866,,0,0,0.505,0.083,5.91
v1307_whole_0,data/synthetic/v3/images/v1307_whole_0.jpg,synthetic,train,rust,1,0,0,0,1,rust,1,rust_s1_pure,896,672,1ccd4abe7ca3f1b1bd56dfaaa85e81fe29d66abfa528aaa0636c3a2927fc645e,1307,whole,overcast,2095502055,,0,0,0.512,0.12,5.18
v1389_whole_0,data/synthetic/v3/images/v1389_whole_0.jpg,synthetic,train,rust,1,0,0,0,1,rust,1,rust_s1_pure,1024,512,d391c9c875e2e5289e5dd0876566924e8bcf4b5f9d166202b3cd70014ce39c10,1389,whole,sun,869062402,,0,0,0.413,0.091,2.29
v1449_whole_0,data/synthetic/v3/images/v1449_whole_0.jpg,synthetic,train,rust,1,0,0,0,4,rust,1,rust_s3plus_pure,1024,512,7e24931889634abaaa9247f0a11b7227b0f994a91f42a9b3abde897c6fca10d7,1449,whole,studio,1262138538,,0,0,0.592,0.128,2.72
v0639_closeup_0,data/synthetic/v3/images/v0639_closeup_0.jpg,synthetic,train,unclear,0,0,0,0,0,undetermined,0,unclear,256,256,1ea1cce629e233ce62e5114850af846272868b905c8c74922d3f12d1a53f1972,639,closeup,shade,1535988037,,0,0,0.556,0.097,0.88
v1094_whole_0,data/synthetic/v3/images/v1094_whole_0.jpg,synthetic,train,rust,1,0,0,0,1,rust,1,rust_s1_pure,1024,512,3592b7af1390cd33e5edbfeb622ef73fcee5e2add3ae6add453620944ba1c71a,1094,whole,overcast,1141397988,,0,0,0.519,0.069,1.88
v0154_whole_0,data/synthetic/v3/images/v0154_whole_0.jpg,synthetic,train,rust,1,0,0,1,3,rust,2,rust_s3plus_mixed,1024,512,43f6a8d848838731afc540e34dfabf7bcec3c7c24d3460dce92e4c2655054eba,154,whole,overcast,1142833626,,0,0,0.494,0.068,1.2
v1524_whole_0,data/synthetic/v3/images/v1524_whole_0.jpg,synthetic,train,rust,1,0,0,0,2,rust,1,rust_s2_pure,1024,512,a48f88dffabb2d044375a6aa10f06a5a2a22ad337be00fcdff484aa68898f5a1,1524,whole,sun_wet,1542017429,,0,0,0.479,0.091,2.98
v1253_closeup_0,data/synthetic/v3/images/v1253_closeup_0.jpg,synthetic,train,rust,1,0,0,0,1,rust,1,rust_s1_pure,384,384,93321c652ce57309ed428e5a61676ce5d7354e785b044ca7478909971c3f0ddc,1253,closeup,overcast,1901175737,,0,0,0.383,0.113,2.03
v0650_whole_0,data/synthetic/v3/images/v0650_whole_0.jpg,synthetic,train,rust,1,0,0,0,1,rust,1,rust_s1_pure,1024,512,fc2a9177abe7c9fea0db329a651a6b3160fbeea88ee88f38928b7934a5f0c445,650,whole,studio,1899443478,,0,0,0.443,0.077,2.27
v1378_whole_0,data/synthetic/v3/images/v1378_whole_0.jpg,synthetic,train,rust,1,1,0,0,1,rust,2,rust_s1_mixed,1024,512,6064ac9003f9d5ed9983005bfe6570bfec99033ca4d2baff81d8e621552c45ed,1378,whole,studio,1785572707,,0,0,0.732,0.186,4.92
v1198_whole_0,data/synthetic/v3/images/v1198_whole_0.jpg,synthetic,train,healthy,0,0,0,0,0,healthy,0,healthy,1024,512,3703e0dec93b5fb54271cf32e95d3c51c1fb4d78a5bbeda28f78a20dc6c86977,1198,whole,rain,1886554416,,0,0,0.393,0.062,3.44
v0605_whole_2,data/synthetic/v3/images/v0605_whole_2.jpg,synthetic,train,rust,1,0,0,1,3,rust,2,rust_s3plus_mixed,768,768,c5f95f2a9961499551b4e94e7129eea2d0ee130f8816f73bdfbdfe4eaa43cc8e,605,whole,overcast,774661859,,0,0,0.428,0.056,1.18
v1682_whole_0,data/synthetic/v3/images/v1682_whole_0.jpg,synthetic,train,rust,1,0,0,0,1,rust,1,rust_s1_pure,1024,512,94e3beed37083f9eb4af0af50690fa8db95e93fee58090a304190a88ab4fd4f4,1682,whole,sun_wet,2004465555,,0,0,0.45,0.071,2.96
v1623_closeup_1,data/synthetic/v3/images/v1623_closeup_1.jpg,synthetic,train,rust,1,0,0,1,4,rust,2,rust_s3plus_mixed,256,256,010008234550c5b623f4cdb2d41907dd1edaa88129e895310a0de75ec7a34961,1623,closeup,sun,1845562710,,0,0,0.418,0.09,1.22
v1079_whole_0,data/synthetic/v3/images/v1079_whole_0.jpg,synthetic,train,rust,1,0,0,0,1,rust,1,rust_s1_pure,896,672,e50c9f2776033a576a9fd1402c4eb1d43b5e9753c11f2213d02f4e19f039ad4a,1079,whole,studio,739229060,,0,0,0.606,0.109,0.54
v1346_whole_0,data/synthetic/v3/images/v1346_whole_0.jpg,synthetic,train,rust,1,0,0,1,3,rust,2,rust_s3plus_mixed,896,672,a90e922075ed10572fb4e2bcfa607bfa841c322aa15c44e3fae99fbcab2025e1,1346,whole,overcast,1917202311,,0,0,0.591,0.071,1.61
v1103_whole_0,data/synthetic/v3/images/v1103_whole_0.jpg,synthetic,train,rust,1,0,0,0,1,rust,1,rust_s1_pure,1024,512,4f4cd39afebb482b453e8b612d9e63361a98bb76c59749d027bd9a25bf266d74,1103,whole,overcast,19867995,,0,0,0.395,0.058,0.63
v0602_whole_0,data/synthetic/v3/images/v0602_whole_0.jpg,synthetic,train,healthy,0,0,0,0,0,healthy,0,healthy,1024,512,c7fa1c4a5564af93eaca93c4fbae7ef75a1c4cf161aa74e94af664dfe28cd23c,602,whole,shade,1164775754,,0,0,0.47,0.065,0.84
v1572_closeup_0,data/synthetic/v3/images/v1572_closeup_0.jpg,synthetic,train,rust,1,0,0,0,2,rust,1,rust_s2_pure,512,512,addf12fa7221ac363a1f8d7e613230be6bd5d83543045c5b272e5db5983fa589,1572,closeup,sun,1757076757,,0,0,0.532,0.106,0.18
v0122_whole_2,data/synthetic/v3/images/v0122_whole_2.jpg,synthetic,train,rust,1,0,0,0,3,rust,1,rust_s3plus_pure,1024,512,21afcba29dfdb3908f01838fb1231356480bfebacd311c34c96db446b386951c,122,whole,studio,860513533,,0,0,0.897,0.166,2.02
v1717_whole_0,data/synthetic/v3/images/v1717_whole_0.jpg,synthetic,train,rust,1,1,0,0,1,rust,2,rust_s1_mixed,896,672,b8727a6ad1b170bf5ef572df735a681ebe74e0a08eb0fa17234913f75dd34e34,1717,whole,backlit,836375362,,0,0,0.446,0.091,3.9
v0676_whole_0,data/synthetic/v3/images/v0676_whole_0.jpg,synthetic,train,rust,1,1,0,0,2,miner,2,rust_s2_mixed,1024,512,b44377f5cad4eed783e640e705e28f1281440977f12f20f547d5fa5a5023211a,676,whole,backlit,1605599535,,0,0,0.465,0.05,0.97
v1465_closeup_0,data/synthetic/v3/images/v1465_closeup_0.jpg,synthetic,train,rust,1,0,0,1,1,rust,2,rust_s1_mixed,384,384,b40df8e710d9f4d5f7943889920efe8a0c4e71edd7b2ade2d1fbb67e79bc7dc8,1465,closeup,sun,1747551557,,0,0,0.51,0.098,0.39
v1036_closeup_0,data/synthetic/v3/images/v1036_closeup_0.jpg,synthetic,train,rust,1,0,0,0,1,rust,1,rust_s1_pure,512,512,2b865b101406524ecaa20d98b2aff28490b2c8609ece7d0af6bf26ba2aa45f54,1036,closeup,rain,674328046,,0,0,0.523,0.112,1.02
v1115_whole_0,data/synthetic/v3/images/v1115_whole_0.jpg,synthetic,train,healthy,0,0,0,0,0,healthy,0,healthy,1024,512,a93c94461ebc896315bd6930f2e8982900c3205b11de02edf2524c0a365e983d,1115,whole,overcast,1025389196,,0,0,0.443,0.058,1.08
v0168_whole_0,data/synthetic/v3/images/v0168_whole_0.jpg,synthetic,train,rust,1,0,0,0,1,rust,1,rust_s1_pure,1024,512,20653dc7d2676a2404f4450aa4be7977e8b133a1c6689e21dbf9ce1b3074f3f7,168,whole,sun,1605441360,,0,0,0.544,0.079,0.9
v0783_closeup_0,data/synthetic/v3/images/v0783_closeup_0.jpg,synthetic,train,rust,1,1,0,0,1,miner,2,rust_s1_mixed,512,512,18d250dd2026d160e13d9924b588d3bd626c36e907c59c9eb26b4d4971d0cf32,783,closeup,sun,1014725154,,0,0,0.456,0.108,0.56
v1326_whole_0,data/synthetic/v3/images/v1326_whole_0.jpg,synthetic,train,rust,1,1,0,0,4,rust,2,rust_s3plus_mixed,768,768,2c4a274c09d1b79d0e7378a6d462c68f138dca3215c2c891d161fe2b0360dde7,1326,whole,overcast,1462595675,,0,0,0.463,0.083,5.92
v0135_whole_2,data/synthetic/v3/images/v0135_whole_2.jpg,synthetic,train,rust,1,0,0,0,3,rust,1,rust_s3plus_pure,1024,512,5d052c71c2c9257c9d7e95aa6aab4180508f021d5a128fda6e67b9bd4efe9550,135,whole,studio,247010589,,0,0,0.858,0.163,6.26
v1613_closeup_1,data/synthetic/v3/images/v1613_closeup_1.jpg,synthetic,train,rust,1,0,0,1,3,rust,2,rust_s3plus_mixed,512,512,5bf7e384e217463e9bbf4de2fe29722f2dc08b9266937ea9576b61ba2bef57ca,1613,closeup,backlit,2092212920,,0,0,0.336,0.05,0.32
v0812_closeup_0,data/synthetic/v3/images/v0812_closeup_0.jpg,synthetic,train,rust,1,1,0,0,2,rust,2,rust_s2_mixed,256,256,b59a4c4600109ab83dcb6cd8d55eebb60c97559f1148f604ca144d9bd75c1f9c,812,closeup,golden,1122093134,,0,0,0.273,0.091,2.42
v1267_whole_0,data/synthetic/v3/images/v1267_whole_0.jpg,synthetic,train,rust,1,0,0,0,1,rust,1,rust_s1_pure,1024,512,a7188a794532904da0dfd918685acbea867c13adb64b6ccc48cf25ebbb1b685f,1267,whole,overcast,1693295755,,0,0,0.469,0.108,5.48
v0823_closeup_2,data/synthetic/v3/images/v0823_closeup_2.jpg,synthetic,train,rust,1,0,0,0,3,rust,1,rust_s3plus_pure,384,384,c3adbad964c508d9ec52994982db4eb4c5df0800f9f487e98c16e99788b7dfbb,823,closeup,golden,1066953915,,0,0,0.577,0.093,0.66
v0627_closeup_0,data/synthetic/v3/images/v0627_closeup_0.jpg,synthetic,train,healthy,0,0,0,0,0,healthy,0,healthy,384,384,1ab515ea4c9ddbdee433e424bfc6498a5aa62ebda22f269b87d7d45dc5e648e0,627,closeup,overcast,1773083434,,0,0,0.569,0.124,0.38
v0963_whole_0,data/synthetic/v3/images/v0963_whole_0.jpg,synthetic,train,healthy,0,0,0,0,0,healthy,0,healthy,1024,512,88e9ebc2ad70e847d3981b848d49348311b067f53a222971ff590071bd832999,963,whole,studio,1670689648,,0,0,0.856,0.212,9.94
v0959_whole_0,data/synthetic/v3/images/v0959_whole_0.jpg,synthetic,train,healthy,0,0,0,0,0,healthy,0,healthy,768,768,99973afb049179ff0b5b126f46c08f082e91a0573884f7c6c256695af2d913ff,959,whole,sun,2092341576,,0,0,0.588,0.07,0.5
v0935_whole_0,data/synthetic/v3/images/v0935_whole_0.jpg,synthetic,train,healthy,0,0,0,0,0,healthy,0,healthy,896,672,caa0b15d0860ec743fa332718e2c092e777d54e4e980550744b107da08864049,935,whole,sun_wet,1355235312,,0,0,0.53,0.087,3.69
v1558_whole_0,data/synthetic/v3/images/v1558_whole_0.jpg,synthetic,train,rust,1,0,0,1,1,undetermined,2,rust_s1_mixed,896,672,d2d1d8c6b473f44794d1f4370c9627773e90beddf5855c79df60a1bafff30c06,1558,whole,sun,1327796296,,0,0,0.557,0.067,0.6
v0799_closeup_2,data/synthetic/v3/images/v0799_closeup_2.jpg,synthetic,train,rust,1,1,0,0,3,miner,2,rust_s3plus_mixed,512,512,da4de692c7063665849762fc6379ae8d17d36cbecfc15d2183af34fe3fde4025,799,closeup,shade,1734277565,,0,0,0.455,0.097,0.12
v0600_closeup_0,data/synthetic/v3/images/v0600_closeup_0.jpg,synthetic,train,healthy,0,0,0,0,0,healthy,0,healthy,512,512,5bfbe69f18ca3ca2f85e5e517fa6045184a9672e7353154ca755efa96e998baf,600,closeup,rain,1189725476,,0,0,0.611,0.137,6.82
v0108_whole_0,data/synthetic/v3/images/v0108_whole_0.jpg,synthetic,train,rust,1,0,0,0,1,rust,1,rust_s1_pure,1024,512,63ced694cf00f3d4aecfd5688f5effab88802b4cff47e889d23bcf7ea2a2a4aa,108,whole,golden,2061125772,,0,0,0.472,0.059,1.68
v1237_closeup_1,data/synthetic/v3/images/v1237_closeup_1.jpg,synthetic,train,rust,1,1,0,0,3,rust,2,rust_s3plus_mixed,256,256,d8a1d46e1f33d050dafeb6592225ccac135790ca62fdf6b7143b3b8f1358e679,1237,closeup,overcast,607413295,,0,0,0.402,0.075,0.74
v1710_whole_0,data/synthetic/v3/images/v1710_whole_0.jpg,synthetic,train,rust,1,0,0,1,2,rust,2,rust_s2_mixed,1024,512,9f2f7229a3a1e411353fac8918033d8fd065e44bd69a91140b394d98b89719ff,1710,whole,overcast,882181575,,0,0,0.352,0.114,1.64
v1539_closeup_0,data/synthetic/v3/images/v1539_closeup_0.jpg,synthetic,train,rust,1,0,0,0,1,rust,1,rust_s1_pure,512,512,02f861f423fe91e9c063bc2c66d8198ef9c9274d549ac346564d7c2e6451abdf,1539,closeup,rain,1804445091,,0,0,0.576,0.078,1.54
v1638_whole_0,data/synthetic/v3/images/v1638_whole_0.jpg,synthetic,train,rust,1,0,0,1,1,undetermined,2,rust_s1_mixed,1024,512,bcb0af2439d47c4e4e57fcdf6a58c3de89096f3352ef4eb513a92018918d721c,1638,whole,overcast,770684228,,0,0,0.386,0.051,0.68
v0184_whole_0,data/synthetic/v3/images/v0184_whole_0.jpg,synthetic,train,healthy,0,0,0,0,0,healthy,0,healthy,1024,512,e8f00d2940a5b2940dd0273bac3200dc65786181d5f28e6a50d37f8f120d05ec,184,whole,sun,913611015,,0,0,0.495,0.068,1.15
v1321_whole_0,data/synthetic/v3/images/v1321_whole_0.jpg,synthetic,train,rust,1,1,0,0,1,miner,2,rust_s1_mixed,896,672,56660c3894572197f9862adf975d0a90be32c1c7079b5f5e600b57f9999d2fa0,1321,whole,rain,1382180574,,0,0,0.567,0.066,6.29
v1561_whole_2,data/synthetic/v3/images/v1561_whole_2.jpg,synthetic,train,rust,1,0,0,0,3,rust,1,rust_s3plus_pure,768,768,684b3954e92b5c150a4d28cd44d311e070feaabaaee0c980b05bb14bef3260c3,1561,whole,sun,1011770629,,0,0,0.579,0.151,1.25
v1308_whole_2,data/synthetic/v3/images/v1308_whole_2.jpg,synthetic,train,rust,1,0,0,0,4,rust,1,rust_s3plus_pure,1024,512,ef219dcd3ab74b7c2ee731fbbfd3dd175c96e59555300f5ddfdd2e2c8d198112,1308,whole,overcast,431289590,,0,0,0.58,0.094,2.63
v0183_whole_0,data/synthetic/v3/images/v0183_whole_0.jpg,synthetic,train,healthy,0,0,0,0,0,healthy,0,healthy,896,672,5eac17f500d255bdb47a5768efa09d7b5fa20a890fca4ca52a0a0187c4f20084,183,whole,backlit,859541378,,0,0,0.429,0.066,1.33
v1393_whole_0,data/synthetic/v3/images/v1393_whole_0.jpg,synthetic,train,rust,1,0,0,1,1,cercospora,2,rust_s1_mixed,1024,512,78f06ad270c1192fc463aa30727b146c0934a763c5c5d3e4ed989b5eae937b85,1393,whole,rain,115815857,,0,0,0.53,0.048,0.76
v0096_closeup_1,data/synthetic/v3/images/v0096_closeup_1.jpg,synthetic,train,rust,1,0,0,0,3,rust,1,rust_s3plus_pure,384,384,294fde314f70e7d9e70251c26c85e19c86144c1396f40a998ae02fb3e824c761,96,closeup,sun_wet,949121294,,0,0,0.57,0.09,0.16
v1476_closeup_0,data/synthetic/v3/images/v1476_closeup_0.jpg,synthetic,train,rust,1,0,0,0,4,rust,1,rust_s3plus_pure,512,512,50c56b04b84260d15896da197c9f9766156ee23ed2690702f01a2a8f17ea6064,1476,closeup,rain,1389583481,,0,0,0.367,0.073,1.45
v1396_closeup_2,data/synthetic/v3/images/v1396_closeup_2.jpg,synthetic,train,rust,1,0,0,1,3,rust,2,rust_s3plus_mixed,256,256,c09f3b2f5c6885e300b2327060713ac37e0f62f2d4116aa247b8a31429b3d759,1396,closeup,shade,1847760502,,0,0,0.525,0.098,0.39
v0132_closeup_1,data/synthetic/v3/images/v0132_closeup_1.jpg,synthetic,train,rust,1,0,0,0,3,rust,1,rust_s3plus_pure,256,256,c99109d53b369ab1d8908f3bb4bcddacdecbd69db087c026412f0b0dba7ce2e8,132,closeup,overcast,318722594,,0,0,0.552,0.072,0.26
v1230_whole_0,data/synthetic/v3/images/v1230_whole_0.jpg,synthetic,train,healthy,0,0,0,0,0,healthy,0,healthy,1024,512,2dff0dcb85c9d44b42571f9dc32a1ba936e600f953cd3eb330a1c2507902d509,1230,whole,studio,1450983996,,0,0,0.845,0.199,4.29
v1430_whole_0,data/synthetic/v3/images/v1430_whole_0.jpg,synthetic,train,rust,1,0,0,0,1,rust,1,rust_s1_pure,1024,512,7d6346bdd70dcb9dd738046bb253e52d3c0ff976c33aa5fce2798ea84a990431,1430,whole,studio,1497151388,,0,0,0.712,0.176,2.09
v0927_whole_0,data/synthetic/v3/images/v0927_whole_0.jpg,synthetic,train,rust,1,0,0,0,1,rust,1,rust_s1_pure,1024,512,cf578889a0b7d33e93d5758e88d822c57c79206a70bd12848838fe780b7879fd,927,whole,shade,1811909883,,0,0,0.545,0.106,4.65
v1039_whole_0,data/synthetic/v3/images/v1039_whole_0.jpg,synthetic,train,rust,1,1,0,0,1,undetermined,2,rust_s1_mixed,1024,512,0fa766e7a1800d48308602ce939380f786e08b6b98f8266cf20f1006f96542f8,1039,whole,shade,594356947,,0,0,0.399,0.047,0.54
v1133_whole_0,data/synthetic/v3/images/v1133_whole_0.jpg,synthetic,train,other,0,1,0,0,1,miner,1,other_miner,896,672,489f489b398ee23b6dab841d59b8c5fe5a9d9ad11ebbed53d18fd6a145f971db,1133,whole,studio,328894133,,0,0,0.655,0.155,2.62
v0616_whole_0,data/synthetic/v3/images/v0616_whole_0.jpg,synthetic,train,healthy,0,0,0,0,0,healthy,0,healthy,1024,512,77f2e9704d15791634c34636b1ae06e0f1587ed96e16768b8d92a300f1203e40,616,whole,shade,2061033203,,0,0,0.482,0.046,2.0
v0823_whole_0,data/synthetic/v3/images/v0823_whole_0.jpg,synthetic,train,rust,1,0,0,0,3,rust,1,rust_s3plus_pure,1024,512,530acdf8731f13d2d00ed268d094fdfeec99ce7edbb49a6b1e67774623279bdc,823,whole,sun,1368788375,,0,0,0.529,0.07,0.84
v0940_whole_0,data/synthetic/v3/images/v0940_whole_0.jpg,synthetic,train,healthy,0,0,0,0,0,healthy,0,healthy,768,768,68b566be31a7552d864e42300a2c502ab222124dee82a4f4f78cecabc8f34d53,940,whole,golden,1272694178,,0,0,0.37,0.063,1.34
v0870_whole_0,data/synthetic/v3/images/v0870_whole_0.jpg,synthetic,train,rust,1,1,0,0,2,miner,2,rust_s2_mixed,768,768,29ba27775a4cd83bea362b3fecf6e01d262c64ddeeb9a395f492bd056747eb5f,870,whole,rain,1678656508,,0,0,0.516,0.06,0.36
v0016_whole_0,data/synthetic/v3/images/v0016_whole_0.jpg,synthetic,train,healthy,0,0,0,0,0,healthy,0,healthy,896,672,e6d752891d8b86b8c4b52311ed01316aac0fd08f864c87ed3911ca5d1ca92158,16,whole,shade,169961847,,0,0,0.321,0.067,0.8
v1281_whole_0,data/synthetic/v3/images/v1281_whole_0.jpg,synthetic,train,rust,1,0,0,0,1,rust,1,rust_s1_pure,1024,512,7831fe462036ff75f1292a9f517d77f259aaf3ad6b6f4f906c1a62bcd7907f8f,1281,whole,studio,12562186,,0,0,0.83,0.158,4.14
v0681_whole_0,data/synthetic/v3/images/v0681_whole_0.jpg,synthetic,train,rust,1,0,0,0,1,rust,1,rust_s1_pure,1024,512,435016a1289a5dc5e527979c45ef0aa7a0d2767187673afb46d45e58caa926fc,681,whole,sun,44009468,,0,0,0.47,0.073,1.9
v1345_whole_0,data/synthetic/v3/images/v1345_whole_0.jpg,synthetic,train,rust,1,0,0,0,1,rust,1,rust_s1_pure,896,672,938b1f1047c406f9184db6abe4bd702d3c4c39db269a5f1e918fc23edcf14206,1345,whole,studio,1879085534,,0,0,0.768,0.178,5.57
v1595_whole_0,data/synthetic/v3/images/v1595_whole_0.jpg,synthetic,train,rust,1,0,0,0,1,rust,1,rust_s1_pure,1024,512,10cc960f5061ad23f877e78cc16cee3fc4d802bceae52b3cbf9f1429d3f1298f,1595,whole,overcast,220904611,,0,0,0.504,0.066,1.36
v1454_closeup_0,data/synthetic/v3/images/v1454_closeup_0.jpg,synthetic,train,rust,1,0,0,1,1,rust,2,rust_s1_mixed,384,384,a139a03ee92eeef3dd75b1c329217d7ffb8c19db961c413891a3b0cce4e8db69,1454,closeup,overcast,2069774492,,0,0,0.367,0.121,0.79
v1292_closeup_0,data/synthetic/v3/images/v1292_closeup_0.jpg,synthetic,train,rust,1,0,0,0,2,rust,1,rust_s2_pure,256,256,7e0f417d3a057b355d06e108e860d26de80dfb6f60202ffc1ef300514fad5ce8,1292,closeup,sun,977630774,,0,0,0.57,0.092,0.09
v0605_closeup_1,data/synthetic/v3/images/v0605_closeup_1.jpg,synthetic,train,rust,1,0,0,1,3,rust,2,rust_s3plus_mixed,256,256,ba4d0140fec435d205ea764a1f3393e6e584f874bd7bdd2fbda16293f1e5c1be,605,closeup,golden,925185881,,0,0,0.308,0.052,0.12
v1476_whole_2,data/synthetic/v3/images/v1476_whole_2.jpg,synthetic,train,rust,1,0,0,0,4,rust,1,rust_s3plus_pure,768,768,10e250d92dabcf89f17f5b85d09f027fc9238e391bed51e1c6890908afcf7af6,1476,whole,overcast,1021132117,,0,0,0.522,0.077,0.45
v1440_closeup_1,data/synthetic/v3/images/v1440_closeup_1.jpg,synthetic,train,rust,1,1,0,0,3,rust,2,rust_s3plus_mixed,512,512,4fdad1a0cabdf2a624c8fc87d14a0d583fe8f41e094fd0ea7eb1d6ad039467e3,1440,closeup,overcast,871153587,,0,0,0.602,0.168,0.76
v0878_closeup_0,data/synthetic/v3/images/v0878_closeup_0.jpg,synthetic,train,rust,1,0,0,0,1,rust,1,rust_s1_pure,512,512,48dc3fff8b819a6cddf9629dba441942a49eb8b988ff20eea74502863d80b118,878,closeup,overcast,1780290116,,0,0,0.554,0.096,0.48
v0842_closeup_0,data/synthetic/v3/images/v0842_closeup_0.jpg,synthetic,train,healthy,0,0,0,0,0,healthy,0,healthy,512,512,14175447d54d6024c0b984a9bd52a2575dfd7b87ced8640c48725c34791c1dfa,842,closeup,sun_wet,1967077500,,0,0,0.561,0.082,0.8
v1633_closeup_0,data/synthetic/v3/images/v1633_closeup_0.jpg,synthetic,train,rust,1,0,0,1,4,rust,2,rust_s3plus_mixed,384,384,97e4317c786d99186ea3db706ecd41791c9a272e93f82e137cad7df84f596ff7,1633,closeup,sun,565861029,,0,0,0.303,0.069,0.67
v0672_closeup_0,data/synthetic/v3/images/v0672_closeup_0.jpg,synthetic,train,rust,1,1,0,0,2,undetermined,2,rust_s2_mixed,256,256,708c8b31ab77a0cd830ad09d59aa03391ce47d7b4b92284af4767b16972f066d,672,closeup,backlit,1488595443,,0,0,0.335,0.093,0.84
v1399_whole_0,data/synthetic/v3/images/v1399_whole_0.jpg,synthetic,train,rust,1,0,0,0,1,rust,1,rust_s1_pure,1024,512,3bcda550ce070b021fb170088c34f50c34e751f4e0e3793c39f234231770ce08,1399,whole,overcast,191934567,,0,0,0.423,0.061,0.87
v1660_closeup_0,data/synthetic/v3/images/v1660_closeup_0.jpg,synthetic,train,rust,1,0,0,1,1,cercospora,2,rust_s1_mixed,512,512,f2a9698106c6a229e6a3d0085021f0cb8c1b52a18c162fc67a7b8603040e9f34,1660,closeup,backlit,337777870,,0,0,0.647,0.082,0.37
v1046_whole_2,data/synthetic/v3/images/v1046_whole_2.jpg,synthetic,train,rust,1,1,0,0,3,undetermined,2,rust_s3plus_mixed,768,768,72004385b65e95ce2c37cb776975647fe5a8abf233930cafaa8edf8ccf31be46,1046,whole,rain,1541944443,,0,0,0.55,0.083,0.79
v1722_whole_0,data/synthetic/v3/images/v1722_whole_0.jpg,synthetic,train,rust,1,0,0,1,1,undetermined,2,rust_s1_mixed,1024,512,f5727cfbf1a571c1f3ed765dd66f73aa9035032b77598ea687edecb7319422e7,1722,whole,overcast,631537223,,0,0,0.489,0.048,1.8
v0831_closeup_0,data/synthetic/v3/images/v0831_closeup_0.jpg,synthetic,train,healthy,0,0,0,0,0,healthy,0,healthy,512,512,2b132587358510aa9f6a8c610f865067f270ea547080594615f2fa077e590776,831,closeup,rain,1789836956,,0,0,0.546,0.068,0.09
v1439_whole_0,data/synthetic/v3/images/v1439_whole_0.jpg,synthetic,train,rust,1,0,0,0,1,rust,1,rust_s1_pure,768,768,5144cf8f005cba08f2c969e42e62d22e86d1962c4dd2e74667f39b7739facce6,1439,whole,shade,1458408467,,0,0,0.382,0.06,0.95
v0177_closeup_0,data/synthetic/v3/images/v0177_closeup_0.jpg,synthetic,train,healthy,0,0,0,0,0,healthy,0,healthy,256,256,1a30ac219bf4a157dfc0f02618f0d53de27c2cfc56336bb31ac091a90a338bd9,177,closeup,backlit,1817261832,,0,0,0.454,0.094,0.25
v0883_closeup_0,data/synthetic/v3/images/v0883_closeup_0.jpg,synthetic,train,rust,1,0,0,0,1,rust,1,rust_s1_pure,256,256,2bdd337bee0fbabe5f6cf8a288a587dc31771d4baf6941c589033edf24949f9e,883,closeup,golden,1043066355,,0,0,0.409,0.079,0.09
v0945_whole_0,data/synthetic/v3/images/v0945_whole_0.jpg,synthetic,train,healthy,0,0,0,0,0,healthy,0,healthy,1024,512,cb16bc9e75add051f2f304c8123a4ec472dd41d1b74edce846babb44066aa934,945,whole,sun_wet,1292896073,,0,0,0.403,0.107,4.91
v1081_whole_0,data/synthetic/v3/images/v1081_whole_0.jpg,synthetic,train,healthy,0,0,0,0,0,healthy,0,healthy,768,768,6b11edab64f7c38cf212a7eaa556bb76cfc65b8bfb7621a5f1cca682566fbbaf,1081,whole,backlit,2055208042,,0,0,0.489,0.066,1.06
v0171_whole_0,data/synthetic/v3/images/v0171_whole_0.jpg,synthetic,train,rust,1,0,0,1,1,rust,2,rust_s1_mixed,768,768,36421b81609805558ee8537f37ad14012e96d1076fa1d5d44d3893c44e847d84,171,whole,sun,1759267770,,0,0,0.414,0.067,1.07
v0970_whole_0,data/synthetic/v3/images/v0970_whole_0.jpg,synthetic,train,healthy,0,0,0,0,0,healthy,0,healthy,1024,512,0b38afdb10f0d38410dc566ecfef6dcf5d7905faed898e1e3c93d1de64d8a3b2,970,whole,sun,1500408396,,0,0,0.592,0.044,0.29
v1442_closeup_1,data/synthetic/v3/images/v1442_closeup_1.jpg,synthetic,train,rust,1,0,0,0,3,rust,1,rust_s3plus_pure,384,384,9d41cde33e4ac870ff449248d3fcbd3e7a83dce6b2cc1491b705483f676a287e,1442,closeup,sun,812149725,,0,0,0.496,0.079,1.09
v0983_whole_0,data/synthetic/v3/images/v0983_whole_0.jpg,synthetic,train,healthy,0,0,0,0,0,healthy,0,healthy,1024,512,1b2085dc597a50f3ef4e307976f66959f469b0b0ae12bafe6cfc7de6ad138f13,983,whole,golden,55297091,,0,0,0.551,0.095,3.72
v1620_whole_0,data/synthetic/v3/images/v1620_whole_0.jpg,synthetic,train,rust,1,0,0,1,2,rust,2,rust_s2_mixed,896,672,03d14238c9a5f282b56859784452ba38f1453e888d437a06eb8d74f15e68175e,1620,whole,studio,457212825,,0,0,0.701,0.147,3.02
v1396_closeup_1,data/synthetic/v3/images/v1396_closeup_1.jpg,synthetic,train,rust,1,0,0,1,3,rust,2,rust_s3plus_mixed,384,384,065e68ac59e9186602f8497521dc433b5ff5c38698cb8a294ff1dde729cf628e,1396,closeup,overcast,1999357900,,0,0,0.37,0.092,0.42
v1060_whole_0,data/synthetic/v3/images/v1060_whole_0.jpg,synthetic,train,rust,1,0,0,0,1,rust,1,rust_s1_pure,1024,512,2d4dc7c9c0368daa654d51411a072afad5be3ec3e5794670378d389cde3c6596,1060,whole,studio,459465070,,0,0,0.841,0.155,2.65
v1649_whole_0,data/synthetic/v3/images/v1649_whole_0.jpg,synthetic,train,rust,1,0,0,0,1,rust,1,rust_s1_pure,896,672,d4697bd8b00db52eec57a22e8bc61c05230da0a3dfb760c9cb71505aac0ec8fb,1649,whole,overcast,838526922,,0,0,0.589,0.077,0.54
v1174_whole_0,data/synthetic/v3/images/v1174_whole_0.jpg,synthetic,train,rust,1,0,0,0,1,rust,1,rust_s1_pure,1024,512,491b24422fcd9487337851eee192fb341d729e288b3b190589f8115410e4ec8c,1174,whole,shade,431425383,,0,0,0.383,0.039,1.15
v0210_whole_0,data/synthetic/v3/images/v0210_whole_0.jpg,synthetic,train,healthy,0,0,0,0,0,healthy,0,healthy,1024,512,9354d21c35279f23a22156cb5e7c550a15d566b327deace042e112725fac8409,210,whole,golden,198509697,,0,0,0.6,0.046,0.56
v1261_whole_0,data/synthetic/v3/images/v1261_whole_0.jpg,synthetic,train,rust,1,0,0,0,1,rust,1,rust_s1_pure,768,768,369f8da6aaf8d4f316daf07d2fdc31b57d1352aabc2c48318d86e0750dcff452,1261,whole,overcast,1616959545,,0,0,0.595,0.082,1.29
v0618_whole_0,data/synthetic/v3/images/v0618_whole_0.jpg,synthetic,train,healthy,0,0,0,0,0,healthy,0,healthy,1024,512,3c803bd5129584ba91da30502acfb9373c662bf3ed60f896301f9f049846de5e,618,whole,studio,1883698169,,0,0,0.824,0.155,8.73
v0121_whole_0,data/synthetic/v3/images/v0121_whole_0.jpg,synthetic,train,rust,1,0,0,1,1,rust,2,rust_s1_mixed,1024,512,bbcde5155d062486a6f9f89f6911bd463aae5ef0901595db068ef45eeda3dbd3,121,whole,overcast,1594014600,,0,0,0.425,0.047,0.79
v0158_whole_0,data/synthetic/v3/images/v0158_whole_0.jpg,synthetic,train,rust,1,0,0,0,1,rust,1,rust_s1_pure,768,768,19780e1240ec534b7d93867fa1f04ce5cfee16abebf113b377d68cf337d1a44d,158,whole,sun_wet,1292155070,,0,0,0.641,0.094,10.08
v0190_whole_0,data/synthetic/v3/images/v0190_whole_0.jpg,synthetic,train,healthy,0,0,0,0,0,healthy,0,healthy,896,672,081e8c2fb78668a5f40a5aa4420123ef6ffe59cba812c3f8daa0fa20c1fa37eb,190,whole,sun_wet,163665598,,0,0,0.524,0.086,1.39
v1534_whole_0,data/synthetic/v3/images/v1534_whole_0.jpg,synthetic,train,rust,1,1,0,0,2,rust,2,rust_s2_mixed,1024,512,4b231959abb37c9e7dca94c261650e18ffd43e80a9c204dd5c568afd77c10209,1534,whole,overcast,1666529008,,0,0,0.491,0.078,1.9
v0599_whole_0,data/synthetic/v3/images/v0599_whole_0.jpg,synthetic,train,rust,1,0,0,0,1,rust,1,rust_s1_pure,1024,512,0aa772f7f43f120533f862301b5b1e76c6b71a9cd78e48dda5db4e66a7b11ea8,599,whole,overcast,1938869233,,0,0,0.575,0.077,1.06
v1401_whole_2,data/synthetic/v3/images/v1401_whole_2.jpg,synthetic,train,rust,1,1,0,0,4,rust,2,rust_s3plus_mixed,1024,512,8bcfa12aa9313e070c7b9924f1c43ffd23e83dba13686bf68e24eb5d4c7031b0,1401,whole,rain,608506729,,0,0,0.462,0.1,11.59
v1698_whole_0,data/synthetic/v3/images/v1698_whole_0.jpg,synthetic,train,rust,1,0,0,1,2,rust,2,rust_s2_mixed,1024,512,fd3ba5eb31228df704054139683dc1a45b3b09067acc60b66b6e5fcdb58b56ed,1698,whole,rain,1112692000,,0,0,0.534,0.115,10.45
v1628_closeup_0,data/synthetic/v3/images/v1628_closeup_0.jpg,synthetic,train,rust,1,0,0,0,1,rust,1,rust_s1_pure,256,256,e2f871b09cbda6b480bd7349aec8cc66e5e8f968e81727911ee1980046b90d8b,1628,closeup,overcast,357814817,,0,0,0.498,0.095,1.01
v0806_whole_0,data/synthetic/v3/images/v0806_whole_0.jpg,synthetic,train,rust,1,0,0,0,4,rust,1,rust_s3plus_pure,768,768,a8922692696a82916ba421a1ec6e8aa1005c00e8d340b23bee2e6216735f0645,806,whole,golden,2102659063,,0,0,0.627,0.066,1.8
v1586_closeup_1,data/synthetic/v3/images/v1586_closeup_1.jpg,synthetic,train,rust,1,0,0,1,3,rust,2,rust_s3plus_mixed,256,256,248939e1a6d243449cc956379a587519fc20d7edaaf6a372f5451ec96890f7fb,1586,closeup,sun,1087853833,,0,0,0.535,0.08,0.2
v1686_whole_0,data/synthetic/v3/images/v1686_whole_0.jpg,synthetic,train,rust,1,0,0,1,2,cercospora,2,rust_s2_mixed,1024,512,a2277dbe79cc12debd831df95416656ab27a2742b83c2bee968e5653669fd44c,1686,whole,overcast,1886396239,,0,0,0.524,0.08,4.48
v1294_closeup_0,data/synthetic/v3/images/v1294_closeup_0.jpg,synthetic,train,rust,1,0,0,0,2,rust,1,rust_s2_pure,384,384,eb5a14bb7dbdd2b5c538ce025318abeaa241ba5d498e11e9621250ea357a907f,1294,closeup,sun_wet,1053297284,,0,0,0.561,0.091,0.68
v0706_closeup_2,data/synthetic/v3/images/v0706_closeup_2.jpg,synthetic,train,rust,1,0,0,0,4,rust,1,rust_s3plus_pure,256,256,877936dd35401aba804178544afde3db9ca46e1618ad16d95b1b10f405b4f203,706,closeup,sun,285929738,,0,0,0.463,0.105,0.53
v1491_whole_0,data/synthetic/v3/images/v1491_whole_0.jpg,synthetic,train,rust,1,0,0,1,1,rust,2,rust_s1_mixed,896,672,10455b392489d026e89b530032cfaaec4f25153247303cd35823f714984bf7f6,1491,whole,overcast,927153615,,0,0,0.621,0.061,2.44
v1248_whole_2,data/synthetic/v3/images/v1248_whole_2.jpg,synthetic,train,rust,1,1,0,0,4,rust,2,rust_s3plus_mixed,1024,512,27a38f42ba39d7382e020a1be441979af2b6d9056c0bf888b119cac93fc28536,1248,whole,overcast,733366801,,0,0,0.53,0.138,5.46
v1704_closeup_0,data/synthetic/v3/images/v1704_closeup_0.jpg,synthetic,train,rust,1,1,0,1,4,rust,3,rust_s3plus_mixed,256,256,3c108ae90a9a4a8a52a786a77ed7ab091b5c5c516d45894e3e677e8b54a9280e,1704,closeup,shade,186698366,,0,0,0.466,0.11,0.64
v0135_closeup_1,data/synthetic/v3/images/v0135_closeup_1.jpg,synthetic,train,rust,1,0,0,0,3,rust,1,rust_s3plus_pure,384,384,fbfd8fd1758ef3336c6f031c112d252692b36bcef1d7efe71466a3fbdaf5596b,135,closeup,shade,397427879,,0,0,0.484,0.104,0.43
v0708_whole_0,data/synthetic/v3/images/v0708_whole_0.jpg,synthetic,train,healthy,0,0,0,0,0,healthy,0,healthy,1024,512,e732c46411b1fe4d02b496e66f43e0df9a48d9997b0128b7d83b71db78f3795f,708,whole,sun_wet,1973075244,,0,0,0.389,0.096,1.81
v1333_whole_0,data/synthetic/v3/images/v1333_whole_0.jpg,synthetic,train,rust,1,0,0,1,1,cercospora,2,rust_s1_mixed,1024,512,4d8ecdbf01bea545b895e53c6866c30ae3dadf42e4d08185bb03033f0cfc7caf,1333,whole,rain,1767560661,,0,0,0.491,0.054,3.53
v1724_whole_0,data/synthetic/v3/images/v1724_whole_0.jpg,synthetic,train,rust,1,0,0,1,1,cercospora,2,rust_s1_mixed,896,672,188380f94d0c4aed560675866cff3e8a7b89d5c0400def3772f2a1a2679d583c,1724,whole,studio,556335861,,0,0,0.553,0.111,3.08
v1429_whole_0,data/synthetic/v3/images/v1429_whole_0.jpg,synthetic,train,rust,1,0,0,0,1,rust,1,rust_s1_pure,768,768,abfe9b3644573f9e4170aaf9c5e6c7bf4c619ebc73e9f381e7f20640cf078789,1429,whole,rain,1850862454,,0,0,0.538,0.09,5.12
v1641_whole_0,data/synthetic/v3/images/v1641_whole_0.jpg,synthetic,train,rust,1,0,0,0,1,rust,1,rust_s1_pure,1024,512,fb05b316e943384396b536f4ab1448247aa26933d327d7ef89baf4e6d6a585d4,1641,whole,golden,1072281202,,0,0,0.512,0.068,1.78
v1646_whole_0,data/synthetic/v3/images/v1646_whole_0.jpg,synthetic,train,rust,1,0,0,1,2,rust,2,rust_s2_mixed,1024,512,a9c00a73153643ee13662f8943a44b8961ffa362ce160aab792240f4513dd850,1646,whole,rain,983998711,,0,0,0.5,0.101,2.88
v1456_whole_0,data/synthetic/v3/images/v1456_whole_0.jpg,synthetic,train,rust,1,1,0,0,2,rust,2,rust_s2_mixed,1024,512,315e4a4ea2015d07b8d081ef2e9d8f2eda91902d2e2d19b42e22705acb5d0e5b,1456,whole,golden,2027590898,,0,0,0.445,0.081,1.13
v1561_whole_0,data/synthetic/v3/images/v1561_whole_0.jpg,synthetic,train,rust,1,0,0,0,3,rust,1,rust_s3plus_pure,1024,512,0eb4af1657572bb6d8774037eb62b7d84de3e53c9cf17896cb9c637a87f1632d,1561,whole,overcast,1379927081,,0,0,0.533,0.083,1.52
v1574_whole_0,data/synthetic/v3/images/v1574_whole_0.jpg,synthetic,train,rust,1,0,0,1,1,cercospora,2,rust_s1_mixed,1024,512,61ef9cc4a5da211bc7d4003f669c4a6783a357c8cc4ec9b70aabe00d8325778b,1574,whole,shade,1815585191,,0,0,0.302,0.052,0.65
v0977_whole_0,data/synthetic/v3/images/v0977_whole_0.jpg,synthetic,train,healthy,0,0,0,0,0,healthy,0,healthy,896,672,2c4a95abc4fc3e0511c8e869e8b82e19154f45a53a6ec97f5bc7a534e298c579,977,whole,overcast,1545698505,,0,0,0.379,0.049,0.42
v1364_whole_0,data/synthetic/v3/images/v1364_whole_0.jpg,synthetic,train,rust,1,0,0,0,1,rust,1,rust_s1_pure,1024,512,271e80803bccf8249ff75019dd50ecdca3122c0bfef11f358c50a9fd6975486e,1364,whole,backlit,1540043618,,0,0,0.567,0.084,3.3
v1346_whole_2,data/synthetic/v3/images/v1346_whole_2.jpg,synthetic,train,rust,1,0,0,1,3,rust,2,rust_s3plus_mixed,1024,512,5999b4dae504d922b117d53b0d605fed35984d02babd8ea83e7e4a45caade4c5,1346,whole,overcast,474500779,,0,0,0.438,0.056,1.12
v0560_whole_0,data/synthetic/v3/images/v0560_whole_0.jpg,synthetic,train,rust,1,0,0,0,1,rust,1,rust_s1_pure,1024,512,e846c2263d0caf0410c205fd9928d247c93c75de9c9744766e3ca0454db36eb3,560,whole,overcast,606265384,,0,0,0.441,0.072,4.07
v0635_whole_0,data/synthetic/v3/images/v0635_whole_0.jpg,synthetic,train,healthy,0,0,0,0,0,healthy,0,healthy,896,672,37436f858f62cca0cd2f02ad25dda3c7483611c0b123800993caf241534d9b03,635,whole,rain,1385670689,,0,0,0.458,0.051,2.34
v1602_whole_0,data/synthetic/v3/images/v1602_whole_0.jpg,synthetic,train,rust,1,0,0,1,1,rust,2,rust_s1_mixed,1024,512,e0ed2f0fa00689115ec6d315918b737cdcb83b0d3d2e62cf577a35d50b773a8a,1602,whole,studio,852336508,,0,0,0.775,0.158,8.33
v1672_closeup_0,data/synthetic/v3/images/v1672_closeup_0.jpg,synthetic,train,rust,1,0,0,1,2,rust,2,rust_s2_mixed,256,256,f89f6e2dd51920232ab27a3a534c23cf078605743b53ae152619830149e213bd,1672,closeup,overcast,790276037,,0,0,0.491,0.097,0.22
v1681_whole_0,data/synthetic/v3/images/v1681_whole_0.jpg,synthetic,train,rust,1,0,0,1,2,rust,2,rust_s2_mixed,1024,512,22d9ad9bc1fb1bdf9b0d99e2c991bf3fd44406de5bde116ce4c0baf6a8daf177,1681,whole,sun_wet,1967065546,,0,0,0.527,0.085,5.19
v0195_whole_0,data/synthetic/v3/images/v0195_whole_0.jpg,synthetic,train,healthy,0,0,0,0,0,healthy,0,healthy,896,672,e3b78cc5aa8516c271c18f7bbd540699b4d2d083f303099dfd238fc4f8873fce,195,whole,overcast,252351573,,0,0,0.622,0.127,0.41
v1260_whole_0,data/synthetic/v3/images/v1260_whole_0.jpg,synthetic,train,rust,1,1,0,0,1,undetermined,2,rust_s1_mixed,1024,512,20d782fe4a34b9cde0f0eb0c1749874a57493aa92b96bf9766ac737ddb0b1608,1260,whole,sun_wet,1638052366,,0,0,0.521,0.061,3.92
v1637_whole_0,data/synthetic/v3/images/v1637_whole_0.jpg,synthetic,train,rust,1,0,0,0,1,rust,1,rust_s1_pure,896,672,f6c125b9850bc613276c8ba989e956bf2ccdacd0c46ee3cc8020529ada30387d,1637,whole,sun_wet,649327225,,0,0,0.569,0.101,5.47
v1237_whole_2,data/synthetic/v3/images/v1237_whole_2.jpg,synthetic,train,rust,1,1,0,0,3,rust,2,rust_s3plus_mixed,1024,512,5be71ab819d9bacc2f1f5b59b66bcab2f993f50a0ddf7b795a5da0b3428d6701,1237,whole,overcast,1027421589,,0,0,0.458,0.08,2.29
v1529_closeup_0,data/synthetic/v3/images/v1529_closeup_0.jpg,synthetic,train,rust,1,0,0,0,1,rust,1,rust_s1_pure,256,256,98082c0f1b4d80b434bca3403964adcc2327b97fb43ce6f5731aa393e3506c8f,1529,closeup,overcast,1395770054,,0,0,0.575,0.068,0.12
v1403_closeup_1,data/synthetic/v3/images/v1403_closeup_1.jpg,synthetic,train,rust,1,0,0,1,3,cercospora,2,rust_s3plus_mixed,512,512,6e9fb90be7de216bfee87fb91166e40baf3328c6d4c015b00c2b2e795840efa9,1403,closeup,overcast,1053333181,,0,0,0.505,0.079,0.25
v1377_whole_0,data/synthetic/v3/images/v1377_whole_0.jpg,synthetic,train,rust,1,0,0,1,1,rust,2,rust_s1_mixed,1024,512,5ffacc725ee94562c1c182555b9a9c79c52e6d1e2cf150930059666db32c3723,1377,whole,overcast,1630661214,,0,0,0.578,0.079,2.66
v0110_closeup_0,data/synthetic/v3/images/v0110_closeup_0.jpg,synthetic,train,rust,1,0,0,0,2,rust,1,rust_s2_pure,256,256,685fae4867fbd2c173db310f080720e09af80e5a7bbbf8f1cf7a76268d9860b3,110,closeup,sun_wet,1282768465,,0,0,0.532,0.098,0.61
v0752_whole_0,data/synthetic/v3/images/v0752_whole_0.jpg,synthetic,train,healthy,0,0,0,0,0,healthy,0,healthy,1024,512,3c74e8f80c30a8c68ea44fb7555039caa70f17b65f190f7a17ae5b41fc5063ae,752,whole,sun,1339279560,,0,0,0.505,0.069,1.82
v1387_whole_0,data/synthetic/v3/images/v1387_whole_0.jpg,synthetic,train,rust,1,0,0,1,1,cercospora,2,rust_s1_mixed,1024,512,04c62c2aedafc99d0bdb8a8b3180ae02a55765ccd41847385effad04d7c20872,1387,whole,golden,961739272,,0,0,0.621,0.105,2.33
v0015_closeup_0,data/synthetic/v3/images/v0015_closeup_0.jpg,synthetic,train,healthy,0,0,0,0,0,healthy,0,healthy,512,512,3863ba5246660612407edc873e98c09235c146695a4bc364948a1d69019c0ca7,15,closeup,rain,141023022,,0,0,0.589,0.106,1.25
v0799_closeup_1,data/synthetic/v3/images/v0799_closeup_1.jpg,synthetic,train,rust,1,1,0,0,3,miner,2,rust_s3plus_mixed,256,256,123932f3e500f7ec405fed5ad5807679b8d1b3149748bac997913697b49b91a7,799,closeup,sun,2119673863,,0,0,0.435,0.126,0.43
v1105_closeup_0,data/synthetic/v3/images/v1105_closeup_0.jpg,synthetic,train,healthy,0,0,0,0,0,healthy,0,healthy,256,256,dfd3050e0ecd65e50ccf5e8c407d72920dc4dbd20b8947e7d8cd4e3ab72b116c,1105,closeup,backlit,94524905,,0,0,0.3,0.091,1.12
v1339_closeup_0,data/synthetic/v3/images/v1339_closeup_0.jpg,synthetic,train,rust,1,0,0,0,1,rust,1,rust_s1_pure,384,384,270a1787861732246630d9af8238d3d816cfb3896c3b7e17c28f2092d38ee363,1339,closeup,shade,1691176963,,0,0,0.337,0.058,0.1
v0664_whole_2,data/synthetic/v3/images/v0664_whole_2.jpg,synthetic,train,rust,1,0,0,0,4,rust,1,rust_s3plus_pure,768,768,0fb0582e1ca3d32eef28900e7629c8782f20cb78fe0f77795330fe848c7bf0e4,664,whole,shade,176509704,,0,0,0.481,0.047,0.58
v1286_closeup_0,data/synthetic/v3/images/v1286_closeup_0.jpg,synthetic,train,rust,1,1,0,0,1,rust,2,rust_s1_mixed,256,256,851d38f27b31ad6301790cd0ef20865c3fdedc830146ae4a862aec70b8c5cfbf,1286,closeup,sun_wet,99662223,,0,0,0.317,0.062,1.14
v1327_closeup_1,data/synthetic/v3/images/v1327_closeup_1.jpg,synthetic,train,rust,1,1,0,1,4,rust,3,rust_s3plus_mixed,512,512,d765edad6b3dfe7004f1bcc160c5b5e5cc29f78d6f24b2b983f1e59ccb01e754,1327,closeup,backlit,568863482,,0,0,0.545,0.113,0.2
v1512_whole_0,data/synthetic/v3/images/v1512_whole_0.jpg,synthetic,train,rust,1,1,0,0,1,miner,2,rust_s1_mixed,896,672,6b0d6421fa507efbb824b4890d1603ac0d0bde21a9e384b64593f096f24b8599,1512,whole,studio,1305576137,,0,0,0.55,0.118,0.53
v0176_whole_0,data/synthetic/v3/images/v0176_whole_0.jpg,synthetic,train,healthy,0,0,0,0,0,healthy,0,healthy,768,768,076d189c553198d79aa141fe2d4f63643b5b116f8b80cfbea296004734732c0f,176,whole,overcast,1838374207,,0,0,0.549,0.052,0.27
v1011_whole_0,data/synthetic/v3/images/v1011_whole_0.jpg,synthetic,train,rust,1,0,0,1,2,undetermined,2,rust_s2_mixed,1024,512,7ec680f922972678b72280c5c18bfee1fdba78259984fc7cf3f063b8cf12e613,1011,whole,sun,125285344,,0,0,0.632,0.09,0.75
v0841_whole_0,data/synthetic/v3/images/v0841_whole_0.jpg,synthetic,train,healthy,0,0,0,0,0,healthy,0,healthy,1024,512,6e9792b53803e7994e4821c288892415b277096075356977d39d9b3da2b0130a,841,whole,studio,2004452901,,0,0,0.725,0.22,7.39
v1435_whole_0,data/synthetic/v3/images/v1435_whole_0.jpg,synthetic,train,rust,1,1,0,0,1,miner,2,rust_s1_mixed,768,768,9b91e347f347711e12499147f96ca0778c3f77dee070ea92c90d8706d8e755a7,1435,whole,sun,1610052983,,0,0,0.477,0.056,0.78
v1235_whole_0,data/synthetic/v3/images/v1235_whole_0.jpg,synthetic,train,rust,1,0,0,0,1,rust,1,rust_s1_pure,1024,512,4f356fd5b1effc4629f9c3cf7efeda4f52af70b98c1d7284f58385493444c6b1,1235,whole,backlit,1354203351,,0,0,0.512,0.087,4.48
v0897_whole_0,data/synthetic/v3/images/v0897_whole_0.jpg,synthetic,train,rust,1,1,0,0,4,rust,2,rust_s3plus_mixed,896,672,7a04eaf0fa006317d17209d4d8dcc4554c286624fbe8dcf0c0f55364686f9faf,897,whole,studio,27140682,,0,0,0.498,0.068,1.95
v1289_closeup_0,data/synthetic/v3/images/v1289_closeup_0.jpg,synthetic,train,rust,1,0,0,0,1,rust,1,rust_s1_pure,512,512,7debb654754251c617f5f3975763a9dc2ae220b57b87e2a7e6f90f43d90300d5,1289,closeup,shade,246218418,,0,0,0.619,0.065,0.64
v0191_whole_0,data/synthetic/v3/images/v0191_whole_0.jpg,synthetic,train,healthy,0,0,0,0,0,healthy,0,healthy,1024,512,d86771877a081fd123cae2ab86dae44856c39cc17533d84f2cfc2426d28148ca,191,whole,overcast,134429833,,0,0,0.358,0.048,0.64
v1408_whole_0,data/synthetic/v3/images/v1408_whole_0.jpg,synthetic,train,rust,1,0,0,1,1,rust,2,rust_s1_mixed,768,768,23804f6df717e1f0e426b3b745e24dbe5947c1bd27347e42eae44833d3eb11ca,1408,whole,rain,1167739338,,0,0,0.573,0.114,0.8
v1603_whole_0,data/synthetic/v3/images/v1603_whole_0.jpg,synthetic,train,rust,1,0,0,0,1,rust,1,rust_s1_pure,768,768,52aa163036f08d86315b35a3aa8417d12d088ad3cc4fce7bc805eeb6cc665f75,1603,whole,sun,856683851,,0,0,0.467,0.074,0.61
v0008_whole_0,data/synthetic/v3/images/v0008_whole_0.jpg,synthetic,train,healthy,0,0,0,0,0,healthy,0,healthy,1024,512,11e8883420e4c6552d80c38c922dc7d67940ccb47787bfdc40b37ed9a627e3c6,8,whole,rain,237729729,,0,0,0.537,0.119,1.81
v1560_whole_0,data/synthetic/v3/images/v1560_whole_0.jpg,synthetic,train,rust,1,0,0,0,1,rust,1,rust_s1_pure,768,768,1af3e4ce6d3ecf42ebfb8665c83218f0e1953e7827a116c6832727eba5e621e0,1560,whole,rain,1401056798,,0,0,0.578,0.063,0.77
v0211_whole_0,data/synthetic/v3/images/v0211_whole_0.jpg,synthetic,train,healthy,0,0,0,0,0,healthy,0,healthy,1024,512,f2f61b483a8a7d8e0b5948b9c2812b5d7ac92736a88edbacc858d0e3b4dd0d41,211,whole,sun_wet,169307830,,0,0,0.499,0.084,5.76
v0154_closeup_1,data/synthetic/v3/images/v0154_closeup_1.jpg,synthetic,train,rust,1,0,0,1,3,rust,2,rust_s3plus_mixed,512,512,7a9d7cfc5c0affa04a6d9907e14d4ae48e092bdc692b273b6ace681b528e36e9,154,closeup,sun,857305420,,0,0,0.554,0.078,0.37
v1285_closeup_0,data/synthetic/v3/images/v1285_closeup_0.jpg,synthetic,train,rust,1,0,0,0,1,rust,1,rust_s1_pure,384,384,549fd9a9283a74e4ba408ebd5143ef480c451e9d6c86291ce738857113aceaca,1285,closeup,sun_wet,129370070,,0,0,0.537,0.104,2.06
v1627_closeup_0,data/synthetic/v3/images/v1627_closeup_0.jpg,synthetic,train,rust,1,0,0,0,1,rust,1,rust_s1_pure,384,384,a16dae05708f84c1cda2640d5b2b5b2fc06b3cbf92e1c94a92c78f619396d7bc,1627,closeup,rain,504337692,,0,0,0.471,0.117,1.2
v1632_closeup_0,data/synthetic/v3/images/v1632_closeup_0.jpg,synthetic,train,rust,1,1,0,0,2,rust,2,rust_s2_mixed,512,512,83afadb9462e9cce3f54595703d6b740ae03edc9d0fae39656fc845777254fd4,1632,closeup,overcast,544747666,,0,0,0.422,0.117,0.3
v1656_whole_0,data/synthetic/v3/images/v1656_whole_0.jpg,synthetic,train,rust,1,0,0,0,1,rust,1,rust_s1_pure,1024,512,53ca9f805bb4e3be22550ab77f7540b7af835faa5e0dc3a7b62e6c1224599c72,1656,whole,sun,35309458,,0,0,0.419,0.035,1.26
v1623_closeup_2,data/synthetic/v3/images/v1623_closeup_2.jpg,synthetic,train,rust,1,0,0,1,4,rust,2,rust_s3plus_mixed,256,256,8a8cc19e29fabae9d2af08f488379a562a41c661745b27b1d9f48acfc3d9a1bf,1623,closeup,sun,1997036780,,0,0,0.555,0.064,0.53
v0641_whole_0,data/synthetic/v3/images/v0641_whole_0.jpg,synthetic,train,rust,1,0,0,0,1,rust,1,rust_s1_pure,1024,512,5151038b218833b2bfad9c3c1f289c728d02ab7de7389f0ec239684d3983f607,641,whole,shade,1212758084,,0,0,0.374,0.075,2.59
v1344_whole_0,data/synthetic/v3/images/v1344_whole_0.jpg,synthetic,train,rust,1,0,0,0,2,rust,1,rust_s2_pure,1024,512,2e5df8ca9f123a719be044547a2c5a7a4ced5aa7d22fa8a6a58011b7985c7e12,1344,whole,overcast,1908603881,,0,0,0.483,0.095,1.41
v0826_closeup_0,data/synthetic/v3/images/v0826_closeup_0.jpg,synthetic,train,healthy,0,0,0,0,0,healthy,0,healthy,512,512,258704d559c8933f3fd5be1495cdf420673c3d75adacfdf766a22f61049823d4,826,closeup,shade,1465765756,,0,0,0.389,0.049,1.21
v0941_closeup_0,data/synthetic/v3/images/v0941_closeup_0.jpg,synthetic,train,healthy,0,0,0,0,0,healthy,0,healthy,512,512,f42db5c05f1cb6d4c8cccdc4eaabf41849ddb075b7751c9126d2c5ee2af6f418,941,closeup,rain,1243197333,,0,0,0.392,0.064,0.92
v0685_closeup_0,data/synthetic/v3/images/v0685_closeup_0.jpg,synthetic,train,healthy,0,0,0,0,0,healthy,0,healthy,256,256,d6052d90ec8847b23a05a3dc60e2bc6ed3a152aed74a6362de1467086c6651be,685,closeup,overcast,93728544,,0,0,0.351,0.066,0.17
v1623_whole_0,data/synthetic/v3/images/v1623_whole_0.jpg,synthetic,train,rust,1,0,0,1,4,rust,2,rust_s3plus_mixed,1024,512,420182879e97025c67ac5d41a3c28be40b2dd2235abcf2a9ed8fd309626befac,1623,whole,golden,419839424,,0,0,0.598,0.078,1.9
v1520_closeup_0,data/synthetic/v3/images/v1520_closeup_0.jpg,synthetic,train,rust,1,0,0,0,2,rust,1,rust_s2_pure,512,512,ba2aa0292e7c70136e448d3c242e94854269efee40f2abb1b9ea08b6d7f53659,1520,closeup,overcast,1558247753,,0,0,0.47,0.114,1.36
v1467_closeup_0,data/synthetic/v3/images/v1467_closeup_0.jpg,synthetic,train,rust,1,0,0,0,1,rust,1,rust_s1_pure,256,256,08d9ac14f76676e956be12e2d1a28a018e13d1eba3f6d0b1f710755c11f60b99,1467,closeup,sun,1806520619,,0,0,0.408,0.094,0.96
v0142_whole_0,data/synthetic/v3/images/v0142_whole_0.jpg,synthetic,train,rust,1,1,0,0,1,rust,2,rust_s1_mixed,1024,512,7ca987d6498540890e61bcc1bd8430bedb7d3ae3bf8abbda678a47ffcbf63a97,142,whole,overcast,2016369165,,0,0,0.572,0.09,1.64
v0096_whole_2,data/synthetic/v3/images/v0096_whole_2.jpg,synthetic,train,rust,1,0,0,0,3,rust,1,rust_s3plus_pure,1024,512,37584053ecdec82da539d741497dda1ffceef7e05be8d100a02fe15a1d6ea1be,96,whole,rain,563814580,,0,0,0.517,0.07,2.23
v1546_whole_0,data/synthetic/v3/images/v1546_whole_0.jpg,synthetic,train,rust,1,0,0,1,1,rust,2,rust_s1_mixed,896,672,766287070b33e6191996a4db51270ac9d6aacbbe80c3f418df4f94282687b277,1546,whole,overcast,2097601063,,0,0,0.462,0.063,0.75
v1327_closeup_2,data/synthetic/v3/images/v1327_closeup_2.jpg,synthetic,train,rust,1,1,0,1,4,rust,3,rust_s3plus_mixed,256,256,9e3fe54b02e779b3d11175faef69daaea6cd54cca8be7b53e52645fb6b907e40,1327,closeup,rain,954301248,,0,0,0.451,0.063,0.75
v1586_closeup_2,data/synthetic/v3/images/v1586_closeup_2.jpg,synthetic,train,rust,1,0,0,1,3,rust,2,rust_s3plus_mixed,512,512,9cba7e7bac26e50f89028b62821db5c438781dca59a88ef8cc09dfaf56eb3213,1586,closeup,shade,1507722419,,0,0,0.392,0.046,0.26
v0796_whole_0,data/synthetic/v3/images/v0796_whole_0.jpg,synthetic,train,rust,1,1,0,0,3,rust,2,rust_s3plus_mixed,1024,512,2a3884d3e49026b78817729a36221389e46b96d41c6f7751bf9b36d094a44323,796,whole,sun_wet,34398124,,0,0,0.373,0.085,2.68
v1095_whole_0,data/synthetic/v3/images/v1095_whole_0.jpg,synthetic,train,rust,1,1,0,0,1,rust,2,rust_s1_mixed,1024,512,c08ef7bfb1ef5f2213272c1561a1bf6bc323048f0ee8075d1f635d94a8ac6182,1095,whole,backlit,1170879443,,0,0,0.368,0.094,1.57
v1248_closeup_1,data/synthetic/v3/images/v1248_closeup_1.jpg,synthetic,train,rust,1,1,0,0,4,rust,2,rust_s3plus_mixed,256,256,3e99064378e7cec06aa336e0575cc1d86e9f0aa35e1430b636d3736d38bc19e9,1248,closeup,sun,851385259,,0,0,0.517,0.103,0.99
v1517_closeup_1,data/synthetic/v3/images/v1517_closeup_1.jpg,synthetic,train,rust,1,0,0,0,4,rust,1,rust_s3plus_pure,384,384,4d691359fab316010d1c4895ad1e64f2c6f26aedc620d848fa34c9009010f2c7,1517,closeup,sun,1008562356,,0,0,0.432,0.086,0.49
v0099_whole_0,data/synthetic/v3/images/v0099_whole_0.jpg,synthetic,train,rust,1,0,0,0,2,rust,1,rust_s2_pure,1024,512,e50d14dc282e247a883e463f9fb5e76623cf7cd55aec10ecb38722c8d324808f,99,whole,overcast,1154025125,,0,0,0.407,0.069,1.6
v1270_whole_0,data/synthetic/v3/images/v1270_whole_0.jpg,synthetic,train,rust,1,0,0,0,1,rust,1,rust_s1_pure,896,672,34c73e5e29e06f87fc1f9efc88fa2c53f2a6c5f60e308b08219c3622acdf3b4f,1270,whole,studio,1495192939,,0,0,0.705,0.174,8.47
v1606_closeup_0,data/synthetic/v3/images/v1606_closeup_0.jpg,synthetic,train,rust,1,0,0,0,4,rust,1,rust_s3plus_pure,512,512,90d1ed6e11d7ee4a9ed09bb40b85172380ff90ea68628b7520626dc267db1f5e,1606,closeup,golden,902051744,,0,0,0.486,0.073,0.47
v1563_closeup_0,data/synthetic/v3/images/v1563_closeup_0.jpg,synthetic,train,rust,1,0,0,0,1,rust,1,rust_s1_pure,256,256,1d8fc6f5ca39761e1c354c5d979f5ac5534ef4922ff2e3a75992ec34c1fc8690,1563,closeup,overcast,1371852871,,0,0,0.447,0.118,0.44
v1291_closeup_0,data/synthetic/v3/images/v1291_closeup_0.jpg,synthetic,train,rust,1,1,0,0,3,rust,2,rust_s3plus_mixed,512,512,1449fbcb487303dd0011c2227b419ef6cec7382a10d92957e6f8fc7fc581f81d,1291,closeup,rain,939772015,,0,0,0.487,0.08,1.11
v0014_whole_0,data/synthetic/v3/images/v0014_whole_0.jpg,synthetic,train,healthy,0,0,0,0,0,healthy,0,healthy,768,768,f1fa41febbbeceaa92fcb9e0e28d3789174b8d63c8cd0c095ad09fc931c9e15e,14,whole,rain,161856793,,0,0,0.622,0.054,1.31
v0614_whole_0,data/synthetic/v3/images/v0614_whole_0.jpg,synthetic,train,healthy,0,0,0,0,0,healthy,0,healthy,1024,512,8c063adb142dff87a850d9864b902bebe59093c8b2e1c6bf2ee4cf9b7399b474,614,whole,studio,2036075165,,0,0,0.777,0.17,1.19
v0952_whole_0,data/synthetic/v3/images/v0952_whole_0.jpg,synthetic,train,healthy,0,0,0,0,0,healthy,0,healthy,896,672,57aa61bd5a56830aa9806ebd0e156bd9a97696fd1e876deef29bcc8131e28c1e,952,whole,golden,1893955241,,0,0,0.494,0.053,0.89
v1705_whole_2,data/synthetic/v3/images/v1705_whole_2.jpg,synthetic,train,rust,1,0,0,0,3,rust,1,rust_s3plus_pure,1024,512,c84a864600f5fed729182c3622f411cdff1ec8d723e22a28a1d15c56514741ad,1705,whole,studio,1693237605,,0,0,0.738,0.108,1.42
v0848_closeup_0,data/synthetic/v3/images/v0848_closeup_0.jpg,synthetic,train,healthy,0,0,0,0,0,healthy,0,healthy,256,256,aebd6d65cc693fae561c5af3dba553485d5af9d956d2f48078bc8007c0395929,848,closeup,sun,2024324522,,0,0,0.569,0.101,1.83
v1233_whole_0,data/synthetic/v3/images/v1233_whole_0.jpg,synthetic,train,rust,1,0,0,0,1,rust,1,rust_s1_pure,1024,512,997573f8988ebad7a9b2389ac97cbfb00a2bf0dda9ab714a5dbbd7f6747709f7,1233,whole,rain,1413151845,,0,0,0.55,0.121,6.14
v1449_closeup_2,data/synthetic/v3/images/v1449_closeup_2.jpg,synthetic,train,rust,1,0,0,0,4,rust,1,rust_s3plus_pure,512,512,04a15372e1712b955dd85f2ee2ccee6fca79d8c40b4a5745a97cc75257cf795c,1449,closeup,rain,624219526,,0,0,0.289,0.117,0.43
v1652_whole_0,data/synthetic/v3/images/v1652_whole_0.jpg,synthetic,train,rust,1,0,0,1,1,rust,2,rust_s1_mixed,1024,512,b387116b2015ad8f5c463b76ff82841352f597244ce219b7fe6354dfbefac964,1652,whole,golden,85159758,,0,0,0.593,0.061,1.51
v1271_whole_0,data/synthetic/v3/images/v1271_whole_0.jpg,synthetic,train,rust,1,0,0,0,1,rust,1,rust_s1_pure,1024,512,5aae62ce14c9bb29f8362b79f798672b411a3b31743058ec75b05cb7392a1042,1271,whole,sun_wet,1490861916,,0,0,0.348,0.078,0.7
v1111_closeup_0,data/synthetic/v3/images/v1111_closeup_0.jpg,synthetic,train,rust,1,0,0,1,1,rust,2,rust_s1_mixed,384,384,608d90e458b9ef49d8935031cb1049363a26905674ba975f5e85902525a4fcfd,1111,closeup,backlit,974625360,,0,0,0.525,0.094,0.27
v1382_whole_0,data/synthetic/v3/images/v1382_whole_0.jpg,synthetic,train,rust,1,0,0,0,2,rust,1,rust_s2_pure,1024,512,665874f6e07db212d7e49a66f5e1f88364c534562d7a28a41631618096c87587,1382,whole,backlit,1067006179,,0,0,0.46,0.055,1.7
v1598_whole_0,data/synthetic/v3/images/v1598_whole_0.jpg,synthetic,train,rust,1,0,0,1,1,rust,2,rust_s1_mixed,1024,512,fb808b09be92ba72b6523efbee82373934c06d855be8b68cd7ad8bf802b68336,1598,whole,backlit,99758064,,0,0,0.501,0.077,0.72
v0141_whole_0,data/synthetic/v3/images/v0141_whole_0.jpg,synthetic,train,rust,1,1,0,0,3,rust,2,rust_s3plus_mixed,1024,512,86367dbdfc57ac37b225c7ff687d78e8f6e91e81ca96abfdbc1cb2b52c7773de,141,whole,shade,2053760084,,0,0,0.537,0.066,0.66
v0122_closeup_1,data/synthetic/v3/images/v0122_closeup_1.jpg,synthetic,train,rust,1,0,0,0,3,rust,1,rust_s3plus_pure,256,256,16752257f47e83249571e96d955bba1d4ede4ffa57093322e5fba4e50ecb760a,122,closeup,overcast,709047623,,0,0,0.607,0.099,2.35
v0589_closeup_0,data/synthetic/v3/images/v0589_closeup_0.jpg,synthetic,train,rust,1,1,0,0,3,rust,2,rust_s3plus_mixed,512,512,0051baca321a4d49f7059d4a561f1bb91c565cec75785007d8e81aa837fc100f,589,closeup,shade,1261218964,,0,0,0.446,0.104,0.46
v1116_whole_0,data/synthetic/v3/images/v1116_whole_0.jpg,synthetic,train,healthy,0,0,0,0,0,healthy,0,healthy,896,672,333eafe7c3da4abcd3c148291d44f4bec31df7c083f8877f1a677e65870d3cd2,1116,whole,golden,1062767829,,0,0,0.517,0.074,0.87
v1445_whole_0,data/synthetic/v3/images/v1445_whole_0.jpg,synthetic,train,rust,1,0,0,0,1,rust,1,rust_s1_pure,896,672,da5692cd9638d15b30e9ccac42a1b5c1655bb14b77a8dc70ad773ceca35bda41,1445,whole,sun_wet,1109413326,,0,0,0.541,0.114,1.51
v0573_whole_0,data/synthetic/v3/images/v0573_whole_0.jpg,synthetic,train,healthy,0,0,0,0,0,healthy,0,healthy,896,672,425d63f725cc7a18686eadecf005613a471f96f6eec0e8d7c84f3f63f2ad997c,573,whole,overcast,517486868,,0,0,0.468,0.06,1.27
v0684_whole_0,data/synthetic/v3/images/v0684_whole_0.jpg,synthetic,train,healthy,0,0,0,0,0,healthy,0,healthy,1024,512,3fd26348714e4b9a13d2f5a56fe3a00d6b3cf800a49cdc374e514f15011677ad,684,whole,overcast,72631575,,0,0,0.56,0.076,3.23
v1607_closeup_0,data/synthetic/v3/images/v1607_closeup_0.jpg,synthetic,train,rust,1,0,0,0,2,rust,1,rust_s2_pure,384,384,d77a80b490d654018d0ae2e3030bd644b50a334d2f519e64ea84573d7f6fff0d,1607,closeup,sun_wet,872832407,,0,0,0.453,0.135,1.99
v0962_closeup_0,data/synthetic/v3/images/v0962_closeup_0.jpg,synthetic,train,healthy,0,0,0,0,0,healthy,0,healthy,384,384,f955a1359ba9597e40cf4916d70f4088985570d2e3af0e19a31351cd03764e19,962,closeup,backlit,1649858887,,0,0,0.402,0.071,0.2
v1474_whole_0,data/synthetic/v3/images/v1474_whole_0.jpg,synthetic,train,rust,1,0,0,0,2,rust,1,rust_s2_pure,768,768,934c2e0c745c132ad561b5ce7d8c2489804c6a86d91d5c8df10fc9feadcb7020,1474,whole,sun,1364690967,,0,0,0.543,0.063,1.2
v1388_closeup_1,data/synthetic/v3/images/v1388_closeup_1.jpg,synthetic,train,rust,1,0,0,1,3,rust,2,rust_s3plus_mixed,512,512,559a49fd2b5ab734c3d10214a76ff9a57b1cc70a55198386b9b22162b6937bc6,1388,closeup,overcast,1158253987,,0,0,0.381,0.065,0.59
v0626_closeup_0,data/synthetic/v3/images/v0626_closeup_0.jpg,synthetic,train,healthy,0,0,0,0,0,healthy,0,healthy,384,384,95e32926d19f35e3f88f9b8d5d818de6e7d08012769ae768e3285be7d25d94be,626,closeup,golden,1752002845,,0,0,0.459,0.072,0.62
v1290_whole_0,data/synthetic/v3/images/v1290_whole_0.jpg,synthetic,train,rust,1,0,0,0,1,rust,1,rust_s1_pure,1024,512,868ccfcc857e27c432b0ccb0e32b5a727bb421aa79d4ce4cb245d848f729908a,1290,whole,rain,968991320,,0,0,0.562,0.068,1.46
v1297_whole_0,data/synthetic/v3/images/v1297_whole_0.jpg,synthetic,train,rust,1,0,0,0,4,rust,1,rust_s3plus_pure,896,672,c4e3a6990556d2c9dd2ee79e1a63920530454a761adacd27efdea81e8ad49053,1297,whole,studio,1015985373,,0,0,0.594,0.105,0.67
v0682_closeup_1,data/synthetic/v3/images/v0682_closeup_1.jpg,synthetic,train,rust,1,0,0,1,4,cercospora,2,rust_s3plus_mixed,512,512,0b00bf94d43621d4b340f819de3ec0d15eaa7c8f610c780670549521305af2ae,682,closeup,rain,2011040051,,0,0,0.396,0.111,5.17
v0919_whole_0,data/synthetic/v3/images/v0919_whole_0.jpg,synthetic,train,healthy,0,0,0,0,0,healthy,0,healthy,1024,512,33d5cc4ae9f254006563dd943de191d3c98db64239749b8d9f796c7b2c5030ef,919,whole,overcast,1943277087,,0,0,0.598,0.07,3.64
v1334_whole_0,data/synthetic/v3/images/v1334_whole_0.jpg,synthetic,train,rust,1,0,0,1,1,rust,2,rust_s1_mixed,1024,512,1a6a94176e7fd844bc444cd29ca7bbe60ca3c25e3eb74ace7d47a29a34581dab,1334,whole,rain,1813365584,,0,0,0.498,0.047,1.1
v1515_closeup_0,data/synthetic/v3/images/v1515_closeup_0.jpg,synthetic,train,rust,1,1,0,0,2,rust,2,rust_s2_mixed,256,256,71a40182c3ede1537ee6be4ebf1048dd8aab1ef5408cbe5da29b01a8607adb87,1515,closeup,overcast,1218352204,,0,0,0.416,0.049,1.35
v0852_whole_0,data/synthetic/v3/images/v0852_whole_0.jpg,synthetic,train,healthy,0,0,0,0,0,healthy,0,healthy,1024,512,d4f20ddafbac27484801e189e1ff136f868a5ff8851c0c2fa573b1324e1a4de7,852,whole,studio,1300455193,,0,0,0.864,0.154,1.74
v1125_whole_2,data/synthetic/v3/images/v1125_whole_2.jpg,synthetic,train,rust,1,1,0,0,4,rust,2,rust_s3plus_mixed,1024,512,4906b6f6f69444a68994791575c195cf37132bd56218ca3337c270c4b8c82a91,1125,whole,sun,1101397070,,0,0,0.46,0.084,1.14
v0093_whole_0,data/synthetic/v3/images/v0093_whole_0.jpg,synthetic,train,rust,1,0,0,0,1,rust,1,rust_s1_pure,1024,512,4a0f1abd43fa2b30d4cced292146e5cfdd2c2b3e1c819f36672531ce4c6257c2,93,whole,rain,1230930803,,0,0,0.526,0.052,0.35
v1089_whole_0,data/synthetic/v3/images/v1089_whole_0.jpg,synthetic,train,healthy,0,0,0,0,0,healthy,0,healthy,768,768,e74c9a0c51c490b91e5e49c16219acd31189bfb045fc33a6f205e6ddaeb67dbf,1089,whole,overcast,1953279442,,0,0,0.438,0.063,1.48
v1371_whole_0,data/synthetic/v3/images/v1371_whole_0.jpg,synthetic,train,rust,1,0,0,0,1,rust,1,rust_s1_pure,1024,512,3d751bf5c6cc3e1f16c2d9b5bec6efdeeb0b468e0235ba487f22340bf631f46a,1371,whole,rain,1706858220,,0,0,0.607,0.062,3.46
v1475_whole_0,data/synthetic/v3/images/v1475_whole_0.jpg,synthetic,train,rust,1,0,0,0,1,rust,1,rust_s1_pure,1024,512,ee1bdaa7e86e73f6df69789990224ee59a6c7c0b388cba271c09e0181202f314,1475,whole,overcast,1352000032,,0,0,0.457,0.079,1.02
v1128_whole_0,data/synthetic/v3/images/v1128_whole_0.jpg,synthetic,train,rust,1,1,0,0,1,miner,2,rust_s1_mixed,1024,512,4228d535c75ded3700373eb407df698d36fd27f7cbf51c346f0752233c65aed0,1128,whole,sun_wet,661851697,,0,0,0.553,0.091,3.3
v0710_whole_0,data/synthetic/v3/images/v0710_whole_0.jpg,synthetic,train,rust,1,0,0,1,1,undetermined,2,rust_s1_mixed,768,768,469986e15000932c63e3c11ebe8e9f207af974b856daa8838ace8acff7aa7bbc,710,whole,overcast,1127582705,,0,0,0.36,0.061,0.87
v1525_whole_2,data/synthetic/v3/images/v1525_whole_2.jpg,synthetic,train,rust,1,1,0,0,3,undetermined,2,rust_s3plus_mixed,1024,512,d2715be2c853b9a73650ef5fba05ec8755ffd872839fbcf1491e2a97bb593c38,1525,whole,golden,874863246,,0,0,0.393,0.053,2.26
v1239_closeup_0,data/synthetic/v3/images/v1239_closeup_0.jpg,synthetic,train,rust,1,0,0,0,2,rust,1,rust_s2_pure,384,384,efae38cf9f5dc3440c59efd6bc758bd2e5acd4e7cd1b6b03395f3240deba2802,1239,closeup,overcast,1504541107,,0,0,0.487,0.127,0.16
v1538_whole_0,data/synthetic/v3/images/v1538_whole_0.jpg,synthetic,train,rust,1,0,0,1,1,cercospora,2,rust_s1_mixed,896,672,9129881681ab98134ff698e4abc74eaa875f99a917b4a721c010beb80de6f0cc,1538,whole,sun_wet,1783615380,,0,0,0.435,0.144,5.25
v0859_whole_0,data/synthetic/v3/images/v0859_whole_0.jpg,synthetic,train,rust,1,0,0,0,1,rust,1,rust_s1_pure,896,672,65623d4545ea0bee94bb81b160967e065c568ed95231213a47ab1765015488fd,859,whole,studio,1104589048,,0,0,0.448,0.091,1.24
v1499_closeup_0,data/synthetic/v3/images/v1499_closeup_0.jpg,synthetic,train,rust,1,1,0,0,1,miner,2,rust_s1_mixed,512,512,f624fbab0a26bab85eee207d5f499c794804c06e14a83f8e2e14c1e5f59a4634,1499,closeup,rain,961571959,,0,0,0.463,0.056,0.44
v0934_whole_0,data/synthetic/v3/images/v0934_whole_0.jpg,synthetic,train,healthy,0,0,0,0,0,healthy,0,healthy,1024,512,949071dd2d34a1a4f9280f43214b9de0a6b87f5aa947c178fbe36097a9047c0f,934,whole,backlit,1359304135,,0,0,0.514,0.058,1.0
v0630_closeup_0,data/synthetic/v3/images/v0630_closeup_0.jpg,synthetic,train,healthy,0,0,0,0,0,healthy,0,healthy,384,384,98364ac4734e050634ec2e87e7d6c2410fb234762742d04920e5fcecff539178,630,closeup,rain,1415342794,,0,0,0.513,0.105,0.28
v1452_closeup_0,data/synthetic/v3/images/v1452_closeup_0.jpg,synthetic,train,rust,1,1,0,0,1,miner,2,rust_s1_mixed,512,512,6fef39e3e80b1737afa8cf63cc0dcee632ec2cd4579f1520a3713e5dee9b8e20,1452,closeup,overcast,2144549934,,0,0,0.357,0.049,0.15
v0207_whole_0,data/synthetic/v3/images/v0207_whole_0.jpg,synthetic,train,healthy,0,0,0,0,0,healthy,0,healthy,1024,512,38bd7e9f60417a7021a22df32a1fff7e8376a9554f2bacfde07fa8467d37d3a5,207,whole,shade,908490081,,0,0,0.516,0.064,1.44
v0091_whole_0,data/synthetic/v3/images/v0091_whole_0.jpg,synthetic,train,rust,1,0,0,0,2,rust,1,rust_s2_pure,768,768,3938da939062d7bba85ee8080722611254c8298494f240a70baaa894be55f140,91,whole,rain,1255823133,,0,0,0.594,0.067,2.88
v1523_closeup_0,data/synthetic/v3/images/v1523_closeup_0.jpg,synthetic,train,rust,1,0,0,1,1,rust,2,rust_s1_mixed,512,512,feb40f8630ade64efd1ab16d1d69e7eed7db6b8d1e0163eb096753705f1b7eb3,1523,closeup,sun,1587955472,,0,0,0.331,0.064,0.34
v1625_whole_0,data/synthetic/v3/images/v1625_whole_0.jpg,synthetic,train,rust,1,0,0,1,1,cercospora,2,rust_s1_mixed,768,768,9b1376194d35007da33c810af084fdf09d11e51cc062dea1291bf607d54184cd,1625,whole,shade,495665522,,0,0,0.619,0.063,1.7
v0713_whole_0,data/synthetic/v3/images/v0713_whole_0.jpg,synthetic,train,rust,1,0,0,0,1,rust,1,rust_s1_pure,1024,512,319c1c7f89f4e206f17add24e53f04698e504046a0097f69f557dd6e4c1b2515,713,whole,overcast,1098069416,,0,0,0.487,0.077,1.24
v1407_whole_0,data/synthetic/v3/images/v1407_whole_0.jpg,synthetic,train,rust,1,1,0,0,1,rust,2,rust_s1_mixed,1024,512,425ca3da010e3856f0905d971201ccfe389ed81ab437528016bb4752f71479db,1407,whole,rain,1321602807,,0,0,0.498,0.068,0.98
v1659_closeup_0,data/synthetic/v3/images/v1659_closeup_0.jpg,synthetic,train,rust,1,0,0,1,2,cercospora,2,rust_s2_mixed,256,256,b205fdc2a9e0c4f673a4388833e663abfbaf1655ebbfa529ccef33506ea11c74,1659,closeup,overcast,155615407,,0,0,0.499,0.058,0.95
v1269_whole_0,data/synthetic/v3/images/v1269_whole_0.jpg,synthetic,train,rust,1,0,0,0,1,rust,1,rust_s1_pure,896,672,5a8ac439ae644ead39bbea7ff7e5d27ed16103049aa804180d91a6476e75ccc5,1269,whole,sun_wet,1853065601,,0,0,0.574,0.119,6.1
v1291_closeup_1,data/synthetic/v3/images/v1291_closeup_1.jpg,synthetic,train,rust,1,1,0,0,3,rust,2,rust_s3plus_mixed,384,384,975b74fc5cf6cf625c99facb065b664c83e087e61361c9f6c1ee8384c966fa08,1291,closeup,golden,1325725945,,0,0,0.478,0.148,0.46
v1728_whole_0,data/synthetic/v3/images/v1728_whole_0.jpg,synthetic,train,rust,1,0,0,1,1,cercospora,2,rust_s1_mixed,1024,512,d89a47a31a0df971a6838a5a1f51697b9f8a2705d483637bfcdb9cbc384729ce,1728,whole,overcast,674495377,,0,0,0.622,0.078,0.89
v0098_whole_0,data/synthetic/v3/images/v0098_whole_0.jpg,synthetic,train,rust,1,0,0,0,2,rust,1,rust_s2_pure,768,768,58e3b817fb01dcf0e516a3c8998c950f0e8af62878902605c125f2c7ce7f544c,98,whole,backlit,1158376594,,0,0,0.51,0.066,0.91
v1009_whole_0,data/synthetic/v3/images/v1009_whole_0.jpg,synthetic,train,rust,1,0,0,0,1,rust,1,rust_s1_pure,1024,512,c33145245e396890ab25f9123ef0525f13618a2f5377a6184d1a08ed097c9bec,1009,whole,studio,836273469,,0,0,0.811,0.173,3.78
v1486_whole_2,data/synthetic/v3/images/v1486_whole_2.jpg,synthetic,train,rust,1,0,0,0,3,rust,1,rust_s3plus_pure,1024,512,0107f350f1df32b46d31528fa3ee5b4c05f23c640b731d2df43bd1a54e22c96f,1486,whole,rain,1690184963,,0,0,0.386,0.046,1.11
v1001_whole_0,data/synthetic/v3/images/v1001_whole_0.jpg,synthetic,train,healthy,0,0,0,0,0,healthy,0,healthy,1024,512,0fd27b0523024fc2db47b11bf248f517d2e75b7be4c6392838bd1c50d8c3bae9,1001,whole,rain,1070322821,,0,0,0.47,0.062,5.93
v0998_closeup_0,data/synthetic/v3/images/v0998_closeup_0.jpg,synthetic,train,healthy,0,0,0,0,0,healthy,0,healthy,512,512,642eedb91add399c7d0a7777b95c4e1f806ef84d3e68b747c96730f8a2496748,998,closeup,backlit,933383367,,0,0,0.563,0.105,1.62
v1533_whole_0,data/synthetic/v3/images/v1533_whole_0.jpg,synthetic,train,rust,1,0,0,1,1,rust,2,rust_s1_mixed,1024,512,26ccefd4654bdc19cf186c1a3ef00cc75a269db588375fab439190fcd5c9b808,1533,whole,sun_wet,1712988277,,0,0,0.459,0.134,1.25
v1469_whole_0,data/synthetic/v3/images/v1469_whole_0.jpg,synthetic,train,rust,1,0,0,1,2,cercospora,2,rust_s2_mixed,896,672,22d943df207afea04371149e67fd5eaaf124d6c0644aea9b646d6984137b71c7,1469,whole,sun,1630764065,,0,0,0.575,0.091,1.2
v1497_closeup_0,data/synthetic/v3/images/v1497_closeup_0.jpg,synthetic,train,rust,1,0,0,1,2,undetermined,2,rust_s2_mixed,256,256,77795d8a7a1e514e1de7982c1d635a086d652ebc6b1758d5b7863264be2909d0,1497,closeup,rain,869155197,,0,0,0.443,0.142,0.89
v0146_whole_0,data/synthetic/v3/images/v0146_whole_0.jpg,synthetic,train,rust,1,0,0,0,2,rust,1,rust_s2_pure,1024,512,559eeab49783dc393577438a5c15cbfc9d3376cebf79105293097956a22ac6a3,146,whole,studio,2133258961,,0,0,0.878,0.159,6.71
v0145_whole_0,data/synthetic/v3/images/v0145_whole_0.jpg,synthetic,train,rust,1,0,0,0,1,rust,1,rust_s1_pure,1024,512,35243ea21a1c52ea507f5fc81f027fc28842bf40e3770f04de4a3f9ebd1d1c30,145,whole,sun_wet,2103463048,,0,0,0.546,0.091,0.72
v0147_whole_0,data/synthetic/v3/images/v0147_whole_0.jpg,synthetic,train,rust,1,0,0,0,1,rust,1,rust_s1_pure,768,768,80d77e10636215095dd3a25dc6184075a78e6554033d0301a4ccda1c0b41f2f0,147,whole,sun,2128910566,,0,0,0.466,0.074,0.83
v0128_whole_0,data/synthetic/v3/images/v0128_whole_0.jpg,synthetic,train,rust,1,0,0,0,1,rust,1,rust_s1_pure,1024,512,16350497b6585b1450aaeceab91ef8e8094d44be8f0e50e27ac9a845c740fc8f,128,whole,sun,1356038151,,0,0,0.552,0.098,2.0
v0961_closeup_0,data/synthetic/v3/images/v0961_closeup_0.jpg,synthetic,train,healthy,0,0,0,0,0,healthy,0,healthy,512,512,3d1960e731c7f75671cfa7993aabe05572cf333b2626e831b89e005d2b7d6923,961,closeup,overcast,1611687710,,0,0,0.5,0.075,0.31
v0745_closeup_0,data/synthetic/v3/images/v0745_closeup_0.jpg,synthetic,train,healthy,0,0,0,0,0,healthy,0,healthy,384,384,ae43ac19cd0cfc300ffd25a683a27cfe0f7fa3fd224e5f61e28afd61c7d2ea58,745,closeup,sun,1914747176,,0,0,0.363,0.036,0.67
v0806_closeup_1,data/synthetic/v3/images/v0806_closeup_1.jpg,synthetic,train,rust,1,0,0,0,4,rust,1,rust_s3plus_pure,256,256,a1c058f90914014869bec5f5196744db7e839b7605187d43f0a914b267aec868,806,closeup,rain,173225825,,0,0,0.359,0.151,0.9
v0124_whole_1,data/synthetic/v3/images/v0124_whole_1.jpg,synthetic,train,rust,1,0,0,0,4,rust,1,rust_s3plus_pure,1024,512,6eaeffdee6166b51e8b750df6f76ccfd25f3a763aeeb405938b9bcee4ca1721e,124,whole,golden,785271285,,0,0,0.439,0.068,2.11
v1616_whole_0,data/synthetic/v3/images/v1616_whole_0.jpg,synthetic,train,rust,1,0,0,0,2,rust,1,rust_s2_pure,768,768,d917c798c0284ebf5589dec0216b99a4a3ea3a845ef2e1f3f24856146d9adf72,1616,whole,overcast,225988805,,0,0,0.585,0.09,0.83
v1702_whole_0,data/synthetic/v3/images/v1702_whole_0.jpg,synthetic,train,rust,1,0,0,1,1,rust,2,rust_s1_mixed,896,672,55c6df6691b41da289c85f8e53af65ea1dbc30a2fcbb25993872e522ec443985,1702,whole,overcast,263042764,,0,0,0.584,0.11,4.4
v0179_whole_0,data/synthetic/v3/images/v0179_whole_0.jpg,synthetic,train,healthy,0,0,0,0,0,healthy,0,healthy,1024,512,93a85eae72b94d4a08ba5490f2c2fa19d1a0d75117b85e7769e8f0c1257cd84f,179,whole,backlit,1724848642,,0,0,0.447,0.068,0.66
v0733_closeup_2,data/synthetic/v3/images/v0733_closeup_2.jpg,synthetic,train,rust,1,1,0,0,4,rust,2,rust_s3plus_mixed,512,512,5d26b4b2439429e26054efa48fdb1da7993467a5a6d9ce03b5130b4237ff0b0e,733,closeup,overcast,91528207,,0,0,0.48,0.102,0.77
v1237_closeup_0,data/synthetic/v3/images/v1237_closeup_0.jpg,synthetic,train,rust,1,1,0,0,3,rust,2,rust_s3plus_mixed,384,384,80e81bf091ba0c503f11fcfab01caeefa223c869b2489eee113554b2d851460d,1237,closeup,overcast,1395872953,,0,0,0.355,0.092,1.16
v0001_closeup_0,data/synthetic/v3/images/v0001_closeup_0.jpg,synthetic,train,healthy,0,0,0,0,0,healthy,0,healthy,384,384,09aab79d869fb8ae812f135c239828061b0bbc1920b07d0495c9848cfc566776,1,closeup,overcast,33180750,,0,0,0.621,0.086,0.48
v1299_whole_0,data/synthetic/v3/images/v1299_whole_0.jpg,synthetic,train,rust,1,0,0,1,1,rust,2,rust_s1_mixed,896,672,54d640048bf1491c1be134c98c6e90517ca31b2d8e05f6f3521c675cf79604a5,1299,whole,sun_wet,907057623,,0,0,0.539,0.12,4.56
v1642_whole_0,data/synthetic/v3/images/v1642_whole_0.jpg,synthetic,train,rust,1,0,0,1,3,cercospora,2,rust_s3plus_mixed,1024,512,218399bc06f6f07e6302291f014bb559d6272a883ab5f7543bdd5d8334441b26,1642,whole,rain,1034881067,,0,0,0.534,0.08,14.05
v1645_whole_0,data/synthetic/v3/images/v1645_whole_0.jpg,synthetic,train,rust,1,0,0,1,1,rust,2,rust_s1_mixed,1024,512,c041e783d555a51b35497f940e72f6186495ff5ca739b153a535fe776ba5b564,1645,whole,overcast,954212014,,0,0,0.525,0.172,1.06
v0943_whole_0,data/synthetic/v3/images/v0943_whole_0.jpg,synthetic,train,healthy,0,0,0,0,0,healthy,0,healthy,1024,512,aef6b0cb9828d191fb33bc243c2ca8f7652c4d5ea9396a302b36060fc7c56535,943,whole,studio,1235057659,,0,0,0.634,0.138,4.86
v1398_whole_0,data/synthetic/v3/images/v1398_whole_0.jpg,synthetic,train,rust,1,0,0,0,2,rust,1,rust_s2_pure,1024,512,ad226229d2465edb8b7d82b264b6cccce3aebe554ca2abb92257258d2364b550,1398,whole,sun,179493456,,0,0,0.5,0.06,2.52
v1704_whole_2,data/synthetic/v3/images/v1704_whole_2.jpg,synthetic,train,rust,1,1,0,1,4,rust,3,rust_s3plus_mixed,1024,512,5b7d80fa80aee301e911ababd8bb5fb6ba71d81f161b961a69e88c69d505c197,1704,whole,studio,1697557330,,0,0,0.83,0.18,5.15
v0586_whole_0,data/synthetic/v3/images/v0586_whole_0.jpg,synthetic,train,rust,1,0,0,0,1,rust,1,rust_s1_pure,1024,512,482486ac1a9e570d3a6c98d68394ca429eded76cc6cddfa76747ec88045d9796,586,whole,sun,1081142185,,0,0,0.452,0.086,1.02
v0467_whole_0,data/synthetic/v3/images/v0467_whole_0.jpg,synthetic,train,rust,1,0,1,0,1,phoma,2,rust_s1_mixed,1024,512,bead3aa60a5dd47c2e74656a003178f2f0c99d1a3bfbfcc7a4b42c119428d704,467,whole,overcast,470671133,,0,0,0.435,0.064,1.27
v0928_closeup_0,data/synthetic/v3/images/v0928_closeup_0.jpg,synthetic,train,rust,1,0,0,0,2,rust,1,rust_s2_pure,256,256,1be402bae7bb73a6b166180b6bcd09d61e730a9f0f081bac9ea8fc6f921901bd,928,closeup,shade,1621347270,,0,0,0.38,0.12,0.81
v0018_whole_0,data/synthetic/v3/images/v0018_whole_0.jpg,synthetic,train,healthy,0,0,0,0,0,healthy,0,healthy,1024,512,9b5d639432968faf43a2cbc0ced3b5f585378d4f39b0e6556049767f2e4d5727,18,whole,overcast,12534909,,0,0,0.444,0.053,2.38
v1308_closeup_1,data/synthetic/v3/images/v1308_closeup_1.jpg,synthetic,train,rust,1,0,0,0,4,rust,1,rust_s3plus_pure,384,384,044fc7103bd3b615129960a1e275cf2cab02127976ae359db95795cd8675cb68,1308,closeup,rain,12428620,,0,0,0.478,0.102,1.27
v1405_whole_0,data/synthetic/v3/images/v1405_whole_0.jpg,synthetic,train,rust,1,0,0,0,1,rust,1,rust_s1_pure,1024,512,80409f224e8fd2c63d973444e1e09816c1bf72797d1e170ed2be96951680a387,1405,whole,studio,1296226969,,0,0,0.645,0.132,4.0
v1125_whole_0,data/synthetic/v3/images/v1125_whole_0.jpg,synthetic,train,rust,1,1,0,0,4,rust,2,rust_s3plus_mixed,1024,512,670f6ccb01a91edac9c15f4939db9c7bfdc816f64c50139494c581b6dcbfcfd9,1125,whole,overcast,799776098,,0,0,0.463,0.057,0.49
v1317_closeup_0,data/synthetic/v3/images/v1317_closeup_0.jpg,synthetic,train,rust,1,0,0,1,3,undetermined,2,rust_s3plus_mixed,256,256,3e4a034c201b6c5cda40a20b0330ede41e5e8beff72daf5ab7d026331263fe76,1317,closeup,overcast,1146795394,,0,0,0.472,0.152,3.17
v0629_closeup_0,data/synthetic/v3/images/v0629_closeup_0.jpg,synthetic,train,healthy,0,0,0,0,0,healthy,0,healthy,512,512,65af5d1a6e07135cd608e2bfd417762ad9e308e14abf0084f193187530b76979,629,closeup,shade,1664169504,,0,0,0.496,0.078,0.28
v0912_closeup_0,data/synthetic/v3/images/v0912_closeup_0.jpg,synthetic,train,rust,1,1,0,0,2,rust,2,rust_s2_mixed,256,256,9f94d6650ba4f1830838406c77169c37cb55d42bc2f0c816f6f6ac8b7976c76c,912,closeup,rain,2139218430,,0,0,0.316,0.155,3.65
v0562_whole_0,data/synthetic/v3/images/v0562_whole_0.jpg,synthetic,train,rust,1,0,0,1,1,cercospora,2,rust_s1_mixed,896,672,0b21b79d540490d938d0151baeab9d74b0702b16f32e9d1320726ebeb09f5cf1,562,whole,studio,665203782,,0,0,0.668,0.13,2.67
v1420_whole_0,data/synthetic/v3/images/v1420_whole_0.jpg,synthetic,train,rust,1,1,0,0,1,rust,2,rust_s1_mixed,1024,512,ad6e3835fb4cd0a33f20238e67b755150b00b3b4e5f8d7561fb571c53bb257b2,1420,whole,sun_wet,1635832057,,0,0,0.483,0.058,0.74
v0141_closeup_2,data/synthetic/v3/images/v0141_closeup_2.jpg,synthetic,train,rust,1,1,0,0,3,rust,2,rust_s3plus_mixed,256,256,d80e964d8bd306fed1249688d28ecb5df2a95a0720769621657986b0c0779dc4,141,closeup,golden,342328696,,0,0,0.29,0.054,0.26
v0866_closeup_0,data/synthetic/v3/images/v0866_closeup_0.jpg,synthetic,train,healthy,0,0,0,0,0,healthy,0,healthy,512,512,2c8031f52c9da9f753a9d90d63a9a5039017a53097ed5549d00565cde17c0506,866,closeup,shade,1480546347,,0,0,0.499,0.087,0.16
v1355_whole_0,data/synthetic/v3/images/v1355_whole_0.jpg,synthetic,train,rust,1,1,0,0,2,rust,2,rust_s2_mixed,896,672,bc2c33c06038e30660dcfdc8e03aa4c62de61b175bd649c75a48b04efb2d216a,1355,whole,rain,1220343483,,0,0,0.486,0.081,5.18
v1277_closeup_2,data/synthetic/v3/images/v1277_closeup_2.jpg,synthetic,train,rust,1,0,0,1,4,rust,2,rust_s3plus_mixed,512,512,4bd8a9ee1ec32907114fdee8825be832347b5506554bb5876fb5aafa5564feb5,1277,closeup,sun,845128386,,0,0,0.589,0.076,0.28
v1181_whole_0,data/synthetic/v3/images/v1181_whole_0.jpg,synthetic,train,healthy,0,0,0,0,0,healthy,0,healthy,1024,512,fea67cd1ed550514b403b0440b777166f1f8a08ea3fc089001244589c4b594e4,1181,whole,backlit,1193268698,,0,0,0.542,0.085,2.45
v1248_whole_0,data/synthetic/v3/images/v1248_whole_0.jpg,synthetic,train,rust,1,1,0,0,4,rust,2,rust_s3plus_mixed,1024,512,f8350c59d6a24c00ad2cf54808835f8f95530dce87d765db18171646ee366c80,1248,whole,studio,1169697597,,0,0,0.807,0.2,11.58
v1097_whole_0,data/synthetic/v3/images/v1097_whole_0.jpg,synthetic,train,other,0,1,0,0,1,miner,1,other_miner,1024,512,828fccbf10113702a0898c657c2042086f5829566ca163cb9bda25bea631e286,1097,whole,sun_wet,1179576253,,0,0,0.495,0.097,2.46
v0938_closeup_0,data/synthetic/v3/images/v0938_closeup_0.jpg,synthetic,train,healthy,0,0,0,0,0,healthy,0,healthy,384,384,7faca5809ef47dda82693913cb49c50101ba6ab45d861f372deb5862bf1d2f3e,938,closeup,golden,1478470819,,0,0,0.459,0.136,1.01
v1388_whole_0,data/synthetic/v3/images/v1388_whole_0.jpg,synthetic,train,rust,1,0,0,1,3,rust,2,rust_s3plus_mixed,1024,512,23c98cc5ee8cce85e2fc4bb85483a1384578b113d9d724a72e3606b9547a6032,1388,whole,overcast,839826741,,0,0,0.525,0.097,2.19
v1557_whole_0,data/synthetic/v3/images/v1557_whole_0.jpg,synthetic,train,rust,1,1,0,0,2,rust,2,rust_s2_mixed,1024,512,054b351944292ee9e4495b7af27d7e958b5851913f486b4fcec53f01cdba83f9,1557,whole,sun_wet,1148770165,,0,0,0.406,0.067,0.93
v1296_closeup_0,data/synthetic/v3/images/v1296_closeup_0.jpg,synthetic,train,rust,1,0,0,0,1,rust,1,rust_s1_pure,512,512,d20fdf57e4b914bf030a56f5f99a15adb788c8c1050e13410d4a09743316abf5,1296,closeup,sun,1028447978,,0,0,0.518,0.091,0.3
v1008_whole_0,data/synthetic/v3/images/v1008_whole_0.jpg,synthetic,train,rust,1,0,0,1,1,rust,2,rust_s1_mixed,768,768,e8b177ed377b329a2b1fffaea6a14b6c68ae73ee3e50e1e53e9123a0d20937aa,1008,whole,backlit,807071498,,0,0,0.61,0.06,0.86
v0759_whole_0,data/synthetic/v3/images/v0759_whole_0.jpg,synthetic,train,healthy,0,0,0,0,0,healthy,0,healthy,896,672,caf9ea171748d3c6dbd0c935a820ca65ad8c94a49b9aef61a09618713315563d,759,whole,rain,1132865321,,0,0,0.548,0.112,1.37
v1257_whole_0,data/synthetic/v3/images/v1257_whole_0.jpg,synthetic,train,rust,1,1,0,0,1,undetermined,2,rust_s1_mixed,1024,512,25b410ff2e82167ba8d44313bd394f6c617b607e85304bf875b6dc9bb33c4a1f,1257,whole,rain,1985481573,,0,0,0.505,0.079,2.44
v1505_closeup_0,data/synthetic/v3/images/v1505_closeup_0.jpg,synthetic,train,rust,1,1,0,0,1,rust,2,rust_s1_mixed,256,256,96b9ee515b797bf2dd9e2a1fbf9997520fc9900be917966ea9a51101759b8190,1505,closeup,overcast,1881338665,,0,0,0.537,0.055,0.2
v0162_whole_0,data/synthetic/v3/images/v0162_whole_0.jpg,synthetic,train,rust,1,0,0,0,1,rust,1,rust_s1_pure,1024,512,7a020e8988b4442c1aedd29c91999bbdb906f75ec6375c201b922c955272a260,162,whole,golden,1378259590,,0,0,0.406,0.057,1.04
v0913_closeup_0,data/synthetic/v3/images/v0913_closeup_0.jpg,synthetic,train,healthy,0,0,0,0,0,healthy,0,healthy,512,512,0f5759f081d984622b1fedff9ae9a3c18bdfadc7b9f388322168bd7aaa917b32,913,closeup,overcast,2118355913,,0,0,0.536,0.123,0.31
v1006_whole_0,data/synthetic/v3/images/v1006_whole_0.jpg,synthetic,train,healthy,0,0,0,0,0,healthy,0,healthy,768,768,9ec0fe682d5c35cc053e502aa46738b5103f0d681a8dff2f075efaba38e3a1c6,1006,whole,overcast,981778944,,0,0,0.586,0.096,3.46
v1118_whole_0,data/synthetic/v3/images/v1118_whole_0.jpg,synthetic,train,healthy,0,0,0,0,0,healthy,0,healthy,1024,512,e19571af3040573d2ff3e42af99d72e0f4042a8e3d863853a468becad7887904,1118,whole,golden,902210015,,0,0,0.603,0.09,3.41
v0891_whole_0,data/synthetic/v3/images/v0891_whole_0.jpg,synthetic,train,healthy,0,0,0,0,0,healthy,0,healthy,768,768,df619387b24acc57cbaccfd5160940a91859ee455d58f0ada62cd791974832ec,891,whole,sun_wet,85155576,,0,0,0.479,0.137,5.01
v1559_whole_0,data/synthetic/v3/images/v1559_whole_0.jpg,synthetic,train,rust,1,0,0,0,1,rust,1,rust_s1_pure,1024,512,46a145503ea0d8adc0db60edace4500a0cdf89e8dbf15d3b0d2be07a2d358198,1559,whole,sun,1323760255,,0,0,0.451,0.102,1.0
v1332_whole_0,data/synthetic/v3/images/v1332_whole_0.jpg,synthetic,train,rust,1,0,0,0,2,rust,1,rust_s2_pure,1024,512,c9517e11401d1bf310a2f3e909b376689ca3e209886b5e73a56cab0c4c369ff8,1332,whole,sun_wet,1754841058,,0,0,0.52,0.085,4.38
v1317_whole_2,data/synthetic/v3/images/v1317_whole_2.jpg,synthetic,train,rust,1,0,0,1,3,undetermined,2,rust_s3plus_mixed,896,672,1dbe930d74f7afafd1db88e0bb3da7cf520102f6554c7cb7e8b6dedc598d651b,1317,whole,sun,710202542,,0,0,0.519,0.093,0.33
v0124_whole_0,data/synthetic/v3/images/v0124_whole_0.jpg,synthetic,train,rust,1,0,0,0,4,rust,1,rust_s3plus_pure,1024,512,ce0cd4786757a8274370e03e9ec67ce0c965108cfe38f513a04378a4ed8c107b,124,whole,shade,1506376035,,0,0,0.573,0.126,2.71
v1150_whole_0,data/synthetic/v3/images/v1150_whole_0.jpg,synthetic,train,rust,1,0,0,0,2,rust,1,rust_s2_pure,1024,512,bac1ccbed959c385b86a6f6d3b39ead0bbd2a4777c5836c2e66f43a3e28f820a,1150,whole,sun_wet,884434736,,0,0,0.548,0.113,2.34
v0201_whole_0,data/synthetic/v3/images/v0201_whole_0.jpg,synthetic,train,healthy,0,0,0,0,0,healthy,0,healthy,1024,512,918439e55941b4962bef00cf339e4b0ad1706f233d6689784ccc0eacc66336dd,201,whole,studio,850069971,,0,0,0.788,0.167,3.52
v0909_closeup_0,data/synthetic/v3/images/v0909_closeup_0.jpg,synthetic,train,healthy,0,0,0,0,0,healthy,0,healthy,256,256,3a9b8d0a85214e082578d45a1af0aae65e9e20bddb62885b2b696da44fc8a9a2,909,closeup,overcast,1265133946,,0,0,0.508,0.095,0.28
v0830_closeup_0,data/synthetic/v3/images/v0830_closeup_0.jpg,synthetic,train,healthy,0,0,0,0,0,healthy,0,healthy,384,384,e3e06a4b8f66c60a322a590497b194d18ecf9e35739ba9f8f255c57785c5e1f0,830,closeup,shade,1802294443,,0,0,0.474,0.052,0.08
v1380_whole_0,data/synthetic/v3/images/v1380_whole_0.jpg,synthetic,train,rust,1,0,0,1,1,undetermined,2,rust_s1_mixed,768,768,f8c2568739b60bd9b41df5ed89f8bd69903acfe31d4f0474751f73b2c6efce14,1380,whole,golden,1008594061,,0,0,0.561,0.058,0.97
v0722_whole_0,data/synthetic/v3/images/v0722_whole_0.jpg,synthetic,train,rust,1,0,0,0,1,rust,1,rust_s1_pure,1024,512,1d73584c7f35ea2f2a2fea428c8f80adc16984dfbec7e72e8785dc645ce6d84f,722,whole,golden,1376055409,,0,0,0.44,0.083,1.06
v1486_closeup_1,data/synthetic/v3/images/v1486_closeup_1.jpg,synthetic,train,rust,1,0,0,0,3,rust,1,rust_s3plus_pure,384,384,baf4b2d7f3bfb354becef285df8f6f5adad4410792e1b9e2471bbc61dae2acc2,1486,closeup,sun,2109177017,,0,0,0.39,0.084,0.17
v1605_whole_0,data/synthetic/v3/images/v1605_whole_0.jpg,synthetic,train,rust,1,0,0,1,2,rust,2,rust_s2_mixed,1024,512,b52b7525b867267bacdbbc1c8cdde37d195bb41587b91008d75d5f4111bbdae8,1605,whole,studio,931301881,,0,0,0.829,0.148,4.92
v0995_whole_0,data/synthetic/v3/images/v0995_whole_0.jpg,synthetic,train,healthy,0,0,0,0,0,healthy,0,healthy,896,672,534c1d47cc2ad72b2a9f7cf80d3a27823eec11b735ddfbfc5d780f9a23b9d6c4,995,whole,shade,1065017236,,0,0,0.612,0.096,0.58
v1283_closeup_0,data/synthetic/v3/images/v1283_closeup_0.jpg,synthetic,train,rust,1,0,0,0,2,rust,1,rust_s2_pure,256,256,1cb0649d6b319497125d17dbb199ed4015232400936d519fc961ea728ef5ac70,1283,closeup,rain,54229860,,0,0,0.465,0.079,1.26
v1507_whole_0,data/synthetic/v3/images/v1507_whole_0.jpg,synthetic,train,rust,1,0,0,0,1,rust,1,rust_s1_pure,1024,512,229c229a48c3da2dd833fd5384a80aacc5b71862d032c95979aadc5b22fd9906,1507,whole,sun,1940268871,,0,0,0.465,0.079,1.6
v0939_closeup_0,data/synthetic/v3/images/v0939_closeup_0.jpg,synthetic,train,healthy,0,0,0,0,0,healthy,0,healthy,256,256,b515ae901de754c09bcd005c23b2f7fc718e90f24b944ec5533d309d3eae7d2d,939,closeup,overcast,1507706516,,0,0,0.405,0.079,0.53
v0208_whole_0,data/synthetic/v3/images/v0208_whole_0.jpg,synthetic,train,healthy,0,0,0,0,0,healthy,0,healthy,896,672,e448ee597bfae87b527bfbbc3f97253f1d008dac2cfebc3f3d2dd702ee4694fd,208,whole,studio,1031418460,,0,0,0.797,0.182,7.0
v0122_closeup_0,data/synthetic/v3/images/v0122_closeup_0.jpg,synthetic,train,rust,1,0,0,0,3,rust,1,rust_s3plus_pure,512,512,b5cb89cce8ac844b8a50d0f04230f1b07f95141b729a66c7f6927ed47837680c,122,closeup,overcast,1564739025,,0,0,0.508,0.089,1.09
v0159_whole_0,data/synthetic/v3/images/v0159_whole_0.jpg,synthetic,train,rust,1,0,0,1,1,rust,2,rust_s1_mixed,1024,512,59affd03531ee2d0afe27f871ab9eb62146fdbd51500a2d097e32942c7f6939d,159,whole,sun_wet,1288098441,,0,0,0.485,0.12,4.57
v0597_whole_0,data/synthetic/v3/images/v0597_whole_0.jpg,synthetic,train,rust,1,0,0,0,2,rust,1,rust_s2_pure,896,672,2e4ed2013a6424dd0c42ec2ff61ae08fcf1631186252ef1352c8e4ea9ba957cc,597,whole,studio,2031019771,,0,0,0.775,0.171,7.58
v1517_closeup_2,data/synthetic/v3/images/v1517_closeup_2.jpg,synthetic,train,rust,1,0,0,0,4,rust,1,rust_s3plus_pure,384,384,3a81e8cd4c45c8ed42c73fea17e72d6222145e3d1b9b0d9ff34c907ecb61b24d,1517,closeup,rain,622076174,,0,0,0.505,0.085,0.28
v1293_whole_0,data/synthetic/v3/images/v1293_whole_0.jpg,synthetic,train,rust,1,0,0,1,2,rust,2,rust_s2_mixed,1024,512,c4f6489b6f580c5c7c152d6183d780796b56301e8df24e392a4abe02559488ba,1293,whole,backlit,998710273,,0,0,0.355,0.105,0.69
v1432_whole_0,data/synthetic/v3/images/v1432_whole_0.jpg,synthetic,train,rust,1,0,0,0,2,rust,1,rust_s2_pure,768,768,efcefefe71225a0985add7e2fb87c45876937955bc60c92d21425568b5dcceae,1432,whole,rain,1522033650,,0,0,0.543,0.075,1.7
v1315_closeup_0,data/synthetic/v3/images/v1315_closeup_0.jpg,synthetic,train,rust,1,0,0,0,3,rust,1,rust_s3plus_pure,256,256,d635df7c535c739707ccf17426e430879e6c9ec09eec2134601f997386cfb758,1315,closeup,shade,1205756396,,0,0,0.454,0.128,0.3
v1263_closeup_0,data/synthetic/v3/images/v1263_closeup_0.jpg,synthetic,train,rust,1,0,0,0,2,rust,1,rust_s2_pure,256,256,65f31951d070c8b772189792321a4d28fe7105f73c4ead4cac6689b714a476ce,1263,closeup,backlit,1675889751,,0,0,0.367,0.096,0.73
v1575_whole_0,data/synthetic/v3/images/v1575_whole_0.jpg,synthetic,train,rust,1,0,0,1,1,cercospora,2,rust_s1_mixed,896,672,69f906381ebf46a5443fbf3f27b8a0caa62f295e47c2c589f5fa7ed8c05491a6,1575,whole,sun,1844824976,,0,0,0.545,0.1,2.38
v1640_whole_0,data/synthetic/v3/images/v1640_whole_0.jpg,synthetic,train,rust,1,0,0,1,1,undetermined,2,rust_s1_mixed,768,768,46e733b1dbbbc791b5c34c1dd1063e8beffec0f172229c5cfd5bc5919b227ab0,1640,whole,overcast,1043061829,,0,0,0.559,0.074,1.85
v1366_whole_0,data/synthetic/v3/images/v1366_whole_0.jpg,synthetic,train,rust,1,0,0,0,1,rust,1,rust_s1_pure,1024,512,79f47a4184f6dfdd4d7c20b34a93ec6b003938d93981e78d4dff4e1b9e07bbdd,1366,whole,golden,1481631500,,0,0,0.508,0.113,11.53
v1273_closeup_0,data/synthetic/v3/images/v1273_closeup_0.jpg,synthetic,train,rust,1,1,0,0,3,rust,2,rust_s3plus_mixed,384,384,3938ef0963d7c944ed023334cc5347d67bf1a678e13783aade7ef5592caaa358,1273,closeup,shade,1532521266,,0,0,0.411,0.131,0.51
v1188_closeup_0,data/synthetic/v3/images/v1188_closeup_0.jpg,synthetic,train,rust,1,1,0,0,1,miner,2,rust_s1_mixed,256,256,e462406e81f8e87542414447aed1205422a6f599d5d78281abcf80dcb14f1c84,1188,closeup,rain,1221520981,,0,0,0.439,0.076,0.36
v1234_closeup_0,data/synthetic/v3/images/v1234_closeup_0.jpg,synthetic,train,rust,1,0,0,0,1,rust,1,rust_s1_pure,384,384,41bb144934aa4cb71d579f2d114f2331e48c9811848d8fa9aa963f7cb9e26ca5,1234,closeup,shade,1366682336,,0,0,0.373,0.049,0.14
v0994_closeup_0,data/synthetic/v3/images/v0994_closeup_0.jpg,synthetic,train,healthy,0,0,0,0,0,healthy,0,healthy,256,256,be6a0eb0c2077f1c70ab8a857b3e1cc6d03a49f6986a7486e95fd8f771455e32,994,closeup,rain,1052292515,,0,0,0.471,0.099,0.28
v0561_whole_2,data/synthetic/v3/images/v0561_whole_2.jpg,synthetic,train,rust,1,1,0,0,4,rust,2,rust_s3plus_mixed,1024,512,3d5e1658cda1895e34b703d9d4cdd371742971a719b388872f768e44f1acffb0,561,whole,studio,1273948979,,0,0,0.683,0.18,2.23
v1358_closeup_0,data/synthetic/v3/images/v1358_closeup_0.jpg,synthetic,train,rust,1,0,0,1,1,rust,2,rust_s1_mixed,256,256,9ce41a8e567d2fd2e8322ac52bf3e31f14cbacb716f2d7c3135df7c993678431,1358,closeup,golden,1080321512,,0,0,0.589,0.14,0.74
v0879_closeup_0,data/synthetic/v3/images/v0879_closeup_0.jpg,synthetic,train,healthy,0,0,0,0,0,healthy,0,healthy,512,512,440bcbfbdfa6a01e7e8b83989937d248b9c1efae9b49dc219f22832936061d84,879,closeup,rain,1809807475,,0,0,0.619,0.072,1.41
v0809_closeup_0,data/synthetic/v3/images/v0809_closeup_0.jpg,synthetic,train,rust,1,0,0,0,2,rust,1,rust_s2_pure,512,512,e101da4410dddd76e339324dc3fa5a67cce3e27b94a219584f837a23ef50eb6b,809,closeup,overcast,1980252362,,0,0,0.473,0.101,0.12
v0881_closeup_0,data/synthetic/v3/images/v0881_closeup_0.jpg,synthetic,train,rust,1,0,0,0,2,rust,1,rust_s2_pure,512,512,d2ffff079d2a40bb46940838944e81b3068b0417321c6e7e34815f149ab00e00,881,closeup,sun,1034893725,,0,0,0.53,0.069,0.25
v1664_whole_0,data/synthetic/v3/images/v1664_whole_0.jpg,synthetic,train,rust,1,0,0,0,1,rust,1,rust_s1_pure,896,672,87867a749fbcf56b5a6c08277b3e42c49817d46b834234c2d5f23b8db52d91a0,1664,whole,shade,321633298,,0,0,0.434,0.048,1.28
v1709_closeup_0,data/synthetic/v3/images/v1709_closeup_0.jpg,synthetic,train,rust,1,0,0,1,1,rust,2,rust_s1_mixed,256,256,aa09aff96351f799dabb34a3bea1b4195a8bced6984dfc5e9ae0f5390632e744,1709,closeup,sun_wet,66607405,,0,0,0.563,0.083,0.55
v1729_whole_0,data/synthetic/v3/images/v1729_whole_0.jpg,synthetic,train,rust,1,0,0,0,1,rust,1,rust_s1_pure,896,672,67fae6226e17465fe06da2000c9c769315cb1598033f1f8cb0b76bb239436082,1729,whole,overcast,703697318,,0,0,0.44,0.057,0.57
v1615_whole_0,data/synthetic/v3/images/v1615_whole_0.jpg,synthetic,train,rust,1,0,0,1,2,undetermined,2,rust_s2_mixed,1024,512,7cfa3cac636aadfcfd1c347bd7ac21eab70cdd98efcf47f29f8e3f2006946843,1615,whole,overcast,255782556,,0,0,0.529,0.065,0.6
v0132_closeup_2,data/synthetic/v3/images/v0132_closeup_2.jpg,synthetic,train,rust,1,0,0,0,3,rust,1,rust_s3plus_pure,256,256,2270862d91e824da193bd2850eb8cdeb4e00286f8e20e78e2b60c2684acd865e,132,closeup,backlit,200672152,,0,0,0.592,0.088,0.34
v1634_whole_0,data/synthetic/v3/images/v1634_whole_0.jpg,synthetic,train,rust,1,0,0,1,1,cercospora,2,rust_s1_mixed,1024,512,53f2214aee076efd154cffeaf8b2edc40db4105e73f71bffa24c1500ce398b6b,1634,whole,sun,620055584,,0,0,0.388,0.107,2.55
v1551_whole_0,data/synthetic/v3/images/v1551_whole_0.jpg,synthetic,train,rust,1,0,0,1,1,rust,2,rust_s1_mixed,896,672,fc5bf06ea56591fa0b0c2942cd2d2d050f2c25c2891c563da23bd7ec375bfdfa,1551,whole,rain,1089842119,,0,0,0.366,0.113,2.14
v1302_whole_0,data/synthetic/v3/images/v1302_whole_0.jpg,synthetic,train,rust,1,0,0,0,1,rust,1,rust_s1_pure,896,672,f66e80778dcb5a6719d9b4715f19833e3db961a61c6bf8d33a108fd4470651e5,1302,whole,overcast,2049773580,,0,0,0.585,0.072,1.64
v0664_closeup_0,data/synthetic/v3/images/v0664_closeup_0.jpg,synthetic,train,rust,1,0,0,0,4,rust,1,rust_s3plus_pure,256,256,561daa2b87620111c66d114d9391730dd61c2f6fe46368021c890bac6d6066e1,664,closeup,golden,1686843940,,0,0,0.5,0.06,0.35
v1537_whole_0,data/synthetic/v3/images/v1537_whole_0.jpg,synthetic,train,rust,1,1,0,0,2,rust,2,rust_s2_mixed,896,672,95f4d390a39e178ed688e20876747081443d36fadb7f3e87c7308c14bce63f29,1537,whole,golden,1628670121,,0,0,0.451,0.082,2.62
v1606_closeup_1,data/synthetic/v3/images/v1606_closeup_1.jpg,synthetic,train,rust,1,0,0,0,4,rust,1,rust_s3plus_pure,512,512,cb28142d6d9f0dc8a04ad28f513cdc8fb3182fc0b6fb135af4728e9e612842f5,1606,closeup,overcast,1120077622,,0,0,0.446,0.078,0.36
v0823_closeup_1,data/synthetic/v3/images/v0823_closeup_1.jpg,synthetic,train,rust,1,0,0,0,3,rust,1,rust_s3plus_pure,384,384,999f16aea89288e21ec2af270098f548d634ff941ebac94b9d52237e942c5dff,823,closeup,sun,647052545,,0,0,0.509,0.079,0.37
v1519_closeup_0,data/synthetic/v3/images/v1519_closeup_0.jpg,synthetic,train,rust,1,1,0,0,1,miner,2,rust_s1_mixed,512,512,26f49df83f6ce2f366b98ec1fdaea9e91a19bf5b1f442901f54da281f493096d,1519,closeup,rain,1099197736,,0,0,0.422,0.074,4.69
v0814_closeup_0,data/synthetic/v3/images/v0814_closeup_0.jpg,synthetic,train,rust,1,0,0,1,1,rust,2,rust_s1_mixed,512,512,07dbc4c6b4897b2c9040c86ae7687160f99814033f624eec6587c7bbc108cc20,814,closeup,overcast,1181529340,,0,0,0.466,0.067,0.27
v0593_whole_0,data/synthetic/v3/images/v0593_whole_0.jpg,synthetic,train,rust,1,0,0,0,2,rust,1,rust_s2_pure,1024,512,c270061aa99e3789cd25f2fd5298f43a6f2821b34d6ecab5a24b721f79022864,593,whole,backlit,2114407975,,0,0,0.466,0.055,0.9
v0793_whole_0,data/synthetic/v3/images/v0793_whole_0.jpg,synthetic,train,healthy,0,0,0,0,0,healthy,0,healthy,1024,512,53dd12a99b126c8e90e80e52a165a262bbdcdd60a035201c338925208b224d17,793,whole,golden,80158023,,0,0,0.442,0.107,0.67
v1458_whole_0,data/synthetic/v3/images/v1458_whole_0.jpg,synthetic,train,rust,1,1,0,0,1,miner,2,rust_s1_mixed,768,768,9e88ac0d5f519e39203a5453fc5ac28bce921eef2fdf8a1bf93dab885174ae86,1458,whole,overcast,1917106680,,0,0,0.578,0.071,0.17
v0978_closeup_0,data/synthetic/v3/images/v0978_closeup_0.jpg,synthetic,train,healthy,0,0,0,0,0,healthy,0,healthy,512,512,d7d416ebc685e3df069d7eb3b8f7f6a357c413a2d6998b2fc1a221167f796bce,978,closeup,backlit,1467825140,,0,0,0.434,0.063,0.08
v1326_closeup_1,data/synthetic/v3/images/v1326_closeup_1.jpg,synthetic,train,rust,1,1,0,0,4,rust,2,rust_s3plus_mixed,384,384,4c64c259b925a159e334d286226003d515860fa651fd9574797c2e58b592b357,1326,closeup,rain,539640013,,0,0,0.433,0.149,1.78
v1522_whole_0,data/synthetic/v3/images/v1522_whole_0.jpg,synthetic,train,rust,1,0,0,0,1,rust,1,rust_s1_pure,896,672,4d2432000d613e7f8ca1d1684c84dd8b0348df3ad0d8ce221bc2a881ffd8b30b,1522,whole,overcast,1600400679,,0,0,0.515,0.082,0.53
v0104_whole_0,data/synthetic/v3/images/v0104_whole_0.jpg,synthetic,train,rust,1,0,0,0,1,rust,1,rust_s1_pure,1024,512,55283debb557c9b0e4c439618531aea5fbb191a36da46217e1e41a5ed8250b4f,104,whole,backlit,1942008296,,0,0,0.58,0.077,1.17
v0100_whole_0,data/synthetic/v3/images/v0100_whole_0.jpg,synthetic,train,rust,1,1,0,0,4,rust,2,rust_s3plus_mixed,1024,512,7e9714d3c7ec68618c04bc6afe021fc9d150492cd932f8ee48f86f3bd0b01925,100,whole,studio,1959336244,,0,0,0.808,0.206,3.17
v1325_whole_0,data/synthetic/v3/images/v1325_whole_0.jpg,synthetic,train,rust,1,0,0,1,1,rust,2,rust_s1_mixed,768,768,c40895b06dd1552e688a317670a9130285238ab2aa6edc22286675b4d1dda75a,1325,whole,overcast,1433128450,,0,0,0.352,0.059,2.04
v0130_whole_0,data/synthetic/v3/images/v0130_whole_0.jpg,synthetic,train,rust,1,0,0,0,2,rust,1,rust_s2_pure,1024,512,6fc38f5342028c9ecdf03c04dc56fd78897403d5cb06f9aae6fbb36552580ba6,130,whole,overcast,1719449306,,0,0,0.439,0.057,1.15
v1705_closeup_1,data/synthetic/v3/images/v1705_closeup_1.jpg,synthetic,train,rust,1,0,0,0,3,rust,1,rust_s3plus_pure,512,512,f91092da1535bcc0fa508a65c8b94c8daac9b007d4f4452bcb7cf73f7dd19a48,1705,closeup,golden,2112196831,,0,0,0.386,0.093,0.4
v1291_whole_2,data/synthetic/v3/images/v1291_whole_2.jpg,synthetic,train,rust,1,1,0,0,3,rust,2,rust_s3plus_mixed,1024,512,e4acf73c06bd8e1caa300d31060ab63be5081f11c8d4e7cd56781881085d2850,1291,whole,overcast,1443735875,,0,0,0.534,0.088,1.16
v0126_whole_0,data/synthetic/v3/images/v0126_whole_0.jpg,synthetic,train,rust,1,0,0,0,4,rust,1,rust_s3plus_pure,1024,512,c8778d0f0a19cbabead763882166f2bd023506976a6c9b861bbe31db8b15ac42,126,whole,studio,1515040013,,0,0,0.833,0.201,3.36
v0886_closeup_0,data/synthetic/v3/images/v0886_closeup_0.jpg,synthetic,train,healthy,0,0,0,0,0,healthy,0,healthy,256,256,13fd5e95da624cba1a19b8c697844a3ed77fb237ba1631c4a303a777d66cb4b5,886,closeup,overcast,954216216,,0,0,0.509,0.097,0.49
v1544_whole_0,data/synthetic/v3/images/v1544_whole_0.jpg,synthetic,train,rust,1,0,0,0,2,rust,1,rust_s2_pure,896,672,d5e4cacc8e7e8d5467611bb87234dbed97de0400d5fd2256ccb1c302a529660d,1544,whole,sun_wet,2122452553,,0,0,0.643,0.122,2.11
v0667_closeup_0,data/synthetic/v3/images/v0667_closeup_0.jpg,synthetic,train,healthy,0,0,0,0,0,healthy,0,healthy,384,384,0ce6748f10f1e5611f565f91cf72e2885313b7b7209a9f5d246a29c2c83c9b41,667,closeup,backlit,1724746877,,0,0,0.539,0.132,1.05
v1696_closeup_0,data/synthetic/v3/images/v1696_closeup_0.jpg,synthetic,train,rust,1,1,0,0,1,undetermined,2,rust_s1_mixed,256,256,ec18705d8fa8212a57871887b0395415d68a907e385048b528a29e7f51cc33c5,1696,closeup,golden,1221359658,,0,0,0.541,0.066,0.12
v1125_whole_1,data/synthetic/v3/images/v1125_whole_1.jpg,synthetic,train,rust,1,1,0,0,4,rust,2,rust_s3plus_mixed,1024,512,296cbcd4591b1bd2791e28a2210a96889de43a6fd0f86670ac40714f6506e703,1125,whole,sun,1487711732,,0,0,0.446,0.08,1.3
v0738_closeup_0,data/synthetic/v3/images/v0738_closeup_0.jpg,synthetic,train,rust,1,0,0,1,2,rust,2,rust_s2_mixed,512,512,75ba21bd1fab0b7b8b029d801b2cd76ea8b176daa9fb0a18960a06369b17a6be,738,closeup,golden,1731138242,,0,0,0.354,0.093,0.34
v1186_whole_0,data/synthetic/v3/images/v1186_whole_0.jpg,synthetic,train,rust,1,1,0,0,2,undetermined,2,rust_s2_mixed,896,672,9437c93a18c7be38f4479becb207d6119cb7a4cbe61448d9881f88e90bdbcaf8,1186,whole,studio,1112589151,,0,0,0.833,0.218,8.68
v1583_whole_0,data/synthetic/v3/images/v1583_whole_0.jpg,synthetic,train,rust,1,0,0,1,1,rust,2,rust_s1_mixed,1024,512,d10ae3b8a9f66e10a382163e69b6e94329d85c68b52aab9fa92662d3d342ba43,1583,whole,overcast,823895924,,0,0,0.502,0.095,1.79
v0156_whole_0,data/synthetic/v3/images/v0156_whole_0.jpg,synthetic,train,rust,1,0,0,1,1,rust,2,rust_s1_mixed,1024,512,a9624579187721cc9c8de36851218ad7526114857c2f3979d78fb213994f9108,156,whole,studio,1201313204,,0,0,0.767,0.259,4.19
v1402_closeup_0,data/synthetic/v3/images/v1402_closeup_0.jpg,synthetic,train,rust,1,0,0,1,2,rust,2,rust_s2_mixed,512,512,5b4f48e6ba9fdc95aa2839adca1a3752c192316164bcc3391524837247c068c3,1402,closeup,sun,1208863772,,0,0,0.352,0.109,0.17
v1503_closeup_0,data/synthetic/v3/images/v1503_closeup_0.jpg,synthetic,train,rust,1,0,0,1,2,rust,2,rust_s2_mixed,512,512,4e4bbdc200d765d7c65bf7525946e2d5fa49edd7711ae40cc9c33afafbfff64b,1503,closeup,overcast,1957662619,,0,0,0.544,0.057,0.1
v1268_whole_0,data/synthetic/v3/images/v1268_whole_0.jpg,synthetic,train,rust,1,1,0,0,2,rust,2,rust_s2_mixed,1024,512,4c3b3b2d94df930d06088a3539a306bccf1c505052dd589223c875335a6c2ea9,1268,whole,overcast,1873929142,,0,0,0.584,0.067,1.08
v0107_whole_0,data/synthetic/v3/images/v0107_whole_0.jpg,synthetic,train,rust,1,0,0,0,1,rust,1,rust_s1_pure,768,768,40e03477aa3bbf575d4e3c9436abe0ae6c4a49b0fe574c0c0dffba2ef29ad6f6,107,whole,golden,1904611249,,0,0,0.497,0.056,0.34
v1406_closeup_0,data/synthetic/v3/images/v1406_closeup_0.jpg,synthetic,train,rust,1,0,0,0,1,rust,1,rust_s1_pure,512,512,3fbdc9f9906a91d6f950148ce3b1a93a4c639b05cddb5529502dc629be560993,1406,closeup,golden,1325688000,,0,0,0.545,0.085,0.29
v0706_whole_0,data/synthetic/v3/images/v0706_whole_0.jpg,synthetic,train,rust,1,0,0,0,4,rust,1,rust_s3plus_pure,1024,512,0b73269a450a24e2a7894d221e950e366a853fa84afd14c993d4e9a780fbadc5,706,whole,sun,2131005478,,0,0,0.408,0.064,1.05
v1087_whole_0,data/synthetic/v3/images/v1087_whole_0.jpg,synthetic,train,rust,1,1,0,0,1,undetermined,2,rust_s1_mixed,768,768,456a4059ec95939af6e606ecd6b28bd7423641771f88abf2cba628a8949fe361,1087,whole,sun_wet,2129821912,,0,0,0.48,0.084,4.93
v1066_whole_0,data/synthetic/v3/images/v1066_whole_0.jpg,synthetic,train,healthy,0,0,0,0,0,healthy,0,healthy,1024,512,952c95bd634190c0b1dd7b6aecdcda922d9841eceefdc17677dc7656cdf13fb6,1066,whole,overcast,535797212,,0,0,0.587,0.098,1.18
v1472_whole_0,data/synthetic/v3/images/v1472_whole_0.jpg,synthetic,train,rust,1,0,0,1,2,rust,2,rust_s2_mixed,1024,512,1bfa0646de89a4f2268ec89a93f87f4b7c71361e93de250db948d58e8ff8fe9c,1472,whole,rain,1440412837,,0,0,0.466,0.104,3.67
v0975_whole_0,data/synthetic/v3/images/v0975_whole_0.jpg,synthetic,train,healthy,0,0,0,0,0,healthy,0,healthy,1024,512,c907fc9242ea4b3bac64c923fcc9f9226810875a5aa7d3f463653d7b04ff0a36,975,whole,backlit,1604692135,,0,0,0.591,0.073,0.57
v0674_closeup_0,data/synthetic/v3/images/v0674_closeup_0.jpg,synthetic,train,healthy,0,0,0,0,0,healthy,0,healthy,256,256,b422b34c976127ee35d0930cda48d10be76de65ee3fb73fb04ddd667140b11f9,674,closeup,sun_wet,1547130177,,0,0,0.45,0.085,2.17
v0578_whole_0,data/synthetic/v3/images/v0578_whole_0.jpg,synthetic,train,healthy,0,0,0,0,0,healthy,0,healthy,1024,512,c5bf8b9f7a9f0bb78e6eddc65dbe08bcda00ffcb1ab8c4de311a3f6c850e080c,578,whole,sun,311285493,,0,0,0.585,0.095,1.26
v1374_whole_0,data/synthetic/v3/images/v1374_whole_0.jpg,synthetic,train,rust,1,0,0,0,1,rust,1,rust_s1_pure,1024,512,646736d5232f2e57de5ba90ac2e9fa3728c5c646ce55e5b76fe4cb2002a31284,1374,whole,rain,1668764679,,0,0,0.501,0.085,4.85
v1401_closeup_1,data/synthetic/v3/images/v1401_closeup_1.jpg,synthetic,train,rust,1,1,0,0,4,rust,2,rust_s3plus_mixed,384,384,e0060b5a7d9216eedb36bbe3915bc18a43de097805c45b53b6d2fe33a31edfc8,1401,closeup,backlit,1028408019,,0,0,0.51,0.092,0.29
v1337_whole_0,data/synthetic/v3/images/v1337_whole_0.jpg,synthetic,train,rust,1,0,0,0,1,rust,1,rust_s1_pure,1024,512,a1072092e1d6a810f99942ae0fbcae5e23a05afd3c345441697998bfc139b28a,1337,whole,rain,1850965257,,0,0,0.446,0.081,5.6
v1054_whole_0,data/synthetic/v3/images/v1054_whole_0.jpg,synthetic,train,healthy,0,0,0,0,0,healthy,0,healthy,1024,512,da7c4bcd42e1ee822dfd8a9b9d63d369b3d621a3323bdbdb82497982e1843c50,1054,whole,studio,249488988,,0,0,0.795,0.153,3.66
v1711_whole_0,data/synthetic/v3/images/v1711_whole_0.jpg,synthetic,train,rust,1,0,0,1,1,cercospora,2,rust_s1_mixed,1024,512,ae4c539124b931971366124a48897998eaa6246037fe2ccceccad1485a4f445a,1711,whole,shade,894922736,,0,0,0.387,0.053,1.9
v1259_closeup_0,data/synthetic/v3/images/v1259_closeup_0.jpg,synthetic,train,rust,1,0,0,0,1,rust,1,rust_s1_pure,256,256,feb3fb9bbc390320a59e30e09501bf9debf22a6239c66b23c3dba0eb8ddf328b,1259,closeup,rain,2093360751,,0,0,0.445,0.066,1.64
v0820_whole_0,data/synthetic/v3/images/v0820_whole_0.jpg,synthetic,train,rust,1,0,0,0,1,rust,1,rust_s1_pure,1024,512,4a20953b6b628533faeebfb2417f8cd88da70d3c234a1a733a673782f5396f3d,820,whole,studio,1406186446,,0,0,0.738,0.163,2.1
v0776_whole_0,data/synthetic/v3/images/v0776_whole_0.jpg,synthetic,train,healthy,0,0,0,0,0,healthy,0,healthy,768,768,49cea110a2bcf83f0f8ee0aa85c7a6cd65684e545561d086e38a01f1bc40eff5,776,whole,overcast,1658038431,,0,0,0.528,0.093,0.92
v1639_whole_0,data/synthetic/v3/images/v1639_whole_0.jpg,synthetic,train,rust,1,0,0,1,1,rust,2,rust_s1_mixed,1024,512,1338747cf31db61599399129388fb2a60b44c20d90acfcd742eaa41f1854a52c,1639,whole,shade,741203827,,0,0,0.438,0.094,1.09
v0942_whole_0,data/synthetic/v3/images/v0942_whole_0.jpg,synthetic,train,healthy,0,0,0,0,0,healthy,0,healthy,1024,512,c0af264ed938c04e8a06590ed2645b8b27dede07996b3c13915ab2def33a848f,942,whole,studio,1214190028,,0,0,0.847,0.159,1.85
v0589_closeup_1,data/synthetic/v3/images/v0589_closeup_1.jpg,synthetic,train,rust,1,1,0,0,3,rust,2,rust_s3plus_mixed,512,512,287577d9bc0d15b8184f5fd1b5c1f2fbcde36c75d5f315d728886a8dc910c61e,589,closeup,sun_wet,1009490946,,0,0,0.461,0.06,0.26
v1440_whole_0,data/synthetic/v3/images/v1440_whole_0.jpg,synthetic,train,rust,1,1,0,0,3,rust,2,rust_s3plus_mixed,1024,512,2545bcaf607dfa32cbe23962c0820827c16b2d56b60cda004e8e96f7c1cb672b,1440,whole,overcast,1156288293,,0,0,0.417,0.108,0.97
v0726_whole_0,data/synthetic/v3/images/v0726_whole_0.jpg,synthetic,train,rust,1,0,0,0,1,rust,1,rust_s1_pure,896,672,6c9525ba03199837408bfb81a2cffce1811ce8957ba94332b9e73a00f0a37448,726,whole,studio,1426938029,,0,0,0.55,0.115,1.15
v1250_whole_0,data/synthetic/v3/images/v1250_whole_0.jpg,synthetic,train,rust,1,1,0,0,2,undetermined,2,rust_s2_mixed,1024,512,d73f972560239dbdeffe0c69b9ae49815855dd1feb8a1a93df60a41ba85f7b3e,1250,whole,sun,1930894816,,0,0,0.514,0.095,4.24
v1517_whole_0,data/synthetic/v3/images/v1517_whole_0.jpg,synthetic,train,rust,1,0,0,0,4,rust,1,rust_s3plus_pure,896,672,a998d76bd82e4d86b146a8f2579066cce141d8e6c4fb0ac84cf797454c2f9401,1517,whole,overcast,1260011554,,0,0,0.406,0.072,0.97
v1306_whole_0,data/synthetic/v3/images/v1306_whole_0.jpg,synthetic,train,rust,1,0,0,0,2,rust,1,rust_s2_pure,1024,512,a0fbf2c516e8596cf3ad71c657e6643c999418681919b632443abf9db8c6dd0f,1306,whole,studio,2099558608,,0,0,0.781,0.192,6.67
v0189_whole_0,data/synthetic/v3/images/v0189_whole_0.jpg,synthetic,train,healthy,0,0,0,0,0,healthy,0,healthy,896,672,e121820899c1df8b5cc5459d50ed22ac30b569aad8f36f8021ca8a9b233a372a,189,whole,studio,1051462228,,0,0,0.809,0.184,3.58
v1670_whole_0,data/synthetic/v3/images/v1670_whole_0.jpg,synthetic,train,rust,1,0,0,1,1,undetermined,2,rust_s1_mixed,1024,512,2b0939ee52f194930ee2350ba50d55bd18333462062e00d7e52597787f4632ae,1670,whole,backlit,748581803,,0,0,0.387,0.041,0.71
v0815_closeup_0,data/synthetic/v3/images/v0815_closeup_0.jpg,synthetic,train,healthy,0,0,0,0,0,healthy,0,healthy,512,512,13fe358e6ef948b0881dc8183e204184ab3ed29fe49f0d1021a2b935773ce392,815,closeup,sun,1202642635,,0,0,0.396,0.056,0.06
v0972_closeup_0,data/synthetic/v3/images/v0972_closeup_0.jpg,synthetic,train,healthy,0,0,0,0,0,healthy,0,healthy,384,384,026bcd978d18035a0d69e356e41f9ee5d51a8542a40612b92560707f0e3c632e,972,closeup,overcast,1525333538,,0,0,0.375,0.056,0.07
v0694_whole_0,data/synthetic/v3/images/v0694_whole_0.jpg,synthetic,train,healthy,0,0,0,0,0,healthy,0,healthy,1024,512,d0e8533d1c2e0d10ce583134af66fcf48c0185446247c25ad8d3887e0c8874f1,694,whole,shade,1021846130,,0,0,0.341,0.071,2.27
v1471_whole_0,data/synthetic/v3/images/v1471_whole_0.jpg,synthetic,train,rust,1,0,0,1,1,undetermined,2,rust_s1_mixed,768,768,026d5d757543dca8b81b93ed8808338f4436774d5c531e2eb166a327994bf6c6,1471,whole,overcast,1469860604,,0,0,0.414,0.086,2.15
v1704_closeup_1,data/synthetic/v3/images/v1704_closeup_1.jpg,synthetic,train,rust,1,1,0,1,4,rust,3,rust_s3plus_mixed,384,384,28a7fc87655f19f611bd990b78c73d4f502aa7436dee71a7008c347e017d9a70,1704,closeup,sun,2082994920,,0,0,0.476,0.089,0.23
v0749_whole_0,data/synthetic/v3/images/v0749_whole_0.jpg,synthetic,train,rust,1,0,0,0,1,rust,1,rust_s1_pure,1024,512,e662bb12dfb918ff381b8c4d9f47d152fa42a9fce5f31a0732811bf69dc44bdb,749,whole,overcast,2067415116,,0,0,0.403,0.068,0.45
v1238_closeup_0,data/synthetic/v3/images/v1238_closeup_0.jpg,synthetic,train,rust,1,0,0,0,1,rust,1,rust_s1_pure,512,512,68c6b10e4e7e177124a3b1be8a952143e96aa4e359c580a2c33e33b6b0e11fa8,1238,closeup,overcast,1483674500,,0,0,0.607,0.111,0.3
v1346_closeup_1,data/synthetic/v3/images/v1346_closeup_1.jpg,synthetic,train,rust,1,0,0,1,3,rust,2,rust_s3plus_mixed,384,384,01afd4b8872cbe62413f8293a3ca4849bd7f4da1cded1f13b3d46c0f885b655e,1346,closeup,rain,88153873,,0,0,0.445,0.155,1.54
v1513_whole_0,data/synthetic/v3/images/v1513_whole_0.jpg,synthetic,train,rust,1,0,0,0,1,rust,1,rust_s1_pure,1024,512,5e1a4d4812ceff70648aca74c930405eeafacecb2db22e9f8deb25d43231eaca,1513,whole,studio,1276373246,,0,0,0.732,0.179,4.17
v1412_whole_0,data/synthetic/v3/images/v1412_whole_0.jpg,synthetic,train,rust,1,1,0,0,1,miner,2,rust_s1_mixed,896,672,9093073bf157daf7499aa83f533c9a1f75d349f01b892487f285c848c7d406b0,1412,whole,golden,1890691961,,0,0,0.424,0.097,2.93
v0003_closeup_0,data/synthetic/v3/images/v0003_closeup_0.jpg,synthetic,train,healthy,0,0,0,0,0,healthy,0,healthy,256,256,59785b8b37f3d2a395c889d71f573515973949f5786cfaadd85d1aecf49ae23d,3,closeup,sun_wet,41850912,,0,0,0.595,0.108,4.97
v1468_closeup_2,data/synthetic/v3/images/v1468_closeup_2.jpg,synthetic,train,rust,1,0,0,0,4,rust,1,rust_s3plus_pure,512,512,399e37112493928292b30c6838f87ae31e896ee2a7f38b5a4006fb2b55f46ca5,1468,closeup,shade,251623226,,0,0,0.543,0.073,0.22
v1315_closeup_2,data/synthetic/v3/images/v1315_closeup_2.jpg,synthetic,train,rust,1,0,0,0,3,rust,1,rust_s3plus_pure,512,512,827d797f6c706356fe9f93983cd01485862a11b6f5f76a923a34348a57aa0579,1315,closeup,sun,701497536,,0,0,0.413,0.095,0.27
v0772_whole_0,data/synthetic/v3/images/v0772_whole_0.jpg,synthetic,train,rust,1,0,0,1,1,rust,2,rust_s1_mixed,1024,512,2eed0c0f2ed9ba9a9ee07df68d547db8609330af6e310cced5903bb67774bed4,772,whole,shade,1708785731,,0,0,0.528,0.065,1.34
v0987_closeup_0,data/synthetic/v3/images/v0987_closeup_0.jpg,synthetic,train,healthy,0,0,0,0,0,healthy,0,healthy,256,256,0bc9a648078b607ae24dfdbd72aeb9849499d5b8bac9f53ab9cf3bd99bba3aaa,987,closeup,rain,71462047,,0,0,0.557,0.059,0.2
v1527_closeup_1,data/synthetic/v3/images/v1527_closeup_1.jpg,synthetic,train,rust,1,0,0,0,3,rust,1,rust_s3plus_pure,256,256,8b25331001e3efbd6ec07c243832782aff2fff391fdd5245cc8924a2173ec1ad,1527,closeup,sun,782819162,,0,0,0.491,0.119,0.68
v0182_whole_0,data/synthetic/v3/images/v0182_whole_0.jpg,synthetic,train,healthy,0,0,0,0,0,healthy,0,healthy,1024,512,9bebe9d8c621da5acbce2664fa5fe676b8bfd7375b46aaf6cddda95016435a3b,182,whole,sun,855238069,,0,0,0.551,0.078,1.84
v0613_closeup_0,data/synthetic/v3/images/v0613_closeup_0.jpg,synthetic,train,healthy,0,0,0,0,0,healthy,0,healthy,256,256,92b877b57ddab34bfcbe639aa25968f94f6219af515086be6fc4adf5bec2fd75,613,closeup,overcast,2081627160,,0,0,0.342,0.071,1.02
v0992_whole_0,data/synthetic/v3/images/v0992_whole_0.jpg,synthetic,train,healthy,0,0,0,0,0,healthy,0,healthy,1024,512,48217276b0b6bb70c5703a0346f6e98a33cddfbe75cf94fe4234506246a0921d,992,whole,rain,976603409,,0,0,0.499,0.122,2.66
v0967_whole_0,data/synthetic/v3/images/v0967_whole_0.jpg,synthetic,train,healthy,0,0,0,0,0,healthy,0,healthy,1024,512,8f5fdf4d3fa4ead74b5bac1c4118b57a40e8e4155a8ead73d1b378c1e408b850,967,whole,overcast,1688017836,,0,0,0.521,0.1,3.44
v0775_whole_0,data/synthetic/v3/images/v0775_whole_0.jpg,synthetic,train,healthy,0,0,0,0,0,healthy,0,healthy,1024,512,5ed6509512f0bfb85badb4d1e8d4d9f91e92d6a7577684eace3244ed52ce169b,775,whole,rain,1620383430,,0,0,0.43,0.05,0.82
v0766_whole_0,data/synthetic/v3/images/v0766_whole_0.jpg,synthetic,train,healthy,0,0,0,0,0,healthy,0,healthy,1024,512,38ae365842c561f3804316e469611f4f77befc5273019290c885c4ee6444d472,766,whole,studio,1517277178,,0,0,0.9,0.166,3.76
v1273_closeup_1,data/synthetic/v3/images/v1273_closeup_1.jpg,synthetic,train,rust,1,1,0,0,3,rust,2,rust_s3plus_mixed,256,256,fc014bdcb815d57115fdefbbc7cf1d4dbc585e40dcb107369273c67df0732bb8,1273,closeup,golden,744446884,,0,0,0.465,0.145,0.94
v0203_closeup_0,data/synthetic/v3/images/v0203_closeup_0.jpg,synthetic,train,healthy,0,0,0,0,0,healthy,0,healthy,512,512,6b88d4194683d4a324f7ec5ee75611af31e41008c8b81ec4e5db9cfc4f28e0eb,203,closeup,overcast,825220541,,0,0,0.356,0.038,0.42
v1525_closeup_1,data/synthetic/v3/images/v1525_closeup_1.jpg,synthetic,train,rust,1,1,0,0,3,undetermined,2,rust_s3plus_mixed,256,256,eea9ecbeb79edf019cafe6e642e12bd3de33be672c2a2af762e0370c58492968,1525,closeup,shade,757861172,,0,0,0.525,0.075,1.41
v0561_whole_0,data/synthetic/v3/images/v0561_whole_0.jpg,synthetic,train,rust,1,1,0,0,4,rust,2,rust_s3plus_mixed,1024,512,853c3d686211850fd3ba693350387464504c9a3ec0743355f2a181d9120cc097,561,whole,studio,635472415,,0,0,0.657,0.149,5.8
v0751_whole_0,data/synthetic/v3/images/v0751_whole_0.jpg,synthetic,train,rust,1,0,0,0,2,rust,1,rust_s2_pure,1024,512,8d2ae5624d75a4ef67c3019e2a4d7dad9af8df703301ad7916e30f1dc5df55a2,751,whole,golden,1301640849,,0,0,0.425,0.071,1.63
v1442_whole_0,data/synthetic/v3/images/v1442_whole_0.jpg,synthetic,train,rust,1,0,0,0,3,rust,1,rust_s3plus_pure,1024,512,258cb6c7fd0179e502fedffe7888d4e1adc8da278447f9307fa197325b397384,1442,whole,studio,1198480203,,0,0,0.816,0.165,3.1
v1121_whole_0,data/synthetic/v3/images/v1121_whole_0.jpg,synthetic,train,other,0,1,0,0,1,miner,1,other_miner,1024,512,fc93d8ef56a068e6478b4769049dae44a906152e05b94a974651d52d964d897b,1121,whole,studio,681719230,,0,0,0.879,0.178,2.53
v1707_whole_2,data/synthetic/v3/images/v1707_whole_2.jpg,synthetic,train,rust,1,0,0,1,3,rust,2,rust_s3plus_mixed,896,672,780482236c0ab2b8a22a8276f32eb17eeb86afff553b07233ac90e2ffff750ac,1707,whole,shade,1734874379,,0,0,0.549,0.11,1.41
v0100_whole_2,data/synthetic/v3/images/v0100_whole_2.jpg,synthetic,train,rust,1,1,0,0,4,rust,2,rust_s3plus_mixed,1024,512,fe49952b2825e4bd3d2311db9a2e3d545965ee38f3f4a250c21c657f378c251c,100,whole,backlit,449280024,,0,0,0.464,0.069,1.51
v1619_whole_0,data/synthetic/v3/images/v1619_whole_0.jpg,synthetic,train,rust,1,0,0,1,1,undetermined,2,rust_s1_mixed,1024,512,b7c7e7dbdaa8b3a9d6bd5b3380681a5193828f3504df3537001e0cdba2adc1ed,1619,whole,overcast,103028728,,0,0,0.458,0.081,0.39
v0105_whole_0,data/synthetic/v3/images/v0105_whole_0.jpg,synthetic,train,rust,1,0,0,0,2,rust,1,rust_s2_pure,768,768,03995af91c4b4f42df5652bbf216514b9ac366241cba2e90f426618e1c6735c1,105,whole,overcast,1912789983,,0,0,0.442,0.094,2.76
v1476_closeup_1,data/synthetic/v3/images/v1476_closeup_1.jpg,synthetic,train,rust,1,0,0,0,4,rust,1,rust_s3plus_pure,384,384,120497f637ba2f3afa361bd10c67cc3fd44fb69c81af2112ef747701937aeda3,1476,closeup,shade,634678511,,0,0,0.409,0.11,0.6
v0135_closeup_0,data/synthetic/v3/images/v0135_closeup_0.jpg,synthetic,train,rust,1,0,0,0,3,rust,1,rust_s3plus_pure,384,384,d6b71ce43ad79ebb31cf497a7b19e297b7aa3069f4c6fc3639d6e9a5f4795964,135,closeup,overcast,1622635569,,0,0,0.482,0.093,0.8
v1241_whole_0,data/synthetic/v3/images/v1241_whole_0.jpg,synthetic,train,rust,1,0,0,0,1,rust,1,rust_s1_pure,896,672,c0a77cb0ad576bd7ccf867a4d2d5ffe9b78fc9f6a0cfcd9159fafaf80ea12bab,1241,whole,overcast,1248399538,,0,0,0.372,0.057,0.59
v0999_closeup_0,data/synthetic/v3/images/v0999_closeup_0.jpg,synthetic,train,healthy,0,0,0,0,0,healthy,0,healthy,384,384,db23e0984f2fceb7a234aa467cf57efcbf52e61842cefbf018dde1b50c42dd92,999,closeup,rain,912271088,,0,0,0.448,0.049,0.53
v0715_closeup_2,data/synthetic/v3/images/v0715_closeup_2.jpg,synthetic,train,rust,1,0,0,0,3,rust,1,rust_s3plus_pure,512,512,7e5792ef0c3159b522ef137529ea05d6018b3997dba351582c7ef7d2b3d53f95,715,closeup,sun_wet,737159222,,0,0,0.55,0.11,1.93
v0192_whole_0,data/synthetic/v3/images/v0192_whole_0.jpg,synthetic,train,healthy,0,0,0,0,0,healthy,0,healthy,768,768,88a0d3da0d9469a8ec9f438e99035cb393dd580be6eaf357f144fda1bfe71bd4,192,whole,shade,172327632,,0,0,0.638,0.085,0.43
v0806_whole_2,data/synthetic/v3/images/v0806_whole_2.jpg,synthetic,train,rust,1,0,0,0,4,rust,1,rust_s3plus_pure,896,672,289e07e6c84b671bdaf98a2b063f879c7fa20f52087d34150b4fbdbc978d59e8,806,whole,studio,324691675,,0,0,0.788,0.152,1.41
v1381_whole_0,data/synthetic/v3/images/v1381_whole_0.jpg,synthetic,train,rust,1,1,0,0,2,rust,2,rust_s2_mixed,768,768,a01c424640584577e427bed11954f4f2b53037f24c0e73b37f2814cae7a94110,1381,whole,backlit,1038059194,,0,0,0.589,0.077,0.61
v0988_closeup_0,data/synthetic/v3/images/v0988_closeup_0.jpg,synthetic,train,healthy,0,0,0,0,0,healthy,0,healthy,256,256,6dbed9d1e0cfe6395e960bb53792a55eacb52c070ffd162f1df0d2048428d9ac,988,closeup,golden,253635490,,0,0,0.49,0.122,0.12
v1194_closeup_0,data/synthetic/v3/images/v1194_closeup_0.jpg,synthetic,train,healthy,0,0,0,0,0,healthy,0,healthy,512,512,18a877f396eabe41fe092d521675a3e1a8da4157ad6bdd74cf38dc8525d3b2d0,1194,closeup,backlit,2036887636,,0,0,0.446,0.081,0.18
v0111_whole_0,data/synthetic/v3/images/v0111_whole_0.jpg,synthetic,train,rust,1,0,0,0,1,rust,1,rust_s1_pure,1024,512,e496ed88c6dd42ed27a634794d3825970a7a2a506a5416ad3aa50122c9dfbb09,111,whole,overcast,1303843942,,0,0,0.479,0.067,0.77
v1629_whole_0,data/synthetic/v3/images/v1629_whole_0.jpg,synthetic,train,rust,1,0,0,0,2,rust,1,rust_s2_pure,1024,512,32ac6f2ac48cfdf9b50f32cda73768051190abc5e4fb8427a45ff358d02da70b,1629,whole,sun,345094166,,0,0,0.467,0.095,1.57
v1431_closeup_0,data/synthetic/v3/images/v1431_closeup_0.jpg,synthetic,train,rust,1,0,0,1,2,rust,2,rust_s2_mixed,384,384,6fbe7228e2eff71da2bc870055954b109876276803a08f455968e47091f246d7,1431,closeup,sun,1493097899,,0,0,0.491,0.106,0.35
v1678_whole_0,data/synthetic/v3/images/v1678_whole_0.jpg,synthetic,train,rust,1,0,0,1,2,rust,2,rust_s2_mixed,1024,512,a6bc16b79c4a7e89edb6e1918642f8d0ebe2d795a22725ab53c0ee21c0f4fe57,1678,whole,overcast,579674643,,0,0,0.375,0.038,0.81
v0174_whole_0,data/synthetic/v3/images/v0174_whole_0.jpg,synthetic,train,healthy,0,0,0,0,0,healthy,0,healthy,1024,512,ba2d0ee5ab91488f4163832560fa50dec0d948934b82b320b8475126f1782822,174,whole,golden,1847036241,,0,0,0.628,0.096,3.27
v1258_whole_0,data/synthetic/v3/images/v1258_whole_0.jpg,synthetic,train,rust,1,0,0,0,2,rust,1,rust_s2_pure,896,672,dbf43233955eea7f6aa7d312d94d11ed6c905dd255fefc4380bd1a102da685df,1258,whole,golden,2097433688,,0,0,0.571,0.092,0.9
v0693_whole_0,data/synthetic/v3/images/v0693_whole_0.jpg,synthetic,train,healthy,0,0,0,0,0,healthy,0,healthy,1024,512,9b6c82bfa016ed83ef79effe4dfe8bf7c76582c13760bcaaba3c19d4c4b527d1,693,whole,studio,967259383,,0,0,0.838,0.18,7.38
v1713_whole_0,data/synthetic/v3/images/v1713_whole_0.jpg,synthetic,train,rust,1,0,0,1,2,undetermined,2,rust_s2_mixed,768,768,f5c3050e1751a92a173fc81a32343ab912c57d1062c4adcd073b788cd717c36e,1713,whole,shade,919845790,,0,0,0.446,0.114,1.43
v0937_closeup_0,data/synthetic/v3/images/v0937_closeup_0.jpg,synthetic,train,healthy,0,0,0,0,0,healthy,0,healthy,256,256,f7f4ba24709a3ff4c88b2f263618cba4f117311dd01d4e711c652d60fd08727c,937,closeup,backlit,1396960158,,0,0,0.554,0.078,0.24
v1331_whole_0,data/synthetic/v3/images/v1331_whole_0.jpg,synthetic,train,rust,1,0,0,1,1,undetermined,2,rust_s1_mixed,768,768,e2a153a6aeb28e20513694ea5ca3383a07674dafa7819725cbfca9eb36d4802b,1331,whole,golden,1792934331,,0,0,0.409,0.063,1.34
v1317_closeup_1,data/synthetic/v3/images/v1317_closeup_1.jpg,synthetic,train,rust,1,0,0,1,3,undetermined,2,rust_s3plus_mixed,256,256,97a107c60e9b2f9b56874aaea5ee86ab418242f227f1a5f581d19cf60dd6a305,1317,closeup,shade,861766932,,0,0,0.445,0.117,0.96
v1633_whole_2,data/synthetic/v3/images/v1633_whole_2.jpg,synthetic,train,rust,1,0,0,1,4,rust,2,rust_s3plus_mixed,896,672,e04be888540f85452d661078c3aa9c8aff03cd9f9d4fa28d0eba0c2452292343,1633,whole,sun,1337211785,,0,0,0.518,0.102,1.05
v1376_whole_0,data/synthetic/v3/images/v1376_whole_0.jpg,synthetic,train,rust,1,0,0,0,1,rust,1,rust_s1_pure,896,672,430e2a29eed63fccd66ee44453455380a4e175fc4c455afd6b05238745236971,1376,whole,sun_wet,1626570857,,0,0,0.581,0.109,7.62
v1223_whole_0,data/synthetic/v3/images/v1223_whole_0.jpg,synthetic,train,rust,1,1,0,0,2,miner,2,rust_s2_mixed,1024,512,8771339731e4b40e949ad2a357f7ae4201ebaa28a9919fde3c069a3984087230,1223,whole,rain,1820760832,,0,0,0.575,0.092,8.58
v1236_whole_2,data/synthetic/v3/images/v1236_whole_2.jpg,synthetic,train,rust,1,1,0,0,3,rust,2,rust_s3plus_mixed,1024,512,997bee550c78a7a0c60c1dafe71de9773c2571d80db12e0d2c007853bb538abc,1236,whole,overcast,1023369122,,0,0,0.412,0.087,1.97
v0603_closeup_0,data/synthetic/v3/images/v0603_closeup_0.jpg,synthetic,train,healthy,0,0,0,0,0,healthy,0,healthy,512,512,81691bb5aebf1847169c26d9fff1f37edbf2657fd62865217c4ee2d0517d1bbb,603,closeup,shade,1152351101,,0,0,0.341,0.059,0.27
v0817_whole_0,data/synthetic/v3/images/v0817_whole_0.jpg,synthetic,train,rust,1,1,0,0,1,miner,2,rust_s1_mixed,768,768,8a2a9b3865cd6fcfc61dcf4f5581caf6f2e704aff346e1489dda3b7bd963acc4,817,whole,overcast,1143605925,,0,0,0.447,0.089,2.35
v0149_whole_2,data/synthetic/v3/images/v0149_whole_2.jpg,synthetic,train,rust,1,0,0,0,3,rust,1,rust_s3plus_pure,896,672,b2bd4a256d8e1a524380c5b7266464d9ffc4cdc92e722b76b93d69ff0411f378,149,whole,sun_wet,443864256,,0,0,0.581,0.082,0.59
v1245_closeup_0,data/synthetic/v3/images/v1245_closeup_0.jpg,synthetic,train,rust,1,0,0,0,1,rust,1,rust_s1_pure,384,384,613be3072f66238ee1def4a4ec8a4e8ccca5c1320746fcb8d6ab439d3a4cfdeb,1245,closeup,sun,1298184302,,0,0,0.346,0.099,0.48
v1685_whole_0,data/synthetic/v3/images/v1685_whole_0.jpg,synthetic,train,healthy,0,0,0,0,0,healthy,0,healthy,896,672,2e5eb1a186a920d6a0fd000fa7fd24009127ab3d435ab39c86587f13e4845b41,1685,whole,studio,1916182806,,0,0,0.732,0.099,2.81
v0854_whole_0,data/synthetic/v3/images/v0854_whole_0.jpg,synthetic,train,healthy,0,0,0,0,0,healthy,0,healthy,896,672,49a78839f14ecc21bec7c7787a1abdab83581455a48fcfbac4e71c9d335cd217,854,whole,sun,1225663403,,0,0,0.476,0.056,1.26
v0747_whole_0,data/synthetic/v3/images/v0747_whole_0.jpg,synthetic,train,healthy,0,0,0,0,0,healthy,0,healthy,896,672,d1d61a74de49de5e31a877cdd3f7f8a4ef9ec8d201865655e4451142408e9b9b,747,whole,shade,1906601286,,0,0,0.432,0.093,1.48
v0904_closeup_0,data/synthetic/v3/images/v0904_closeup_0.jpg,synthetic,train,healthy,0,0,0,0,0,healthy,0,healthy,256,256,631b710582e4ed20ae76fa639c83b3f33817e0d09b6cc44c75aecb6e4bc8465f,904,closeup,rain,1135671849,,0,0,0.484,0.051,1.06
v1726_whole_0,data/synthetic/v3/images/v1726_whole_0.jpg,synthetic,train,rust,1,0,0,1,1,rust,2,rust_s1_mixed,1024,512,03be0d2736a4bf7e4a59de96f484312b06d1556b316a4aa5f732f11f91db1300,1726,whole,golden,581818011,,0,0,0.483,0.047,1.66
v0816_whole_0,data/synthetic/v3/images/v0816_whole_0.jpg,synthetic,train,healthy,0,0,0,0,0,healthy,0,healthy,1024,512,658d5f8f8d8487e6ba137a0b9d2ce9a4730d38834a5a0ba3172957bd7d4d588e,816,whole,sun,1172856978,,0,0,0.461,0.07,0.7
v0126_whole_2,data/synthetic/v3/images/v0126_whole_2.jpg,synthetic,train,rust,1,0,0,0,4,rust,1,rust_s3plus_pure,1024,512,263ceb071def242d18ccf986aaa93d09a00717435578c2e18fb7cb4f7b16cdd5,126,whole,shade,876858401,,0,0,0.52,0.069,2.28
v0002_whole_0,data/synthetic/v3/images/v0002_whole_0.jpg,synthetic,train,healthy,0,0,0,0,0,healthy,0,healthy,1024,512,a12caa643fb80398adadbc578777b040089a8a0f70078ee8d8a0540acd562517,2,whole,backlit,62714391,,0,0,0.639,0.116,1.22
v1278_closeup_0,data/synthetic/v3/images/v1278_closeup_0.jpg,synthetic,train,rust,1,0,0,0,1,rust,1,rust_s1_pure,512,512,b9f5f853a47bfd91f3151dc9ba661081275eea6fc0d66f0012e6a71bed980565,1278,closeup,golden,1460503763,,0,0,0.409,0.057,0.07
v1226_whole_0,data/synthetic/v3/images/v1226_whole_0.jpg,synthetic,train,healthy,0,0,0,0,0,healthy,0,healthy,768,768,b78659a5b24ab98c4daedc264fe7d88e9697058c6df269fbb39c6183671051e7,1226,whole,backlit,1783454187,,0,0,0.68,0.061,2.31
v0096_closeup_0,data/synthetic/v3/images/v0096_closeup_0.jpg,synthetic,train,rust,1,0,0,0,3,rust,1,rust_s3plus_pure,256,256,a82f7bb072e346692f0e56588a72dec97e9b7399d55400699a7cf47bafbd5b27,96,closeup,sun,1335181720,,0,0,0.409,0.089,0.24
v0153_whole_2,data/synthetic/v3/images/v0153_whole_2.jpg,synthetic,train,rust,1,0,0,0,3,rust,1,rust_s3plus_pure,1024,512,46b23ed04841c4ab908709316c86abc7e5551fcac7b685a30ab8ae8fb931c1dd,153,whole,sun,794769011,,0,0,0.477,0.055,0.96
v1581_whole_0,data/synthetic/v3/images/v1581_whole_0.jpg,synthetic,train,rust,1,0,0,0,3,rust,1,rust_s3plus_pure,1024,512,5e5130d7fb69726f258dff291d9b03078e1792eeb4b9f18874caa7f79eaaadfc,1581,whole,overcast,849310490,,0,0,0.467,0.06,0.37
v0152_whole_0,data/synthetic/v3/images/v0152_whole_0.jpg,synthetic,train,rust,1,0,0,0,1,rust,1,rust_s1_pure,896,672,5e8a842492c30d6ed8b73610fd092e6cb58b21fc22819c12ec3fdd77eb9258ab,152,whole,rain,1083391336,,0,0,0.584,0.037,0.45
v0951_closeup_0,data/synthetic/v3/images/v0951_closeup_0.jpg,synthetic,train,healthy,0,0,0,0,0,healthy,0,healthy,512,512,e5f1521720e5eb6d14d0f1f35b361428c43fe5f695ff93744919c3ab93f53f14,951,closeup,overcast,1923467504,,0,0,0.541,0.069,0.13
v1427_whole_0,data/synthetic/v3/images/v1427_whole_0.jpg,synthetic,train,rust,1,0,0,1,1,rust,2,rust_s1_mixed,896,672,9453bd118e0d40575dbfe8e3b62873213b21c5f3c8619b197f74839886d9439c,1427,whole,golden,1691338364,,0,0,0.626,0.079,1.13
v0741_whole_0,data/synthetic/v3/images/v0741_whole_0.jpg,synthetic,train,healthy,0,0,0,0,0,healthy,0,healthy,768,768,37ae4f71351b0b932b90f2e90f313a407a78ea13435434bba5a61d76aded7f37,741,whole,rain,1965625844,,0,0,0.45,0.053,10.23
v0185_closeup_0,data/synthetic/v3/images/v0185_closeup_0.jpg,synthetic,train,healthy,0,0,0,0,0,healthy,0,healthy,512,512,3d3b756603f96e05ecc9d4706cc75b9ee0baec8c8ae3bd9e3f27deb9d60b6ccc,185,closeup,sun,934736688,,0,0,0.329,0.034,0.47
v0129_whole_0,data/synthetic/v3/images/v0129_whole_0.jpg,synthetic,train,rust,1,0,0,0,4,rust,1,rust_s3plus_pure,1024,512,b779f882bf278b1e99087c33ef7f2ab5883bf61a644a157ac78911934c946c8c,129,whole,sun_wet,1360128560,,0,0,0.393,0.08,0.99
v0825_whole_0,data/synthetic/v3/images/v0825_whole_0.jpg,synthetic,train,healthy,0,0,0,0,0,healthy,0,healthy,896,672,3559a52f2766afb9f11f6654cd9a7a39aa511554ac0295a908902038a554a99f,825,whole,overcast,1427861797,,0,0,0.396,0.046,0.85
v0682_closeup_0,data/synthetic/v3/images/v0682_closeup_0.jpg,synthetic,train,rust,1,0,0,1,4,cercospora,2,rust_s3plus_mixed,256,256,2ca798a5b4631b5182659fbb8fd611c93701b71b7eebab2ab738e8fe2fa6bddd,682,closeup,golden,14236069,,0,0,0.429,0.109,0.14
v0706_closeup_1,data/synthetic/v3/images/v0706_closeup_1.jpg,synthetic,train,rust,1,0,0,0,4,rust,1,rust_s3plus_pure,512,512,30eb40a2a23a1f5226eaf8c3106fd1218cea1c5a9d9ec0496177687dcf4d7410,706,closeup,sun,134455472,,0,0,0.36,0.068,0.07
v1315_closeup_1,data/synthetic/v3/images/v1315_closeup_1.jpg,synthetic,train,rust,1,0,0,0,3,rust,1,rust_s3plus_pure,512,512,e10db96eff1b1d389b335301de274ae6d32dd10601531dca258a5cb0197c8508,1315,closeup,overcast,819548538,,0,0,0.414,0.107,0.34
v1587_whole_0,data/synthetic/v3/images/v1587_whole_0.jpg,synthetic,train,rust,1,0,0,1,1,undetermined,2,rust_s1_mixed,896,672,7a7f2fe013ebce673b975ef509262474c0349188573188a0f83f4ad2b7ef136b,1587,whole,shade,907153320,,0,0,0.433,0.091,1.0
v0656_closeup_0,data/synthetic/v3/images/v0656_closeup_0.jpg,synthetic,train,healthy,0,0,0,0,0,healthy,0,healthy,384,384,33ad14ae545b6bd37c19281f2e02574a301ad2e9edd9f7316ffc367c99122fdc,656,closeup,golden,1975142820,,0,0,0.383,0.025,0.37
v1335_whole_0,data/synthetic/v3/images/v1335_whole_0.jpg,synthetic,train,rust,1,0,0,1,1,rust,2,rust_s1_mixed,1024,512,e33140af673de3a6e16a84ea4b261c911d64992005a0a99f604f46453512647f,1335,whole,overcast,1842850151,,0,0,0.463,0.082,1.92
v1564_closeup_0,data/synthetic/v3/images/v1564_closeup_0.jpg,synthetic,train,rust,1,1,0,0,2,rust,2,rust_s2_mixed,512,512,25650bffa84e69fb8493837eb961f23f5f6083befcb360d6edc3041dff9cd0be,1564,closeup,sun_wet,1418446530,,0,0,0.475,0.109,5.33
v0017_whole_0,data/synthetic/v3/images/v0017_whole_0.jpg,synthetic,train,healthy,0,0,0,0,0,healthy,0,healthy,768,768,051b176d16092cf69ba60bae2ba9b3501da39a1a27285c559836ff341c8ef413,17,whole,sun,199426880,,0,0,0.429,0.068,0.26
v0957_whole_0,data/synthetic/v3/images/v0957_whole_0.jpg,synthetic,train,healthy,0,0,0,0,0,healthy,0,healthy,896,672,560f4e21f02d5543f0e1a6bb984d0ff64dd775b75bec1a055dbdb70600398c22,957,whole,backlit,1982379074,,0,0,0.568,0.142,3.67
v1707_closeup_1,data/synthetic/v3/images/v1707_closeup_1.jpg,synthetic,train,rust,1,0,0,1,3,rust,2,rust_s3plus_mixed,256,256,8e5514481296b285c784bb995c675d3d9156fe59cc78922cb7fdf95830cb5001,1707,closeup,backlit,2120303793,,0,0,0.499,0.092,0.18
v0760_whole_0,data/synthetic/v3/images/v0760_whole_0.jpg,synthetic,train,rust,1,0,0,0,1,rust,1,rust_s1_pure,1024,512,7ac8999188d8754f88b6e9a3cda7ea5fbb08462d11188ed97619d87b66b47f4a,760,whole,backlit,1591915336,,0,0,0.569,0.077,2.97
v1448_closeup_0,data/synthetic/v3/images/v1448_closeup_0.jpg,synthetic,train,rust,1,0,0,0,1,rust,1,rust_s1_pure,256,256,ff7760d3523f1c75646aa323547601f174370b3a6bf7a110952e35b7a87e797c,1448,closeup,sun,1257823901,,0,0,0.513,0.089,0.25
v1661_closeup_0,data/synthetic/v3/images/v1661_closeup_0.jpg,synthetic,train,rust,1,0,0,1,1,cercospora,2,rust_s1_mixed,256,256,9671e0f76ac71e536f44116975110d0c24fa0f92030a48c0e3c5454b5d5b8688,1661,closeup,overcast,367034105,,0,0,0.424,0.143,1.34
v1067_whole_0,data/synthetic/v3/images/v1067_whole_0.jpg,synthetic,train,rust,1,0,0,1,1,cercospora,2,rust_s1_mixed,1024,512,34fe4c411fa1e3ff20a45c9f286d5037f1e42f8e8555bf4eba682a766c481038,1067,whole,studio,506329067,,0,0,0.729,0.186,2.48
v0843_whole_0,data/synthetic/v3/images/v0843_whole_0.jpg,synthetic,train,rust,1,1,0,0,2,miner,2,rust_s2_mixed,1024,512,0ebefcd68e7e849919cde9d58e777b6970e85375f23ef3d9a0af326ac5fec8a6,843,whole,sun,1962758731,,0,0,0.528,0.08,4.13
v0167_closeup_0,data/synthetic/v3/images/v0167_closeup_0.jpg,synthetic,train,rust,1,0,0,0,1,rust,1,rust_s1_pure,512,512,e9c036b26da1748374a06385e0e3ea33dcd008a490002ae8465a3032867cc28e,167,closeup,sun,1424838765,,0,0,0.542,0.057,0.32
v1368_closeup_0,data/synthetic/v3/images/v1368_closeup_0.jpg,synthetic,train,rust,1,0,0,0,1,rust,1,rust_s1_pure,384,384,fe4a1ac1585d820359dd94e61bf5df8478aec767fc946887fe78493f09cb059b,1368,closeup,overcast,1389480454,,0,0,0.34,0.079,0.58
v1193_whole_0,data/synthetic/v3/images/v1193_whole_0.jpg,synthetic,train,healthy,0,0,0,0,0,healthy,0,healthy,896,672,cde08b4638f7c7d3cc1b0b621d57a0ac146aae58c05160421b0d1357adaaa2a6,1193,whole,sun,2082957009,,0,0,0.655,0.126,1.15
v1606_whole_2,data/synthetic/v3/images/v1606_whole_2.jpg,synthetic,train,rust,1,0,0,0,4,rust,1,rust_s3plus_pure,1024,512,3977e8e055384902904c67663e8ac3ead0fde757347a4b51bcbadcc6e0ec3223,1606,whole,shade,1539987084,,0,0,0.441,0.066,0.72
v0040_closeup_0,data/synthetic/v3/images/v0040_closeup_0.jpg,synthetic,train,rust,1,1,0,0,2,miner,2,rust_s2_mixed,384,384,8f0aa66e902966a30697e5e9d491fd9862639b4b1e0dac97a14b2f8ba2244d50,40,closeup,golden,963831287,,0,0,0.432,0.075,1.37
v0631_whole_0,data/synthetic/v3/images/v0631_whole_0.jpg,synthetic,train,healthy,0,0,0,0,0,healthy,0,healthy,1024,512,60292097b2a5426edad94d3012fece790576931089b77f907384dfa76ec6f1c3,631,whole,sun,1436418301,,0,0,0.407,0.059,1.24
v1486_closeup_0,data/synthetic/v3/images/v1486_closeup_0.jpg,synthetic,train,rust,1,0,0,0,3,rust,1,rust_s3plus_pure,512,512,2271b3e6832f64375ea7810845890cae1d6ae5e75775a39cebe688f39f478f4c,1486,closeup,rain,179325999,,0,0,0.409,0.17,4.24
v0956_whole_0,data/synthetic/v3/images/v0956_whole_0.jpg,synthetic,train,healthy,0,0,0,0,0,healthy,0,healthy,1024,512,993faf950eb5cf7f11a8a284bfc2dfcdf78c0e6498447d78c913c5b65396b1e3,956,whole,overcast,2011881077,,0,0,0.477,0.061,0.98
v0869_closeup_0,data/synthetic/v3/images/v0869_closeup_0.jpg,synthetic,train,rust,1,1,0,0,2,miner,2,rust_s2_mixed,256,256,dc953d37cfbf7b0711ceef890d053c6e4c4ff54c863871e29ed239130eab0791,869,closeup,rain,1399004950,,0,0,0.493,0.101,0.22
v1526_whole_0,data/synthetic/v3/images/v1526_whole_0.jpg,synthetic,train,rust,1,0,0,0,1,rust,1,rust_s1_pure,768,768,5e91c0cd925fa5d9c16670fded37ceed20f0b728fef505346e27110fa0e458d1,1526,whole,sun_wet,1483572731,,0,0,0.607,0.1,9.99
v0200_closeup_0,data/synthetic/v3/images/v0200_closeup_0.jpg,synthetic,train,healthy,0,0,0,0,0,healthy,0,healthy,512,512,4a5009dbaaecb6320015e3c28d2e769af4de73ef916c8824618acbfef7099427,200,closeup,sun,862544868,,0,0,0.445,0.082,0.54
v1737_whole_0,data/synthetic/v3/images/v1737_whole_0.jpg,synthetic,train,rust,1,0,0,1,2,rust,2,rust_s2_mixed,896,672,55276e1f91a97da58219fe66d0aad2af317a7333cc134415629ea7f4136a999d,1737,whole,studio,466869193,,0,0,0.856,0.156,2.33
v0178_closeup_0,data/synthetic/v3/images/v0178_closeup_0.jpg,synthetic,train,healthy,0,0,0,0,0,healthy,0,healthy,384,384,f173870fff82dca1ce259164a4986e3c5587801e760bb82ed5289e4af230bf6d,178,closeup,rain,1728933941,,0,0,0.618,0.122,2.39
v1552_whole_0,data/synthetic/v3/images/v1552_whole_0.jpg,synthetic,train,rust,1,0,0,0,1,rust,1,rust_s1_pure,768,768,4cfecf89eed5fa9a0448d30adb1bb41357d56e076bc593eab5be796e8ba3c76d,1552,whole,rain,1119032734,,0,0,0.617,0.108,3.24
v1701_closeup_0,data/synthetic/v3/images/v1701_closeup_0.jpg,synthetic,train,rust,1,0,0,0,2,rust,1,rust_s2_pure,512,512,7513f1142009313a5959a9d84c553b2fdc1e9d9078650dfb3fba4dd14a311357,1701,closeup,sun,233506965,,0,0,0.399,0.045,0.39
v1671_whole_0,data/synthetic/v3/images/v1671_whole_0.jpg,synthetic,train,rust,1,0,0,0,1,rust,1,rust_s1_pure,768,768,ff1fe6867c0f6c04b57e9afdba6a5f5f7a307612acc4b445153fc89f902ab748,1671,whole,rain,761010588,,0,0,0.434,0.047,3.98
v1565_whole_0,data/synthetic/v3/images/v1565_whole_0.jpg,synthetic,train,rust,1,0,0,1,1,undetermined,2,rust_s1_mixed,768,768,2fc17f4813c4c990c91e376daae0466d722df51fd3d2b0091bdcb3a1d83388a2,1565,whole,shade,1430891765,,0,0,0.569,0.079,1.44
v1415_closeup_0,data/synthetic/v3/images/v1415_closeup_0.jpg,synthetic,train,rust,1,1,0,0,1,undetermined,2,rust_s1_mixed,512,512,01c1d97001be857ad9cee2412b27bcfa189b657298917bc4433106b0634a648a,1415,closeup,sun_wet,1979629052,,0,0,0.526,0.1,0.35
v1705_closeup_0,data/synthetic/v3/images/v1705_closeup_0.jpg,synthetic,train,rust,1,0,0,0,3,rust,1,rust_s3plus_pure,384,384,0e416f1e2dd4a21358ad2c42eb9cfa8fae6a80f703e259cb4612b3acc68db55c,1705,closeup,backlit,182624329,,0,0,0.412,0.109,0.23
v1642_closeup_1,data/synthetic/v3/images/v1642_closeup_1.jpg,synthetic,train,rust,1,0,0,1,3,cercospora,2,rust_s3plus_mixed,256,256,45462c8ac20ec733ebd2018fa748329322906fcc2df3dd9861248fefd3f587ba,1642,closeup,backlit,1252538557,,0,0,0.615,0.086,0.63
v1046_closeup_1,data/synthetic/v3/images/v1046_closeup_1.jpg,synthetic,train,rust,1,1,0,0,3,undetermined,2,rust_s3plus_mixed,384,384,554c7b5452cdbec27c548e9ead0c8d836d9303e24e15caedb0f9e91c391ff0ef,1046,closeup,sun_wet,1122067905,,0,0,0.609,0.104,0.42
v1721_whole_0,data/synthetic/v3/images/v1721_whole_0.jpg,synthetic,train,rust,1,0,0,0,1,rust,1,rust_s1_pure,896,672,4d9b02ce4180f1de5316342ad39616f87c98e4f7adbd19ab4aa17cc8b5628ee5,1721,whole,sun_wet,669171742,,0,0,0.643,0.098,3.11
v1277_whole_0,data/synthetic/v3/images/v1277_whole_0.jpg,synthetic,train,rust,1,0,0,1,4,rust,2,rust_s3plus_mixed,1024,512,55901fe2206f3fb3d900cebac04e2f4cb5f80cfaf771b34942adbd67059d833b,1277,whole,studio,1548862446,,0,0,0.736,0.151,4.33
v1626_closeup_0,data/synthetic/v3/images/v1626_closeup_0.jpg,synthetic,train,rust,1,0,0,0,1,rust,1,rust_s1_pure,512,512,1584c44cea0c562f46cb165ba9979c0d4a96c89bce3bdf7ad9c345c959a4ef3d,1626,closeup,sun,533593899,,0,0,0.556,0.09,0.46
v1031_whole_0,data/synthetic/v3/images/v1031_whole_0.jpg,synthetic,train,rust,1,1,0,0,1,miner,2,rust_s1_mixed,1024,512,dbe98afffa979ceb20494e90fe3037b49b1b3c5df1556921819f32dae3bd7d7c,1031,whole,golden,763263851,,0,0,0.38,0.044,0.39
v1633_closeup_1,data/synthetic/v3/images/v1633_closeup_1.jpg,synthetic,train,rust,1,0,0,1,4,rust,2,rust_s3plus_mixed,384,384,431f43be2ef1b5f0034953280be4d1c2ad471a0ba5e7e0d1a8402850fc23b5c8,1633,closeup,overcast,1455254067,,0,0,0.362,0.099,0.27
v0953_closeup_0,data/synthetic/v3/images/v0953_closeup_0.jpg,synthetic,train,healthy,0,0,0,0,0,healthy,0,healthy,256,256,6126873a3f30af94f533ae38f8ba4693a5e38f5cc434e3f15816af8b8e623c7e,953,closeup,golden,1897995422,,0,0,0.4,0.045,0.23
v1383_whole_0,data/synthetic/v3/images/v1383_whole_0.jpg,synthetic,train,rust,1,0,0,0,1,rust,1,rust_s1_pure,768,768,cb7a48dfe9b4be7ca23d838809f4dfa2e58a70a9518c823a651b1f6adce1245c,1383,whole,shade,1046172372,,0,0,0.383,0.076,2.3
v1275_whole_0,data/synthetic/v3/images/v1275_whole_0.jpg,synthetic,train,rust,1,0,0,0,1,rust,1,rust_s1_pure,896,672,048a22ec93162a8d5e9045a7515b73614c35121a163c5ec79a48ead1a2e0395c,1275,whole,sun,1607800704,,0,0,0.437,0.064,0.54
v1732_whole_0,data/synthetic/v3/images/v1732_whole_0.jpg,synthetic,train,rust,1,0,0,1,1,cercospora,2,rust_s1_mixed,896,672,9b4ef3118f48a8848beee7fc69922c16f91d3043989835ba1b3f7608762a795d,1732,whole,rain,488118562,,0,0,0.554,0.091,2.79
v1297_closeup_1,data/synthetic/v3/images/v1297_closeup_1.jpg,synthetic,train,rust,1,0,0,0,4,rust,1,rust_s3plus_pure,256,256,eab0ff6d845cb39ed19077a806e46327adbf745ed5fa19850ef0d9436904ed6b,1297,closeup,rain,1267303499,,0,0,0.373,0.116,0.62
v1451_closeup_0,data/synthetic/v3/images/v1451_closeup_0.jpg,synthetic,train,other,0,1,0,0,1,miner,1,other_miner,512,512,fdc9f41d79f1933b842d0e17cbaa8e513757909879b20c21cd89938bbb32ea07,1451,closeup,overcast,2106950263,,0,0,0.429,0.085,0.76
v1360_whole_0,data/synthetic/v3/images/v1360_whole_0.jpg,synthetic,train,rust,1,0,0,1,2,rust,2,rust_s2_mixed,1024,512,de5b040288374ffaf3c126109d1c0da10f38240000c27bb5e35f1523f2e9946b,1360,whole,overcast,1556257726,,0,0,0.381,0.085,1.12
v0149_closeup_1,data/synthetic/v3/images/v0149_closeup_1.jpg,synthetic,train,rust,1,0,0,0,3,rust,1,rust_s3plus_pure,384,384,16a7c2981bf3d21cc0f3912f2fe8e0bad75e314c69e95b0b4b977ade8792e83f,149,closeup,sun,58557818,,0,0,0.557,0.087,0.34
v1442_closeup_2,data/synthetic/v3/images/v1442_closeup_2.jpg,synthetic,train,rust,1,0,0,0,3,rust,1,rust_s3plus_pure,512,512,01d27292a03eadd6a1ed51c55788df0b803dda59fd8ce7ca71aaccd7ca86c727,1442,closeup,rain,694237799,,0,0,0.536,0.096,0.53
v0129_whole_1,data/synthetic/v3/images/v0129_whole_1.jpg,synthetic,train,rust,1,0,0,0,4,rust,1,rust_s3plus_pure,1024,512,3dbebe7432bf89d18bff1b0c21a577cf3b4fc501bd225d7451ea90e3ea28aa53,129,whole,studio,639031974,,0,0,0.767,0.211,5.72
v0973_closeup_0,data/synthetic/v3/images/v0973_closeup_0.jpg,synthetic,train,healthy,0,0,0,0,0,healthy,0,healthy,512,512,217d9c7cc5b8ac50c017234c5a730d700abe6794d80882c69eee1c384b8b5367,973,closeup,backlit,1529402389,,0,0,0.647,0.097,0.14
v1703_whole_0,data/synthetic/v3/images/v1703_whole_0.jpg,synthetic,train,rust,1,0,0,1,1,undetermined,2,rust_s1_mixed,1024,512,70fd2b92160321348b6d480363df8a97896a318d0b504d140775bb3e59201dd2,1703,whole,sun_wet,242212091,,0,0,0.415,0.063,0.9
v0197_closeup_0,data/synthetic/v3/images/v0197_closeup_0.jpg,synthetic,train,healthy,0,0,0,0,0,healthy,0,healthy,512,512,f5671a8dcda2b48c7b62f7c31759cdddedbdb33866ccd8104d506e68c9794187,197,closeup,overcast,210649147,,0,0,0.723,0.136,0.07
v0897_whole_2,data/synthetic/v3/images/v0897_whole_2.jpg,synthetic,train,rust,1,1,0,0,4,rust,2,rust_s3plus_mixed,1024,512,31fb021d425b284ff700dfa484e9b7751f9fd8d9500a37e231def4eac7a023fd,897,whole,studio,1871725414,,0,0,0.746,0.112,2.53
v0971_whole_0,data/synthetic/v3/images/v0971_whole_0.jpg,synthetic,train,healthy,0,0,0,0,0,healthy,0,healthy,1024,512,2fed02f306dfa75b4e2fcd2c52cac2f88dc22eb4da2f37dec3874e8522c1331c,971,whole,sun_wet,1487667323,,0,0,0.594,0.106,2.17
v1187_closeup_0,data/synthetic/v3/images/v1187_closeup_0.jpg,synthetic,train,healthy,0,0,0,0,0,healthy,0,healthy,384,384,10b0914b311d1214a9bcd45c566d9f779a5d7e47cbff5cb908e17dd266c4ba3b,1187,closeup,backlit,1133685096,,0,0,0.401,0.066,0.23
v0663_closeup_0,data/synthetic/v3/images/v0663_closeup_0.jpg,synthetic,train,rust,1,1,0,0,2,miner,2,rust_s2_mixed,512,512,d2e5513328a1c57e1a56c0acb792c404238b0a637ed9c3dee682763524e49b1a,663,closeup,golden,1640244385,,0,0,0.465,0.068,0.24
v1394_whole_0,data/synthetic/v3/images/v1394_whole_0.jpg,synthetic,train,rust,1,1,0,0,1,undetermined,2,rust_s1_mixed,1024,512,df0e5f148e92353e0e0e81473fbda7e2615e674546834d3489a857a0600ddd67,1394,whole,rain,61350708,,0,0,0.602,0.109,3.83
v0103_whole_0,data/synthetic/v3/images/v0103_whole_0.jpg,synthetic,train,rust,1,0,0,0,1,rust,1,rust_s1_pure,1024,512,30e5fe8cc344193b20170015391db5a7d2e4bb6e7a11e277e574e8f1bdd89a60,103,whole,rain,1989125997,,0,0,0.55,0.057,0.72
v0746_closeup_0,data/synthetic/v3/images/v0746_closeup_0.jpg,synthetic,train,rust,1,1,0,0,2,rust,2,rust_s2_mixed,512,512,a9be0166f9cf0a4ed72e82e4da9218a07e2ed5b5b785f05b59da9d31b9390169,746,closeup,overcast,1885734769,,0,0,0.454,0.08,0.28
v0696_whole_0,data/synthetic/v3/images/v0696_whole_0.jpg,synthetic,train,healthy,0,0,0,0,0,healthy,0,healthy,1024,512,84d2a871306275d54f5bf73be8f870828e0f75afc356a35544229bf870773763,696,whole,sun,1064105500,,0,0,0.507,0.07,1.84
v1308_closeup_0,data/synthetic/v3/images/v1308_closeup_0.jpg,synthetic,train,rust,1,0,0,0,4,rust,1,rust_s3plus_pure,512,512,e5bb9adeb20ea6f812cf6fee44531228d4c5dd2bb2b9c905c915fb35c6a89bda,1308,closeup,overcast,2008716762,,0,0,0.493,0.106,0.43
v1396_whole_0,data/synthetic/v3/images/v1396_whole_0.jpg,synthetic,train,rust,1,0,0,1,3,rust,2,rust_s3plus_mixed,1024,512,667678d8541e9f3391ae46b60a72e32ad8b49850f5682497d01b94aea09da664,1396,whole,rain,2946906,,0,0,0.604,0.116,6.02
v1127_closeup_0,data/synthetic/v3/images/v1127_closeup_0.jpg,synthetic,train,healthy,0,0,0,0,0,healthy,0,healthy,512,512,4d8b1368c92e305b517f3c520566bfde1e367ed2c9b38e722011480b36106197,1127,closeup,shade,741296396,,0,0,0.372,0.114,0.46
v1554_whole_0,data/synthetic/v3/images/v1554_whole_0.jpg,synthetic,train,rust,1,0,0,0,2,rust,1,rust_s2_pure,768,768,172776d2081d702943a22507f413a2a31d3388b6fe6aeec8578e67fc76f71ae5,1554,whole,shade,1178495276,,0,0,0.414,0.067,2.29
v0890_whole_0,data/synthetic/v3/images/v0890_whole_0.jpg,synthetic,train,rust,1,1,0,0,2,rust,2,rust_s2_mixed,768,768,98b6a11c6ba4e7345d06b7192743b561bc16b078ba544b8185c70df820e9a632,890,whole,rain,80819407,,0,0,0.603,0.052,0.71
v1287_whole_0,data/synthetic/v3/images/v1287_whole_0.jpg,synthetic,train,rust,1,0,0,0,1,rust,1,rust_s1_pure,1024,512,1f0a554fe72ac2b63933e7b1ea3b2dde08a794c755e26e8210ca8acaf727870c,1287,whole,sun,70439864,,0,0,0.489,0.068,1.03
v1468_closeup_1,data/synthetic/v3/images/v1468_closeup_1.jpg,synthetic,train,rust,1,0,0,0,4,rust,1,rust_s3plus_pure,512,512,62367535fa10de7a3d01902b1a8d5063f2a22172fc6b441c3b375be006d6e20a,1468,closeup,rain,402007680,,0,0,0.498,0.105,5.44
v1460_closeup_0,data/synthetic/v3/images/v1460_closeup_0.jpg,synthetic,train,rust,1,1,0,0,2,rust,2,rust_s2_mixed,256,256,92cf143aabea963df14fa2ab72cb90fdd35f15396f50dab43561a305026960dc,1460,closeup,sun,1860323246,,0,0,0.444,0.065,0.26
v0590_whole_0,data/synthetic/v3/images/v0590_whole_0.jpg,synthetic,train,rust,1,0,0,0,2,rust,1,rust_s2_pure,768,768,06c7c1c2db46f51dbc40420fa8531669eb8a6ce7c394c93c30631308bab810fb,590,whole,sun,2084696190,,0,0,0.47,0.061,1.44
v1385_closeup_0,data/synthetic/v3/images/v1385_closeup_0.jpg,synthetic,train,rust,1,0,0,0,1,rust,1,rust_s1_pure,384,384,95e760e254fc45cda82bf4b5e85cd4ddf81c1b25e1846dc2e5d1797711a3a928,1385,closeup,sun,987115110,,0,0,0.321,0.105,0.31
v1473_closeup_0,data/synthetic/v3/images/v1473_closeup_0.jpg,synthetic,train,rust,1,0,0,0,2,rust,1,rust_s2_pure,256,256,64d76d4cfe35121ff2f13a4a0860de7438343e34556f2defef1a3eb448499d7a,1473,closeup,rain,1410899602,,0,0,0.425,0.119,0.48
v0707_whole_0,data/synthetic/v3/images/v0707_whole_0.jpg,synthetic,train,healthy,0,0,0,0,0,healthy,0,healthy,896,672,a5b36121c5e71fc9a251dc8c85191af2f395c5df342522bd4ee6047a5add3d76,707,whole,golden,2126969361,,0,0,0.588,0.074,0.49
v0849_whole_0,data/synthetic/v3/images/v0849_whole_0.jpg,synthetic,train,rust,1,1,0,0,1,miner,2,rust_s1_mixed,896,672,715c1e6bc87807295c6daa3e9b9670e1963ac960296d1ad0a4625483285dfeab,849,whole,sun_wet,2037045149,,0,0,0.351,0.055,1.02
v1349_whole_0,data/synthetic/v3/images/v1349_whole_0.jpg,synthetic,train,rust,1,0,0,0,1,rust,1,rust_s1_pure,768,768,036fdb558e2aaae36cd573e90d14980634ef1a7ed41a60228f556890ec97ba3e,1349,whole,golden,2031773882,,0,0,0.43,0.078,1.91
v0154_closeup_2,data/synthetic/v3/images/v0154_closeup_2.jpg,synthetic,train,rust,1,0,0,1,3,rust,2,rust_s3plus_mixed,512,512,b4c8667392668ab9a73805ac692c4a44881864fc6e7b920307b7058dbb9a933f,154,closeup,rain,705700086,,0,0,0.622,0.123,2.92
v1375_whole_0,data/synthetic/v3/images/v1375_whole_0.jpg,synthetic,train,rust,1,0,0,0,1,rust,1,rust_s1_pure,1024,512,835fe7242a3099f778b1ffbf8383bbb57f6c55b732c9ee29395e23980e1646c5,1375,whole,overcast,1656045104,,0,0,0.511,0.086,1.8
v1648_whole_0,data/synthetic/v3/images/v1648_whole_0.jpg,synthetic,train,rust,1,0,0,0,1,rust,1,rust_s1_pure,896,672,8cd713f2f4b52543d59ceb262603ddee0f55ef2470e22f83288e2f07123a299a,1648,whole,rain,809012733,,0,0,0.609,0.05,4.87
v0161_closeup_0,data/synthetic/v3/images/v0161_closeup_0.jpg,synthetic,train,rust,1,0,0,0,2,rust,1,rust_s2_pure,256,256,c783bc93747f4fe586cb853995fdb6fd8da4a85a916641a55bc7169238e11395,161,closeup,rain,1348480223,,0,0,0.501,0.134,2.11
v1600_whole_0,data/synthetic/v3/images/v1600_whole_0.jpg,synthetic,train,rust,1,0,0,0,1,rust,1,rust_s1_pure,768,768,f27ce1a49058ce7338dbff960c0c9a08f33363ae54e30887574678861a4ea604,1600,whole,overcast,826886930,,0,0,0.469,0.081,0.88
v1688_closeup_0,data/synthetic/v3/images/v1688_closeup_0.jpg,synthetic,train,rust,1,0,0,0,2,rust,1,rust_s2_pure,384,384,413edf908078a157c1443fe011d4cf832a2afc3333f7711e5280314baaf78b1d,1688,closeup,shade,2062430789,,0,0,0.38,0.073,0.35
v0810_closeup_0,data/synthetic/v3/images/v0810_closeup_0.jpg,synthetic,train,healthy,0,0,0,0,0,healthy,0,healthy,512,512,928a914ee0965f9c7fa42242889d805a0193738a95ce9f7ec7e0a93c69b3ac02,810,closeup,overcast,1097145376,,0,0,0.459,0.051,0.04
v1479_closeup_0,data/synthetic/v3/images/v1479_closeup_0.jpg,synthetic,train,rust,1,0,0,1,1,rust,2,rust_s1_mixed,512,512,11f7c4da404995f241085c53908cbe8af89f6047c2ee35347ce4957a0110a3db,1479,closeup,sun_wet,1502550852,,0,0,0.417,0.08,0.25
v1298_closeup_0,data/synthetic/v3/images/v1298_closeup_0.jpg,synthetic,train,rust,1,0,0,0,1,rust,1,rust_s1_pure,256,256,d630345746def210203e2c0cc904175eb5e16c1b974211b84350824162536a75,1298,closeup,overcast,936571872,,0,0,0.549,0.074,0.17
v0778_whole_0,data/synthetic/v3/images/v0778_whole_0.jpg,synthetic,train,healthy,0,0,0,0,0,healthy,0,healthy,1024,512,6f293c7bc4ef193edac744f8ade2b9691d20849778a5547ecdc1a005160e590e,778,whole,studio,1749910933,,0,0,0.728,0.185,4.2
v1495_closeup_0,data/synthetic/v3/images/v1495_closeup_0.jpg,synthetic,train,rust,1,0,0,0,2,rust,1,rust_s2_pure,256,256,06b16b0fe02fe0c808f48e61eff32b42f9fa52ef9e05fb33db7a8357cda3f40e,1495,closeup,sun,810194195,,0,0,0.467,0.059,2.0
v0125_whole_0,data/synthetic/v3/images/v0125_whole_0.jpg,synthetic,train,rust,1,0,0,0,1,rust,1,rust_s1_pure,1024,512,d5f9a36c84bc11ffebb5ae600663532e00b56fb52856043e429e689816daa16b,125,whole,backlit,1477120852,,0,0,0.505,0.061,1.98
v0780_closeup_0,data/synthetic/v3/images/v0780_closeup_0.jpg,synthetic,train,healthy,0,0,0,0,0,healthy,0,healthy,256,256,22ea11d909fd1ed4746323b425120ada0c832cac6a4649ac93eb4c103fc51a7e,780,closeup,rain,1044235387,,0,0,0.71,0.092,1.16
v1527_whole_2,data/synthetic/v3/images/v1527_whole_2.jpg,synthetic,train,rust,1,0,0,0,3,rust,1,rust_s3plus_pure,1024,512,617a5ff77a2ef3dd3e95c465a4ea65c1d622099c866fc2967e91abd16f296e23,1527,whole,studio,933334752,,0,0,0.874,0.183,7.27
v1468_closeup_0,data/synthetic/v3/images/v1468_closeup_0.jpg,synthetic,train,rust,1,0,0,0,4,rust,1,rust_s3plus_pure,512,512,cde26ef4b22806f62bab911d296987ce09a237dce2ec53494611274e8a5660a7,1468,closeup,sun_wet,1626412566,,0,0,0.402,0.06,0.27
v0960_closeup_0,data/synthetic/v3/images/v0960_closeup_0.jpg,synthetic,train,healthy,0,0,0,0,0,healthy,0,healthy,512,512,63327ef63c7dba643d7ac16c38a55e8f05864c46556323470baa88b209499238,960,closeup,backlit,1641155881,,0,0,0.453,0.084,0.42
v1255_whole_0,data/synthetic/v3/images/v1255_whole_0.jpg,synthetic,train,rust,1,1,0,0,1,rust,2,rust_s1_mixed,896,672,1565b3d1343c895672f634820912f3f1f59976ed6b6475a4aed7329ca31347fc,1255,whole,overcast,1977409291,,0,0,0.554,0.081,0.65
v0664_closeup_1,data/synthetic/v3/images/v0664_closeup_1.jpg,synthetic,train,rust,1,0,0,0,4,rust,1,rust_s3plus_pure,512,512,5f8b57b45ba40bd3cd19c87f58daf4256e7ce73c9eed5e3e7e13d294aceff3cc,664,closeup,rain,327942834,,0,0,0.55,0.076,3.39
v0035_whole_0,data/synthetic/v3/images/v0035_whole_0.jpg,synthetic,train,rust,1,1,0,0,2,miner,2,rust_s2_mixed,896,672,f3e8a1524880268f6acb7ae9e2c85f04bc8a8825e7697bf6f920100b25a57764,35,whole,studio,577642405,,0,0,0.71,0.13,3.44
v1022_whole_0,data/synthetic/v3/images/v1022_whole_0.jpg,synthetic,train,rust,1,0,0,0,1,rust,1,rust_s1_pure,896,672,68d568ef5ba9f3d3da32e906f3a52804a097f936af0ea05116378d2751426461,1022,whole,studio,394568279,,0,0,0.907,0.171,11.71
v0715_closeup_1,data/synthetic/v3/images/v0715_closeup_1.jpg,synthetic,train,rust,1,0,0,0,3,rust,1,rust_s3plus_pure,256,256,784f7123c9cfec0c065abc1750d1700d16ece5f4eddaf2af5e4d25ede76b1203,715,closeup,backlit,855210380,,0,0,0.597,0.099,0.22
v0011_closeup_0,data/synthetic/v3/images/v0011_closeup_0.jpg,synthetic,train,healthy,0,0,0,0,0,healthy,0,healthy,512,512,c1f99423b068a8b3b88babf50eca4bc20e4b698b4ef7b2891333d5b54904fb5d,11,closeup,sun_wet,258899954,,0,0,0.703,0.126,1.3
v1112_closeup_0,data/synthetic/v3/images/v1112_closeup_0.jpg,synthetic,train,rust,1,0,0,0,1,rust,1,rust_s1_pure,512,512,18ed6a6e16717d5100142e3fed3fd00e77588bea8eac73d0d24f32d07f1f5e07,1112,closeup,overcast,944841737,,0,0,0.502,0.101,0.11
v1085_closeup_1,data/synthetic/v3/images/v1085_closeup_1.jpg,synthetic,train,rust,1,0,0,0,3,rust,1,rust_s3plus_pure,384,384,9245d89ba063fcd55b7a80d4f77a3590aca6cd06735228c630786b5dbfb7ab96,1085,closeup,sun,175203360,,0,0,0.359,0.096,0.87
v0885_whole_0,data/synthetic/v3/images/v0885_whole_0.jpg,synthetic,train,rust,1,0,0,1,1,rust,2,rust_s1_mixed,896,672,f94e092035a60d370a6b56a635bcc87e66e17e92c67a4533154d1cb609e0a16e,885,whole,studio,983994689,,0,0,0.643,0.131,2.12
v1236_whole_1,data/synthetic/v3/images/v1236_whole_1.jpg,synthetic,train,rust,1,1,0,0,3,rust,2,rust_s3plus_mixed,1024,512,671265c21332109843ffe76decc5af7f018f33ca6f2bfeda3493226a2fb0134d,1236,whole,studio,636882456,,0,0,0.832,0.176,12.0
v0796_closeup_2,data/synthetic/v3/images/v0796_closeup_2.jpg,synthetic,train,rust,1,1,0,0,3,rust,2,rust_s3plus_mixed,512,512,580d47c1003999b9270da0691b5def6f8e3a57d0fbd60aaeb86d74e3e09e1a63,796,closeup,rain,1812119168,,0,0,0.357,0.084,1.42
v1400_closeup_0,data/synthetic/v3/images/v1400_closeup_0.jpg,synthetic,train,rust,1,0,0,0,1,rust,1,rust_s1_pure,512,512,87ad388cb28bb75d42a68fa4cb4694d979088ea465bd7ac47eb5da2294ff8bb9,1400,closeup,rain,1267275890,,0,0,0.515,0.123,0.81
v1614_closeup_0,data/synthetic/v3/images/v1614_closeup_0.jpg,synthetic,train,rust,1,0,0,1,1,rust,2,rust_s1_mixed,256,256,2b423f2bc238d18f01d5e5d698c53c72ac8871d68f90b45cea29da25fb98f2c6,1614,closeup,overcast,251430059,,0,0,0.395,0.088,0.96
v0153_whole_1,data/synthetic/v3/images/v0153_whole_1.jpg,synthetic,train,rust,1,0,0,0,3,rust,1,rust_s3plus_pure,1024,512,9d2046eadefb6b0c8142ecb1af5fa87b27fbd4369aa240517e2f2236aaadc220,153,whole,golden,911632329,,0,0,0.413,0.085,1.14
v0587_closeup_0,data/synthetic/v3/images/v0587_closeup_0.jpg,synthetic,train,healthy,0,0,0,0,0,healthy,0,healthy,512,512,244c0c3329d58ca5b8cb7890fd467d0f7121c078b7ff6b4b5a2326017a85f611,587,closeup,rain,1102217630,,0,0,0.573,0.06,3.06
v1395_closeup_0,data/synthetic/v3/images/v1395_closeup_0.jpg,synthetic,train,rust,1,1,0,0,2,rust,2,rust_s2_mixed,512,512,cabbd20a6b2fea1a02a65fda76bc6a90d8e4082e0823a80c6ede180fd2704948,1395,closeup,golden,40519939,,0,0,0.603,0.105,0.52
v1359_closeup_0,data/synthetic/v3/images/v1359_closeup_0.jpg,synthetic,train,rust,1,0,0,0,3,rust,1,rust_s3plus_pure,256,256,72dda524f301915fe97061d0e29dda2c418d1c80cc3f2ffa8afca944abff53fd,1359,closeup,backlit,1101402079,,0,0,0.418,0.11,1.39
v1436_closeup_0,data/synthetic/v3/images/v1436_closeup_0.jpg,synthetic,train,rust,1,0,0,0,1,rust,1,rust_s1_pure,256,256,ed37409efcb6494f9330a5846d544e6ae0dc6d332f443175cdfbdd4b3a9a6fe9,1436,closeup,sun,1571932974,,0,0,0.353,0.102,0.64
v0141_closeup_1,data/synthetic/v3/images/v0141_closeup_1.jpg,synthetic,train,rust,1,1,0,0,3,rust,2,rust_s3plus_mixed,512,512,062715c1b18a52315770de5cbeffaba2ee16d3546fab096c12610b6d00f20254,141,closeup,overcast,225367234,,0,0,0.584,0.157,0.66
v1674_whole_0,data/synthetic/v3/images/v1674_whole_0.jpg,synthetic,train,rust,1,0,0,0,1,rust,1,rust_s1_pure,1024,512,7f78d551bc0c422981cdd0f3a329530ed8d5e06a48d0e8b45f41db893d4d5eb8,1674,whole,rain,731372407,,0,0,0.368,0.091,0.69
v0583_whole_0,data/synthetic/v3/images/v0583_whole_0.jpg,synthetic,train,healthy,0,0,0,0,0,healthy,0,healthy,896,672,b5a1febbaff43f9182864c7da3df1da7a47bb3d6dbd1299f70bd919732551ec2,583,whole,golden,1186670914,,0,0,0.475,0.067,0.91
v0118_whole_0,data/synthetic/v3/images/v0118_whole_0.jpg,synthetic,train,rust,1,0,0,0,1,rust,1,rust_s1_pure,1024,512,cf0198cf1f72b191e5977faabaa94284a0042c6c6c5c3e5409d93195abf6002c,118,whole,shade,1113993193,,0,0,0.581,0.094,1.8
v0950_whole_0,data/synthetic/v3/images/v0950_whole_0.jpg,synthetic,train,healthy,0,0,0,0,0,healthy,0,healthy,1024,512,b051e5a457f05a7fe23cb0634c6a624beb4ba7c7cf99bc3bef5e5ebc8237ee35,950,whole,rain,1936171719,,0,0,0.386,0.043,0.49
v0682_closeup_2,data/synthetic/v3/images/v0682_closeup_2.jpg,synthetic,train,rust,1,0,0,1,4,cercospora,2,rust_s3plus_mixed,512,512,1e4cd531442a82e3843aa75ecb3c6d6c83a4fb324ba314861ceb9dbbd6b456d3,682,closeup,rain,1859606665,,0,0,0.534,0.125,2.22
v1613_closeup_2,data/synthetic/v3/images/v1613_closeup_2.jpg,synthetic,train,rust,1,0,0,1,3,rust,2,rust_s3plus_mixed,512,512,5b5716ac42acc42ec1c799e49c35b4899ceee26f59fd328f89b26e594a18dc60,1613,closeup,shade,1706947330,,0,0,0.416,0.07,0.21
v0946_closeup_0,data/synthetic/v3/images/v0946_closeup_0.jpg,synthetic,train,healthy,0,0,0,0,0,healthy,0,healthy,256,256,c23526c050063c8a3d2c48b1d362cc384f7545244d7d7b28ccc80e69ef8f7dab,946,closeup,golden,1331083536,,0,0,0.448,0.077,2.74
v1386_closeup_0,data/synthetic/v3/images/v1386_closeup_0.jpg,synthetic,train,rust,1,0,0,1,1,rust,2,rust_s1_mixed,384,384,e518b810037377223b5572e220046e8c2efed7631c2cfbbcd79a2b3a7332ecc5,1386,closeup,sun,948998207,,0,0,0.333,0.085,0.55
v1734_whole_0,data/synthetic/v3/images/v1734_whole_0.jpg,synthetic,train,rust,1,0,0,0,1,rust,1,rust_s1_pure,896,672,1cadd16084a0c57281a26de2344b3a866d35196801c3841c2aa00cbb520f1401,1734,whole,sun,429221264,,0,0,0.406,0.069,0.24
v1348_whole_0,data/synthetic/v3/images/v1348_whole_0.jpg,synthetic,train,rust,1,0,0,1,1,rust,2,rust_s1_mixed,1024,512,6935550ac57a47cc0e37dcc433da7521007f29516d1119cd493c870f52e3997c,1348,whole,rain,2027422349,,0,0,0.567,0.112,7.09
v0711_closeup_0,data/synthetic/v3/images/v0711_closeup_0.jpg,synthetic,train,rust,1,1,0,0,1,rust,2,rust_s1_mixed,512,512,e1d7d57c57d430541833067eb0ee2236077d4ebef7511f3ce03cb65b118c4503,711,closeup,overcast,1123541446,,0,0,0.465,0.123,0.43
v0045_closeup_0,data/synthetic/v3/images/v0045_closeup_0.jpg,synthetic,train,rust,1,1,0,0,1,miner,2,rust_s1_mixed,512,512,a0c87c268dd7b411cbc89ab9842af12ce2103800cf17a1e68fde1ce306ad8a4c,45,closeup,backlit,1069098780,,0,0,0.361,0.138,0.35
v1450_whole_0,data/synthetic/v3/images/v1450_whole_0.jpg,synthetic,train,rust,1,1,0,1,2,undetermined,3,rust_s2_mixed,1024,512,060e38ef7592b42dab2852f1f0cf39a0510e001c5f322ca56f57a5b4a3b74675,1450,whole,studio,2086135872,,0,0,0.773,0.118,1.97
v0140_whole_0,data/synthetic/v3/images/v0140_whole_0.jpg,synthetic,train,rust,1,0,0,0,2,rust,1,rust_s2_pure,1024,512,e887bbbd2b0700841be0cf81117e5e60b7f4afa5d413ecfc5e17c9b1ee37f37a,140,whole,rain,2074840675,,0,0,0.398,0.059,1.83
v1273_whole_2,data/synthetic/v3/images/v1273_whole_2.jpg,synthetic,train,rust,1,1,0,0,3,rust,2,rust_s3plus_mixed,1024,512,76d05170c676a5d9dfe00100e5aea25463d9395285df510924d3d5a4e254bc07,1273,whole,sun,894831134,,0,0,0.401,0.089,4.69
v1209_whole_0,data/synthetic/v3/images/v1209_whole_0.jpg,synthetic,train,rust,1,1,0,0,1,rust,2,rust_s1_mixed,768,768,1acb219bdffae8474a34f1326c9c4cd3bdbd2722c39525b5aea402a52a24568d,1209,whole,rain,1259918941,,0,0,0.499,0.149,2.27
v1437_whole_0,data/synthetic/v3/images/v1437_whole_0.jpg,synthetic,train,rust,1,0,0,0,1,rust,1,rust_s1_pure,1024,512,44b2c1006fb52043d10c8794df691ced637a6e6ff3cd87f99a01e2f42218abe2,1437,whole,rain,1551081753,,0,0,0.483,0.053,3.39
v0781_closeup_0,data/synthetic/v3/images/v0781_closeup_0.jpg,synthetic,train,healthy,0,0,0,0,0,healthy,0,healthy,256,256,ebde349d8034a9ffb86dafc9ca94d54124241997757ce0bc32a46845e3c7e66d,781,closeup,sun,1073720908,,0,0,0.555,0.089,0.69
v0921_whole_0,data/synthetic/v3/images/v0921_whole_0.jpg,synthetic,train,healthy,0,0,0,0,0,healthy,0,healthy,1024,512,211287bf3f01b95f9de4485a550b793d5dd9042cac88a856309d29c7777982a2,921,whole,overcast,1869803593,,0,0,0.43,0.058,0.83
v0615_whole_0,data/synthetic/v3/images/v0615_whole_0.jpg,synthetic,train,rust,1,0,0,1,1,rust,2,rust_s1_mixed,896,672,2995f91b2ce6e4a3b908f3c4a0c8d6267620471ba8f6f7a5de92e51d2e196b00,615,whole,overcast,2023645354,,0,0,0.451,0.056,0.92
v0954_whole_0,data/synthetic/v3/images/v0954_whole_0.jpg,synthetic,train,healthy,0,0,0,0,0,healthy,0,healthy,768,768,411fd29fa0b214dcf6d9115630516aac44ba071a6202bcc40ad5a84d407af746,954,whole,overcast,1953368603,,0,0,0.586,0.085,1.52
v1492_closeup_0,data/synthetic/v3/images/v1492_closeup_0.jpg,synthetic,train,rust,1,0,0,0,1,rust,1,rust_s1_pure,384,384,aa15f59eeca5ac34270705cb9d1202af4f7bd4d485e553a173bd57429de4b5dc,1492,closeup,rain,889553814,,0,0,0.531,0.086,0.53
v0126_closeup_1,data/synthetic/v3/images/v0126_closeup_1.jpg,synthetic,train,rust,1,0,0,0,4,rust,1,rust_s3plus_pure,384,384,2868d97890f6cea31683508f0fd2c32212ba4bf2342935e3ff1ac2a6247c3a66,126,closeup,overcast,759864731,,0,0,0.544,0.088,0.33
v0170_whole_0,data/synthetic/v3/images/v0170_whole_0.jpg,synthetic,train,healthy,0,0,0,0,0,healthy,0,healthy,768,768,0444deb61b7af91809c0130c080f77dc96e3824b28db50cb7618f8d594db333b,170,whole,overcast,1763582349,,0,0,0.509,0.077,0.22
v0180_whole_0,data/synthetic/v3/images/v0180_whole_0.jpg,synthetic,train,healthy,0,0,0,0,0,healthy,0,healthy,896,672,77baff25cfa5c5c28b4343440504fff9008eb29b2543f57eb8fe23b8800d7c53,180,whole,golden,830288347,,0,0,0.458,0.051,0.65
v1556_whole_0,data/synthetic/v3/images/v1556_whole_0.jpg,synthetic,train,rust,1,1,0,0,1,undetermined,2,rust_s1_mixed,896,672,6800df721e65f4d9fc103d73b5b84a87933abf5a2ba442cbd550a62f4cd4fe53,1556,whole,studio,1169866050,,0,0,0.734,0.117,4.81
v1272_whole_0,data/synthetic/v3/images/v1272_whole_0.jpg,synthetic,train,rust,1,0,0,0,1,rust,1,rust_s1_pure,768,768,22e488273cdf4d898033a2ef144c4a1ea58d7448ce722c50bcbe6981387f5d4a,1272,whole,golden,1520042245,,0,0,0.507,0.059,0.3
v0589_whole_2,data/synthetic/v3/images/v0589_whole_2.jpg,synthetic,train,rust,1,1,0,0,3,rust,2,rust_s3plus_mixed,1024,512,39cfcf65845bed0f92e4902ed1af9bcddbd08032ba72696b2a1ba1dca416c58c,589,whole,studio,623037880,,0,0,0.476,0.093,0.5
v1528_whole_0,data/synthetic/v3/images/v1528_whole_0.jpg,synthetic,train,rust,1,0,0,0,1,rust,1,rust_s1_pure,1024,512,ad21f70fb776861bb3d8295c605eca579ba3ad1952e8333f38d0ac762690ac7e,1528,whole,sun_wet,1391700209,,0,0,0.469,0.065,5.67
v0915_whole_0,data/synthetic/v3/images/v0915_whole_0.jpg,synthetic,train,healthy,0,0,0,0,0,healthy,0,healthy,896,672,2d22f210d1a444602485f6520647a3d8828f816aaa532c17c2e527bfc17fde95,915,whole,sun,2060384123,,0,0,0.531,0.071,1.85
v0605_whole_0,data/synthetic/v3/images/v0605_whole_0.jpg,synthetic,train,rust,1,0,0,1,3,rust,2,rust_s3plus_mixed,896,672,55552ea4e7786565a9960d80104e44610064dc3ec8a2e804c144a59b60b21ec5,605,whole,rain,1075972047,,0,0,0.642,0.065,10.24
v1184_whole_0,data/synthetic/v3/images/v1184_whole_0.jpg,synthetic,train,healthy,0,0,0,0,0,healthy,0,healthy,896,672,821d9213840b3b178ce483af389d426a2db726e4fdbdc79751b10db76ef62a5d,1184,whole,sun,1104418609,,0,0,0.431,0.076,1.19
v0148_whole_0,data/synthetic/v3/images/v0148_whole_0.jpg,synthetic,train,rust,1,0,0,0,1,rust,1,rust_s1_pure,1024,512,60d5af8de5137c080c2a4d52773f1e51bce28eb98a7d3ee1a9e196a7147b5fea,148,whole,overcast,1975050203,,0,0,0.356,0.053,1.11
v1297_whole_2,data/synthetic/v3/images/v1297_whole_2.jpg,synthetic,train,rust,1,0,0,0,4,rust,1,rust_s3plus_pure,768,768,bf8490c567977cdff946a17ce722822d12535816aaf7efbc97ac01202a11c42e,1297,whole,sun_wet,1384175089,,0,0,0.555,0.107,3.9
v1663_whole_0,data/synthetic/v3/images/v1663_whole_0.jpg,synthetic,train,rust,1,0,0,1,2,cercospora,2,rust_s2_mixed,1024,512,de8bf385dcd1952f4d787303222b3add2b0f65bed752852f09b9ce9beb8bdd66,1663,whole,overcast,375696023,,0,0,0.415,0.057,1.66
v1279_closeup_0,data/synthetic/v3/images/v1279_closeup_0.jpg,synthetic,train,rust,1,0,0,0,1,rust,1,rust_s1_pure,512,512,c7dcd4270f9573baa8215dae6388dba01c800b48b758cc33793cafaf2f08a3ee,1279,closeup,rain,1456467684,,0,0,0.535,0.163,0.48
v1561_closeup_1,data/synthetic/v3/images/v1561_closeup_1.jpg,synthetic,train,rust,1,0,0,0,3,rust,1,rust_s3plus_pure,512,512,c0835f3f7a7c8b23b3b7682ee3a0ebd03a0545c3b4c41ce8346eaf40c96ebccb,1561,closeup,sun,625423551,,0,0,0.517,0.111,1.86
v1662_whole_0,data/synthetic/v3/images/v1662_whole_0.jpg,synthetic,train,rust,1,0,0,0,2,rust,1,rust_s2_pure,768,768,ac789e640984659fd08f3df5a7750fe22418db99891fdc8736d7ac2829b26758,1662,whole,backlit,396804256,,0,0,0.528,0.075,0.65
v0858_whole_0,data/synthetic/v3/images/v0858_whole_0.jpg,synthetic,train,rust,1,0,0,0,1,rust,1,rust_s1_pure,1024,512,c3dc778544d15cfc14386aa6e1e4d2b9979097a28f1271de373c23ed4604171d,858,whole,overcast,1075108559,,0,0,0.407,0.102,3.52
v0132_closeup_0,data/synthetic/v3/images/v0132_closeup_0.jpg,synthetic,train,rust,1,0,0,0,3,rust,1,rust_s3plus_pure,512,512,6b8113b0a2a2becb4d8b9ab28525e9ef9a155a4b926d53201e0c1b3bf809126b,132,closeup,backlit,1710777012,,0,0,0.494,0.084,0.72
v0097_whole_0,data/synthetic/v3/images/v0097_whole_0.jpg,synthetic,train,rust,1,0,0,0,1,rust,1,rust_s1_pure,1024,512,c50d4036fe1831173affdd509c903d13ee734e986d4b09f64d6890b6fa1e713d,97,whole,sun_wet,1314335663,,0,0,0.597,0.122,4.18
v1341_whole_0,data/synthetic/v3/images/v1341_whole_0.jpg,synthetic,train,rust,1,0,0,0,2,rust,1,rust_s2_pure,896,672,71fd35c47e4fc9cabda8480ea1dd332885961686ca522ecd2702a1822f2b061d,1341,whole,studio,1997093122,,0,0,0.684,0.118,2.02
v0144_closeup_0,data/synthetic/v3/images/v0144_closeup_0.jpg,synthetic,train,rust,1,0,0,0,1,rust,1,rust_s1_pure,256,256,7787bbed32caa1d2d6daecfadb19286b7aa16010dbfecc0fc6079892e50fa217,144,closeup,golden,2091001535,,0,0,0.524,0.093,0.29
v1543_closeup_0,data/synthetic/v3/images/v1543_closeup_0.jpg,synthetic,train,rust,1,1,0,0,2,rust,2,rust_s2_mixed,384,384,787d68dbb887aceeee28092b3957dc5fa04b9314450eebef8565eb8b6a2c99f0,1543,closeup,overcast,2077038796,,0,0,0.52,0.113,0.08
v1745_whole_0,data/synthetic/v3/images/v1745_whole_0.jpg,synthetic,train,rust,1,0,0,1,1,cercospora,2,rust_s1_mixed,1024,512,2400ffacb87f274a3b22ca998d5421518db17784eb3750af060655e6946c24f5,1745,whole,studio,92288798,,0,0,0.807,0.144,6.31
v1085_whole_2,data/synthetic/v3/images/v1085_whole_2.jpg,synthetic,train,rust,1,0,0,0,3,rust,1,rust_s3plus_pure,1024,512,9cf7e11d086e2f0a889bb644d6a634f9f3bc9f7ee98d96faf131dbe7fe0da415,1085,whole,studio,326645146,,0,0,0.853,0.161,6.36
v1425_whole_0,data/synthetic/v3/images/v1425_whole_0.jpg,synthetic,train,rust,1,0,0,0,2,rust,1,rust_s2_pure,896,672,07d35afc67aa152c258223e5f825d18ec450bd987d44ece57af3e6c67021ab58,1425,whole,studio,1732973074,,0,0,0.796,0.159,3.84
v0124_whole_2,data/synthetic/v3/images/v0124_whole_2.jpg,synthetic,train,rust,1,0,0,0,4,rust,1,rust_s3plus_pure,896,672,e6cd07eed6edb66f8fae1db8a61024aaa8a97b4c93c9394ea9cc44ef77286ad1,124,whole,shade,935794767,,0,0,0.433,0.049,1.05
v1232_whole_0,data/synthetic/v3/images/v1232_whole_0.jpg,synthetic,train,rust,1,0,0,0,1,rust,1,rust_s1_pure,1024,512,c69b50010da2aacbdefbed9e62426f44129c17d0ff16522af51bbe262b175d1b,1232,whole,backlit,1442354770,,0,0,0.538,0.091,1.37
v1300_whole_0,data/synthetic/v3/images/v1300_whole_0.jpg,synthetic,train,rust,1,0,0,1,2,rust,2,rust_s2_mixed,1024,512,87b66b663c84c15d6498c21aeb02218f8eff4b972a75c404f1c240ee99de4256,1300,whole,sun,2041168994,,0,0,0.628,0.091,1.56
v0982_whole_0,data/synthetic/v3/images/v0982_whole_0.jpg,synthetic,train,healthy,0,0,0,0,0,healthy,0,healthy,896,672,c209140a7cc1f917ea3d587c77fb0bd1cc5572b25383f4ddfc8d1344f8b065bf,982,whole,backlit,42577524,,0,0,0.36,0.08,1.42
v1236_whole_0,data/synthetic/v3/images/v1236_whole_0.jpg,synthetic,train,rust,1,1,0,0,3,rust,2,rust_s3plus_mixed,1024,512,b2ccf7c753c40ebd3571fd5a802d9d0c4f11d7ed9e73c0b640be1dbe586b981a,1236,whole,sun_wet,1391541902,,0,0,0.485,0.05,0.94
v1274_closeup_0,data/synthetic/v3/images/v1274_closeup_0.jpg,synthetic,train,rust,1,0,0,0,1,rust,1,rust_s1_pure,512,512,79603ba46fb0ef195b00b46d35bab14848463b8e899dfc989574761881eff8ae,1274,closeup,shade,1578597815,,0,0,0.39,0.079,0.32
v1694_whole_0,data/synthetic/v3/images/v1694_whole_0.jpg,synthetic,train,rust,1,0,0,1,1,rust,2,rust_s1_mixed,896,672,f57b3fe95ca22d8fab1588908131dd6f6f50414093ecff25ce13b7123fd56842,1694,whole,rain,1263053892,,0,0,0.577,0.117,5.23
v1597_whole_0,data/synthetic/v3/images/v1597_whole_0.jpg,synthetic,train,rust,1,0,0,0,1,rust,1,rust_s1_pure,896,672,b25215464ad144796820f08a85dbcc9169bfae91eebfec45984e41ed451fb3cc,1597,whole,rain,246311117,,0,0,0.393,0.08,0.98
v1434_closeup_0,data/synthetic/v3/images/v1434_closeup_0.jpg,synthetic,train,rust,1,0,0,1,1,rust,2,rust_s1_mixed,512,512,de4ae4d96ba53e459e2cd293d8adb30a07bd64279820ec1de01d765d689e2e03,1434,closeup,sun_wet,1580539712,,0,0,0.513,0.105,1.71
v1707_whole_0,data/synthetic/v3/images/v1707_whole_0.jpg,synthetic,train,rust,1,0,0,1,3,rust,2,rust_s3plus_mixed,768,768,8321581080def5d196490d477f6eeca887862d4e4bd4dab6ebf0ab5d278435df,1707,whole,sun_wet,157709351,,0,0,0.478,0.127,1.76
v1440_closeup_2,data/synthetic/v3/images/v1440_closeup_2.jpg,synthetic,train,rust,1,1,0,0,3,rust,2,rust_s3plus_mixed,512,512,42b8cd91e00b898dbda6a8e78bccb203f0982aac4c9c88f8c16bcf6796a4bba4,1440,closeup,golden,719711753,,0,0,0.271,0.116,1.06
v0231_whole_0,data/synthetic/v3/images/v0231_whole_0.jpg,synthetic,train,healthy,0,0,0,0,0,healthy,0,healthy,1024,512,71c6084b12ceb1e92cb66595db22d9aa4b12f8f30dc8284e9ee6d67626191144,231,whole,shade,538879549,,0,0,0.506,0.072,1.57
v0106_closeup_0,data/synthetic/v3/images/v0106_closeup_0.jpg,synthetic,train,rust,1,0,0,0,2,rust,1,rust_s2_pure,512,512,91eae5eb71b69c8b30c665af7519ec686e12c2bae05c9c3acd1f166d868c47ef,106,closeup,rain,1883530630,,0,0,0.453,0.1,0.89
v1449_closeup_1,data/synthetic/v3/images/v1449_closeup_1.jpg,synthetic,train,rust,1,0,0,0,4,rust,1,rust_s3plus_pure,512,512,bc4d415cd86b492f22822714bae3afeba49cb983b3db54f862f960a4dc3ded60,1449,closeup,backlit,1010664508,,0,0,0.487,0.165,0.19
v0571_closeup_0,data/synthetic/v3/images/v0571_closeup_0.jpg,synthetic,train,healthy,0,0,0,0,0,healthy,0,healthy,256,256,b20fcac4f8a1720fd614c0cfd332d6188c55896f9d86fa1bb16bb363f75f5764,571,closeup,sun_wet,492629370,,0,0,0.449,0.128,0.21
v1336_closeup_0,data/synthetic/v3/images/v1336_closeup_0.jpg,synthetic,train,rust,1,0,0,0,1,rust,1,rust_s1_pure,384,384,754db1c87defe2443ccbb98a90f9db892671aa8c365bdaefcd0317ae4efb6e35,1336,closeup,rain,1871779646,,0,0,0.559,0.072,0.29
v0671_whole_0,data/synthetic/v3/images/v0671_whole_0.jpg,synthetic,train,unclear,0,0,0,0,0,undetermined,0,unclear,768,768,4d4d3dbcec64cf837400a81657b6f40008cd476c20e10180b031d143e6d0aeeb,671,whole,shade,1526503338,,0,0,0.496,0.097,0.74
v0116_whole_0,data/synthetic/v3/images/v0116_whole_0.jpg,synthetic,train,rust,1,0,0,0,1,rust,1,rust_s1_pure,1024,512,aadd6c7b8060461938846d2299400ae45954016d7d647834fba33336115b10a5,116,whole,sun_wet,1224213219,,0,0,0.646,0.144,2.36
v0947_whole_0,data/synthetic/v3/images/v0947_whole_0.jpg,synthetic,train,healthy,0,0,0,0,0,healthy,0,healthy,768,768,971bb0d4db1eed89128214da55eb43fb80d9eea3edf4ee9b23775119e595f230,947,whole,overcast,1318376231,,0,0,0.351,0.06,0.4
v0095_whole_0,data/synthetic/v3/images/v0095_whole_0.jpg,synthetic,train,rust,1,0,0,0,1,rust,1,rust_s1_pure,1024,512,053288135ad9894cead1b17f17703ab62599d04ad7248a06336f4e685cc51ede,95,whole,rain,1305739201,,0,0,0.506,0.087,0.83
v1622_whole_0,data/synthetic/v3/images/v1622_whole_0.jpg,synthetic,train,rust,1,0,0,0,1,rust,1,rust_s1_pure,768,768,ec2c8729e148499bcd4924fe11b79d7b5608b45400f665a250029a1e3f20840b,1622,whole,rain,415520759,,0,0,0.68,0.066,2.35
v0925_whole_0,data/synthetic/v3/images/v0925_whole_0.jpg,synthetic,train,rust,1,1,0,0,1,undetermined,2,rust_s1_mixed,896,672,15f58c9ba2743f0154fe6f40470ee5c2ba732675d822ad6eae0f828d7a6db463,925,whole,sun,1752914069,,0,0,0.452,0.074,0.69
v1667_whole_0,data/synthetic/v3/images/v1667_whole_0.jpg,synthetic,train,rust,1,0,0,0,1,rust,1,rust_s1_pure,1024,512,011ddeb80063b604a3545db095077b669a633e9dbf267beb7e54acc3cdd629c3,1667,whole,sun_wet,292356683,,0,0,0.529,0.117,4.09
v0853_whole_0,data/synthetic/v3/images/v0853_whole_0.jpg,synthetic,train,healthy,0,0,0,0,0,healthy,0,healthy,768,768,4046cf5eb7f30dd6a6acb9cd3fca3f361742f9d14197821e3524cd4b222dd444,853,whole,golden,1279341870,,0,0,0.47,0.073,0.45
v0206_whole_0,data/synthetic/v3/images/v0206_whole_0.jpg,synthetic,train,healthy,0,0,0,0,0,healthy,0,healthy,896,672,60b285a37ff7e7b784bbb7c4651ab25891c78739b42432872eda09b8796bcb84,206,whole,sun,937697110,,0,0,0.581,0.08,1.3
v1669_closeup_0,data/synthetic/v3/images/v1669_closeup_0.jpg,synthetic,train,rust,1,0,0,1,1,cercospora,2,rust_s1_mixed,384,384,4f191aa215b0320804e8a11f50bf029fdf2c84c6053460264efe1bd6aa9e3ae4,1669,closeup,rain,468922177,,0,0,0.441,0.055,0.68
v1741_closeup_0,data/synthetic/v3/images/v1741_closeup_0.jpg,synthetic,train,rust,1,0,0,1,2,cercospora,2,rust_s2_mixed,384,384,5ad4213d152fa349915296b3bca5f4ee87f19a3efd7269ebe1ba908d87782a22,1741,closeup,shade,42573762,,0,0,0.426,0.115,1.16
v0187_whole_0,data/synthetic/v3/images/v0187_whole_0.jpg,synthetic,train,healthy,0,0,0,0,0,healthy,0,healthy,1024,512,744fe2c7c56906efb71f687679c21d3967ed7cf1ad0335971c86975219917bab,187,whole,sun,875702110,,0,0,0.567,0.101,1.51
v1085_whole_0,data/synthetic/v3/images/v1085_whole_0.jpg,synthetic,train,rust,1,0,0,0,3,rust,1,rust_s3plus_pure,1024,512,0e46403f07432042c13aa0cbd09b5aecc33ded72be9700f5cf2fc9b71f553379,1085,whole,studio,2104906934,,0,0,0.739,0.163,1.4
v0832_whole_0,data/synthetic/v3/images/v0832_whole_0.jpg,synthetic,train,rust,1,0,0,0,2,rust,1,rust_s2_pure,1024,512,6b86244df3eafa9ecbbde7ac165b66cd294a3d80a1043f12a17859af091d4c14,832,whole,sun,1760035013,,0,0,0.631,0.098,3.49
v0968_closeup_0,data/synthetic/v3/images/v0968_closeup_0.jpg,synthetic,train,healthy,0,0,0,0,0,healthy,0,healthy,512,512,3e51473d2f2dbfc0d4dfa24aa7c30a312163c77f65897d115316fce405a58962,968,closeup,sun,1874943121,,0,0,0.479,0.078,0.3
v0758_whole_0,data/synthetic/v3/images/v0758_whole_0.jpg,synthetic,train,healthy,0,0,0,0,0,healthy,0,healthy,896,672,ea1edec01806ee19d577b8332292d4a2256e6a698b7c3fcc2ba7040a61b0e8c7,758,whole,sun,1111772446,,0,0,0.398,0.068,1.09
v1579_whole_0,data/synthetic/v3/images/v1579_whole_0.jpg,synthetic,train,rust,1,0,0,1,1,cercospora,2,rust_s1_mixed,896,672,6f51cdc3a8db615b26afc698825c0342b5bc25bacc35c763de2c50c3003491d2,1579,whole,rain,1693397748,,0,0,0.412,0.122,2.51
v1356_whole_0,data/synthetic/v3/images/v1356_whole_0.jpg,synthetic,train,rust,1,0,0,0,2,rust,1,rust_s2_pure,1024,512,becc61d5c52797dffea2882f380ebfb0780cc969b4cfef1fedb4db56584af9dc,1356,whole,studio,1257916642,,0,0,0.597,0.155,8.23
v0092_whole_0,data/synthetic/v3/images/v0092_whole_0.jpg,synthetic,train,rust,1,0,0,0,1,rust,1,rust_s1_pure,1024,512,06b8a8126a3e30f8fe13e0d0c2e781a2f54b160b93d643a5e5bc2f10bcb25a8a,92,whole,golden,1218242884,,0,0,0.578,0.067,1.92
v0209_whole_0,data/synthetic/v3/images/v0209_whole_0.jpg,synthetic,train,healthy,0,0,0,0,0,healthy,0,healthy,1024,512,a9212f5b606fe1c20b03b17be043ed72659617e26ae7c08b275354077009b818,209,whole,sun_wet,1018714219,,0,0,0.371,0.062,0.87
v0009_whole_0,data/synthetic/v3/images/v0009_whole_0.jpg,synthetic,train,healthy,0,0,0,0,0,healthy,0,healthy,1024,512,dc8b04d8d2f9bdedbe1332dc8ad8c0f6b028dd06c0784d77ff1680c68fec8f16,9,whole,shade,266935798,,0,0,0.403,0.047,0.51
v0955_closeup_0,data/synthetic/v3/images/v0955_closeup_0.jpg,synthetic,train,healthy,0,0,0,0,0,healthy,0,healthy,512,512,03c7ef50a4b0ac63269710c441a30ffad1d95057ec0b859e0cbb85324337261b,955,closeup,rain,1974231084,,0,0,0.423,0.041,0.44
v0604_whole_0,data/synthetic/v3/images/v0604_whole_0.jpg,synthetic,train,rust,1,0,0,1,1,cercospora,2,rust_s1_mixed,1024,512,fd0b8fa3897b79b8c11180fe330a885bb8f08c05533540342bd2695829e401f1,604,whole,overcast,1105227256,,0,0,0.37,0.106,3.25
v1247_closeup_0,data/synthetic/v3/images/v1247_closeup_0.jpg,synthetic,train,rust,1,1,0,0,1,miner,2,rust_s1_mixed,512,512,4b1b96ae918773e891e6a18b982f16ba69af8db8bd7b37a73eae8477fe524346,1247,closeup,overcast,1323592704,,0,0,0.426,0.098,0.46
v0733_closeup_1,data/synthetic/v3/images/v0733_closeup_1.jpg,synthetic,train,rust,1,1,0,0,4,rust,2,rust_s3plus_mixed,384,384,3e187a4132ab3bdfb64606f850582e56b0db21d369582a05cf6ae44cf537b2fb,733,closeup,sun,478006709,,0,0,0.388,0.063,0.36
v0131_whole_0,data/synthetic/v3/images/v0131_whole_0.jpg,synthetic,train,rust,1,0,0,0,2,rust,1,rust_s2_pure,768,768,eba44ba0d6d12ac8a8346c9ecd686756d01d434d77eb7f27d968c2a854020429,131,whole,sun_wet,1740561645,,0,0,0.531,0.101,3.68
v1326_whole_2,data/synthetic/v3/images/v1326_whole_2.jpg,synthetic,train,rust,1,1,0,0,4,rust,2,rust_s3plus_mixed,1024,512,d20846734b68fbaf1e3e12c3b621fe8b0e934fded1c3e058a18bafe6ca29aead,1326,whole,overcast,958599543,,0,0,0.494,0.09,0.88
v1359_closeup_2,data/synthetic/v3/images/v1359_closeup_2.jpg,synthetic,train,rust,1,0,0,0,3,rust,1,rust_s3plus_pure,256,256,3cfae07ef516920fd6b30872391e3773853e5f575b78a9af09e64eee71d848b9,1359,closeup,backlit,799567603,,0,0,0.463,0.163,0.45
v0865_whole_0,data/synthetic/v3/images/v0865_whole_0.jpg,synthetic,train,rust,1,0,0,0,1,rust,1,rust_s1_pure,1024,512,fbd17238a0aa79328d13d320376a427d8b87f88b75f0bdde9d32ef65f99363d6,865,whole,studio,1517938290,,0,0,0.583,0.142,6.04
v1586_whole_0,data/synthetic/v3/images/v1586_whole_0.jpg,synthetic,train,rust,1,0,0,1,3,rust,2,rust_s3plus_mixed,1024,512,e045e2a9302675397f0b829d75ee5221d78eaad14cfc9858fc570bfaf39fabff,1586,whole,overcast,936404383,,0,0,0.49,0.077,0.87
v1254_closeup_0,data/synthetic/v3/images/v1254_closeup_0.jpg,synthetic,train,rust,1,0,0,1,2,rust,2,rust_s2_mixed,256,256,b94a69d1419c27f918f259ac827ba026c602ec69be4ce2ee60465d487f40d167,1254,closeup,backlit,1948169532,,0,0,0.304,0.072,2.61
v0763_whole_0,data/synthetic/v3/images/v0763_whole_0.jpg,synthetic,train,healthy,0,0,0,0,0,healthy,0,healthy,1024,512,6b72ba2d41c9c39896f61f4f1bbf9be98181ba6ab7c93d019e2b557bb3aa03cc,763,whole,rain,1554255121,,0,0,0.613,0.043,0.82
v0100_whole_1,data/synthetic/v3/images/v0100_whole_1.jpg,synthetic,train,rust,1,1,0,0,4,rust,2,rust_s3plus_mixed,768,768,35f4d03052b3b822776ac8c8e35064b4ec2963ded24baf17a789d056c82c8888,100,whole,sun,63842722,,0,0,0.506,0.059,0.74
v1034_closeup_0,data/synthetic/v3/images/v1034_closeup_0.jpg,synthetic,train,rust,1,1,0,0,2,rust,2,rust_s2_mixed,512,512,547a5b5ea16fb9aa9a3bf9422ae4bdbf5092dacc370164999ff6e997ee96fad1,1034,closeup,shade,733329792,,0,0,0.484,0.085,0.26
v0164_whole_0,data/synthetic/v3/images/v0164_whole_0.jpg,synthetic,train,rust,1,0,0,0,1,rust,1,rust_s1_pure,1024,512,99def1705c3f35c585fcce8cb63f1aa14c21741e955fa0a09c6bdd80e7777ffb,164,whole,sun,1454108212,,0,0,0.526,0.072,1.07
v1455_closeup_0,data/synthetic/v3/images/v1455_closeup_0.jpg,synthetic,train,rust,1,0,0,0,2,rust,1,rust_s2_pure,512,512,8b4a31b4ec472659847b8d03d2a3c641974509a3c2453b09476631931fe0ecd8,1455,closeup,backlit,2057054891,,0,0,0.357,0.111,0.16
v1411_closeup_0,data/synthetic/v3/images/v1411_closeup_0.jpg,synthetic,train,rust,1,0,0,0,1,rust,1,rust_s1_pure,512,512,257c85633ba2de67f32a2aee1f34c5ac5a032ee4a964964e7d3eb2ea4eb2fe36,1411,closeup,backlit,1928795424,,0,0,0.408,0.088,0.33
v0123_whole_0,data/synthetic/v3/images/v0123_whole_0.jpg,synthetic,train,rust,1,0,0,0,2,rust,1,rust_s2_pure,1024,512,57da689a7cf22d9fd92431cd6781fce0cfcd4b3c78fd9d796fc53cf463ccde9d,123,whole,rain,1552314342,,0,0,0.367,0.045,0.39
v0149_closeup_0,data/synthetic/v3/images/v0149_closeup_0.jpg,synthetic,train,rust,1,0,0,0,3,rust,1,rust_s3plus_pure,512,512,c1522e953d643f0538e6077bfee1b38485b96bb6c7ad5223ecbf1f2fbc61f82b,149,closeup,sun,1954199020,,0,0,0.606,0.077,0.16
v1699_whole_0,data/synthetic/v3/images/v1699_whole_0.jpg,synthetic,train,rust,1,0,0,0,1,rust,1,rust_s1_pure,768,768,d27985b56372f691a00a46238bf4ae547c8745fa800e280ccc6b4b0772db3dbd,1699,whole,sun_wet,1133526807,,0,0,0.387,0.113,4.44
v1461_whole_0,data/synthetic/v3/images/v1461_whole_0.jpg,synthetic,train,rust,1,0,0,0,1,rust,1,rust_s1_pure,1024,512,1ade00cdb271bb3c21940fbcb9b53b3ce8ab5f1367e4136f34caa90b135ae088,1461,whole,backlit,1864379801,,0,0,0.508,0.109,3.7
v0813_closeup_0,data/synthetic/v3/images/v0813_closeup_0.jpg,synthetic,train,rust,1,0,0,0,1,rust,1,rust_s1_pure,512,512,ddf9a0ff83f955d093cdef4f1da38025934faeac17a3c96bf67c34eac26faf44,813,closeup,rain,1126408825,,0,0,0.566,0.095,0.12
v1535_whole_0,data/synthetic/v3/images/v1535_whole_0.jpg,synthetic,train,rust,1,0,0,0,1,rust,1,rust_s1_pure,1024,512,49f3920ff8513e104b47d415446f1afb95c14cd20baf098ea391db60e225cd4c,1535,whole,shade,1654086855,,0,0,0.527,0.073,1.5
v0644_whole_0,data/synthetic/v3/images/v0644_whole_0.jpg,synthetic,train,rust,1,1,0,0,1,miner,2,rust_s1_mixed,896,672,602abc5f5954d7f104b4df3c38e6142258d9a58c494800ab4a4ccc04bd6c58d2,644,whole,shade,1317206703,,0,0,0.376,0.055,1.8
v0558_whole_0,data/synthetic/v3/images/v0558_whole_0.jpg,synthetic,train,rust,1,0,0,0,1,rust,1,rust_s1_pure,768,768,f91a1a6b8fa54902e134487b192bf58b342857314815f4b44e87cf8223dd19ae,558,whole,sun,948182654,,0,0,0.548,0.065,1.44
v1581_closeup_1,data/synthetic/v3/images/v1581_closeup_1.jpg,synthetic,train,rust,1,0,0,0,3,rust,1,rust_s3plus_pure,384,384,c0e0a1c559896072590741f1df482b9da0e296baef905666d7cf213e40054cd2,1581,closeup,overcast,1167606668,,0,0,0.596,0.092,0.16
v0163_whole_0,data/synthetic/v3/images/v0163_whole_0.jpg,synthetic,train,rust,1,0,0,0,1,rust,1,rust_s1_pure,1024,512,c6bda0e26cb6892a64ac92d7c3352a2e566b0eed79d6652c24244206eecdb569,163,whole,studio,1407514801,,0,0,0.881,0.183,8.91
v1164_whole_0,data/synthetic/v3/images/v1164_whole_0.jpg,synthetic,train,healthy,0,0,0,0,0,healthy,0,healthy,1024,512,e4f9cb3a1924fe14778bf5ba8afac60f4f6fbf4779433d2924d138f52c4243f1,1164,whole,overcast,554393602,,0,0,0.404,0.095,3.83
v1403_whole_2,data/synthetic/v3/images/v1403_whole_2.jpg,synthetic,train,rust,1,0,0,1,3,cercospora,2,rust_s3plus_mixed,1024,512,4c8824197ae681b591ab62376e9b9abb1d3641da7db4e229a0566f81fd9e1f5e,1403,whole,sun_wet,667010823,,0,0,0.517,0.097,3.54
v1151_closeup_0,data/synthetic/v3/images/v1151_closeup_0.jpg,synthetic,train,healthy,0,0,0,0,0,healthy,0,healthy,384,384,3edc9e0fc51be61155c7034d85f3a63d9d01c2080bcf4596b87785086baef14c,1151,closeup,rain,896863495,,0,0,0.576,0.059,0.63
v1567_whole_0,data/synthetic/v3/images/v1567_whole_0.jpg,synthetic,train,rust,1,0,0,1,1,rust,2,rust_s1_mixed,1024,512,f1ff862f121e1f65e0bd8bf48905bd660517279286eca5156b52bdd88d65f981,1567,whole,rain,1456306331,,0,0,0.548,0.085,4.27
v1100_whole_0,data/synthetic/v3/images/v1100_whole_0.jpg,synthetic,train,rust,1,1,0,0,1,miner,2,rust_s1_mixed,1024,512,97b4f65d09a7683ec2d9b5e0366b1038524bd515723856b65db465edec11bd3c,1100,whole,sun,57251586,,0,0,0.386,0.088,1.88
v1037_closeup_0,data/synthetic/v3/images/v1037_closeup_0.jpg,synthetic,train,healthy,0,0,0,0,0,healthy,0,healthy,256,256,91628444ac70b0ca0b7c1f769921e272817333d5fc9c72ed7da4a418edd88237,1037,closeup,shade,703793113,,0,0,0.605,0.079,0.22
v0675_closeup_0,data/synthetic/v3/images/v0675_closeup_0.jpg,synthetic,train,rust,1,0,0,1,1,undetermined,2,rust_s1_mixed,512,512,80acbb09972d26529ae51c389a532f0aca018eaa6e382b6fe15063e5bd935420,675,closeup,rain,1576353654,,0,0,0.57,0.093,0.89
v1676_closeup_0,data/synthetic/v3/images/v1676_closeup_0.jpg,synthetic,train,rust,1,0,0,1,1,cercospora,2,rust_s1_mixed,384,384,3ec46f43f8fb44b4b657c4ea2140675fe4d68270894b0bf1309182ed04cfd58a,1676,closeup,overcast,672337689,,0,0,0.497,0.093,0.15
v1747_whole_0,data/synthetic/v3/images/v1747_whole_0.jpg,synthetic,train,rust,1,0,0,1,1,rust,2,rust_s1_mixed,1024,512,371a8d07b467f02907d6e44460613573d2a39cdbe34a8a31e9c6f68602bf8fff,1747,whole,studio,100983664,,0,0,0.739,0.169,5.97
v1280_whole_0,data/synthetic/v3/images/v1280_whole_0.jpg,synthetic,train,rust,1,0,0,0,1,rust,1,rust_s1_pure,1024,512,742f85cba355e7a8ba967a6772712a7264085d44c203a429e79fe5df0aa1bbf9,1280,whole,sun,25019709,,0,0,0.455,0.087,2.11
v0160_whole_0,data/synthetic/v3/images/v0160_whole_0.jpg,synthetic,train,rust,1,0,0,0,1,rust,1,rust_s1_pure,768,768,14d19e0c05b5f2a25aa605df2e5784a70fc6f3000439cfa231a99047e62708bc,160,whole,rain,1369589480,,0,0,0.535,0.107,1.67
v1390_whole_0,data/synthetic/v3/images/v1390_whole_0.jpg,synthetic,train,rust,1,0,0,1,2,rust,2,rust_s2_mixed,768,768,f9e44eadb93801d70aa27ce8fb6fde861bf766d3d524da679aad167ab588f013,1390,whole,sun_wet,77695976,,0,0,0.479,0.085,3.92
v0733_closeup_0,data/synthetic/v3/images/v0733_closeup_0.jpg,synthetic,train,rust,1,1,0,0,4,rust,2,rust_s3plus_mixed,384,384,29809413aa79a223ffd955f8bfccddecfcf57ff61b1b3898c5b1547ec6ae54dd,733,closeup,rain,1803222307,,0,0,0.549,0.082,0.34
v1370_whole_0,data/synthetic/v3/images/v1370_whole_0.jpg,synthetic,train,healthy,0,0,0,0,0,healthy,0,healthy,1024,512,647929de889379b59d75cc56878965b29080ecb8ace66b4bb643f3cea5a37f3f,1370,whole,sun,1686043867,,0,0,0.511,0.103,6.14
v1596_closeup_0,data/synthetic/v3/images/v1596_closeup_0.jpg,synthetic,train,rust,1,0,0,1,2,undetermined,2,rust_s2_mixed,512,512,b09e4921b09f8eb64320df036db3f6702c373690678d530d1fc7cecebede8312,1596,closeup,sun,258736890,,0,0,0.45,0.114,0.55
v0012_closeup_0,data/synthetic/v3/images/v0012_closeup_0.jpg,synthetic,train,healthy,0,0,0,0,0,healthy,0,healthy,384,384,9c96e34e0d4d8513053c98cb06f9893a4b71208660f9d9b2897014a61c7ed01e,12,closeup,golden,220774827,,0,0,0.474,0.062,0.14
v1424_whole_0,data/synthetic/v3/images/v1424_whole_0.jpg,synthetic,train,rust,1,1,0,0,2,rust,2,rust_s2_mixed,1024,512,fa6bd686369d77624f0e82405b5a42804ac9c97ab762a4d587b5421852a6a93a,1424,whole,overcast,1720285221,,0,0,0.498,0.075,2.98
v0561_closeup_1,data/synthetic/v3/images/v0561_closeup_1.jpg,synthetic,train,rust,1,1,0,0,4,rust,2,rust_s3plus_mixed,384,384,96fe4109ce1b2165c49e4b199e47eef3fb548804f2888a05c3951b3ecfd05b6c,561,closeup,golden,1390918281,,0,0,0.569,0.13,0.38
v0636_whole_0,data/synthetic/v3/images/v0636_whole_0.jpg,synthetic,train,rust,1,0,0,1,1,rust,2,rust_s1_mixed,768,768,e5a8eadd46a7ea17151d9b48abde817569a0954c4074ae1ce4ae237a8a031ebc,636,whole,overcast,1355880056,,0,0,0.467,0.055,1.06
v0936_closeup_0,data/synthetic/v3/images/v0936_closeup_0.jpg,synthetic,train,healthy,0,0,0,0,0,healthy,0,healthy,384,384,dabc56f2effc59331b23e4f1d5de62c594ab72395398aaf414014d58bfcc0ab5,936,closeup,sun,1384219049,,0,0,0.555,0.071,0.22
v1367_whole_0,data/synthetic/v3/images/v1367_whole_0.jpg,synthetic,train,rust,1,0,0,0,1,rust,1,rust_s1_pure,1024,512,0d9722c53568600873d570f8c8d23cff00ff0f2cb0427fee4aab6d0a72feaddc,1367,whole,sun,1502448955,,0,0,0.56,0.103,1.66
v0198_whole_0,data/synthetic/v3/images/v0198_whole_0.jpg,synthetic,train,healthy,0,0,0,0,0,healthy,0,healthy,1024,512,55908a5a6e1395cbbc227462357429997fea81a260351a60bee2f21fec544e14,198,whole,shade,131204870,,0,0,0.51,0.108,2.37
v1510_whole_0,data/synthetic/v3/images/v1510_whole_0.jpg,synthetic,train,rust,1,0,0,0,1,rust,1,rust_s1_pure,768,768,73091f355a15b347f5238ce59a8fff0e54ba27dced7419b821927945f7b7ad12,1510,whole,shade,1314215591,,0,0,0.548,0.074,1.05
v1488_whole_0,data/synthetic/v3/images/v1488_whole_0.jpg,synthetic,train,rust,1,1,0,0,1,rust,2,rust_s1_mixed,1024,512,5397bddcceabb22616873134033a055b557c885d527404424ca5f9744857f781,1488,whole,studio,3039525,,0,0,0.813,0.172,3.05
v1359_closeup_1,data/synthetic/v3/images/v1359_closeup_1.jpg,synthetic,train,rust,1,0,0,0,3,rust,1,rust_s3plus_pure,384,384,ea93e5117707aadae2c8dab1962b9d3dac4d869c177d20bae47e5fedd77966ab,1359,closeup,rain,916537161,,0,0,0.412,0.123,0.59
v0153_whole_0,data/synthetic/v3/images/v0153_whole_0.jpg,synthetic,train,rust,1,0,0,0,3,rust,1,rust_s3plus_pure,1024,512,d317a527c7fff118917737eb1467cc75bebec96b69cda365c433d0f78c72cb1a,153,whole,overcast,1095849823,,0,0,0.529,0.078,1.28
v1327_closeup_0,data/synthetic/v3/images/v1327_closeup_0.jpg,synthetic,train,rust,1,1,0,1,4,rust,3,rust_s3plus_mixed,384,384,7d09a814792bf07046736b869bea8655b89bf2b5030af662d23cc284d4dfc2ee,1327,closeup,rain,1458510444,,0,0,0.467,0.08,0.27
v1403_closeup_0,data/synthetic/v3/images/v1403_closeup_0.jpg,synthetic,train,rust,1,0,0,1,3,cercospora,2,rust_s3plus_mixed,512,512,f77c2ecd79f2c1c7cd860bf15957d0033748d2175fcb6a2fef5a2c5e345195bd,1403,closeup,shade,1238345259,,0,0,0.417,0.074,0.25
v1027_whole_0,data/synthetic/v3/images/v1027_whole_0.jpg,synthetic,train,rust,1,0,0,1,1,rust,2,rust_s1_mixed,1024,512,ec850cbb47dd535c27ec14e382e927f8b9a5faf80a3832fdb22ffd872443f1e9,1027,whole,shade,290414780,,0,0,0.375,0.054,1.16
v1084_closeup_0,data/synthetic/v3/images/v1084_closeup_0.jpg,synthetic,train,healthy,0,0,0,0,0,healthy,0,healthy,256,256,e675a4f24e29d035f800886e6b87bdf89cb4e56eebf41e43a2f905c09dd4adc8,1084,closeup,sun_wet,2092187265,,0,0,0.446,0.086,0.15
v0194_whole_0,data/synthetic/v3/images/v0194_whole_0.jpg,synthetic,train,healthy,0,0,0,0,0,healthy,0,healthy,1024,512,703150ef58b3edfa3ab7fe2ad04e63364e52f41dd3540c78d4717a2bf656dfbc,194,whole,golden,248053346,,0,0,0.482,0.05,0.96
v1246_closeup_0,data/synthetic/v3/images/v1246_closeup_0.jpg,synthetic,train,rust,1,0,0,1,1,cercospora,2,rust_s1_mixed,512,512,f5c0d98b43472a54cc1abefbafcd74a0d792ca6eb3b07ec920d909b27344fa04,1246,closeup,sun_wet,1327892023,,0,0,0.29,0.092,2.42
v0151_whole_0,data/synthetic/v3/images/v0151_whole_0.jpg,synthetic,train,rust,1,0,0,0,1,rust,1,rust_s1_pure,768,768,3ae075560f92624bdcdceeca0a53cfedb9decffc943305f07383903d81bd3bf2,151,whole,rain,1121289009,,0,0,0.661,0.099,3.61
v0129_whole_2,data/synthetic/v3/images/v0129_whole_2.jpg,synthetic,train,rust,1,0,0,0,4,rust,1,rust_s3plus_pure,1024,512,64f732d2e39cbdb3f4fa864f143732643f6ea32a277f7ba9f5634ffa3f1c3c74,129,whole,golden,1059031836,,0,0,0.584,0.083,1.25
v0037_whole_0,data/synthetic/v3/images/v0037_whole_0.jpg,synthetic,train,rust,1,1,0,0,2,miner,2,rust_s2_mixed,896,672,e249bcab44829adbf7a861c12b188390224e161bac8205411aa45654b4ba0aee,37,whole,rain,569035723,,0,0,0.457,0.053,1.38
v0897_closeup_1,data/synthetic/v3/images/v0897_closeup_1.jpg,synthetic,train,rust,1,1,0,0,4,rust,2,rust_s3plus_mixed,256,256,6e5a513b33027a434c5e69683cff8223388c1e3a8cf6eed924166dc006a442bb,897,closeup,sun_wet,1989743324,,0,0,0.424,0.094,0.61
v1080_whole_0,data/synthetic/v3/images/v1080_whole_0.jpg,synthetic,train,rust,1,0,0,0,1,rust,1,rust_s1_pure,896,672,a8fe387b74d86f984313848dbada0fc5a250237c9f0bb13d7dd2f5f94e7ca40f,1080,whole,studio,2076022365,,0,0,0.791,0.191,4.41
v0949_whole_0,data/synthetic/v3/images/v0949_whole_0.jpg,synthetic,train,healthy,0,0,0,0,0,healthy,0,healthy,1024,512,43e5ac3c609469a5f3de01d9ff04c41540fe4638eae709efe12f06fb17bcf2c4,949,whole,studio,1141571117,,0,0,0.764,0.179,2.79
v1466_whole_0,data/synthetic/v3/images/v1466_whole_0.jpg,synthetic,train,rust,1,0,0,0,1,rust,1,rust_s1_pure,896,672,fac1a5d9fe83cfed2362d84417312748c2a14b8a40cee56ce3e1730cac7c3bc3,1466,whole,golden,1785674524,,0,0,0.53,0.109,1.65
v0969_whole_0,data/synthetic/v3/images/v0969_whole_0.jpg,synthetic,train,healthy,0,0,0,0,0,healthy,0,healthy,1024,512,545358a9fb8cb53512e163601a4f8827598a3cf1ac7378487e51290da378bf30,969,whole,rain,1845704358,,0,0,0.653,0.114,2.37
v0632_whole_0,data/synthetic/v3/images/v0632_whole_0.jpg,synthetic,train,rust,1,1,0,0,1,miner,2,rust_s1_mixed,1024,512,72e30615548577896e62ca23be620d59e4fbf03d12df6aaa0cfef19ec0e6d89b,632,whole,studio,1473822372,,0,0,0.857,0.156,11.82
v0119_whole_0,data/synthetic/v3/images/v0119_whole_0.jpg,synthetic,train,rust,1,0,0,0,2,rust,1,rust_s2_pure,1024,512,538113d5c58ca78e75520372d302f38c93340f65efa0f19f644a1aac57d98115,119,whole,shade,1134839262,,0,0,0.649,0.088,1.55
v1416_closeup_0,data/synthetic/v3/images/v1416_closeup_0.jpg,synthetic,train,rust,1,0,0,1,1,cercospora,2,rust_s1_mixed,512,512,eaf780f788fc474b8b306e4ede3c4ee0f29c1307e5e339992985dbd1aa834da5,1416,closeup,overcast,2008548261,,0,0,0.483,0.139,0.32
v1218_whole_0,data/synthetic/v3/images/v1218_whole_0.jpg,synthetic,train,healthy,0,0,0,0,0,healthy,0,healthy,896,672,2c0bccfbdef35241cf725b912d1fc9392cf99033c903613041cf8e4ec0334f6a,1218,whole,sun_wet,1919343375,,0,0,0.606,0.086,1.35
v1588_closeup_0,data/synthetic/v3/images/v1588_closeup_0.jpg,synthetic,train,rust,1,0,0,1,1,undetermined,2,rust_s1_mixed,256,256,b3189fa79a93a6f598bb4d64de7d771e59ca66e3fbde7380edbf48d64d0cae35,1588,closeup,overcast,1028540565,,0,0,0.33,0.088,1.66
v0715_whole_0,data/synthetic/v3/images/v0715_whole_0.jpg,synthetic,train,rust,1,0,0,0,3,rust,1,rust_s3plus_pure,1024,512,cdbc160682f7e36b59bddc5fb37d3d6fa9b0ec11dfeefbf9ea295bb90c979e7f,715,whole,sun,1174292762,,0,0,0.38,0.067,1.41
v1506_whole_0,data/synthetic/v3/images/v1506_whole_0.jpg,synthetic,train,rust,1,0,0,0,1,rust,1,rust_s1_pure,1024,512,8e75fd232ae7a115cbc072b1a958bb8442b9beef6e72caaf0ca87fd04d548ec2,1506,whole,sun,1919176048,,0,0,0.385,0.098,3.08
v0594_closeup_0,data/synthetic/v3/images/v0594_closeup_0.jpg,synthetic,train,rust,1,0,0,1,1,cercospora,2,rust_s1_mixed,512,512,5ebfacef3f8d8d3a29e1d95c5e7ec5a503476ad2da8665fe86cb2efb0823d182,594,closeup,backlit,2068338850,,0,0,0.492,0.087,0.61
v1379_closeup_0,data/synthetic/v3/images/v1379_closeup_0.jpg,synthetic,train,rust,1,0,0,1,1,undetermined,2,rust_s1_mixed,512,512,ee074a265a67169710127c7b353fa918b3a3b1138b2aa1e65bd4d389ec3be87b,1379,closeup,sun,1806681940,,0,0,0.438,0.106,0.26
v0642_whole_0,data/synthetic/v3/images/v0642_whole_0.jpg,synthetic,train,healthy,0,0,0,0,0,healthy,0,healthy,896,672,904bfdcfb1fe0f04d3b01380860dedeff6dac4a8dd335e236e1ccbd7f1d99e6d,642,whole,sun_wet,1242531357,,0,0,0.657,0.12,1.2
v0115_whole_0,data/synthetic/v3/images/v0115_whole_0.jpg,synthetic,train,rust,1,0,0,0,1,rust,1,rust_s1_pure,1024,512,9cb5c1030baa0c215c833f44d80fcc92f51bd6c073c3260513c320d4d5a5e7d6,115,whole,rain,1254014138,,0,0,0.489,0.055,3.17
v1610_whole_0,data/synthetic/v3/images/v1610_whole_0.jpg,synthetic,train,rust,1,0,0,1,1,undetermined,2,rust_s1_mixed,896,672,f32b6cdd16013ea4a88af1ddbd25a03deff706b00300bca2849df4fea8b3a79b,1610,whole,sun,167062647,,0,0,0.361,0.058,0.99
v1433_whole_0,data/synthetic/v3/images/v1433_whole_0.jpg,synthetic,train,rust,1,0,0,1,2,rust,2,rust_s2_mixed,1024,512,2fc8abf14bc5f101bec5472e1da1dd358a7014231eae3e0e073ceabca7911479,1433,whole,sun,1534724549,,0,0,0.444,0.074,2.02
v0643_whole_0,data/synthetic/v3/images/v0643_whole_0.jpg,synthetic,train,healthy,0,0,0,0,0,healthy,0,healthy,1024,512,03e9486a36dceb49bd682b54f4d8553607e2a8faf1935ec43a31542d4bb945a8,643,whole,sun,1271786538,,0,0,0.393,0.06,1.2
v1046_closeup_0,data/synthetic/v3/images/v1046_closeup_0.jpg,synthetic,train,rust,1,1,0,0,3,undetermined,2,rust_s3plus_mixed,512,512,a827788179bbe757ce723a95512ec9cee57eb551262beee3d8d516a2ca3fe740,1046,closeup,overcast,904287575,,0,0,0.386,0.101,0.4
v0799_whole_0,data/synthetic/v3/images/v0799_whole_0.jpg,synthetic,train,rust,1,1,0,0,3,miner,2,rust_s3plus_mixed,896,672,185d11def2fdd73707e6ab10ae4170111cf78bb2a63478817dc208d3b67e624a,799,whole,rain,156276881,,0,0,0.557,0.116,1.56
v1571_whole_0,data/synthetic/v3/images/v1571_whole_0.jpg,synthetic,train,rust,1,1,0,0,1,rust,2,rust_s1_mixed,896,672,396733e5a4c5c324cc695c3b07eda33bfee21ffc848dfadb438f2f7b1a8277c1,1571,whole,rain,1794925388,,0,0,0.611,0.095,6.79
v0019_closeup_0,data/synthetic/v3/images/v0019_closeup_0.jpg,synthetic,train,healthy,0,0,0,0,0,healthy,0,healthy,512,512,db628b96e0c6db0818952eda399fb031f8b05ba4069a4fb6c23649b31e52d79c,19,closeup,shade,24981066,,0,0,0.519,0.096,0.43
v0013_whole_0,data/synthetic/v3/images/v0013_whole_0.jpg,synthetic,train,healthy,0,0,0,0,0,healthy,0,healthy,896,672,c07721bae96be69af0e7021ca0984a28ca41edd714a429a93809e8c0540a76be,13,whole,golden,216705948,,0,0,0.563,0.087,2.53
v1401_whole_0,data/synthetic/v3/images/v1401_whole_0.jpg,synthetic,train,rust,1,1,0,0,4,rust,2,rust_s3plus_mixed,1024,512,decde980101511665d3d4ea8cff313def3cbd0b14fbc3dc074fd430f4c024ded,1401,whole,rain,1246458437,,0,0,0.51,0.047,1.37
v0944_whole_0,data/synthetic/v3/images/v0944_whole_0.jpg,synthetic,train,healthy,0,0,0,0,0,healthy,0,healthy,1024,512,eee9d7f59499b491b6d7043d247dc9aaf420835e2894dbe5f1e2aed62ad6ced2,944,whole,shade,1288859006,,0,0,0.411,0.096,1.65
v1277_closeup_1,data/synthetic/v3/images/v1277_closeup_1.jpg,synthetic,train,rust,1,0,0,1,4,rust,2,rust_s3plus_mixed,512,512,91f03dd6f9701b9bb7805af045b27fbab4fd53caee5c4012aac2d3b094511617,1277,closeup,sun,727118712,,0,0,0.4,0.091,0.18
v0948_whole_0,data/synthetic/v3/images/v0948_whole_0.jpg,synthetic,train,healthy,0,0,0,0,0,healthy,0,healthy,896,672,0196a717e3314550fa67477d3ef1b818cff2501ed94acb70ffb4143b77ad3570,948,whole,sun_wet,1170773018,,0,0,0.375,0.092,1.17
v0193_whole_0,data/synthetic/v3/images/v0193_whole_0.jpg,synthetic,train,healthy,0,0,0,0,0,healthy,0,healthy,1024,512,70a57262157e7c86437a73fb288eb985a49e6047b276f23cc4bd23772092958c,193,whole,studio,193456359,,0,0,0.845,0.215,5.1
v1388_whole_2,data/synthetic/v3/images/v1388_whole_2.jpg,synthetic,train,rust,1,0,0,1,3,rust,2,rust_s3plus_mixed,768,768,2a092f5f8ab845bf9221c5c39e90fd7cbb92191b292475659c984b7d8af5951b,1388,whole,shade,1543560217,,0,0,0.546,0.074,1.91
v1581_closeup_2,data/synthetic/v3/images/v1581_closeup_2.jpg,synthetic,train,rust,1,0,0,0,3,rust,1,rust_s3plus_pure,256,256,8bc637a3decf0295abc140562d132693f42259976132048d997485080aad13e9,1581,closeup,overcast,1553011254,,0,0,0.366,0.035,0.05
v1447_whole_0,data/synthetic/v3/images/v1447_whole_0.jpg,synthetic,train,rust,1,0,0,1,1,rust,2,rust_s1_mixed,1024,512,35f2ceee397f1623168810e9b45abc3ce2511567e2f256c011813a9ec4bfe001,1447,whole,rain,1101306272,,0,0,0.332,0.101,1.42
v0985_whole_0,data/synthetic/v3/images/v0985_whole_0.jpg,synthetic,train,healthy,0,0,0,0,0,healthy,0,healthy,1024,512,d664bb0de80f8e9fe6c185e69647a34748c8d385fc9e3e85bde9fbb4bc751457,985,whole,studio,130463985,,0,0,0.851,0.209,5.71
v1498_whole_0,data/synthetic/v3/images/v1498_whole_0.jpg,synthetic,train,rust,1,0,0,0,1,rust,1,rust_s1_pure,1024,512,71795602a1233ba5229e11a174bdb9ca6ddf65fefae86a154d5a9a4b65c7873d,1498,whole,golden,949093952,,0,0,0.615,0.075,2.01
v1642_closeup_2,data/synthetic/v3/images/v1642_closeup_2.jpg,synthetic,train,rust,1,0,0,1,3,cercospora,2,rust_s3plus_mixed,256,256,dd7aa689994990405113e3fc572354d1b0f46689566f0b5fa55384b5e534238c,1642,closeup,rain,1403087111,,0,0,0.563,0.059,0.37
v1697_whole_0,data/synthetic/v3/images/v1697_whole_0.jpg,synthetic,train,rust,1,0,0,1,2,cercospora,2,rust_s2_mixed,896,672,5e8476d7bda1b62c059ce552e19a14f13dd40fed31b1f313ed82ce2da0e55746,1697,whole,overcast,1225658909,,0,0,0.412,0.075,2.62
v1525_closeup_0,data/synthetic/v3/images/v1525_closeup_0.jpg,synthetic,train,rust,1,1,0,0,3,undetermined,2,rust_s3plus_mixed,512,512,0360fa41bc2976e4dd549cddc415756d0d5d61e88e5645afee91ede93f301be2,1525,closeup,shade,1512782754,,0,0,0.395,0.122,0.46
v0720_whole_0,data/synthetic/v3/images/v0720_whole_0.jpg,synthetic,train,rust,1,0,0,1,1,rust,2,rust_s1_mixed,1024,512,aa5835432835e28823b4cd3795c1bba88375e674248ed6085601013da364bf7a,720,whole,shade,1367352351,,0,0,0.487,0.06,0.58
v0446_whole_0,data/synthetic/v3/images/v0446_whole_0.jpg,synthetic,train,healthy,0,0,0,0,0,healthy,0,healthy,1024,512,6d8c5ef9288bb49dfefdad6d72fdef7efd3eb98a2fa8b78f1cb131cb5c1a779e,446,whole,sun_wet,935755169,,0,0,0.485,0.058,0.88
v1530_closeup_0,data/synthetic/v3/images/v1530_closeup_0.jpg,synthetic,train,rust,1,0,0,0,1,rust,1,rust_s1_pure,512,512,433cfbdea74a0a36f5ca0f0520732b8f95f6710506af06de2554f2b4811f281e,1530,closeup,overcast,1683791404,,0,0,0.328,0.077,0.57
v0750_whole_0,data/synthetic/v3/images/v0750_whole_0.jpg,synthetic,train,healthy,0,0,0,0,0,healthy,0,healthy,1024,512,dfdcba64ebf9864ac9b09ad54291db4d757e0c58475fc3497c8efa54b72330c4,750,whole,sun_wet,1280777382,,0,0,0.401,0.059,0.85
v0029_whole_0,data/synthetic/v3/images/v0029_whole_0.jpg,synthetic,train,rust,1,1,0,0,1,miner,2,rust_s1_mixed,1024,512,ed8999d37836c15232acfbfe234f2a6e148064c3cb0b8a091d4ca22f61e32d5a,29,whole,studio,331907492,,0,0,0.848,0.165,4.76
v3_333_r0_closeup_0,data/synthetic/v3/images/v3_333_r0_closeup_0.jpg,synthetic,train,other,0,0,1,0,1,phoma,1,other_phoma,384,384,ad86e5632ffcc90b4d50d528657ee82d305b0888073ec06f8984c881c35beb3c,333,closeup,rain,1151357983,,0,0,0.492,0.117,0.11
v3_495_r0_whole_0,data/synthetic/v3/images/v3_495_r0_whole_0.jpg,synthetic,train,other,0,0,1,0,2,phoma,1,other_phoma,1024,512,c41e01c2b705399333985698adae0790b93152b6e14395936c922d97bfc310bb,495,whole,studio,1011671381,,0,0,0.809,0.243,8.47
v3_1120_r0_whole_0,data/synthetic/v3/images/v3_1120_r0_whole_0.jpg,synthetic,train,other,0,1,0,0,2,miner,1,other_miner,896,672,7725018c10a1fbd3c95b2e22b0115dd9fac131d6c779c9fb4aa6331cb840cb79,1120,whole,overcast,701484156,,0,0,0.522,0.059,0.61
v3_504_r0_whole_0,data/synthetic/v3/images/v3_504_r0_whole_0.jpg,synthetic,train,other,0,0,1,1,1,cercospora,2,other_multi,896,672,8dc51ba1d65e12a33b02f42488351dd7afaff4cdcf5a6f0ccaf4163b61400e3b,504,whole,studio,774010813,,0,0,0.593,0.118,3.08
v3_82_r0_closeup_0,data/synthetic/v3/images/v3_82_r0_closeup_0.jpg,synthetic,train,other,0,1,0,0,2,miner,1,other_miner,384,384,866de05cd595c8e7cc1a2b23cf5235fae503a7f7480808c3aed6969b2a424c93,82,closeup,backlit,1723982964,,0,0,0.522,0.088,0.53
v3_487_r0_closeup_0,data/synthetic/v3/images/v3_487_r0_closeup_0.jpg,synthetic,train,other,0,0,1,0,3,phoma,1,other_phoma,256,256,53bf2270023f32567bd5b014fb2675bf52cfc9e0335278b45fd819d02ea72ea9,487,closeup,sun,1475562474,,0,0,0.669,0.116,0.61
v3_419_r0_closeup_0,data/synthetic/v3/images/v3_419_r0_closeup_0.jpg,synthetic,train,other,0,0,1,0,2,phoma,1,other_phoma,512,512,d794efc14608b71e518428430bd14426af99b53c153081d604597554795280b3,419,closeup,shade,2019651401,,0,0,0.634,0.108,0.44
v3_411_r0_closeup_0,data/synthetic/v3/images/v3_411_r0_closeup_0.jpg,synthetic,train,other,0,0,1,0,1,phoma,1,other_phoma,384,384,97e45358ddbccf7497326aa36eca9efcde7887567482662bae965de2c8d697f8,411,closeup,shade,338881828,,0,0,0.686,0.118,0.14
v3_1161_r0_closeup_0,data/synthetic/v3/images/v3_1161_r0_closeup_0.jpg,synthetic,train,other,0,1,0,0,1,miner,1,other_miner,256,256,675607bdd8f88321e1da8a82d114bd89496bb8034e197a8cf81d4e923c1642bd,1161,closeup,sun,383531978,,0,0,0.352,0.082,1.59
v3_1362_r0_closeup_0,data/synthetic/v3/images/v3_1362_r0_closeup_0.jpg,synthetic,train,other,0,1,0,0,1,miner,1,other_miner,384,384,1822b040d7a2f9b33df21f31e993cc596b5f37c00ec079d9730a8dcdaf089677,1362,closeup,shade,1382895129,,0,0,0.382,0.064,0.08
v3_557_r0_closeup_0,data/synthetic/v3/images/v3_557_r0_closeup_0.jpg,synthetic,train,other,0,0,1,0,1,phoma,1,other_phoma,512,512,ff3c9d32ddb47e8ba13fd8265842adc6bc622e5b142c5877364ebb9e7d1d4944,557,closeup,overcast,2056137396,,0,0,0.478,0.083,0.39
v3_931_r0_whole_0,data/synthetic/v3/images/v3_931_r0_whole_0.jpg,synthetic,train,other,0,1,0,0,2,miner,1,other_miner,1024,512,201535709aacae9b390714469dda04632b2a92bfb97538c4c775be4ef77bf67e,931,whole,studio,413723100,,0,0,0.857,0.153,5.96
v3_311_r0_closeup_0,data/synthetic/v3/images/v3_311_r0_closeup_0.jpg,synthetic,train,other,0,0,1,0,1,phoma,1,other_phoma,384,384,0ac77e019ae0071edb0f5780efec5748b11c41b4b7e5628e2a77ce903edbdee7,311,closeup,sun,519562301,,0,0,0.534,0.094,0.11
v3_480_r0_whole_0,data/synthetic/v3/images/v3_480_r0_whole_0.jpg,synthetic,train,other,0,0,1,0,1,phoma,1,other_phoma,768,768,269e9e3f2f850699181ee2928c15f6b762a676834d7a2f370bf3973b3fd25c8d,480,whole,backlit,1257667410,,0,0,0.408,0.08,0.68
v3_493_r0_closeup_0,data/synthetic/v3/images/v3_493_r0_closeup_0.jpg,synthetic,train,other,0,0,1,0,1,phoma,1,other_phoma,512,512,5d227fa3de712825e3a9f5f2da8d98fa2be08f34216f726aebd5234db2d97057,493,closeup,golden,1779761736,,0,0,0.623,0.101,0.25
v3_536_r0_closeup_0,data/synthetic/v3/images/v3_536_r0_closeup_0.jpg,synthetic,train,other,0,0,1,1,3,phoma,2,other_multi,512,512,d6dae905003c45ced4e5e533a6c3b8ba65acabee7be33e34db864d1ea150357b,536,closeup,overcast,1375915051,,0,0,0.651,0.119,1.41
v3_838_r0_closeup_0,data/synthetic/v3/images/v3_838_r0_closeup_0.jpg,synthetic,train,other,0,1,0,0,1,miner,1,other_miner,512,512,28d752e6bd06add59c22872003b8f9b0d457cb70e1040281458af9605f77a2a5,838,closeup,overcast,1930279050,,0,0,0.397,0.065,0.11
v3_508_r0_closeup_0,data/synthetic/v3/images/v3_508_r0_closeup_0.jpg,synthetic,train,other,0,0,1,0,2,phoma,1,other_phoma,512,512,91cdcdc1aa892f9c1f9e0709ddf59535c3507afb1805307cdba8d62cd1699fad,508,closeup,backlit,1507899334,,0,0,0.458,0.107,0.14
v3_851_r0_closeup_0,data/synthetic/v3/images/v3_851_r0_closeup_0.jpg,synthetic,train,other,0,1,0,0,1,miner,1,other_miner,384,384,88dcc0378146eb0c30375e015f659247ccada352b68b65cb85343c20188b0bdb,851,closeup,sun_wet,936565880,,0,0,0.494,0.063,0.19
v3_225_r0_closeup_0,data/synthetic/v3/images/v3_225_r0_closeup_0.jpg,synthetic,train,other,0,1,0,0,2,miner,1,other_miner,512,512,30618fa1c97557476785791ff7870628984f92a887f65d93d0da2f7f548545b7,225,closeup,rain,2015673384,,0,0,0.559,0.077,0.15
v3_387_r0_closeup_0,data/synthetic/v3/images/v3_387_r0_closeup_0.jpg,synthetic,train,other,0,0,1,0,2,phoma,1,other_phoma,256,256,11b1eecec3878e54acda54d7e41b503558409ab86e8331fc16a380dbf325ef5a,387,closeup,sun_wet,1563837171,,0,0,0.497,0.079,0.1
v3_566_r0_closeup_0,data/synthetic/v3/images/v3_566_r0_closeup_0.jpg,synthetic,train,other,0,0,0,1,1,cercospora,1,other_cercospora,384,384,08ecdeda88b39897613605c6a3b7be30014bb73225fc7e6e45d9a51ef70b6937,566,closeup,rain,3859340,,0,0,0.461,0.072,0.46
v3_217_r0_closeup_0,data/synthetic/v3/images/v3_217_r0_closeup_0.jpg,synthetic,train,other,0,1,0,0,1,miner,1,other_miner,384,384,30989b5176f5f690f4cd23bd346e1749e6463647a0e0f8f39fa6ef8472527eb7,217,closeup,rain,67372990,,0,0,0.496,0.068,0.14
v3_1322_r0_closeup_0,data/synthetic/v3/images/v3_1322_r0_closeup_0.jpg,synthetic,train,other,0,1,0,0,3,miner,1,other_miner,512,512,f165c8fe186d0cd583f7f27d108f96fdb2cb86aceb0bcbe8d56b70693d1d0595,1322,closeup,overcast,639789578,,0,0,0.311,0.094,0.44
v3_1123_r0_whole_0,data/synthetic/v3/images/v3_1123_r0_whole_0.jpg,synthetic,train,other,0,1,0,0,1,miner,1,other_miner,896,672,c0cf0f734e4854e2b5cf11563cdfe0e7b1db0973e82fc7a0434fbbd84b2651c1,1123,whole,studio,794541778,,0,0,0.809,0.183,6.64
v3_1045_r0_closeup_0,data/synthetic/v3/images/v3_1045_r0_closeup_0.jpg,synthetic,train,other,0,0,0,1,1,cercospora,1,other_cercospora,384,384,d6ec3f632410dbbc27d54a4f3aeba433168b328bbe8f21e47c16434f6b7efc90,1045,closeup,sun_wet,1450731627,,0,0,0.386,0.067,0.73
v3_923_r0_whole_0,data/synthetic/v3/images/v3_923_r0_whole_0.jpg,synthetic,train,other,0,1,0,0,2,miner,1,other_miner,1024,512,83b840165da538f12c54dd53475e51ca6f3235e32e33a570a86c2c5eaab117da,923,whole,overcast,1930904419,,0,0,0.439,0.07,2.13
v3_249_r0_closeup_0,data/synthetic/v3/images/v3_249_r0_closeup_0.jpg,synthetic,train,other,0,0,1,0,2,phoma,1,other_phoma,512,512,26fe0f77d350b1f4a8f6984324f34a4cbe9e2ab1078e499c8457efa88f07ba97,249,closeup,overcast,1815497065,,0,0,0.377,0.078,0.45
v3_276_r0_whole_0,data/synthetic/v3/images/v3_276_r0_whole_0.jpg,synthetic,train,other,0,0,1,0,1,phoma,1,other_phoma,896,672,3dbbeaa36128459c8bbe15524c9aeb6652f4ee2bc183c27e154458e21828e9ae,276,whole,sun,747168033,,0,0,0.532,0.058,0.61
v3_212_r0_closeup_0,data/synthetic/v3/images/v3_212_r0_closeup_0.jpg,synthetic,train,other,0,1,0,0,1,miner,1,other_miner,512,512,134eddb4bd83c47fd0904da1861797d8d66739be8796cad78068dd1b9e80c09c,212,closeup,overcast,1422497293,,0,0,0.421,0.053,0.16
v3_363_r0_closeup_0,data/synthetic/v3/images/v3_363_r0_closeup_0.jpg,synthetic,train,other,0,0,1,0,1,phoma,1,other_phoma,256,256,1bb5e94b3cd4e00677d1fc4f90ab46120b05581f1190d7148b620110fd7b8faa,363,closeup,golden,379091896,,0,0,0.453,0.1,0.1
v3_83_r0_closeup_0,data/synthetic/v3/images/v3_83_r0_closeup_0.jpg,synthetic,train,other,0,1,0,0,1,miner,1,other_miner,384,384,c368a7b0e99c1b523dd424715e9a6b46c5575e5efdef94af2158a0557234e61b,83,closeup,golden,765278161,,0,0,0.497,0.129,0.35
v3_1203_r0_closeup_0,data/synthetic/v3/images/v3_1203_r0_closeup_0.jpg,synthetic,train,other,0,1,0,0,1,miner,1,other_miner,384,384,6e1b967ab46e9de0ee0cbf4ca3f23fc65e3f2b4e5a9599b72a812d64517da5ea,1203,closeup,sun,910927896,,0,0,0.509,0.109,0.23
v3_280_r0_whole_0,data/synthetic/v3/images/v3_280_r0_whole_0.jpg,synthetic,train,other,0,0,1,0,1,phoma,1,other_phoma,1024,512,42465deb6520c58c24239daa1c3bd64d8da975ff26a780a55ebe5afebe171644,280,whole,studio,211382997,,0,0,0.724,0.138,4.97
v3_1157_r0_closeup_0,data/synthetic/v3/images/v3_1157_r0_closeup_0.jpg,synthetic,train,other,0,1,0,0,2,miner,1,other_miner,384,384,03ce0cbdc8ec2d24562355a91f4efa3720a8569262cc3f8f16dcf75209f43f17,1157,closeup,sun,1903018570,,0,0,0.526,0.083,0.22
v3_434_r0_whole_0,data/synthetic/v3/images/v3_434_r0_whole_0.jpg,synthetic,train,other,0,0,1,0,2,phoma,1,other_phoma,896,672,eb73d8b34f433a5b7befdc11a968309316b029d2324b82138b8364be1bd77104,434,whole,studio,1398828478,,0,0,0.724,0.145,3.8
v3_686_r0_closeup_0,data/synthetic/v3/images/v3_686_r0_closeup_0.jpg,synthetic,train,other,0,1,0,0,3,miner,1,other_miner,512,512,0c89c2efa859917ff2899e506af7c824e97582f095d0e576c6f635950455f5ef,686,closeup,rain,1586143026,,0,0,0.486,0.147,2.66
v3_777_r0_closeup_0,data/synthetic/v3/images/v3_777_r0_closeup_0.jpg,synthetic,train,other,0,0,0,1,1,cercospora,1,other_cercospora,512,512,332a126eeec856493d68d86b16486f1669477b5cf0487c1c4047ca1b08fae5e0,777,closeup,sun,791952608,,0,0,0.441,0.087,0.11
v3_440_r0_closeup_0,data/synthetic/v3/images/v3_440_r0_closeup_0.jpg,synthetic,train,other,0,0,1,0,1,phoma,1,other_phoma,384,384,2d1ebb6e88f977535cde1be8fb11ddc4ba81d9a7323ad2e07626d5f3fe9b03f7,440,closeup,sun_wet,223744294,,0,0,0.427,0.109,1.3
v3_640_r0_closeup_0,data/synthetic/v3/images/v3_640_r0_closeup_0.jpg,synthetic,train,other,0,0,1,0,1,phoma,1,other_phoma,512,512,f3850951ee37cd64aa302d2ed3cf21f39b1f4a4179641692fc6970335eebcb39,640,closeup,overcast,1332942427,,0,0,0.742,0.123,0.55
v3_1068_r0_closeup_0,data/synthetic/v3/images/v3_1068_r0_closeup_0.jpg,synthetic,train,other,0,1,0,0,2,miner,1,other_miner,384,384,98bc7a1cf7c7cdf92983c2b6a9e38d4248cd718254bc6e3709ec4bcd8226fb36,1068,closeup,backlit,2105109148,,0,0,0.487,0.058,0.15
v3_1621_r0_closeup_0,data/synthetic/v3/images/v3_1621_r0_closeup_0.jpg,synthetic,train,other,0,0,0,1,1,cercospora,1,other_cercospora,256,256,bef76725976c0d997b37ea992321e359a7eab8266acb9395d8918c7622bc5a77,1621,closeup,rain,1750472384,,0,0,0.515,0.087,3.38
v3_1496_r0_whole_0,data/synthetic/v3/images/v3_1496_r0_whole_0.jpg,synthetic,train,other,0,0,0,1,1,cercospora,1,other_cercospora,1024,512,f452ffe8c15a391a11d8dc79d65755d4d9839afc4c5c12792b1121ef77fc4abe,1496,whole,studio,896628223,,0,0,0.823,0.171,11.28
v3_567_r0_closeup_0,data/synthetic/v3/images/v3_567_r0_closeup_0.jpg,synthetic,train,other,0,0,0,1,1,cercospora,1,other_cercospora,384,384,ad3230c02bdd741dea1683312271cd9489cd81e55f37796940e57a5a3b1f2f3d,567,closeup,golden,1264988201,,0,0,0.542,0.083,0.35
v3_438_r0_closeup_0,data/synthetic/v3/images/v3_438_r0_closeup_0.jpg,synthetic,train,other,0,0,1,0,1,phoma,1,other_phoma,256,256,fcee4215f8491fd8fa618afe335c96fa319549c5be47c12529ec5bd5b4436dea,438,closeup,sun,614641093,,0,0,0.585,0.092,0.55
v3_744_r0_closeup_0,data/synthetic/v3/images/v3_744_r0_closeup_0.jpg,synthetic,train,other,0,1,0,0,1,miner,1,other_miner,512,512,43e32046ef73d86ecfd3651abb46978006e76aa0e2ecd13777498dc72da4116f,744,closeup,sun,407393491,,0,0,0.677,0.091,0.15
v3_768_r0_whole_0,data/synthetic/v3/images/v3_768_r0_whole_0.jpg,synthetic,train,other,0,1,0,0,1,miner,1,other_miner,1024,512,b6539d0ce5e28fe6b903668e199c8ee54d9c347de94a6cf14d724100f4120bbe,768,whole,shade,2014676353,,0,0,0.414,0.096,2.36
v3_790_r0_whole_0,data/synthetic/v3/images/v3_790_r0_whole_0.jpg,synthetic,train,other,0,1,0,0,1,miner,1,other_miner,768,768,52d6e6c4c8db23a31d5b9e06108e73eed7ede80ec0d48b8770a1154d9c77e645,790,whole,sun,1645115141,,0,0,0.481,0.063,2.73
v3_314_r0_closeup_0,data/synthetic/v3/images/v3_314_r0_closeup_0.jpg,synthetic,train,other,0,0,1,0,1,phoma,1,other_phoma,384,384,2e868bf21632ea67e6dd24c7560c5c8dd3311f8156130e7ea5c0bda3d72ae64c,314,closeup,overcast,1312454030,,0,0,0.681,0.079,0.24
v3_470_r0_closeup_0,data/synthetic/v3/images/v3_470_r0_closeup_0.jpg,synthetic,train,other,0,0,1,0,1,phoma,1,other_phoma,512,512,eb7ab313ffdf4e27edfc6342cfdc86392717c68b93e48509851ff4be5d95fd04,470,closeup,golden,1019087803,,0,0,0.504,0.117,0.58
v3_36_r0_closeup_0,data/synthetic/v3/images/v3_36_r0_closeup_0.jpg,synthetic,train,other,0,1,0,0,1,miner,1,other_miner,512,512,210457bb45c783b95f91eca77dbacf61a2df27a00420307aa6fd5770016c7abe,36,closeup,shade,2136470168,,0,0,0.487,0.083,0.24
v3_298_r0_whole_0,data/synthetic/v3/images/v3_298_r0_whole_0.jpg,synthetic,train,other,0,0,1,0,2,phoma,1,other_phoma,1024,512,1628729bc931ce9f7b9d0dfe4e01cb8af4e6f447e5764234cb1a2d1cc8dfb103,298,whole,studio,1186855692,,0,0,0.578,0.161,5.91
v3_344_r0_whole_0,data/synthetic/v3/images/v3_344_r0_whole_0.jpg,synthetic,train,other,0,0,1,0,1,phoma,1,other_phoma,1024,512,254a91141fee488c8a8d6c59505db341226db22b41d8f3e2ecea347c6ab725d0,344,whole,shade,469916201,,0,0,0.352,0.084,1.97
v3_1195_r0_closeup_0,data/synthetic/v3/images/v3_1195_r0_closeup_0.jpg,synthetic,train,other,0,0,1,0,2,phoma,1,other_phoma,256,256,cd6e96dc30a744841ade83e35b6e420a1c07722abe584f0363a8b93291ba4bf2,1195,closeup,sun,2063927605,,0,0,0.465,0.099,0.55
v3_471_r0_whole_0,data/synthetic/v3/images/v3_471_r0_whole_0.jpg,synthetic,train,other,0,0,1,0,1,phoma,1,other_phoma,768,768,abaa311b5f53865799e2dda7dd59d1db0a89fff8f16d4893ae34f06f0e73d50d,471,whole,rain,2011355166,,0,0,0.586,0.106,0.98
v3_219_r0_closeup_0,data/synthetic/v3/images/v3_219_r0_closeup_0.jpg,synthetic,train,other,0,1,0,0,2,miner,1,other_miner,256,256,bcce88136a00b18211bf5ae4d1ae733a9387b549024cb5ca1804a8835bcf9b8f,219,closeup,overcast,1041131214,,0,0,0.539,0.091,0.04
v3_381_r0_closeup_0,data/synthetic/v3/images/v3_381_r0_closeup_0.jpg,synthetic,train,other,0,0,1,0,1,phoma,1,other_phoma,384,384,de44e937af33d20f9ddd7417dbcf9869ec6e7ca7bc812e0240fe3ae447ade470,381,closeup,rain,191865326,,0,0,0.552,0.083,0.15
v3_1706_r0_closeup_0,data/synthetic/v3/images/v3_1706_r0_closeup_0.jpg,synthetic,train,other,0,0,0,1,1,cercospora,1,other_cercospora,512,512,6c0e19b76779668aa61a3f53f4aeffcca61acb93bb082b391a0a2987f1167226,1706,closeup,sun,778450895,,0,0,0.563,0.091,0.18
v3_418_r0_closeup_0,data/synthetic/v3/images/v3_418_r0_closeup_0.jpg,synthetic,train,other,0,0,1,0,1,phoma,1,other_phoma,256,256,7f17f053e6432ee26fbcb161ed9952541f8d5bdd443162b6d389d1605224bd6e,418,closeup,backlit,859684076,,0,0,0.594,0.111,0.12
v3_1175_r0_whole_0,data/synthetic/v3/images/v3_1175_r0_whole_0.jpg,synthetic,train,other,0,0,0,1,1,cercospora,1,other_cercospora,768,768,8c47c8f8faff275fc1b568b42a4a3cc53bce88f646f354a1e8910f05c683a4d5,1175,whole,rain,725250664,,0,0,0.484,0.061,1.8
v3_251_r0_whole_0,data/synthetic/v3/images/v3_251_r0_whole_0.jpg,synthetic,train,other,0,0,1,0,1,phoma,1,other_phoma,1024,512,bdf07ffa3503b7a9236d5136be2e6b88acd2001ba50355d72604dc8c0674dfb6,251,whole,studio,638763184,,0,0,0.836,0.208,10.42
v3_857_r0_whole_0,data/synthetic/v3/images/v3_857_r0_whole_0.jpg,synthetic,train,other,0,1,0,0,2,miner,1,other_miner,1024,512,81c43581c1548dc3d73559d265defa82793fa60f38ec5dbfbc4a687c0763f238,857,whole,overcast,1636515685,,0,0,0.358,0.058,1.57
v3_377_r0_closeup_0,data/synthetic/v3/images/v3_377_r0_closeup_0.jpg,synthetic,train,other,0,0,1,0,3,phoma,1,other_phoma,512,512,4d77243eca3559a4724b49fbf89cd04882eaf4248aaf8fd5983932671f85e8f8,377,closeup,overcast,729690650,,0,0,0.591,0.105,0.2
v3_1200_r0_closeup_0,data/synthetic/v3/images/v3_1200_r0_closeup_0.jpg,synthetic,train,other,0,0,0,1,1,cercospora,1,other_cercospora,512,512,b9b0ac26ab471975cbcbc218c375159a954bd7409482fbc5f629f27d0c43099a,1200,closeup,sun,819976886,,0,0,0.367,0.094,0.16
v3_481_r0_closeup_0,data/synthetic/v3/images/v3_481_r0_closeup_0.jpg,synthetic,train,other,0,0,1,0,2,phoma,1,other_phoma,384,384,a6d04f0e32abf86d5846782b09ae534287b44dea646b4188269b0d39af2c9053,481,closeup,rain,27961591,,0,0,0.731,0.124,1.45
v3_492_r0_closeup_0,data/synthetic/v3/images/v3_492_r0_closeup_0.jpg,synthetic,train,other,0,0,1,0,4,phoma,1,other_phoma,512,512,5df96e43ef474596b6509e732e46b4787e23e4adb3592a310707d8b5e2c75deb,492,closeup,rain,558485997,,0,0,0.559,0.127,0.15
v3_673_r0_closeup_0,data/synthetic/v3/images/v3_673_r0_closeup_0.jpg,synthetic,train,other,0,0,1,0,1,phoma,1,other_phoma,256,256,a03f36a1392839f9af534ebc04056b88db8145dcb758a8be3c6f681c3fc23309,673,closeup,backlit,2014281320,,0,0,0.568,0.08,0.21
v3_214_r0_closeup_0,data/synthetic/v3/images/v3_214_r0_closeup_0.jpg,synthetic,train,other,0,1,0,0,1,miner,1,other_miner,256,256,a7c3e9081131efda5013661974f1e6fbe64f7ff20cb0c341709072258f2a08b5,214,closeup,sun,43021584,,0,0,0.527,0.067,0.36
v3_415_r0_whole_0,data/synthetic/v3/images/v3_415_r0_whole_0.jpg,synthetic,train,other,0,0,1,0,2,phoma,1,other_phoma,1024,512,6f8a43732373f48e81027c7fd18886421c6cc59a69703d24e6c618d482d0b5cf,415,whole,rain,262385458,,0,0,0.531,0.035,4.1
v3_896_r0_closeup_0,data/synthetic/v3/images/v3_896_r0_closeup_0.jpg,synthetic,train,other,0,1,0,0,2,miner,1,other_miner,256,256,29f9e7f7cf28ae4dabbacb6f45640ffa6fc9883f0faf74c39fdf33aa99994225,896,closeup,overcast,1836549812,,0,0,0.572,0.071,0.38
v3_1733_r0_closeup_0,data/synthetic/v3/images/v3_1733_r0_closeup_0.jpg,synthetic,train,other,0,0,0,1,1,cercospora,1,other_cercospora,512,512,b13dc700d3b9fc3c3d8e1d9af33e87d6cc537c3a4cf4cdb723a760d921959a42,1733,closeup,shade,1329839329,,0,0,0.566,0.078,0.12
v3_413_r0_closeup_0,data/synthetic/v3/images/v3_413_r0_closeup_0.jpg,synthetic,train,other,0,0,1,0,1,phoma,1,other_phoma,512,512,ffabed063f45d9bdf1a368897c7d6dd517a2d5dba50502fce4bd26019e13286b,413,closeup,rain,1509575727,,0,0,0.405,0.103,5.02
v3_237_r0_closeup_0,data/synthetic/v3/images/v3_237_r0_closeup_0.jpg,synthetic,train,other,0,0,1,0,1,phoma,1,other_phoma,512,512,3e70fe98a1e95d4e2e8cf1baa65fb8afc4447b96bb39ce6e750c146b387051af,237,closeup,shade,328930967,,0,0,0.535,0.091,0.45
v3_860_r0_closeup_0,data/synthetic/v3/images/v3_860_r0_closeup_0.jpg,synthetic,train,other,0,1,0,0,1,miner,1,other_miner,512,512,dd08d59e8d53c5d460aa21bafdc854a5266fa9edaad8c5c27baaf3bf5fee1e09,860,closeup,golden,1298535744,,0,0,0.602,0.088,0.08
v3_659_r0_closeup_0,data/synthetic/v3/images/v3_659_r0_closeup_0.jpg,synthetic,train,other,0,0,0,1,1,cercospora,1,other_cercospora,512,512,f824ea222992a40efcab27d34cdbb1a006adbd32fba660014e8b08b47e4c92fa,659,closeup,sun,1309363239,,0,0,0.395,0.059,0.25
v3_592_r0_whole_0,data/synthetic/v3/images/v3_592_r0_whole_0.jpg,synthetic,train,other,0,0,1,0,1,phoma,1,other_phoma,896,672,11ca4526339819b307f1e13d64d78a63ef7a6523846ba71a6de6655b4a6d59a1,592,whole,sun,1843646835,,0,0,0.613,0.102,1.64
v3_1577_r0_whole_0,data/synthetic/v3/images/v3_1577_r0_whole_0.jpg,synthetic,train,other,0,0,0,1,1,cercospora,1,other_cercospora,1024,512,2e17e0d36fdb4ca5f8161594ff7720de1bac3fd1b4897d1531ee5034f18b2cc5,1577,whole,overcast,1656282521,,0,0,0.562,0.094,5.14
v3_465_r0_whole_0,data/synthetic/v3/images/v3_465_r0_whole_0.jpg,synthetic,train,other,0,0,1,0,1,phoma,1,other_phoma,1024,512,38811f36c515ee54373e956942cd384c6621624b0f43575a4e48f3a06e5b5806,465,whole,sun,1241813436,,0,0,0.409,0.072,2.48
v3_729_r0_closeup_0,data/synthetic/v3/images/v3_729_r0_closeup_0.jpg,synthetic,train,other,0,1,0,0,1,miner,1,other_miner,512,512,8507d6cc5b6ab7c3e5701b5d710f2b98c8043552ea4e47ef0940ceab9ca47131,729,closeup,overcast,1191604791,,0,0,0.328,0.083,0.36
v3_704_r0_closeup_0,data/synthetic/v3/images/v3_704_r0_closeup_0.jpg,synthetic,train,other,0,1,0,0,1,miner,1,other_miner,256,256,5400bea1b75943e112e66bd57f3932a1b1413a7434e0077c31cdd2941411f81e,704,closeup,sun,1812426944,,0,0,0.459,0.072,0.22
v3_1453_r0_whole_0,data/synthetic/v3/images/v3_1453_r0_whole_0.jpg,synthetic,train,other,0,0,0,1,1,cercospora,1,other_cercospora,768,768,16d3025816bf06afc0a050d0452162a83ee419406e4e6e6e99e27bbd814198da,1453,whole,overcast,572296760,,0,0,0.331,0.062,0.67
v3_540_r0_closeup_0,data/synthetic/v3/images/v3_540_r0_closeup_0.jpg,synthetic,train,other,0,0,1,0,2,phoma,1,other_phoma,256,256,627639c1e33a0af853282e411f2cf0276673f1b02fae33c080b28a1802ea0d89,540,closeup,sun_wet,1107038648,,0,0,0.475,0.099,0.66
v3_416_r0_whole_0,data/synthetic/v3/images/v3_416_r0_whole_0.jpg,synthetic,train,other,0,0,1,0,1,phoma,1,other_phoma,896,672,83fa937dc7580feca59925cbd5a17d07bc9e810673ea8e0bfbd74ffdffdb5ba7,416,whole,sun,154656156,,0,0,0.377,0.057,0.58
v3_550_r0_closeup_0,data/synthetic/v3/images/v3_550_r0_closeup_0.jpg,synthetic,train,other,0,0,1,0,3,phoma,1,other_phoma,512,512,899aed0fc0934a9a1c4487de09822e6af4928eaff32794136842da46898178d4,550,closeup,shade,1737169420,,0,0,0.445,0.103,0.9
v3_409_r0_whole_0,data/synthetic/v3/images/v3_409_r0_whole_0.jpg,synthetic,train,other,0,0,1,0,4,phoma,1,other_phoma,1024,512,0343f35f96592673bfb18b5aacdd0f05382ba9a572d19872999567e19d82162c,409,whole,rain,1578525949,,0,0,0.431,0.059,3.47
v3_525_r0_closeup_0,data/synthetic/v3/images/v3_525_r0_closeup_0.jpg,synthetic,train,other,0,0,0,1,1,cercospora,1,other_cercospora,512,512,f081de5d25c627f4d10369c4d2e48f3bce68d384351ef7e9e05509e1ce8970a2,525,closeup,sun,1927394609,,0,0,0.383,0.034,0.18
v3_278_r0_closeup_0,data/synthetic/v3/images/v3_278_r0_closeup_0.jpg,synthetic,train,other,0,0,1,0,1,phoma,1,other_phoma,384,384,cbaf2ada889fefcf81e35f886b2c5a0c439dfe1eb64d8169aea4355db2593ced,278,closeup,rain,377651281,,0,0,0.614,0.08,0.13
v3_802_r0_closeup_0,data/synthetic/v3/images/v3_802_r0_closeup_0.jpg,synthetic,train,other,0,1,0,0,1,miner,1,other_miner,256,256,4b30d0d2fc64338251ebfb7805e6a62b7836c044a830b85aa94a37da5f00d638,802,closeup,rain,1669235057,,0,0,0.385,0.056,0.3
v3_81_r0_closeup_0,data/synthetic/v3/images/v3_81_r0_closeup_0.jpg,synthetic,train,other,0,1,0,0,1,miner,1,other_miner,256,256,76a7333c5f44ace31c9df8381d12cd572b852900032a991936fcb927419bcce1,81,closeup,rain,1616221914,,0,0,0.359,0.061,0.2
v3_245_r0_closeup_0,data/synthetic/v3/images/v3_245_r0_closeup_0.jpg,synthetic,train,other,0,0,1,0,1,phoma,1,other_phoma,512,512,71f5e23cf354d5e002746a6bbed436f70db1b7ac61a3cb98033f0f879a7137dc,245,closeup,rain,469010706,,0,0,0.476,0.12,0.07
v3_1562_r0_closeup_0,data/synthetic/v3/images/v3_1562_r0_closeup_0.jpg,synthetic,train,other,0,1,0,0,1,miner,1,other_miner,512,512,cb51bb216981095e4df37b41febc604732cbd6bea4b2fa0b4dc629f25b999cef,1562,closeup,rain,335693726,,0,0,0.399,0.067,0.07
v3_549_r0_whole_0,data/synthetic/v3/images/v3_549_r0_whole_0.jpg,synthetic,train,other,0,0,1,0,4,phoma,1,other_phoma,896,672,3a856b1f8192af902a0169a612d60711b2fe0f02654ae89cbd50a4f484b39ffb,549,whole,rain,1727217776,,0,0,0.371,0.08,3.64
v3_863_r0_whole_0,data/synthetic/v3/images/v3_863_r0_whole_0.jpg,synthetic,train,other,0,0,0,1,1,cercospora,1,other_cercospora,768,768,ab7dd3a8720268e036f7f12d87d06a9dd6db2bb321c73dad70710558bd5b4450,863,whole,sun_wet,1274177518,,0,0,0.44,0.088,5.71
v3_300_r0_whole_0,data/synthetic/v3/images/v3_300_r0_whole_0.jpg,synthetic,train,other,0,0,1,0,3,phoma,1,other_phoma,768,768,a8c1314ae817e58dc3ec8e7c92f94f77505772e5962fca1509900499b83993f4,300,whole,sun_wet,1943813164,,0,0,0.491,0.099,1.57
v3_607_r0_whole_0,data/synthetic/v3/images/v3_607_r0_whole_0.jpg,synthetic,train,other,0,1,0,0,1,miner,1,other_miner,896,672,5d592090f9cc294c079cf9854bc80d5e8ce6445e7633146fbe7cf50251a1fe9a,607,whole,rain,641270512,,0,0,0.381,0.111,3.43
v3_259_r0_closeup_0,data/synthetic/v3/images/v3_259_r0_closeup_0.jpg,synthetic,train,other,0,0,1,0,1,phoma,1,other_phoma,512,512,f24257f2cea824658b80d5788f2c21357b11e219b82730af3bd9bb7ad59594a9,259,closeup,overcast,1245790941,,0,0,0.407,0.121,0.28
v3_336_r0_closeup_0,data/synthetic/v3/images/v3_336_r0_closeup_0.jpg,synthetic,train,other,0,0,1,0,3,phoma,1,other_phoma,384,384,4f0a507d6a801abea7e38c717e355d60753add25ed3194565fcf439139e38984,336,closeup,sun,342738348,,0,0,0.793,0.167,0.75
v3_1173_r0_closeup_0,data/synthetic/v3/images/v3_1173_r0_closeup_0.jpg,synthetic,train,other,0,1,0,0,2,miner,1,other_miner,384,384,48c2c26dd7f6dcd6d7a401853a5ff634f39eb936bcfada636be668cafa5b5343,1173,closeup,overcast,2103677301,,0,0,0.557,0.11,1.75
v3_22_r0_whole_0,data/synthetic/v3/images/v3_22_r0_whole_0.jpg,synthetic,train,other,0,1,0,0,1,miner,1,other_miner,1024,512,25e06ea1fcea98e01a60c37ca67ec6564072ff8716dfb143d0e80613fc3773fb,22,whole,overcast,1118944058,,0,0,0.613,0.083,1.0
v3_309_r0_closeup_0,data/synthetic/v3/images/v3_309_r0_closeup_0.jpg,synthetic,train,other,0,0,1,0,4,phoma,1,other_phoma,384,384,6a53fb039d640eb4c6d0019d5828aa199195612e8a0b799fe450e8981d542da5,309,closeup,overcast,1423142372,,0,0,0.412,0.121,2.81
v3_476_r0_closeup_0,data/synthetic/v3/images/v3_476_r0_closeup_0.jpg,synthetic,train,other,0,0,1,0,1,phoma,1,other_phoma,256,256,1ed14af25ea66c5a49c4b3f057c40ccde6fd06c98ef6c81d59d51a59e0f412fd,476,closeup,sun,1793583270,,0,0,0.489,0.098,0.32
v3_284_r0_closeup_0,data/synthetic/v3/images/v3_284_r0_closeup_0.jpg,synthetic,train,other,0,0,1,0,1,phoma,1,other_phoma,384,384,1329d981e363cca68605ae3f5b4248ac7ceba22c748dbc5782679d530c976dc1,284,closeup,overcast,386412739,,0,0,0.436,0.095,0.45
v3_62_r0_closeup_0,data/synthetic/v3/images/v3_62_r0_closeup_0.jpg,synthetic,train,other,0,0,0,1,1,cercospora,1,other_cercospora,512,512,2a5171f745a9404d86d7efa862bd8ffee654e576b5faefee97887c2016069cb3,62,closeup,sun,922656553,,0,0,0.509,0.082,0.13
v3_1222_r0_whole_0,data/synthetic/v3/images/v3_1222_r0_whole_0.jpg,synthetic,train,other,0,1,0,0,1,miner,1,other_miner,896,672,d1f4724e51d4702c5757410bf3a6b4a5ed15f275226af167a62a01ce69f8716c,1222,whole,studio,1787325076,,0,0,0.763,0.178,8.58
v3_69_r0_closeup_0,data/synthetic/v3/images/v3_69_r0_closeup_0.jpg,synthetic,train,other,0,1,0,0,1,miner,1,other_miner,384,384,49cb424cc07540036c4ff4f71c2cbb68ea708f97cc1cb298006fb900fdf4fd7f,69,closeup,rain,1547268074,,0,0,0.458,0.074,1.54
v3_454_r0_closeup_0,data/synthetic/v3/images/v3_454_r0_closeup_0.jpg,synthetic,train,other,0,0,1,0,1,phoma,1,other_phoma,384,384,67032757f2f364fdff1a289aec7ba42393ec1b20601061dd797d1def5a99395e,454,closeup,overcast,816863364,,0,0,0.497,0.035,0.17
v3_782_r0_closeup_0,data/synthetic/v3/images/v3_782_r0_closeup_0.jpg,synthetic,train,other,0,1,0,0,1,miner,1,other_miner,512,512,2eb366282f04df47d2f9cfef183f0df39d2a242828749f044ba3d2c92167f1ae,782,closeup,rain,162651578,,0,0,0.378,0.079,0.22
v3_332_r0_closeup_0,data/synthetic/v3/images/v3_332_r0_closeup_0.jpg,synthetic,train,other,0,0,1,0,1,phoma,1,other_phoma,512,512,93cbc2bf2b1f8a91de1f9f382dc028253ffb94e8271772370d6b6be49734b141,332,closeup,sun_wet,268208058,,0,0,0.581,0.118,0.13
v3_1482_r0_closeup_0,data/synthetic/v3/images/v3_1482_r0_closeup_0.jpg,synthetic,train,other,0,1,0,0,1,miner,1,other_miner,512,512,0f36599e6c76cd3fc88674f949ea2e824a41396a5819124fd06d44b36f674409,1482,closeup,golden,144129117,,0,0,0.487,0.099,0.26
v3_1244_r0_whole_0,data/synthetic/v3/images/v3_1244_r0_whole_0.jpg,synthetic,train,other,0,1,0,1,2,miner,2,other_multi,1024,512,87a84e46933a239a6746566251509610fb481d51ed67a1a2d12d0ee54384b022,1244,whole,sun_wet,1593949363,,0,0,0.569,0.104,2.18
v3_507_r0_whole_0,data/synthetic/v3/images/v3_507_r0_whole_0.jpg,synthetic,train,other,0,0,1,0,4,phoma,1,other_phoma,1024,512,56182878a0f3a69b569d2520722f99e5d7409b8d5421285d81f4587ec5bc87c2,507,whole,overcast,683017491,,0,0,0.54,0.107,2.74
v3_683_r0_closeup_0,data/synthetic/v3/images/v3_683_r0_closeup_0.jpg,synthetic,train,other,0,0,1,0,1,phoma,1,other_phoma,384,384,802c60b8d2666fb5de82b17eeb23ab3da854fee68555d585434323a4bb86c856,683,closeup,backlit,239537793,,0,0,0.629,0.114,0.1
v3_505_r0_closeup_0,data/synthetic/v3/images/v3_505_r0_closeup_0.jpg,synthetic,train,other,0,0,1,0,3,phoma,1,other_phoma,256,256,59896c321078648b404e57952395ca22b6152497a70cc2cd66c3fffdaec3a200,505,closeup,sun_wet,1702798360,,0,0,0.534,0.131,0.43
v3_342_r0_whole_0,data/synthetic/v3/images/v3_342_r0_whole_0.jpg,synthetic,train,other,0,0,1,0,1,phoma,1,other_phoma,1024,512,7244b280c38d80da51507aaa83969c2385a13e99154093d5285bafaf063d1d36,342,whole,backlit,1247525172,,0,0,0.578,0.09,1.5
v3_680_r0_whole_0,data/synthetic/v3/images/v3_680_r0_whole_0.jpg,synthetic,train,other,0,1,0,0,1,miner,1,other_miner,1024,512,2d468001596a262019547539ff89a20f7e623abb182c47f3aafaddc4843ca98e,680,whole,overcast,148077615,,0,0,0.441,0.103,1.6
v3_1190_r0_whole_0,data/synthetic/v3/images/v3_1190_r0_whole_0.jpg,synthetic,train,other,0,1,0,0,1,miner,1,other_miner,1024,512,c07d3b718129329217329c241861214bc7ff9ed405deab679d17f9d5ee17602e,1190,whole,studio,734566534,,0,0,0.847,0.202,12.74
v3_283_r0_closeup_0,data/synthetic/v3/images/v3_283_r0_closeup_0.jpg,synthetic,train,other,0,0,1,0,3,phoma,1,other_phoma,512,512,99ba931e9294b5863d47289f8301c65a58a874cd6c20d5f9fa0d4f3916a120eb,283,closeup,sun_wet,168624251,,0,0,0.498,0.124,0.65
v3_652_r0_closeup_0,data/synthetic/v3/images/v3_652_r0_closeup_0.jpg,synthetic,train,other,0,0,1,1,1,cercospora,2,other_multi,512,512,7cb99d8c74c75e0d73502fdb427d38469cf1489ceb06f64af7f25c48d3d7aa6c,652,closeup,backlit,617397476,,0,0,0.275,0.073,0.43
v3_354_r0_closeup_0,data/synthetic/v3/images/v3_354_r0_closeup_0.jpg,synthetic,train,other,0,0,1,0,1,phoma,1,other_phoma,512,512,566220df1027fa88da28ceb6fa55f7d92e4cccc1b54d8a4473b0bcc8ea9f260a,354,closeup,overcast,980767133,,0,0,0.557,0.077,0.08
v3_369_r0_closeup_0,data/synthetic/v3/images/v3_369_r0_closeup_0.jpg,synthetic,train,other,0,0,1,0,4,phoma,1,other_phoma,256,256,a090f52262ad49055ae05c886960db17638a63b10af690e12d2d8e2629c1c5f9,369,closeup,overcast,922966238,,0,0,0.414,0.101,0.83
v3_1509_r0_whole_0,data/synthetic/v3/images/v3_1509_r0_whole_0.jpg,synthetic,train,other,0,1,0,0,1,miner,1,other_miner,1024,512,eba34813c68825a3ef4eb6b9eac9516fe58edac2552c2b21515f026ddca9a8b3,1509,whole,rain,487948903,,0,0,0.524,0.081,2.91
v3_80_r0_closeup_0,data/synthetic/v3/images/v3_80_r0_closeup_0.jpg,synthetic,train,other,0,1,0,0,1,miner,1,other_miner,384,384,4b042a616fc7b1f85c011c4b8a1773510916f1f91248c299151b3b7d5a8e4837,80,closeup,sun_wet,722027903,,0,0,0.421,0.08,0.51
v3_287_r0_closeup_0,data/synthetic/v3/images/v3_287_r0_closeup_0.jpg,synthetic,train,other,0,0,1,0,2,phoma,1,other_phoma,512,512,13ec496b3a423f422d99cbe9d1778cd811a2d4ec2ce0b5992f6f7ab0e3520602,287,closeup,overcast,295453293,,0,0,0.58,0.078,0.32
v3_331_r0_closeup_0,data/synthetic/v3/images/v3_331_r0_closeup_0.jpg,synthetic,train,other,0,0,1,0,2,phoma,1,other_phoma,256,256,aeb314d375829849bfd4a3df67980caaef4f1687d95406e058bb3f4368e789e3,331,closeup,overcast,157873428,,0,0,0.546,0.119,0.34
v3_1153_r0_closeup_0,data/synthetic/v3/images/v3_1153_r0_closeup_0.jpg,synthetic,train,other,0,1,0,0,1,miner,1,other_miner,512,512,6918cfc6f0cd478721afa9ad1bb74c358aaeb6bd29bc5163b6f1cafab57ed551,1153,closeup,rain,1794932828,,0,0,0.329,0.062,0.35
v3_20_r0_closeup_0,data/synthetic/v3/images/v3_20_r0_closeup_0.jpg,synthetic,train,other,0,0,1,0,2,phoma,1,other_phoma,256,256,bf5c58a5fa828549d76f6f92fab68b4bde75661f75139a7c6ea3294e09f1649b,20,closeup,overcast,259594801,,0,0,0.677,0.138,0.72
v3_1576_r0_closeup_0,data/synthetic/v3/images/v3_1576_r0_closeup_0.jpg,synthetic,train,other,0,0,0,1,1,cercospora,1,other_cercospora,384,384,382bbf68a0455de21e5238e2e4638c7e32941013789a054ed97139e73e0922a7,1576,closeup,golden,702811708,,0,0,0.546,0.071,0.18
v3_757_r0_closeup_0,data/synthetic/v3/images/v3_757_r0_closeup_0.jpg,synthetic,train,other,0,1,0,0,1,miner,1,other_miner,384,384,6192fda0be6d045db9122318abba8b2552973dc8d8951c13012590d29ce95ec3,757,closeup,shade,950742473,,0,0,0.363,0.095,0.17
v3_499_r0_closeup_0,data/synthetic/v3/images/v3_499_r0_closeup_0.jpg,synthetic,train,other,0,0,1,0,1,phoma,1,other_phoma,384,384,4ad620cc5f4fec6c3b7225f24feeddae068cacb733d24cb5ee5c7881aebb6dff,499,closeup,overcast,1267605806,,0,0,0.438,0.11,0.22
v3_457_r0_closeup_0,data/synthetic/v3/images/v3_457_r0_closeup_0.jpg,synthetic,train,other,0,0,1,0,1,phoma,1,other_phoma,256,256,467eaeace3794c70799ce60d6c38475f383cf8f62bc02190d0ad47ea5db60159,457,closeup,sun_wet,908339754,,0,0,0.567,0.094,0.21
v3_1000_r0_closeup_0,data/synthetic/v3/images/v3_1000_r0_closeup_0.jpg,synthetic,train,other,0,1,0,0,1,miner,1,other_miner,512,512,2e552aacec634dc04f92b6739b34f2b1976879fdb7ce2af4dfef87ed479c7ebb,1000,closeup,shade,1929043403,,0,0,0.558,0.142,0.34
v3_1459_r0_whole_0,data/synthetic/v3/images/v3_1459_r0_whole_0.jpg,synthetic,train,other,0,1,0,0,1,miner,1,other_miner,1024,512,e2e1d0799dddfa91a5d2bb183fa7684ca9e9183d976d6ce98d9778abea56f64d,1459,whole,overcast,59223390,,0,0,0.449,0.099,3.44
v3_574_r0_closeup_0,data/synthetic/v3/images/v3_574_r0_closeup_0.jpg,synthetic,train,other,0,0,1,0,1,phoma,1,other_phoma,512,512,660f6fe7a24506a4bd937a4dd8301086093e621549a07f05d8495d30f19fc868,574,closeup,sun_wet,1803897139,,0,0,0.427,0.08,0.12
v3_895_r0_closeup_0,data/synthetic/v3/images/v3_895_r0_closeup_0.jpg,synthetic,train,other,0,1,0,0,2,miner,1,other_miner,256,256,f861335a2ae3ca50fc0b6d9e8b94897f573d0e128ee446cd1d0089f29a366a2f,895,closeup,sun_wet,1810101274,,0,0,0.565,0.08,3.71
v3_761_r0_whole_0,data/synthetic/v3/images/v3_761_r0_whole_0.jpg,synthetic,train,other,0,1,0,0,1,miner,1,other_miner,768,768,ff9c881cf94028257a51fa69e79d88c1552a7463463530f58a08e95705cb4b61,761,whole,overcast,1595593801,,0,0,0.603,0.075,0.65
v3_584_r0_whole_0,data/synthetic/v3/images/v3_584_r0_whole_0.jpg,synthetic,train,other,0,1,0,0,1,miner,1,other_miner,1024,512,b018ff27db9dafaa0170883d87c288544583cb83da4700a971c1df3f16d1a72d,584,whole,rain,499988954,,0,0,0.409,0.046,0.44
v3_264_r0_closeup_0,data/synthetic/v3/images/v3_264_r0_closeup_0.jpg,synthetic,train,other,0,0,1,0,1,phoma,1,other_phoma,512,512,c372d5eef6dbad55e33f712fe46854df98e8f8d64f74c4f0ec223f8e953cc4b2,264,closeup,overcast,1194806174,,0,0,0.502,0.077,0.23
v3_628_r0_whole_0,data/synthetic/v3/images/v3_628_r0_whole_0.jpg,synthetic,train,other,0,0,1,0,2,phoma,1,other_phoma,1024,512,09d2f054b44a1f51f2d88d1a1c1f862c28c9cfa1fa4ef073104ab54b8de30088,628,whole,overcast,1089511692,,0,0,0.4,0.077,0.97
v3_1132_r0_closeup_0,data/synthetic/v3/images/v3_1132_r0_closeup_0.jpg,synthetic,train,other,0,1,0,0,1,miner,1,other_miner,512,512,9e36bbbce6feaa4a2e77885956642d648a396c005acad5a0d179e93676703031,1132,closeup,rain,1114662595,,0,0,0.473,0.098,0.44
v3_808_r0_whole_0,data/synthetic/v3/images/v3_808_r0_whole_0.jpg,synthetic,train,other,0,1,0,0,1,miner,1,other_miner,896,672,646bd97ed11ffef604f20ece7da3a44d1455040be0719abcc321e3b326434134,808,whole,studio,1122345495,,0,0,0.688,0.127,1.47
v3_420_r0_closeup_0,data/synthetic/v3/images/v3_420_r0_closeup_0.jpg,synthetic,train,other,0,0,1,0,1,phoma,1,other_phoma,256,256,34ab41d5e9e5297ec5b61207d55e954ef8843fd079cdbd0d1d28ed088a1dd8eb,420,closeup,sun_wet,1854284828,,0,0,0.553,0.086,0.35
v3_256_r0_closeup_0,data/synthetic/v3/images/v3_256_r0_closeup_0.jpg,synthetic,train,other,0,0,1,0,3,phoma,1,other_phoma,512,512,2121bcae7e356a946ac25bd70a281d2c15aaf8e2ff5dd05fe013e720c014ecfd,256,closeup,golden,991424520,,0,0,0.516,0.14,0.48
v3_588_r0_whole_0,data/synthetic/v3/images/v3_588_r0_whole_0.jpg,synthetic,train,other,0,1,0,0,1,miner,1,other_miner,1024,512,09ac00a94e47c7fe8610f2fb4ad28a33c50ff8e14ba0898bf54066f95b4584ad,588,whole,studio,1779431841,,0,0,0.863,0.196,3.07
v3_263_r0_closeup_0,data/synthetic/v3/images/v3_263_r0_closeup_0.jpg,synthetic,train,other,0,0,1,0,2,phoma,1,other_phoma,256,256,5378a16c50f2d8fd5ab675e09ac5ae7a644d26fc92d6d35066655c8060555bf6,263,closeup,backlit,1513257766,,0,0,0.549,0.141,0.58
v3_316_r0_whole_0,data/synthetic/v3/images/v3_316_r0_whole_0.jpg,synthetic,train,other,0,0,1,0,1,phoma,1,other_phoma,1024,512,bf60ec4bbb00c95a7c5a1744a7dbde5da7c99c9dfe820f8dee0c7113d9702f2d,316,whole,rain,66245765,,0,0,0.475,0.074,1.36
v3_1251_r0_closeup_0,data/synthetic/v3/images/v3_1251_r0_closeup_0.jpg,synthetic,train,other,0,0,0,1,1,cercospora,1,other_cercospora,512,512,f2c1587cfcb139b968badeb311803613bd40a5c809d906f1095d9dd4ff6e7b4f,1251,closeup,sun,700130996,,0,0,0.416,0.087,0.21
v3_498_r0_closeup_0,data/synthetic/v3/images/v3_498_r0_closeup_0.jpg,synthetic,train,other,0,0,1,0,2,phoma,1,other_phoma,384,384,cf1007e00836c0904e2cea276cc77857c989cfe25718437c374c4c58825a64ef,498,closeup,overcast,13824651,,0,0,0.49,0.146,1.54
v3_1487_r0_closeup_0,data/synthetic/v3/images/v3_1487_r0_closeup_0.jpg,synthetic,train,other,0,1,0,0,1,miner,1,other_miner,256,256,a5ee9f40569ae46ba6cb1b0f3b8cf2bcf7c3d48e08160b235323fefba87a9a0f,1487,closeup,golden,1482337774,,0,0,0.41,0.069,0.46
v3_786_r0_closeup_0,data/synthetic/v3/images/v3_786_r0_closeup_0.jpg,synthetic,train,other,0,1,0,0,2,miner,1,other_miner,512,512,0f88f5be3920fb1a5983d21778467e09adbea2bcca8ccc80e85e9ca66a40c779,786,closeup,rain,304127916,,0,0,0.538,0.087,0.23
v3_307_r0_closeup_0,data/synthetic/v3/images/v3_307_r0_closeup_0.jpg,synthetic,train,other,0,0,1,0,1,phoma,1,other_phoma,256,256,b5a00d87a51e39725f43ba7222019514ee1d634b0e480fb3121512df867f4f99,307,closeup,overcast,1859718292,,0,0,0.543,0.129,0.71
v3_1149_r0_closeup_0,data/synthetic/v3/images/v3_1149_r0_closeup_0.jpg,synthetic,train,other,0,0,1,0,1,phoma,1,other_phoma,256,256,53a3d5070e6467a3958fc368b1bddc7fc0ab8d66587deba7812df01e6d1d453e,1149,closeup,sun,1829808270,,0,0,0.542,0.126,0.16
v3_339_r0_closeup_0,data/synthetic/v3/images/v3_339_r0_closeup_0.jpg,synthetic,train,other,0,0,1,0,2,phoma,1,other_phoma,256,256,d0376614590281796f8851ee3f9e4f1ef01f00b1c516cc3b0919adafad88fb7e,339,closeup,rain,1698396025,,0,0,0.683,0.149,0.66
v3_742_r0_whole_0,data/synthetic/v3/images/v3_742_r0_whole_0.jpg,synthetic,train,other,0,0,0,1,1,cercospora,1,other_cercospora,1024,512,e1e96862d6baffcffdbf4799e16ac45cc676f685c3ee9d5c1dd894c09930715c,742,whole,studio,1309784014,,0,0,0.765,0.241,4.57
v3_660_r0_whole_0,data/synthetic/v3/images/v3_660_r0_whole_0.jpg,synthetic,train,other,0,1,1,0,1,miner,2,other_multi,1024,512,c1e4ccb8bc24f658fd1ebf26eec6a8f7543b38f24d2a1230c631117a5fe91ed6,660,whole,studio,1491863410,,0,0,0.763,0.188,16.64
v3_800_r0_whole_0,data/synthetic/v3/images/v3_800_r0_whole_0.jpg,synthetic,train,other,0,1,0,0,2,miner,1,other_miner,896,672,152bcf72003f4af8ce0f52895e3e1ba402fb4a85480275e88a2d16e33702cf2e,800,whole,studio,783687802,,0,0,0.814,0.162,5.39
v3_531_r0_closeup_0,data/synthetic/v3/images/v3_531_r0_closeup_0.jpg,synthetic,train,other,0,0,1,0,1,phoma,1,other_phoma,384,384,3fd7356843a1b440620b6dbb973aea41d67d67994c352f1f3fe19c74e4370891,531,closeup,overcast,1325923475,,0,0,0.636,0.088,0.17
v3_1160_r0_closeup_0,data/synthetic/v3/images/v3_1160_r0_closeup_0.jpg,synthetic,train,other,0,1,0,0,1,miner,1,other_miner,512,512,27d13396bbee3b4b68e1963859966391a51485caa9448ffc38f8e4bd30b062c3,1160,closeup,overcast,1568729199,,0,0,0.472,0.113,0.18
v3_478_r0_closeup_0,data/synthetic/v3/images/v3_478_r0_closeup_0.jpg,synthetic,train,other,0,0,1,0,2,phoma,1,other_phoma,384,384,70be50dc991e7347dab30d1e7855b4d243770588a12551955769192f2f7ab60c,478,closeup,overcast,1357744598,,0,0,0.608,0.152,1.12
v3_537_r0_closeup_0,data/synthetic/v3/images/v3_537_r0_closeup_0.jpg,synthetic,train,other,0,0,1,0,2,phoma,1,other_phoma,256,256,61933d216436934c7cd217b7b973fa44437f4a0cbe26ad637b65bc8280f25572,537,closeup,sun,425598862,,0,0,0.504,0.124,0.43
v3_63_r0_closeup_0,data/synthetic/v3/images/v3_63_r0_closeup_0.jpg,synthetic,train,other,0,1,0,0,1,miner,1,other_miner,256,256,2c184e70a43154746d57860e5be8c079697bf801820e92017caa8f030fd1f71a,63,closeup,rain,2107788428,,0,0,0.409,0.095,0.78
v3_517_r0_closeup_0,data/synthetic/v3/images/v3_517_r0_closeup_0.jpg,synthetic,train,other,0,0,0,1,1,cercospora,1,other_cercospora,512,512,1d450aa13dad06529f4341c72584ab00f71fc7928d5d14daee7b8de7ca56de63,517,closeup,sun,247533223,,0,0,0.52,0.133,0.11
v3_319_r0_closeup_0,data/synthetic/v3/images/v3_319_r0_closeup_0.jpg,synthetic,train,other,0,0,1,0,2,phoma,1,other_phoma,384,384,57cf9122e198ea57856d9a81c9a1f4da1ce85fa26c7bb31e27a86e4a36c80256,319,closeup,backlit,1923376720,,0,0,0.73,0.134,0.71
v3_242_r0_whole_0,data/synthetic/v3/images/v3_242_r0_whole_0.jpg,synthetic,train,other,0,0,1,0,2,phoma,1,other_phoma,1024,512,d63bf0de027d0f219d191fccdfe22d2c8d851dcc8046dc168b447db42954b80d,242,whole,studio,116505002,,0,0,0.764,0.179,2.31
v3_385_r0_closeup_0,data/synthetic/v3/images/v3_385_r0_closeup_0.jpg,synthetic,train,other,0,0,1,0,1,phoma,1,other_phoma,512,512,2010a02fc762e869829521cd7d3b9f19545d01cd20d37f29c15c501aab9e6d66,385,closeup,sun,285139960,,0,0,0.395,0.051,0.27
v3_797_r0_closeup_0,data/synthetic/v3/images/v3_797_r0_closeup_0.jpg,synthetic,train,other,0,1,0,0,1,miner,1,other_miner,256,256,5d5088a330b53daef6d4c036881bc691aab4d601b5bc659f62ea45718de9b1fb,797,closeup,sun_wet,2131445693,,0,0,0.369,0.085,0.85
v3_318_r0_closeup_0,data/synthetic/v3/images/v3_318_r0_closeup_0.jpg,synthetic,train,other,0,0,1,0,3,phoma,1,other_phoma,512,512,cdd427e30bf782ddd2978b94db8d156c26d2ab0b6df7aaf9a07bac7b7cd20755,318,closeup,overcast,972600821,,0,0,0.686,0.131,0.45
v3_1573_r0_closeup_0,data/synthetic/v3/images/v3_1573_r0_closeup_0.jpg,synthetic,train,other,0,0,0,1,2,cercospora,1,other_cercospora,256,256,f7849d0f070e70762ea4fff39c7152d3a4173c835ecd521d7aa1f07bf28f5538,1573,closeup,sun,2032770959,,0,0,0.505,0.123,0.17
v3_423_r0_closeup_0,data/synthetic/v3/images/v3_423_r0_closeup_0.jpg,synthetic,train,other,0,0,1,0,1,phoma,1,other_phoma,512,512,2a46ac354b48f5a9cdabb0a0e80bce1e4adc4f64832027b008838623b5fdb366,423,closeup,rain,1746032306,,0,0,0.521,0.062,0.73
v3_234_r0_whole_0,data/synthetic/v3/images/v3_234_r0_whole_0.jpg,synthetic,train,other,0,0,1,0,3,phoma,1,other_phoma,896,672,9e8c92921850a0ee7a6163561688eb37fe998936831eb6831cf3e9382827feba,234,whole,golden,353330233,,0,0,0.391,0.05,0.89
v3_252_r0_closeup_0,data/synthetic/v3/images/v3_252_r0_closeup_0.jpg,synthetic,train,other,0,0,1,0,2,phoma,1,other_phoma,384,384,a93a489bfa376e1bbb2baa86cb1930a9e2938b48d3c14d5b8817f065a6afecce,252,closeup,rain,545698334,,0,0,0.65,0.097,0.56
v3_396_r0_closeup_0,data/synthetic/v3/images/v3_396_r0_closeup_0.jpg,synthetic,train,other,0,0,1,0,1,phoma,1,other_phoma,384,384,d650bf03c4bafc1eafedd699312ed86d6949c9324e0f411378d33cf989c58aeb,396,closeup,rain,807246562,,0,0,0.453,0.12,3.15
v3_238_r0_whole_0,data/synthetic/v3/images/v3_238_r0_whole_0.jpg,synthetic,train,other,0,0,1,0,1,phoma,1,other_phoma,896,672,750a61cc413779d65dcb964255477ed43ecf5eb1d6b32e6f726288213f95562f,238,whole,shade,1657644098,,0,0,0.515,0.053,0.99
v3_447_r0_closeup_0,data/synthetic/v3/images/v3_447_r0_closeup_0.jpg,synthetic,train,other,0,1,0,0,1,miner,1,other_miner,256,256,d7e39b7727bcb3d9068b635d5521216e8e9045a139fc158b344303f359c30785,447,closeup,overcast,273883550,,0,0,0.446,0.097,0.07
v3_247_r0_whole_0,data/synthetic/v3/images/v3_247_r0_whole_0.jpg,synthetic,train,other,0,0,1,0,1,phoma,1,other_phoma,1024,512,0d93deac5c12b19f43c582335f379e3dfbd705652e4e0b31721006d23f52d9ec,247,whole,studio,1446783001,,0,0,0.684,0.159,5.04
v3_426_r0_closeup_0,data/synthetic/v3/images/v3_426_r0_closeup_0.jpg,synthetic,train,other,0,0,1,0,1,phoma,1,other_phoma,256,256,9bcc47b8c2dc5b2810d96bfea05ca05755a2da79a2cfb31c6d4843211f078111,426,closeup,rain,954189569,,0,0,0.613,0.149,0.46
v3_1059_r0_closeup_0,data/synthetic/v3/images/v3_1059_r0_closeup_0.jpg,synthetic,train,other,0,1,0,0,2,miner,1,other_miner,256,256,f182232ea3a9a978678481a1f39040b05810aa44a47443ac0de168e0936e4b5e,1059,closeup,sun,130917284,,0,0,0.495,0.072,0.24
v3_364_r0_closeup_0,data/synthetic/v3/images/v3_364_r0_closeup_0.jpg,synthetic,train,other,0,0,1,0,3,phoma,1,other_phoma,384,384,32b7d2027e3fb767b12b1d7f15a0bfbaa903fef6f09551f42aaf9a04b91fe28e,364,closeup,sun,194857728,,0,0,0.672,0.132,0.26
v3_52_r0_closeup_0,data/synthetic/v3/images/v3_52_r0_closeup_0.jpg,synthetic,train,other,0,1,0,0,1,miner,1,other_miner,512,512,be60f12a17bcaad8594d94fb1353c18718e43ff4078df4da3fa764873f296a77,52,closeup,rain,118916532,,0,0,0.513,0.097,1.0
v3_1185_r0_closeup_0,data/synthetic/v3/images/v3_1185_r0_closeup_0.jpg,synthetic,train,other,0,0,1,0,1,phoma,1,other_phoma,512,512,f2eeb7435248f82192a5bbd8b745bca39f63c3ebd8f544cbbb2796b83a11b58e,1185,closeup,rain,1567752833,,0,0,0.503,0.111,0.59
v3_1170_r0_whole_0,data/synthetic/v3/images/v3_1170_r0_whole_0.jpg,synthetic,train,other,0,1,0,0,1,miner,1,other_miner,1024,512,20d4db85e4525f31281349db505d8203d923db138b991aba3476526bd1e315b1,1170,whole,studio,2079843291,,0,0,0.877,0.221,10.5
v3_512_r0_whole_0,data/synthetic/v3/images/v3_512_r0_whole_0.jpg,synthetic,train,other,0,0,1,0,1,phoma,1,other_phoma,1024,512,8d52500ed4e3dd2fdb8a91ea866fbc91919b3db02441923f8b819f97bde30223,512,whole,overcast,1577885460,,0,0,0.523,0.086,6.0
v3_321_r0_whole_0,data/synthetic/v3/images/v3_321_r0_whole_0.jpg,synthetic,train,other,0,0,1,0,4,phoma,1,other_phoma,1024,512,78cbf97592f3f4cdab21c22020ab8742d8b7d48343c07b13979dffb611161683,321,whole,rain,790625952,,0,0,0.477,0.082,4.76
v3_1029_r0_closeup_0,data/synthetic/v3/images/v3_1029_r0_closeup_0.jpg,synthetic,train,other,0,1,0,0,1,miner,1,other_miner,512,512,8bd3a2648a139a966d57918e27a799badbcd6e032483b88bc97f6522314313e9,1029,closeup,golden,1114283306,,0,0,0.464,0.093,0.24
v3_1221_r0_closeup_0,data/synthetic/v3/images/v3_1221_r0_closeup_0.jpg,synthetic,train,other,0,0,0,1,1,cercospora,1,other_cercospora,384,384,13a84b0a27025a9da41f0b2e489286aa9702ba4814a4b483f79aed566f6a0353,1221,closeup,sun,1813780538,,0,0,0.378,0.107,0.81
v3_1005_r0_closeup_0,data/synthetic/v3/images/v3_1005_r0_closeup_0.jpg,synthetic,train,other,0,1,0,0,1,miner,1,other_miner,256,256,c2b910a0b67d0c349316aa2aa559123364e46cccf46e2af579e5df90b85568b0,1005,closeup,rain,574049400,,0,0,0.595,0.104,0.34
v3_1167_r0_whole_0,data/synthetic/v3/images/v3_1167_r0_whole_0.jpg,synthetic,train,other,0,1,0,1,1,miner,2,other_multi,896,672,48d336093630400d72a98d6731bb8882f3a28f861328372c1a6bc54457675165,1167,whole,shade,1082513623,,0,0,0.536,0.041,0.26
v3_1017_r0_closeup_0,data/synthetic/v3/images/v3_1017_r0_closeup_0.jpg,synthetic,train,other,0,1,0,0,1,miner,1,other_miner,512,512,89a2ce33013b3493d2e1918a0ff27ee4fa4dae4eec1ca862e7f94aca63946c49,1017,closeup,shade,1233708743,,0,0,0.426,0.06,0.09
v3_362_r0_closeup_0,data/synthetic/v3/images/v3_362_r0_closeup_0.jpg,synthetic,train,other,0,0,1,0,4,phoma,1,other_phoma,384,384,4fd5487d8ac76ba25705b454168366b42363502ae149d11e1f42a3333845fdb0,362,closeup,overcast,1573169181,,0,0,0.544,0.131,0.1
v3_521_r0_closeup_0,data/synthetic/v3/images/v3_521_r0_closeup_0.jpg,synthetic,train,other,0,0,1,0,1,phoma,1,other_phoma,512,512,f133f4023a6a65d7746637638f26287a11ddb72bc0a7a40c5e0b3622bcc5f24a,521,closeup,sun,1769010983,,0,0,0.439,0.111,0.17
v3_1166_r0_closeup_0,data/synthetic/v3/images/v3_1166_r0_closeup_0.jpg,synthetic,train,other,0,1,0,0,2,miner,1,other_miner,256,256,81205f334b2df4bdbc2b83ceb58f4fab5fa81b1f4d0a42a1e4047e2ec7c91e6e,1166,closeup,rain,198773618,,0,0,0.633,0.137,0.48
v3_828_r0_whole_0,data/synthetic/v3/images/v3_828_r0_whole_0.jpg,synthetic,train,other,0,1,0,0,1,miner,1,other_miner,1024,512,bced8a50fc01069552ef06f5f0fb5a9c9a1caf64a9f60315bce68ea9f01995f1,828,whole,sun,1434104638,,0,0,0.521,0.073,1.35
v3_1131_r0_whole_0,data/synthetic/v3/images/v3_1131_r0_whole_0.jpg,synthetic,train,other,0,1,0,0,1,miner,1,other_miner,1024,512,d78c770dc9368ff0e2a79ee730079b3b390ab31881105277a72b1a7998bb0abf,1131,whole,overcast,1155798125,,0,0,0.626,0.083,5.06
v3_836_r0_closeup_0,data/synthetic/v3/images/v3_836_r0_closeup_0.jpg,synthetic,train,other,0,1,0,0,1,miner,1,other_miner,384,384,6095c845863bcde862ef6b2dd4e80974e40d81c83d8197e78197f574da2aae08,836,closeup,sun_wet,1225251322,,0,0,0.513,0.077,0.13
v3_735_r0_closeup_0,data/synthetic/v3/images/v3_735_r0_closeup_0.jpg,synthetic,train,other,0,1,0,1,2,miner,2,other_multi,512,512,383ea67bf0906420ab2d842f903a60380a26ebacc428ba695eff266c18357b21,735,closeup,sun,380877304,,0,0,0.531,0.082,0.19
v3_497_r0_closeup_0,data/synthetic/v3/images/v3_497_r0_closeup_0.jpg,synthetic,train,other,0,0,1,0,1,phoma,1,other_phoma,256,256,42bf8618b9f018eacc2080265f17505d95600f4fe189976efefd1415d5bc39a7,497,closeup,rain,1904492638,,0,0,0.498,0.07,0.12
v3_294_r0_closeup_0,data/synthetic/v3/images/v3_294_r0_closeup_0.jpg,synthetic,train,other,0,0,1,0,2,phoma,1,other_phoma,384,384,686ed4d448dc7ca47cfe77e4180b96f3912c6cdaa79a6440c1c664daee0ba643,294,closeup,sun_wet,830421879,,0,0,0.508,0.149,2.63
v3_491_r0_closeup_0,data/synthetic/v3/images/v3_491_r0_closeup_0.jpg,synthetic,train,other,0,0,1,0,1,phoma,1,other_phoma,512,512,63d03db4f0522bc98bdea0aaa0d15290954ab24ba1a536e8f067c8cfefec2b63,491,closeup,rain,668836675,,0,0,0.483,0.116,0.43
v3_1026_r0_closeup_0,data/synthetic/v3/images/v3_1026_r0_closeup_0.jpg,synthetic,train,other,0,1,0,0,1,miner,1,other_miner,256,256,bbc2132be0239a0c608787f5b18b709189f913b7fd85f751b7525241b3ed42e9,1026,closeup,backlit,859582463,,0,0,0.478,0.061,0.48
v3_898_r0_whole_0,data/synthetic/v3/images/v3_898_r0_whole_0.jpg,synthetic,train,other,0,1,0,0,1,miner,1,other_miner,1024,512,e8ae55ba862c329ffcc0a48ca1510b9edddb7a6d42058a249013358428820b43,898,whole,sun_wet,1467869124,,0,0,0.501,0.086,3.18
v3_646_r0_closeup_0,data/synthetic/v3/images/v3_646_r0_closeup_0.jpg,synthetic,train,other,0,0,1,0,1,phoma,1,other_phoma,256,256,198fe7e3397e39cdb82191d43051822126d1868abf27a4dea972ed70b9c88bf2,646,closeup,golden,422245702,,0,0,0.351,0.076,1.51
v3_308_r0_whole_0,data/synthetic/v3/images/v3_308_r0_whole_0.jpg,synthetic,train,other,0,0,1,0,2,phoma,1,other_phoma,1024,512,5c26b24f2d9b62021f0bbddea4bb58b2a30f321101ff3393859a0f721b3e08e1,308,whole,overcast,529514049,,0,0,0.575,0.073,1.89
v3_647_r0_whole_0,data/synthetic/v3/images/v3_647_r0_whole_0.jpg,synthetic,train,other,0,0,1,0,1,phoma,1,other_phoma,896,672,1051159fbaa73c9b1082a1da7735ed848f3cb74b92086998611c46dcb3b59cc2,647,whole,studio,1383474915,,0,0,0.903,0.205,11.86
v3_579_r0_closeup_0,data/synthetic/v3/images/v3_579_r0_closeup_0.jpg,synthetic,train,other,0,0,0,1,1,cercospora,1,other_cercospora,512,512,1ba3e980a194a5b088e8347a4e22d5eea44f4f394ab3ac7d73219484094e605c,579,closeup,golden,1461410541,,0,0,0.469,0.083,0.56
v3_1035_r0_closeup_0,data/synthetic/v3/images/v3_1035_r0_closeup_0.jpg,synthetic,train,other,0,1,0,0,1,miner,1,other_miner,384,384,e7253f531da939686f7412943074e4ed52d57c59740de6f39fe0d4222f65b55d,1035,closeup,sun,333403877,,0,0,0.598,0.099,0.29
v3_489_r0_whole_0,data/synthetic/v3/images/v3_489_r0_whole_0.jpg,synthetic,train,other,0,0,1,0,1,phoma,1,other_phoma,1024,512,5c13bb285b50c62000d8598927fae02d1ac20b6be26f9609c145a02c44f3ab2a,489,whole,sun_wet,1845045914,,0,0,0.542,0.106,1.35
v3_1129_r0_whole_0,data/synthetic/v3/images/v3_1129_r0_whole_0.jpg,synthetic,train,other,0,1,0,0,1,miner,1,other_miner,1024,512,0091e3531ce5b330423db8ae9d420e3e29ac43d5ddb657bffe6b8cdb43dadd75,1129,whole,shade,247504308,,0,0,0.351,0.072,2.94
v3_513_r0_whole_0,data/synthetic/v3/images/v3_513_r0_whole_0.jpg,synthetic,train,other,0,0,1,0,2,phoma,1,other_phoma,1024,512,61dfec626245fbab1993ec60f17d8f9ce174f5849641a5d6d31f3c0dfa07108b,513,whole,studio,357584049,,0,0,0.87,0.182,9.06
v3_732_r0_closeup_0,data/synthetic/v3/images/v3_732_r0_closeup_0.jpg,synthetic,train,other,0,1,0,0,1,miner,1,other_miner,384,384,d9d75fd98844cd80c91b485a94f6402d0827b8bff54100f52ccbbd15f072cb57,732,closeup,overcast,196512064,,0,0,0.346,0.08,0.22
v3_731_r0_whole_0,data/synthetic/v3/images/v3_731_r0_whole_0.jpg,synthetic,train,other,0,1,0,0,1,miner,1,other_miner,768,768,e346636f3e53b085e89b29ccd19b31e026fc4f40776bbc3271781ffd88e7ab4d,731,whole,golden,220396526,,0,0,0.599,0.081,1.73
v3_876_r0_whole_0,data/synthetic/v3/images/v3_876_r0_whole_0.jpg,synthetic,train,other,0,1,0,0,2,miner,1,other_miner,1024,512,b97ae26bd3d7083e4fa3ac01da174e575afd1e1040db0627b22cb199bbec0ab0,876,whole,shade,1028193769,,0,0,0.617,0.069,2.02
v3_34_r0_closeup_0,data/synthetic/v3/images/v3_34_r0_closeup_0.jpg,synthetic,train,other,0,1,0,0,1,miner,1,other_miner,512,512,665367659b86aaf9ea76fdb21ec614546c27b35a33278ab9fcb3e9d55f0b0ae4,34,closeup,sun_wet,849302419,,0,0,0.463,0.086,0.66
v3_213_r0_whole_0,data/synthetic/v3/images/v3_213_r0_whole_0.jpg,synthetic,train,other,0,1,0,0,1,miner,1,other_miner,1024,512,a05eaa83f07179950a972e3ba95c35b689840a80ac259513d181ba9a0ed28f99,213,whole,rain,529876392,,0,0,0.533,0.053,0.81
v3_700_r0_whole_0,data/synthetic/v3/images/v3_700_r0_whole_0.jpg,synthetic,train,other,0,1,0,0,1,miner,1,other_miner,768,768,4fb46563cdd0fe86e1cd343139121d244a519b13363c4bde045210ab0d055fa4,700,whole,overcast,2006332118,,0,0,0.342,0.082,1.64
v3_1214_r0_closeup_0,data/synthetic/v3/images/v3_1214_r0_closeup_0.jpg,synthetic,train,other,0,1,0,1,1,cercospora,2,other_multi,256,256,5ad7d49eef72ef1f7feb5cd543a7c2b9ff0b012535a86bea22656b8b8af588ed,1214,closeup,backlit,221877012,,0,0,0.441,0.087,0.42
v3_765_r0_closeup_0,data/synthetic/v3/images/v3_765_r0_closeup_0.jpg,synthetic,train,other,0,1,0,0,1,miner,1,other_miner,256,256,867295c8e954e0cd85e06c4616dfc309ef37019517f47ea3d07ca1200cac057f,765,closeup,sun_wet,1149998687,,0,0,0.411,0.068,0.64
v3_889_r0_whole_0,data/synthetic/v3/images/v3_889_r0_whole_0.jpg,synthetic,train,other,0,0,0,1,1,cercospora,1,other_cercospora,1024,512,d634191fdc1ab4fa46b5f582bdc05a03caf8d1cf1826ae41e75479400f1339f0,889,whole,golden,978730965,,0,0,0.508,0.095,1.27
v3_68_r0_whole_0,data/synthetic/v3/images/v3_68_r0_whole_0.jpg,synthetic,train,other,0,1,0,0,1,miner,1,other_miner,1024,512,36c0b9a3505861ceabd968eb5a901c6be7dfa154b6fbf6aafb1358c98ac16128,68,whole,studio,392543311,,0,0,0.731,0.237,11.58
v3_533_r0_closeup_0,data/synthetic/v3/images/v3_533_r0_closeup_0.jpg,synthetic,train,other,0,0,1,0,4,phoma,1,other_phoma,256,256,c1b7839a5d79fddd6b8bd96a534932bd2b4eed9eeed115e65f67efbc7d191ab0,533,closeup,backlit,47144344,,0,0,0.472,0.095,0.34
v3_48_r0_closeup_0,data/synthetic/v3/images/v3_48_r0_closeup_0.jpg,synthetic,train,other,0,1,0,0,2,miner,1,other_miner,384,384,4f8f484128515ba15f1d445de6aa5d736d0deb61cae26e27039e578a2193452c,48,closeup,sun,16428390,,0,0,0.409,0.101,0.54
v3_905_r0_whole_0,data/synthetic/v3/images/v3_905_r0_whole_0.jpg,synthetic,train,other,0,1,0,0,1,miner,1,other_miner,1024,512,db13031b386f6d23caac4794e8269dd310eb312dd1857b327d8248232c3d1140,905,whole,sun_wet,852603223,,0,0,0.475,0.123,3.51
v3_365_r0_closeup_0,data/synthetic/v3/images/v3_365_r0_closeup_0.jpg,synthetic,train,other,0,0,1,0,1,phoma,1,other_phoma,512,512,87988bc4a702f8da21304c8ce750c53695106b88a86293784300b6e612a72427,365,closeup,overcast,1086429349,,0,0,0.706,0.106,0.15
v3_577_r0_closeup_0,data/synthetic/v3/images/v3_577_r0_closeup_0.jpg,synthetic,train,other,0,0,0,1,1,cercospora,1,other_cercospora,256,256,1e852f8a2b6fc9745132bac64e8f61467765dc8bc009acd69e48ce8f747c7aa1,577,closeup,rain,1829845917,,0,0,0.401,0.05,1.24
v3_76_r0_whole_0,data/synthetic/v3/images/v3_76_r0_whole_0.jpg,synthetic,train,other,0,1,0,0,1,miner,1,other_miner,768,768,d81a63a37666e916b2a3eeb9a3222be38f7c295ca938c2fecf51a4e45e28defb,76,whole,rain,186177163,,0,0,0.411,0.033,2.59
v3_1224_r0_closeup_0,data/synthetic/v3/images/v3_1224_r0_closeup_0.jpg,synthetic,train,other,0,1,0,0,1,miner,1,other_miner,256,256,ac87b0f66005642764b07958e296cbb66a461cd3ce06f0f2d9655a97b4e99370,1224,closeup,shade,1020365193,,0,0,0.499,0.104,0.37
v3_450_r0_whole_0,data/synthetic/v3/images/v3_450_r0_whole_0.jpg,synthetic,train,other,0,0,1,0,1,phoma,1,other_phoma,1024,512,0dff07359b49cd559c319f59d69749247aaaa58285ebf153be3dc76f396f4349,450,whole,golden,723589778,,0,0,0.396,0.053,2.82
v3_917_r0_closeup_0,data/synthetic/v3/images/v3_917_r0_closeup_0.jpg,synthetic,train,other,0,0,0,1,1,cercospora,1,other_cercospora,256,256,d635c3bd94f886da186f7a4d1d4cf848d3f7930d04e4e41b547f2f1fb92ac477,917,closeup,backlit,1500388328,,0,0,0.509,0.099,0.16
v3_1130_r0_closeup_0,data/synthetic/v3/images/v3_1130_r0_closeup_0.jpg,synthetic,train,other,0,1,0,0,1,miner,1,other_miner,256,256,15c7524961a68b379587f8039ee60b3e37a4d8d9a5b3eeaf067a0b8d0055c079,1130,closeup,golden,263768008,,0,0,0.475,0.108,0.71
v3_1050_r0_closeup_0,data/synthetic/v3/images/v3_1050_r0_closeup_0.jpg,synthetic,train,other,0,1,0,0,1,miner,1,other_miner,256,256,be33854c8c6813669a4136b8bd32ac3809350b55d1a758ca0bc1c1a0f1fca5da,1050,closeup,backlit,549646956,,0,0,0.487,0.138,0.48
v3_43_r0_whole_0,data/synthetic/v3/images/v3_43_r0_whole_0.jpg,synthetic,train,other,0,1,0,0,1,miner,1,other_miner,1024,512,f8f41e2405082b13a0f4497b4455e9523efe78d783e9b1f63aa9b9eef7eb5b4e,43,whole,sun,1782406565,,0,0,0.545,0.076,4.04
v3_699_r0_closeup_0,data/synthetic/v3/images/v3_699_r0_closeup_0.jpg,synthetic,train,other,0,1,0,0,2,miner,1,other_miner,256,256,1135156cb9c9b2e8a8507b117533147514cf1cc5f70e86671c5010416e06e32a,699,closeup,sun,162211411,,0,0,0.486,0.085,0.06
v3_328_r0_closeup_0,data/synthetic/v3/images/v3_328_r0_closeup_0.jpg,synthetic,train,other,0,0,1,0,2,phoma,1,other_phoma,256,256,28721713dd39ea5c0c9e939b658c2e8acae457acd8af88556be90cb8c3297368,328,closeup,backlit,135311208,,0,0,0.668,0.112,2.2
v3_534_r0_closeup_0,data/synthetic/v3/images/v3_534_r0_closeup_0.jpg,synthetic,train,other,0,0,1,0,2,phoma,1,other_phoma,512,512,01d8ff3b1007001aa46e027a5f3f400592b861c0c1e410508542d34d0aa4c11f,534,closeup,golden,533359904,,0,0,0.347,0.084,0.61
v3_1404_r0_whole_0,data/synthetic/v3/images/v3_1404_r0_whole_0.jpg,synthetic,train,other,0,0,0,1,1,cercospora,1,other_cercospora,896,672,dcd90839cd41294a72983f85b9283c71bb3049bc0820b3f41bd367f1525118f5,1404,whole,sun_wet,1830916391,,0,0,0.542,0.103,1.92
v3_374_r0_whole_0,data/synthetic/v3/images/v3_374_r0_whole_0.jpg,synthetic,train,other,0,0,1,0,1,phoma,1,other_phoma,1024,512,ca6f4f017a9e10ae7940674c3ba16fc4c79a77fae0a690b3abfb410faf2dd89b,374,whole,rain,770326708,,0,0,0.503,0.109,1.1
v3_1064_r0_closeup_0,data/synthetic/v3/images/v3_1064_r0_closeup_0.jpg,synthetic,train,other,0,1,0,0,3,miner,1,other_miner,256,256,0b335cecb7b9c36038e0b383fceb5ba3ccc2b765f9e1dce4a2aacdc652981b6f,1064,closeup,backlit,180071143,,0,0,0.61,0.101,0.16
v3_355_r0_whole_0,data/synthetic/v3/images/v3_355_r0_whole_0.jpg,synthetic,train,other,0,0,1,0,2,phoma,1,other_phoma,1024,512,f684544f48f866e7e0db94203a16d3dc3133476d3c436d9692dd745d9fda5937,355,whole,sun_wet,1898545720,,0,0,0.55,0.103,3.47
v3_456_r0_whole_0,data/synthetic/v3/images/v3_456_r0_whole_0.jpg,synthetic,train,other,0,0,1,0,2,phoma,1,other_phoma,768,768,f3b8b405da12ed8741605be459cd24cc04aba149a5d772f86d19924a36bc91a6,456,whole,shade,2105080207,,0,0,0.43,0.059,1.62
v3_404_r0_closeup_0,data/synthetic/v3/images/v3_404_r0_closeup_0.jpg,synthetic,train,other,0,0,1,0,2,phoma,1,other_phoma,256,256,84a49a318391e51b2eaf6c14c53a19fe8ff3933611dbac22ad9b72d08dd44df1,404,closeup,sun_wet,1653110563,,0,0,0.593,0.124,0.29
v3_1083_r0_whole_0,data/synthetic/v3/images/v3_1083_r0_whole_0.jpg,synthetic,train,other,0,0,0,1,1,cercospora,1,other_cercospora,896,672,109ccedbe074cc26762851199e7588e510ca3e45dcb5ac5e7d8d39b227937844,1083,whole,sun,1199694082,,0,0,0.521,0.062,0.74
v3_1075_r0_closeup_0,data/synthetic/v3/images/v3_1075_r0_closeup_0.jpg,synthetic,train,other,0,1,0,0,2,miner,1,other_miner,256,256,5275c3ea1ed188b1c55dcb876fe54e80c3b0595acadc79c88d102cddcffc17f1,1075,closeup,shade,1737519862,,0,0,0.352,0.064,0.13
v3_1417_r0_whole_0,data/synthetic/v3/images/v3_1417_r0_whole_0.jpg,synthetic,train,other,0,0,0,1,1,cercospora,1,other_cercospora,1024,512,980879694dbdc46b3c7dc4fabab0f8e1cddf96f26dcd71b4949e4539ff22bebf,1417,whole,rain,1304619069,,0,0,0.581,0.054,5.79
v3_555_r0_whole_0,data/synthetic/v3/images/v3_555_r0_whole_0.jpg,synthetic,train,other,0,0,0,1,1,cercospora,1,other_cercospora,1024,512,1c7fbfaad1130f5baec9a60d142115c14f9bc03b38fb72b72e49865e4762e922,555,whole,rain,927370175,,0,0,0.562,0.102,3.01
v3_1090_r0_whole_0,data/synthetic/v3/images/v3_1090_r0_whole_0.jpg,synthetic,train,other,0,0,0,1,1,cercospora,1,other_cercospora,1024,512,e24fb7df1cefb078f43c6bfec19080aa4cfe920902b29e06710063d26e524d53,1090,whole,overcast,1734514712,,0,0,0.593,0.088,0.96
v3_1162_r0_closeup_0,data/synthetic/v3/images/v3_1162_r0_closeup_0.jpg,synthetic,train,other,0,1,0,0,3,miner,1,other_miner,512,512,2d9e4949e1872a00b28eb135c132637d386823d17ac3d884e666da8a6ee069eb,1162,closeup,rain,273172836,,0,0,0.521,0.181,2.04
v3_1119_r0_closeup_0,data/synthetic/v3/images/v3_1119_r0_closeup_0.jpg,synthetic,train,other,0,1,0,0,1,miner,1,other_miner,256,256,05438916f104a1c1ca8a303669f3085a2afb04777ab934bc605f4c2b44867ac6,1119,closeup,sun,1059620649,,0,0,0.424,0.06,0.12
v3_661_r0_closeup_0,data/synthetic/v3/images/v3_661_r0_closeup_0.jpg,synthetic,train,other,0,0,1,0,1,phoma,1,other_phoma,512,512,5252cacc94894cdbab33f4608a11d9e9ed4ea9a3f844e69846aaa754eb36dec8,661,closeup,overcast,330355927,,0,0,0.51,0.123,0.52
v3_617_r0_closeup_0,data/synthetic/v3/images/v3_617_r0_closeup_0.jpg,synthetic,train,other,0,1,1,0,1,phoma,2,other_multi,256,256,8ebdc172bda933d633621265cd805550ec9c90c71c1e704570f27c29c0ebdd63,617,closeup,overcast,5114180,,0,0,0.322,0.102,2.12
v3_1654_r0_closeup_0,data/synthetic/v3/images/v3_1654_r0_closeup_0.jpg,synthetic,train,other,0,0,0,1,1,cercospora,1,other_cercospora,256,256,f4f3466ed08638fdc2ae2323898cd4d9cf49b6b4649a02cfb2a0ed13ef2071d6,1654,closeup,sun,2101131773,,0,0,0.376,0.082,0.43
v3_575_r0_closeup_0,data/synthetic/v3/images/v3_575_r0_closeup_0.jpg,synthetic,train,other,0,1,0,0,1,miner,1,other_miner,512,512,3c417c24633d8d5dc02db59490ea9a1433f64ea33b9fae87ac51fbb037324e6a,575,closeup,sun,551131798,,0,0,0.5,0.075,0.04
v3_488_r0_closeup_0,data/synthetic/v3/images/v3_488_r0_closeup_0.jpg,synthetic,train,other,0,0,1,0,2,phoma,1,other_phoma,512,512,dfc0bb1705ee6dacfac94296f14dd81d8b2154cf9152ee36b67af7e7e7725db3,488,closeup,sun,648411455,,0,0,0.547,0.102,0.15
v3_1653_r0_whole_0,data/synthetic/v3/images/v3_1653_r0_whole_0.jpg,synthetic,train,other,0,0,0,1,1,cercospora,1,other_cercospora,768,768,511a3b2eb831ad1dd593e42c96cdcfe4321001593e39fae1e334c15a960a8267,1653,whole,sun,1614383429,,0,0,0.538,0.049,0.17
v3_439_r0_closeup_0,data/synthetic/v3/images/v3_439_r0_closeup_0.jpg,synthetic,train,other,0,0,0,1,1,cercospora,1,other_cercospora,384,384,ad46594e33b48f70cff7bbee6b0a4b7278463bd3fc48a642ce4d72515b9d4bbf,439,closeup,overcast,1878949472,,0,0,0.523,0.073,0.24
v3_503_r0_closeup_0,data/synthetic/v3/images/v3_503_r0_closeup_0.jpg,synthetic,train,other,0,0,1,0,1,phoma,1,other_phoma,512,512,d0f3b2bd99f1bcf1916dda4ae9070ed4b6964ff080c9ea7bb381b58ef414d454,503,closeup,sun_wet,858212101,,0,0,0.508,0.099,1.32
v3_1019_r0_whole_0,data/synthetic/v3/images/v3_1019_r0_whole_0.jpg,synthetic,train,other,0,1,0,0,1,miner,1,other_miner,1024,512,34ee2c9b4a3d00d311b604e63d55a0d13816b5b1b0611c4bda6fbd4e9aac1312,1019,whole,studio,1937934263,,0,0,0.757,0.192,4.09
v3_353_r0_whole_0,data/synthetic/v3/images/v3_353_r0_whole_0.jpg,synthetic,train,other,0,0,1,0,2,phoma,1,other_phoma,1024,512,673f1fcd56672e1d5ff9ecf89590d5426d92389688f36db42468d5c655be797e,353,whole,studio,661676325,,0,0,0.623,0.133,4.85
v3_372_r0_closeup_0,data/synthetic/v3/images/v3_372_r0_closeup_0.jpg,synthetic,train,other,0,0,1,0,2,phoma,1,other_phoma,512,512,715c2b94a665715f77395dd2045a9d97fc13675964ae1ba4a711835852e9c963,372,closeup,golden,2075370409,,0,0,0.412,0.1,0.27
v3_591_r0_closeup_0,data/synthetic/v3/images/v3_591_r0_closeup_0.jpg,synthetic,train,other,0,0,1,0,1,phoma,1,other_phoma,256,256,fde7d99cafc3689c50006245a6c909b68bc96f3de4aa6ef1223f2903c12913e7,591,closeup,sun_wet,1803002845,,0,0,0.352,0.056,0.04
v3_762_r0_closeup_0,data/synthetic/v3/images/v3_762_r0_closeup_0.jpg,synthetic,train,other,0,1,0,0,1,miner,1,other_miner,512,512,e50be6d8858d2086e709a8d953f9275c4e8378334f4518c5f91fcfdb006bfb50,762,closeup,sun_wet,1502521063,,0,0,0.491,0.079,0.12
v3_443_r0_closeup_0,data/synthetic/v3/images/v3_443_r0_closeup_0.jpg,synthetic,train,other,0,0,1,0,2,phoma,1,other_phoma,384,384,19438fb11f108c165a1b9b9dda7291cb0e36d1e711bbb78b2486e1ce7a9deb57,443,closeup,sun,197288840,,0,0,0.463,0.094,0.19
v3_1426_r0_closeup_0,data/synthetic/v3/images/v3_1426_r0_closeup_0.jpg,synthetic,train,other,0,1,0,1,2,undetermined,2,other_multi,256,256,a22c9a4c7895121da00c3ea657e1f3658daa37557dfb723e1b785557991f71e7,1426,closeup,sun_wet,930488581,,0,0,0.485,0.102,0.24
v3_351_r0_closeup_0,data/synthetic/v3/images/v3_351_r0_closeup_0.jpg,synthetic,train,other,0,0,1,0,1,phoma,1,other_phoma,512,512,e805321d1ff58bfa12c8dfaa0f4f29e7ece324e31e4a78f093c5e9c7d448fa84,351,closeup,rain,1790492718,,0,0,0.516,0.086,0.89
v3_1040_r0_closeup_0,data/synthetic/v3/images/v3_1040_r0_closeup_0.jpg,synthetic,train,other,0,1,0,0,1,miner,1,other_miner,512,512,8fb4794b9fc33f4a2c34fc6b428958ec9016912310b10aac54becf495d7f0b10,1040,closeup,overcast,112589272,,0,0,0.435,0.074,0.22
v3_1189_r0_closeup_0,data/synthetic/v3/images/v3_1189_r0_closeup_0.jpg,synthetic,train,other,0,1,0,0,1,miner,1,other_miner,384,384,3b0ac8c3c0a4a84ce4c74fbe6de9370e3c3ada62af2546c746cc19976a0b5c54,1189,closeup,sun,716227322,,0,0,0.366,0.084,0.4
v3_343_r0_closeup_0,data/synthetic/v3/images/v3_343_r0_closeup_0.jpg,synthetic,train,other,0,0,1,0,1,phoma,1,other_phoma,256,256,4b8e72b4ec3aa8c92b0849f9f9145df08cb856e92cca7ff2c557dae1244aa9d0,343,closeup,sun_wet,17263249,,0,0,0.537,0.117,1.77
v3_717_r0_closeup_0,data/synthetic/v3/images/v3_717_r0_closeup_0.jpg,synthetic,train,other,0,1,0,0,2,miner,1,other_miner,384,384,83dbbdd41971d77f3e51a6daba140315203d1e904fc4a27b14bfb80aab6f034d,717,closeup,overcast,1290013146,,0,0,0.313,0.065,0.57
v3_226_r0_whole_0,data/synthetic/v3/images/v3_226_r0_whole_0.jpg,synthetic,train,other,0,1,0,0,1,miner,1,other_miner,768,768,cf9220991e0a164611b0a3dc9090000fc05e2a5ac2d37e0e31b0e08637e4d2f7,226,whole,overcast,2125516422,,0,0,0.529,0.081,0.64
v3_677_r0_closeup_0,data/synthetic/v3/images/v3_677_r0_closeup_0.jpg,synthetic,train,other,0,0,1,0,1,phoma,1,other_phoma,384,384,2b1d6fd52e040580f0fee4dbee2e1eade659a0bf64b7c0b437006a0ba63775f6,677,closeup,sun,1671314558,,0,0,0.371,0.062,0.29
v3_60_r0_whole_0,data/synthetic/v3/images/v3_60_r0_whole_0.jpg,synthetic,train,other,0,1,0,0,2,miner,1,other_miner,1024,512,e75de1598ac2435478dfac8945c2e87a8f3fc6c5bc716d126d66c2a7f160af27,60,whole,overcast,2067152418,,0,0,0.489,0.06,1.73
v3_58_r0_closeup_0,data/synthetic/v3/images/v3_58_r0_closeup_0.jpg,synthetic,train,other,0,1,0,1,1,miner,2,other_multi,512,512,1338c7ea92a82e7a42a3ecf0d9e66c6acb74f15c8cd94c583232ea7dda2cdee5,58,closeup,sun,646817490,,0,0,0.411,0.083,0.27
v3_475_r0_whole_0,data/synthetic/v3/images/v3_475_r0_whole_0.jpg,synthetic,train,other,0,0,1,0,1,phoma,1,other_phoma,896,672,ad6581518480219d6b1143a252ddbdbb1ae55ac8ba896747d3f97d2812a2c2a5,475,whole,golden,1819515400,,0,0,0.56,0.046,0.71
v3_469_r0_closeup_0,data/synthetic/v3/images/v3_469_r0_closeup_0.jpg,synthetic,train,other,0,0,1,0,1,phoma,1,other_phoma,256,256,fee7678bfdd83a9a9889aacb22973da6ac4cb09f32994e05b62903db4a662d1e,469,closeup,golden,1036407239,,0,0,0.383,0.055,0.07
v3_54_r0_closeup_0,data/synthetic/v3/images/v3_54_r0_closeup_0.jpg,synthetic,train,other,0,1,0,1,2,miner,2,other_multi,512,512,112bf101cc497848f2f8656668fea572c7f15669ca2a7d417078ced131a58e88,54,closeup,rain,1364158121,,0,0,0.367,0.114,0.75
v3_366_r0_closeup_0,data/synthetic/v3/images/v3_366_r0_closeup_0.jpg,synthetic,train,other,0,0,1,0,1,phoma,1,other_phoma,512,512,a7b50abd5adb7287481fcd8fff03285485b02567575eaab43544feee189878f6,366,closeup,golden,1180035595,,0,0,0.632,0.083,0.36
v3_269_r0_closeup_0,data/synthetic/v3/images/v3_269_r0_closeup_0.jpg,synthetic,train,other,0,0,1,0,4,phoma,1,other_phoma,512,512,e6d94866dcadb3b99ac539af8e669d16f76e956cf4711c37535f3a9b82be5158,269,closeup,rain,2074695744,,0,0,0.654,0.104,1.47
v3_417_r0_closeup_0,data/synthetic/v3/images/v3_417_r0_closeup_0.jpg,synthetic,train,other,0,0,1,0,1,phoma,1,other_phoma,384,384,056da1ff13536aad9de137e4472bbd26c18b539bda3b544bea3a1f4160cfc8db,417,closeup,sun_wet,1114312249,,0,0,0.562,0.117,0.26
v3_347_r0_closeup_0,data/synthetic/v3/images/v3_347_r0_closeup_0.jpg,synthetic,train,other,0,0,1,0,1,phoma,1,other_phoma,512,512,04f10db9558325dade7c30b8a22b879694c6a2b28f93b7a4cab6030bf4abdf6d,347,closeup,overcast,446048391,,0,0,0.406,0.094,0.27
v3_305_r0_closeup_0,data/synthetic/v3/images/v3_305_r0_closeup_0.jpg,synthetic,train,other,0,0,1,0,1,phoma,1,other_phoma,512,512,8e058658b56b582fd44422c0f5275841e1f7ae9b8861de42f1c1c06823141135,305,closeup,sun_wet,588361119,,0,0,0.598,0.089,0.27
v3_553_r0_closeup_0,data/synthetic/v3/images/v3_553_r0_closeup_0.jpg,synthetic,train,other,0,0,1,0,1,phoma,1,other_phoma,256,256,7cdad58c9fe27633c79f7f7bfce829ec8726ac2fa90cbbd1c404d6d2e630a875,553,closeup,overcast,1629448354,,0,0,0.339,0.081,2.27
v3_519_r0_closeup_0,data/synthetic/v3/images/v3_519_r0_closeup_0.jpg,synthetic,train,other,0,0,1,0,1,phoma,1,other_phoma,512,512,79ec00fbd851fcf6e25b8d3a9b627613c54b30bbecbc2db6d666de6d32b57fee,519,closeup,sun,885747671,,0,0,0.589,0.086,0.21
v3_222_r0_whole_0,data/synthetic/v3/images/v3_222_r0_whole_0.jpg,synthetic,train,other,0,1,0,0,1,miner,1,other_miner,1024,512,9b96f52c6ac9ffe4919cfe7cd9193b63282574b87cfcc9b1a6306dcd169689d9,222,whole,sun_wet,1696697488,,0,0,0.428,0.074,2.07
v3_334_r0_closeup_0,data/synthetic/v3/images/v3_334_r0_closeup_0.jpg,synthetic,train,other,0,0,1,0,2,phoma,1,other_phoma,384,384,aaf1e93ac8ec09363214e4f47d84da800b377316325088d1574d45f2179a1bfe,334,closeup,shade,1504011431,,0,0,0.524,0.091,0.17
v3_1032_r0_closeup_0,data/synthetic/v3/images/v3_1032_r0_closeup_0.jpg,synthetic,train,other,0,1,0,0,1,miner,1,other_miner,256,256,2fe33a187d2e3c882c56db84080df6d09f32f46013e24b1710815bc32b9cf9ab,1032,closeup,rain,249194077,,0,0,0.556,0.071,2.55
v3_389_r0_whole_0,data/synthetic/v3/images/v3_389_r0_whole_0.jpg,synthetic,train,other,0,0,1,0,1,phoma,1,other_phoma,1024,512,79e43a54dc570fa06d8c3024839b89cbb67c7be01c65350c9d41a315b4ec977c,389,whole,sun_wet,1731994499,,0,0,0.622,0.069,2.31
v3_445_r0_closeup_0,data/synthetic/v3/images/v3_445_r0_closeup_0.jpg,synthetic,train,other,0,0,1,0,1,phoma,1,other_phoma,512,512,904056ef3595a02b6231599054acc4a3b11bc4ca26a856a88c4a58d9508efd8d,445,closeup,rain,1570472085,,0,0,0.511,0.082,0.24
v3_1549_r0_closeup_0,data/synthetic/v3/images/v3_1549_r0_closeup_0.jpg,synthetic,train,other,0,0,0,1,1,cercospora,1,other_cercospora,256,256,0d4d0a9c697a36d9f080b867e733c29a3fbb348911e73224d22392f02bf654c2,1549,closeup,rain,1767548532,,0,0,0.446,0.113,0.63
v3_50_r0_closeup_0,data/synthetic/v3/images/v3_50_r0_closeup_0.jpg,synthetic,train,other,0,1,0,0,1,miner,1,other_miner,512,512,8be1908af76c85c3cbf4ae39418756db639f188376b3ab97c2097ba699424de3,50,closeup,overcast,1256072383,,0,0,0.362,0.121,0.16
v3_543_r0_whole_0,data/synthetic/v3/images/v3_543_r0_whole_0.jpg,synthetic,train,other,0,0,1,0,2,phoma,1,other_phoma,896,672,a6bbbc0c1f65c929f3632fa135a72d9062c39c89e09fb6dec0666455e418a79c,543,whole,studio,1198023446,,0,0,0.667,0.165,2.22
v3_236_r0_closeup_0,data/synthetic/v3/images/v3_236_r0_closeup_0.jpg,synthetic,train,other,0,0,1,0,1,phoma,1,other_phoma,256,256,ccaeaa66b6ad03f1a4fa0e5bc96ef6f0ccc59d6d588b460bcb0857f195e7709b,236,closeup,overcast,1489487154,,0,0,0.497,0.081,0.2
v3_1070_r0_whole_0,data/synthetic/v3/images/v3_1070_r0_whole_0.jpg,synthetic,train,other,0,1,0,0,1,miner,1,other_miner,768,768,daf7ceff3c9d4fbac9cef12cf85a0ed106f17957fe8be41bb8dffffed189b951,1070,whole,overcast,928899909,,0,0,0.613,0.06,0.49
v3_1058_r0_closeup_0,data/synthetic/v3/images/v3_1058_r0_closeup_0.jpg,synthetic,train,other,0,1,0,0,1,miner,1,other_miner,384,384,1a510b2cef5951aa754e182a7df449ad3e5216f612e5df67fe1aed02095fdc35,1058,closeup,golden,1284599809,,0,0,0.549,0.119,0.24
v3_301_r0_closeup_0,data/synthetic/v3/images/v3_301_r0_closeup_0.jpg,synthetic,train,other,0,0,1,0,3,phoma,1,other_phoma,256,256,7a8f2292282869fd48573be7b8fdac9454b83cb04d67ecd1853f7d1f62ce2e6a,301,closeup,overcast,947974025,,0,0,0.582,0.11,0.24
v3_466_r0_closeup_0,data/synthetic/v3/images/v3_466_r0_closeup_0.jpg,synthetic,train,other,0,0,0,1,1,cercospora,1,other_cercospora,384,384,17b39f534962ae2d54dff042f4839f0a359fd81fbbb490cf9d77f8df8f9a7172,466,closeup,rain,1284563730,,0,0,0.457,0.117,0.24
v3_1585_r0_closeup_0,data/synthetic/v3/images/v3_1585_r0_closeup_0.jpg,synthetic,train,other,0,1,0,0,1,miner,1,other_miner,256,256,e429a80aab77256b0c9f2d2fb0b88d593a815ec629acc2cb84465c881a3f367c,1585,closeup,overcast,1496845435,,0,0,0.468,0.089,0.67
v3_1324_r0_closeup_0,data/synthetic/v3/images/v3_1324_r0_closeup_0.jpg,synthetic,train,other,0,1,0,1,1,miner,2,other_multi,256,256,21582cca8c57eddd8df7c88acb9b97a6a2e795044348f01fccdb23ee435fabc6,1324,closeup,overcast,1887144215,,0,0,0.561,0.082,0.2
v3_378_r0_closeup_0,data/synthetic/v3/images/v3_378_r0_closeup_0.jpg,synthetic,train,other,0,0,1,0,1,phoma,1,other_phoma,512,512,601e72947ed6e8753e410c435f731275d428b535e8e0b5004c8087358d0348dc,378,closeup,shade,1512603855,,0,0,0.498,0.111,0.4
v3_257_r0_closeup_0,data/synthetic/v3/images/v3_257_r0_closeup_0.jpg,synthetic,train,other,0,0,1,0,2,phoma,1,other_phoma,384,384,c89bce8bead486f47f9d68e6a43060cd09774377446b5c5c1d04451220e1841b,257,closeup,overcast,1883972525,,0,0,0.429,0.124,0.49
v3_89_r0_closeup_0,data/synthetic/v3/images/v3_89_r0_closeup_0.jpg,synthetic,train,other,0,1,0,0,1,miner,1,other_miner,256,256,a58d2fbfe2495ea047f91f521cfa161ae61ad7b61f6021c19f262eb3ee341c68,89,closeup,sun,201725111,,0,0,0.545,0.085,0.33
v3_271_r0_closeup_0,data/synthetic/v3/images/v3_271_r0_closeup_0.jpg,synthetic,train,other,0,0,1,0,1,phoma,1,other_phoma,256,256,0a95df63db9c0d6b4774ea6fd6adc3202761bdb0a325d8303d2f415b503ca81f,271,closeup,backlit,831377817,,0,0,0.511,0.08,0.1
v3_1553_r0_closeup_0,data/synthetic/v3/images/v3_1553_r0_closeup_0.jpg,synthetic,train,other,0,0,0,1,1,cercospora,1,other_cercospora,256,256,d61e76d05eb19469dfae8557fcd7536c53c4b91d47ee90fb07459cdb5d7bc380,1553,closeup,golden,1857457830,,0,0,0.418,0.083,0.1
v3_463_r0_closeup_0,data/synthetic/v3/images/v3_463_r0_closeup_0.jpg,synthetic,train,other,0,0,1,0,1,phoma,1,other_phoma,256,256,b48d09b05c17c9c136da1d4c1b69ef00c4ee73b85d49714269fcad346ac85b2a,463,closeup,golden,475886241,,0,0,0.742,0.165,0.87
v3_1192_r0_closeup_0,data/synthetic/v3/images/v3_1192_r0_closeup_0.jpg,synthetic,train,other,0,1,0,0,1,miner,1,other_miner,256,256,c41e80b2e7d1a20b230fa3470ad6e29ecb9bd6f8c1507ad070b9f2f35d06c428,1192,closeup,sun_wet,1711290765,,0,0,0.662,0.097,0.15
v3_705_r0_whole_0,data/synthetic/v3/images/v3_705_r0_whole_0.jpg,synthetic,train,other,0,1,0,0,1,miner,1,other_miner,896,672,481f498c9d71c73a1e2100eae804c7f744ba18ab03330b8f5792d055995ef9ee,705,whole,studio,660317029,,0,0,0.884,0.163,1.53
v3_1145_r0_whole_0,data/synthetic/v3/images/v3_1145_r0_whole_0.jpg,synthetic,train,other,0,1,0,0,1,miner,1,other_miner,768,768,7e1ccc09ea03af984b00acd99359afa854ac4434e8d5aa78d8e41d6c0087c3e8,1145,whole,sun_wet,449997045,,0,0,0.59,0.062,0.67
v3_85_r0_closeup_0,data/synthetic/v3/images/v3_85_r0_closeup_0.jpg,synthetic,train,other,0,1,0,0,1,miner,1,other_miner,512,512,1d860d94e09ec9c8d17f9559587ad0f6ccb629fc20c2d6410132ecb1f8ba7e1b,85,closeup,rain,2076497100,,0,0,0.626,0.105,0.59
v3_1102_r0_closeup_0,data/synthetic/v3/images/v3_1102_r0_closeup_0.jpg,synthetic,train,other,0,1,0,0,2,miner,1,other_miner,384,384,38fa6ceb57833fe07299ea97b98db5924a0f4e57a5de0910a2947a73309921f5,1102,closeup,sun,1939373150,,0,0,0.529,0.111,0.29
v3_386_r0_whole_0,data/synthetic/v3/images/v3_386_r0_whole_0.jpg,synthetic,train,other,0,0,1,0,1,phoma,1,other_phoma,1024,512,ee313c25bc483681ff5721bca896a043974c2ac12f1c336432c8e3b36400b3f6,386,whole,sun_wet,376082774,,0,0,0.427,0.083,7.6
v3_375_r0_whole_0,data/synthetic/v3/images/v3_375_r0_whole_0.jpg,synthetic,train,other,0,0,1,0,1,phoma,1,other_phoma,1024,512,50edbd734003973879ab7a3e5fbfe5b9dbd51559aa25207f27eec564513c89ad,375,whole,studio,1723241233,,0,0,0.824,0.208,5.79
v3_306_r0_closeup_0,data/synthetic/v3/images/v3_306_r0_closeup_0.jpg,synthetic,train,other,0,0,1,0,2,phoma,1,other_phoma,384,384,82f1c62787ff15795c88a006076e647d57e6b8684d179c10327bc9aa9a9127c1,306,closeup,sun,629530417,,0,0,0.573,0.092,0.11
v3_1630_r0_closeup_0,data/synthetic/v3/images/v3_1630_r0_closeup_0.jpg,synthetic,train,other,0,0,0,1,1,cercospora,1,other_cercospora,512,512,a6f59d992458abdb458f079e822f96c426d387d38cd00a9fbb037cc232ea91d5,1630,closeup,overcast,92131025,,0,0,0.488,0.097,0.21
v3_356_r0_closeup_0,data/synthetic/v3/images/v3_356_r0_closeup_0.jpg,synthetic,train,other,0,0,1,0,1,phoma,1,other_phoma,512,512,1409aed86e82cce8ed3f5bd9e5360b2f6708d93013710171d7de3b8706ea1b09,356,closeup,rain,2008936598,,0,0,0.624,0.092,2.02
v3_892_r0_closeup_0,data/synthetic/v3/images/v3_892_r0_closeup_0.jpg,synthetic,train,other,0,1,0,0,1,miner,1,other_miner,512,512,5ec49c466cb4525fde1d68a8693be0be47f7c9d8b4b29ff47f58af1c129a6ccf,892,closeup,shade,1994835106,,0,0,0.479,0.101,0.26
v3_1056_r0_closeup_0,data/synthetic/v3/images/v3_1056_r0_closeup_0.jpg,synthetic,train,other,0,1,0,0,1,miner,1,other_miner,512,512,47ed3734918c39bbc0725789ba29cfb5d0ea0614a583a73bee37ac03bfbfefa9,1056,closeup,rain,1989874033,,0,0,0.42,0.048,0.22
v3_449_r0_whole_0,data/synthetic/v3/images/v3_449_r0_whole_0.jpg,synthetic,train,other,0,0,1,0,1,phoma,1,other_phoma,1024,512,529275c3196f8a399f7674f4c6d9535750ae958e93905a3eb91a89ae7f780436,449,whole,studio,710492398,,0,0,0.779,0.19,8.0
v3_292_r0_closeup_0,data/synthetic/v3/images/v3_292_r0_closeup_0.jpg,synthetic,train,other,0,0,1,0,2,phoma,1,other_phoma,512,512,5ada59ed397bee2065cfeb64ea99e18e23c00455c51c66c89babfeeba6a1d2c8,292,closeup,shade,1730599018,,0,0,0.416,0.113,0.67
v3_230_r0_closeup_0,data/synthetic/v3/images/v3_230_r0_closeup_0.jpg,synthetic,train,other,0,1,0,1,3,miner,2,other_multi,256,256,c96e9b3a5bb99701e60c27ad6b684e5b96fcb9f2b8311e94bbee55df055602a0,230,closeup,overcast,245245487,,0,0,0.59,0.107,0.47
v3_1197_r0_closeup_0,data/synthetic/v3/images/v3_1197_r0_closeup_0.jpg,synthetic,train,other,0,1,0,0,1,miner,1,other_miner,512,512,2e1fae53142b65f7c5f305292131b11c25a7a4104d1b20a5270f8bd197da6798,1197,closeup,rain,919447614,,0,0,0.68,0.128,0.89
v3_137_r0_closeup_0,data/synthetic/v3/images/v3_137_r0_closeup_0.jpg,synthetic,train,other,0,1,0,0,1,miner,1,other_miner,256,256,a98b5150b14973e6b06580d79d6765f2da9438a513f83c2c9641d34c1f138bbc,137,closeup,shade,487854452,,0,0,0.518,0.084,0.5
v3_1677_r0_closeup_0,data/synthetic/v3/images/v3_1677_r0_closeup_0.jpg,synthetic,train,other,0,0,0,1,1,cercospora,1,other_cercospora,512,512,ef8f27657b4094d3f079d480ce97db403381453f0e8896004490a6b452e78258,1677,closeup,shade,1815599738,,0,0,0.382,0.104,0.12
v3_1163_r0_closeup_0,data/synthetic/v3/images/v3_1163_r0_closeup_0.jpg,synthetic,train,other,0,1,0,0,1,miner,1,other_miner,384,384,a8a4b1b80afe54287c55a4a9811f2f04cfa815da410be2806d6718b8767b039f,1163,closeup,sun_wet,1528076993,,0,0,0.472,0.125,0.52
v3_408_r0_closeup_0,data/synthetic/v3/images/v3_408_r0_closeup_0.jpg,synthetic,train,other,0,0,1,0,2,phoma,1,other_phoma,512,512,1cf7ddb45e71d60d3da6ebad4b6134dd414e86232b3961dc31f6eddc56c53e3f,408,closeup,shade,357218136,,0,0,0.531,0.087,0.95
v3_315_r0_whole_0,data/synthetic/v3/images/v3_315_r0_whole_0.jpg,synthetic,train,other,0,0,1,0,2,phoma,1,other_phoma,1024,512,3e989057787fdb6a998bd6c4a1755065fd7116c9e3a8025dd1e5ebee17aca015,315,whole,sun,90613291,,0,0,0.424,0.07,1.84
v3_49_r0_closeup_0,data/synthetic/v3/images/v3_49_r0_closeup_0.jpg,synthetic,train,other,0,1,0,0,2,miner,1,other_miner,512,512,ed75bcb4ec8d0bd026b3b013aa038f6d1bcb152be7e9f10c21ba370260ff84da,49,closeup,sun_wet,1269202627,,0,0,0.61,0.081,0.27
v3_485_r0_closeup_0,data/synthetic/v3/images/v3_485_r0_closeup_0.jpg,synthetic,train,other,0,0,1,0,1,phoma,1,other_phoma,256,256,50d654bbebf1823661414f55e18c0bc5a3ce785fafe6459804d5dd37be87db80,485,closeup,sun_wet,440134369,,0,0,0.535,0.096,0.12
v3_695_r0_closeup_0,data/synthetic/v3/images/v3_695_r0_closeup_0.jpg,synthetic,train,other,0,1,0,0,2,miner,1,other_miner,512,512,054913be0426e46b9523bdd97c934a0591b644bf47658b015ea1ea19a52a53b0,695,closeup,shade,2120869416,,0,0,0.629,0.066,0.09
v3_1117_r0_closeup_0,data/synthetic/v3/images/v3_1117_r0_closeup_0.jpg,synthetic,train,other,0,1,0,0,1,miner,1,other_miner,512,512,d95e15c7ada947b356bd899a6f530ebc0698a6a688c760d03df914b2c26b6864,1117,closeup,backlit,86173273,,0,0,0.416,0.065,0.1
v3_514_r0_closeup_0,data/synthetic/v3/images/v3_514_r0_closeup_0.jpg,synthetic,train,other,0,0,1,0,1,phoma,1,other_phoma,256,256,e17999add2783750519782bf90b56d38d204af97319dfef6c5ddbaf3736b9fe8,514,closeup,sun,139820041,,0,0,0.498,0.079,0.25
v3_529_r0_closeup_0,data/synthetic/v3/images/v3_529_r0_closeup_0.jpg,synthetic,train,other,0,0,1,0,1,phoma,1,other_phoma,512,512,ec5e1986d5129c0d59caccbb03abf11f082e257c6949605fe7996fa9e4307c1c,529,closeup,overcast,86209866,,0,0,0.541,0.125,0.16
v3_383_r0_whole_0,data/synthetic/v3/images/v3_383_r0_whole_0.jpg,synthetic,train,other,0,0,1,0,2,phoma,1,other_phoma,1024,512,4be8d4e03f6eb51fb7a7303ebba6903e37bf5e6297e6507e55fc92a4e6ee0aa3,383,whole,studio,1185349861,,0,0,0.635,0.145,2.02
v3_900_r0_closeup_0,data/synthetic/v3/images/v3_900_r0_closeup_0.jpg,synthetic,train,other,0,1,0,0,3,miner,1,other_miner,512,512,6d31e26bf983f0170753150da2e7de7422e5f4087da3f8fbc0e0542ed2830aa1,900,closeup,sun,1646010596,,0,0,0.416,0.08,0.32
v3_1098_r0_whole_0,data/synthetic/v3/images/v3_1098_r0_whole_0.jpg,synthetic,train,other,0,1,0,0,1,miner,1,other_miner,1024,512,911c23fd5e9f02f9c1a2422f859627dbee8f1d42ac0778ec80c353248b67a8b7,1098,whole,sun_wet,187767413,,0,0,0.415,0.072,1.72
v3_486_r0_closeup_0,data/synthetic/v3/images/v3_486_r0_closeup_0.jpg,synthetic,train,other,0,0,1,0,1,phoma,1,other_phoma,256,256,26bcbff975c7773c3e06fb5a02a45edd5fb724b61d1e4120a7a66a03c9251ed2,486,closeup,overcast,481269839,,0,0,0.745,0.111,0.78
v3_379_r0_closeup_0,data/synthetic/v3/images/v3_379_r0_closeup_0.jpg,synthetic,train,other,0,0,1,0,2,phoma,1,other_phoma,384,384,2206338fa936640a3d604a9db2adb90ae08321826fb313052f983205873b4f73,379,closeup,shade,292836202,,0,0,0.546,0.134,0.46
v3_451_r0_closeup_0,data/synthetic/v3/images/v3_451_r0_closeup_0.jpg,synthetic,train,other,0,0,1,1,2,phoma,2,other_multi,512,512,8a1b200557c9fda91c11591bd80a3fcc07665ecc02711b891f15cb9199eb9a1e,451,closeup,backlit,1618856247,,0,0,0.594,0.1,0.24
v3_1082_r0_closeup_0,data/synthetic/v3/images/v3_1082_r0_closeup_0.jpg,synthetic,train,other,0,1,0,0,1,miner,1,other_miner,512,512,9b9654c14d1f0da2d27c70577fa9afdf5e5149a2c7c9edd705d51aa72c9bf941,1082,closeup,sun_wet,215823015,,0,0,0.624,0.096,2.15
v3_1107_r0_closeup_0,data/synthetic/v3/images/v3_1107_r0_closeup_0.jpg,synthetic,train,other,0,1,0,0,1,miner,1,other_miner,512,512,bf99fc4abd50b0fe7eeffe277fc60b2705f265896671590669fddde940e271f4,1107,closeup,overcast,592834029,,0,0,0.502,0.117,0.19
v3_357_r0_whole_0,data/synthetic/v3/images/v3_357_r0_whole_0.jpg,synthetic,train,other,0,0,1,0,2,phoma,1,other_phoma,1024,512,6d9e94bedc8f45f5ab95d20c57d099558b9e81a2e64bcb5265e3ef17b5c3d970,357,whole,studio,1021387571,,0,0,0.711,0.147,8.22
v3_53_r0_whole_0,data/synthetic/v3/images/v3_53_r0_whole_0.jpg,synthetic,train,other,0,1,0,0,2,miner,1,other_miner,1024,512,c1f2538748ff95134d74c24800019fdcc0de41a063d8cb974e9e65100f834ddc,53,whole,overcast,1279940113,,0,0,0.494,0.08,1.28
v3_874_r0_closeup_0,data/synthetic/v3/images/v3_874_r0_closeup_0.jpg,synthetic,train,other,0,1,0,0,1,miner,1,other_miner,512,512,60a3d4497c16df74ae8ee0decf1eb34ed682d7ed5b0421d29854aa1d964bcc8e,874,closeup,sun,1887460578,,0,0,0.491,0.141,0.3
v3_265_r0_whole_0,data/synthetic/v3/images/v3_265_r0_whole_0.jpg,synthetic,train,other,0,0,1,0,2,phoma,1,other_phoma,1024,512,7eb3e16d44654fe42e4b909eedad2b3ced2ed9d52f224343f536ce2f418c9671,265,whole,shade,208377915,,0,0,0.46,0.075,1.72
v3_835_r0_whole_0,data/synthetic/v3/images/v3_835_r0_whole_0.jpg,synthetic,train,other,0,1,0,0,1,miner,1,other_miner,1024,512,83046676b4dff82ead195d8116f5c0ec701ea90e033031daeb68de303e1c5993,835,whole,studio,1335077716,,0,0,0.817,0.155,5.62
v3_728_r0_closeup_0,data/synthetic/v3/images/v3_728_r0_closeup_0.jpg,synthetic,train,other,0,1,0,0,1,miner,1,other_miner,256,256,99f65fbe79712ec524550e637223d9d8761f26ff07c0bb35aad37912991e976c,728,closeup,sun_wet,207266194,,0,0,0.595,0.069,2.62
v3_229_r0_closeup_0,data/synthetic/v3/images/v3_229_r0_closeup_0.jpg,synthetic,train,other,0,1,0,0,1,miner,1,other_miner,512,512,70224a1dee7c69119552481ed2fa22f78bf3ee31d696930514a3018379bee9a7,229,closeup,overcast,266763347,,0,0,0.52,0.079,0.1
v3_622_r0_whole_0,data/synthetic/v3/images/v3_622_r0_whole_0.jpg,synthetic,train,other,0,1,0,0,1,miner,1,other_miner,1024,512,301cf570982abefdfb8d5610271e9dbf9cb1a960812ad5667dd20f845b118a0f,622,whole,studio,1634435690,,0,0,0.828,0.184,7.37
v3_556_r0_closeup_0,data/synthetic/v3/images/v3_556_r0_closeup_0.jpg,synthetic,train,other,0,0,1,0,2,phoma,1,other_phoma,384,384,2ca1c882bc7e781331b41ecc2a96556d59205beca8526bbba62e9a69a8ade25a,556,closeup,sun,835909905,,0,0,0.482,0.088,0.25
v3_544_r0_closeup_0,data/synthetic/v3/images/v3_544_r0_closeup_0.jpg,synthetic,train,other,0,0,1,0,4,phoma,1,other_phoma,512,512,b2b17a70422350b1b330e95842923ef080dc21fa78263d82a1fe165146cf663d,544,closeup,sun_wet,1517114286,,0,0,0.542,0.093,0.16
v3_1042_r0_closeup_0,data/synthetic/v3/images/v3_1042_r0_closeup_0.jpg,synthetic,train,other,0,1,0,0,1,miner,1,other_miner,512,512,2def569a9ab8f2bdeaa735bfbc110a9782fb07bc4c8faacb4a6ba14c3a1498bb,1042,closeup,sun,1266505939,,0,0,0.375,0.043,0.21
v3_57_r0_whole_0,data/synthetic/v3/images/v3_57_r0_whole_0.jpg,synthetic,train,other,0,1,0,0,1,miner,1,other_miner,1024,512,02984e0d5ad6322cffd04c7413eb6b7f82c4b2bf2630862e79ec00c2603273e9,57,whole,sun,1473975303,,0,0,0.565,0.064,1.06
v3_468_r0_closeup_0,data/synthetic/v3/images/v3_468_r0_closeup_0.jpg,synthetic,train,other,0,0,1,0,1,phoma,1,other_phoma,384,384,c03ac4e9074780ee4f38f916862180b21eb0f44cfe951df0aea8535c2a7939c9,468,closeup,overcast,1989837410,,0,0,0.416,0.091,0.28
v3_349_r0_closeup_0,data/synthetic/v3/images/v3_349_r0_closeup_0.jpg,synthetic,train,other,0,0,1,0,1,phoma,1,other_phoma,256,256,20639152932231d155347be7cba3ca7cbd43f8ad810802e0b45a22dac12d38f2,349,closeup,rain,547113463,,0,0,0.322,0.063,0.37
v3_72_r0_closeup_0,data/synthetic/v3/images/v3_72_r0_closeup_0.jpg,synthetic,train,other,0,1,0,0,2,miner,1,other_miner,512,512,66cdb810bb332afe4788e6609fad0ca3176c3791ba51ed105d06d3f1a67f14c6,72,closeup,rain,277451933,,0,0,0.385,0.098,2.22
v3_1477_r0_closeup_0,data/synthetic/v3/images/v3_1477_r0_closeup_0.jpg,synthetic,train,other,0,1,0,0,1,miner,1,other_miner,256,256,38ceaabf47777d48e4747d66634ee95a23cb44084d60d4bd64353ab4ffde10b4,1477,closeup,overcast,772988167,,0,0,0.324,0.054,0.45
v3_1015_r0_whole_0,data/synthetic/v3/images/v3_1015_r0_whole_0.jpg,synthetic,train,other,0,1,0,0,1,miner,1,other_miner,1024,512,b67d9e8816d263bce1641134346a5e9ab5c2e8e10b0a70d0055d2f7efe78aa6d,1015,whole,studio,71321548,,0,0,0.902,0.182,4.44
v3_244_r0_closeup_0,data/synthetic/v3/images/v3_244_r0_closeup_0.jpg,synthetic,train,other,0,0,1,0,2,phoma,1,other_phoma,384,384,93fbbd264530cd195c5f7fd24be62533dbc8b863241308b36c4af8f590a2182a,244,closeup,overcast,1353210551,,0,0,0.482,0.085,0.11
v3_371_r0_closeup_0,data/synthetic/v3/images/v3_371_r0_closeup_0.jpg,synthetic,train,other,0,0,1,0,3,phoma,1,other_phoma,384,384,af591bd9cae6ff8e171f9eb4f7a998e88b2b0558182a3e5368e8b805e6175ba0,371,closeup,backlit,2099761415,,0,0,0.496,0.094,0.42
v3_608_r0_closeup_0,data/synthetic/v3/images/v3_608_r0_closeup_0.jpg,synthetic,train,other,0,0,1,0,1,undetermined,1,other_phoma,384,384,b389b076da530874099b2e13b3efe3ad313a7bc6077dfbfa20a51642a087d442,608,closeup,shade,1466937381,,0,0,0.337,0.071,0.29
v3_871_r0_closeup_0,data/synthetic/v3/images/v3_871_r0_closeup_0.jpg,synthetic,train,other,0,1,0,0,2,miner,1,other_miner,512,512,36fecc79c9ee46a318ea309b67ebacc01d1c87e27f9316cb971a78291f135523,871,closeup,golden,541969745,,0,0,0.465,0.087,0.61
v3_1202_r0_closeup_0,data/synthetic/v3/images/v3_1202_r0_closeup_0.jpg,synthetic,train,other,0,0,0,1,1,cercospora,1,other_cercospora,512,512,6ec91f7baf13c4c2542470733e31c6167c080ac76e6e5e16f4e8772a274bfe32,1202,closeup,rain,2098691005,,0,0,0.337,0.103,0.38
v3_552_r0_whole_0,data/synthetic/v3/images/v3_552_r0_whole_0.jpg,synthetic,train,other,0,0,1,1,1,undetermined,2,other_multi,1024,512,53a3f9c5f473376f3db856d4c0997aea7325d1e1ca8de0dbaced6e5cb3d00d2f,552,whole,studio,709081863,,0,0,0.783,0.178,6.35
v3_250_r0_closeup_0,data/synthetic/v3/images/v3_250_r0_closeup_0.jpg,synthetic,train,other,0,0,1,0,2,phoma,1,other_phoma,512,512,00d1ac6d3aa41f56e318c354a42f5b8f126209d4a49bb8c98d5feae2b6982250,250,closeup,sun_wet,1833833237,,0,0,0.612,0.101,0.52
v3_1044_r0_closeup_0,data/synthetic/v3/images/v3_1044_r0_closeup_0.jpg,synthetic,train,other,0,1,0,0,1,miner,1,other_miner,512,512,ab0fd10e94a488b5b16fc09bd34c7748e1b4184937b1cc3aa9b108f863594f86,1044,closeup,sun_wet,488946638,,0,0,0.374,0.07,0.23
v3_861_r0_closeup_0,data/synthetic/v3/images/v3_861_r0_closeup_0.jpg,synthetic,train,other,0,1,0,0,1,miner,1,other_miner,512,512,bccc8830452db490804d2626d6507c63b328fbd18269d08f349c6f045743f47b,861,closeup,sun_wet,104515301,,0,0,0.512,0.071,0.45
v3_1062_r0_closeup_0,data/synthetic/v3/images/v3_1062_r0_closeup_0.jpg,synthetic,train,other,0,1,0,0,1,miner,1,other_miner,512,512,a8166b90340b09de6f824f91b39ac4f69f39656e3e7c513f72e0d6b0b7e7f35b,1062,closeup,sun,1558333946,,0,0,0.506,0.081,0.31
v3_719_r0_closeup_0,data/synthetic/v3/images/v3_719_r0_closeup_0.jpg,synthetic,train,other,0,1,0,0,1,miner,1,other_miner,384,384,3a2973d5511eb5913a202985ab7b3c69d3f11dce530db27ec0502ed1794d662d,719,closeup,sun_wet,1995335850,,0,0,0.499,0.112,1.61
v3_295_r0_closeup_0,data/synthetic/v3/images/v3_295_r0_closeup_0.jpg,synthetic,train,other,0,0,1,0,3,phoma,1,other_phoma,256,256,0e160498c9c070cd1f18a74fa1d96bfac9fc8243debbba3102a1020d793c81e3,295,closeup,overcast,2049173714,,0,0,0.588,0.084,0.33
v3_894_r0_closeup_0,data/synthetic/v3/images/v3_894_r0_closeup_0.jpg,synthetic,train,other,0,1,0,0,2,miner,1,other_miner,384,384,f1d5c7627f24272bbf4193fd3fb6c10c399b5d49cb34716cb1395ae737bee305,894,closeup,sun,549398463,,0,0,0.478,0.069,0.34
v3_753_r0_closeup_0,data/synthetic/v3/images/v3_753_r0_closeup_0.jpg,synthetic,train,other,0,0,0,1,1,cercospora,1,other_cercospora,512,512,52a544ac1e76791998470dd69369511d3aaaa1b0e0a69602c9b23da243f626ff,753,closeup,rain,591032287,,0,0,0.463,0.063,0.18
v3_79_r0_whole_0,data/synthetic/v3/images/v3_79_r0_whole_0.jpg,synthetic,train,other,0,1,0,0,2,miner,1,other_miner,1024,512,af638ab8ab74010097ba6e4998ca00eda66f1bbe2fac3e682964ecaed67bef8b,79,whole,studio,2051957854,,0,0,0.845,0.215,14.9
v3_1033_r0_closeup_0,data/synthetic/v3/images/v3_1033_r0_closeup_0.jpg,synthetic,train,other,0,1,0,1,1,miner,2,other_multi,512,512,9dc0f3a9726dc789b9816666365e989eda9ff01f51a6bece03c6edf81e7c222b,1033,closeup,sun_wet,1166456312,,0,0,0.422,0.071,0.77
v3_1055_r0_closeup_0,data/synthetic/v3/images/v3_1055_r0_closeup_0.jpg,synthetic,train,other,0,1,0,0,1,miner,1,other_miner,512,512,fc4d590d60c52a5f2e64f041001a3950045d354a5c6a22acc3b2e78271266048,1055,closeup,backlit,1880056799,,0,0,0.502,0.093,0.12
v3_893_r0_closeup_0,data/synthetic/v3/images/v3_893_r0_closeup_0.jpg,synthetic,train,other,0,1,0,0,2,miner,1,other_miner,384,384,8f57abc81967600ffe15cfcd9ae4c61c0fe23f7089a467ba36dc8249a9192f3b,893,closeup,shade,1035605767,,0,0,0.398,0.082,0.56
v3_844_r0_closeup_0,data/synthetic/v3/images/v3_844_r0_closeup_0.jpg,synthetic,train,other,0,1,0,0,1,miner,1,other_miner,256,256,53ec19aef1ed885a9596026f425bff48afc7d928ed967196398bf3d336b3ae4b,844,closeup,overcast,1097352831,,0,0,0.431,0.084,0.84
v3_1072_r0_closeup_0,data/synthetic/v3/images/v3_1072_r0_closeup_0.jpg,synthetic,train,other,0,1,0,0,1,miner,1,other_miner,256,256,1723fb635a29393ff144e852bad8853b071f9a169beea9e9527c1e83127b1613,1072,closeup,sun_wet,2056602190,,0,0,0.592,0.073,0.11
v3_460_r0_closeup_0,data/synthetic/v3/images/v3_460_r0_closeup_0.jpg,synthetic,train,other,0,0,1,0,1,phoma,1,other_phoma,384,384,77f33c5e7c50427717853722eaea0293d5969ad56bc49741fa6c5265013ff31a,460,closeup,overcast,449380367,,0,0,0.518,0.093,0.48
v3_1675_r0_whole_0,data/synthetic/v3/images/v3_1675_r0_whole_0.jpg,synthetic,train,other,0,0,0,1,1,cercospora,1,other_cercospora,1024,512,1ad929cbc84f8413a05781c293c086a2d8798d4faaac203562c8bc1b68803ea5,1675,whole,rain,570391409,,0,0,0.549,0.111,2.23
v3_1154_r0_closeup_0,data/synthetic/v3/images/v3_1154_r0_closeup_0.jpg,synthetic,train,other,0,1,0,1,1,undetermined,2,other_multi,512,512,f1d4efb13342182600618ac25dd936000a8d3b9cfe78a5a6f795654fd537c138,1154,closeup,sun,2012852452,,0,0,0.429,0.088,0.1
v3_1217_r0_closeup_0,data/synthetic/v3/images/v3_1217_r0_closeup_0.jpg,synthetic,train,other,0,1,0,0,1,miner,1,other_miner,512,512,c18c1335609b38c7745754183933d8c182c643964a45c006dc2126b21179ae99,1217,closeup,sun_wet,195944890,,0,0,0.479,0.147,0.99
v3_620_r0_closeup_0,data/synthetic/v3/images/v3_620_r0_closeup_0.jpg,synthetic,train,other,0,1,0,0,1,miner,1,other_miner,512,512,9583c44c652cbe4aaa438c5b6456f8247c4beb5a85cd5a658d7fd887aa6f0124,620,closeup,sun,748888929,,0,0,0.499,0.08,0.14
v3_864_r0_closeup_0,data/synthetic/v3/images/v3_864_r0_closeup_0.jpg,synthetic,train,other,0,1,0,0,2,miner,1,other_miner,256,256,2abc62be9f859787747aa18fee3a3aafed962c6833a31d1df4170fb623d17681,864,closeup,sun,1459050326,,0,0,0.555,0.114,0.3
v3_1550_r0_closeup_0,data/synthetic/v3/images/v3_1550_r0_closeup_0.jpg,synthetic,train,other,0,0,0,1,1,cercospora,1,other_cercospora,384,384,41d48362d3f6014d1ae2b0cfaf2165404af4d25cb458e7737a75ea3e448c862d,1550,closeup,shade,1747123208,,0,0,0.566,0.08,0.11
v3_448_r0_closeup_0,data/synthetic/v3/images/v3_448_r0_closeup_0.jpg,synthetic,train,other,0,0,1,0,4,phoma,1,other_phoma,512,512,f26de4a74c70ae08761ffc3881c403c2cf1273d04aaa2efdf6b903a7e0f67095,448,closeup,overcast,1627755339,,0,0,0.589,0.089,0.43
v3_285_r0_closeup_0,data/synthetic/v3/images/v3_285_r0_closeup_0.jpg,synthetic,train,other,0,0,1,0,2,phoma,1,other_phoma,256,256,d91c55b8a171c507e5c4cb0a3dc202cec55a24da48823924b009569a18be6877,285,closeup,sun,1549067110,,0,0,0.534,0.131,2.34
v3_398_r0_whole_0,data/synthetic/v3/images/v3_398_r0_whole_0.jpg,synthetic,train,other,0,0,1,0,2,phoma,1,other_phoma,768,768,08380d44d2e07c936fae856a5177512e2124adbeffe92bc73a134878d76cba34,398,whole,overcast,169343890,,0,0,0.456,0.09,1.54
v3_427_r0_closeup_0,data/synthetic/v3/images/v3_427_r0_closeup_0.jpg,synthetic,train,other,0,0,1,0,2,phoma,1,other_phoma,384,384,f017575f238df41e1f748dbcd3e265a184319f0c75727930b00045df565087be,427,closeup,shade,1937970340,,0,0,0.579,0.087,0.08
v3_1480_r0_closeup_0,data/synthetic/v3/images/v3_1480_r0_closeup_0.jpg,synthetic,train,other,0,1,0,1,1,miner,2,other_multi,384,384,6aaf3db3abf51074f5e76d5ec4d7252182e6310729f9c33bc2576e896f61b78a,1480,closeup,rain,1163894102,,0,0,0.594,0.085,2.61
v3_914_r0_closeup_0,data/synthetic/v3/images/v3_914_r0_closeup_0.jpg,synthetic,train,other,0,1,0,0,3,miner,1,other_miner,384,384,efa84799530b420ca26238bf5fe135469bd1d162f1eebcf7c86bed99ff132030,914,closeup,sun,1610246470,,0,0,0.648,0.11,0.35
v3_335_r0_closeup_0,data/synthetic/v3/images/v3_335_r0_closeup_0.jpg,synthetic,train,other,0,0,1,0,1,phoma,1,other_phoma,512,512,ed87cb22c8fede22889a3535ce4fd61316b7311dc938261cd99b55d939c4d3a5,335,closeup,backlit,318355202,,0,0,0.489,0.045,0.09
v3_1205_r0_closeup_0,data/synthetic/v3/images/v3_1205_r0_closeup_0.jpg,synthetic,train,other,0,0,0,1,1,cercospora,1,other_cercospora,384,384,dbe5233636c0a5312abd2233d8c560bfc4992ae39b9df80a7d5463b2f687584e,1205,closeup,backlit,1611811589,,0,0,0.564,0.097,0.3
v3_462_r0_whole_0,data/synthetic/v3/images/v3_462_r0_whole_0.jpg,synthetic,train,other,0,0,1,0,1,phoma,1,other_phoma,1024,512,282082c952c706c21a2f35cddc9aa15de7345286f2e3ad23a346b9b8f4c7e14a,462,whole,sun_wet,1459724548,,0,0,0.529,0.089,0.92
v3_496_r0_whole_0,data/synthetic/v3/images/v3_496_r0_whole_0.jpg,synthetic,train,other,0,0,1,0,3,phoma,1,other_phoma,1024,512,7af299b4091487c675cd898e37c0d568c4c0465fa7705e4419b75aae5e85a9b6,496,whole,sun_wet,987272187,,0,0,0.418,0.11,2.33
v3_77_r0_closeup_0,data/synthetic/v3/images/v3_77_r0_closeup_0.jpg,synthetic,train,other,0,1,0,0,1,miner,1,other_miner,384,384,fc737a2fa994df80c2fe5d026784ac5112b83a404c8064d0f8f6e449342ddd57,77,closeup,rain,1078199598,,0,0,0.524,0.078,0.35
v3_455_r0_closeup_0,data/synthetic/v3/images/v3_455_r0_closeup_0.jpg,synthetic,train,other,0,0,1,0,1,phoma,1,other_phoma,256,256,28003715a87e07c0e8586b0237360f140d1b6ca32f7946bc10217c1a5bc42a4d,455,closeup,golden,2079099681,,0,0,0.477,0.1,0.19
v3_535_r0_closeup_0,data/synthetic/v3/images/v3_535_r0_closeup_0.jpg,synthetic,train,other,0,0,1,1,2,cercospora,2,other_multi,512,512,7fa4c1fd4ee18284cbd12d18ef65c1766e16120e23b2a2fd9b8f32c742ca69f3,535,closeup,shade,1419165317,,0,0,0.531,0.114,0.16
v3_352_r0_whole_0,data/synthetic/v3/images/v3_352_r0_whole_0.jpg,synthetic,train,other,0,0,1,0,1,phoma,1,other_phoma,1024,512,0e60b5a745bc4724c0925c3e98c7be5a157ee2da18155aa2336164ff55444463,352,whole,studio,1814868608,,0,0,0.796,0.185,5.96
v3_220_r0_whole_0,data/synthetic/v3/images/v3_220_r0_whole_0.jpg,synthetic,train,other,0,1,0,0,1,miner,1,other_miner,1024,512,7b68cc86f70344f4a4a978cb2e5090425b8d9383340b0d8fecae92b3efcc89c5,220,whole,sun,686370203,,0,0,0.455,0.07,0.74
v3_688_r0_closeup_0,data/synthetic/v3/images/v3_688_r0_closeup_0.jpg,synthetic,train,other,0,1,0,0,2,miner,1,other_miner,512,512,554682e6d1de7d71c2677201c3c216a0028788e4d9e23d3748d1f89a36320813,688,closeup,golden,1686175298,,0,0,0.531,0.131,0.23
v3_289_r0_closeup_0,data/synthetic/v3/images/v3_289_r0_closeup_0.jpg,synthetic,train,other,0,0,1,0,1,phoma,1,other_phoma,384,384,348cd6fd3f0f4e9508d311fecc369b05a2f57c1f5f85ed8d9ffdf1d23729d747,289,closeup,overcast,731259677,,0,0,0.603,0.111,0.09
v3_1028_r0_whole_0,data/synthetic/v3/images/v3_1028_r0_whole_0.jpg,synthetic,train,other,0,1,0,0,2,miner,1,other_miner,896,672,c040fe975724e941f9b9e6bc41a66716f523d454958f469e0c38e0f56b96c9f3,1028,whole,overcast,154553999,,0,0,0.45,0.071,0.69
v3_774_r0_closeup_0,data/synthetic/v3/images/v3_774_r0_closeup_0.jpg,synthetic,train,other,0,1,0,0,1,miner,1,other_miner,512,512,82675f663b32bdf6c57ce3ae7037430c79891cd0838d0dc569972a7dc6757778,774,closeup,overcast,698371662,,0,0,0.482,0.069,0.05
v3_997_r0_closeup_0,data/synthetic/v3/images/v3_997_r0_closeup_0.jpg,synthetic,train,other,0,1,0,0,1,miner,1,other_miner,512,512,6c4d9202270dee9e58807dc23c14744007b8811e75df2f3b7eb52fbb33da641d,997,closeup,overcast,1786860943,,0,0,0.321,0.087,0.07
v3_260_r0_closeup_0,data/synthetic/v3/images/v3_260_r0_closeup_0.jpg,synthetic,train,other,0,0,1,0,1,phoma,1,other_phoma,256,256,7c7f678c4ac4a0bf51c50a59eb6a0f27c5735109a52ea8eb123faf0416e9b8cd,260,closeup,shade,1554385288,,0,0,0.342,0.092,0.13
v3_1478_r0_whole_0,data/synthetic/v3/images/v3_1478_r0_whole_0.jpg,synthetic,train,other,0,0,0,1,1,cercospora,1,other_cercospora,1024,512,80b83cac22572c3d3552dee96687f8d379e080651edae35d828c4381ab0231da,1478,whole,studio,1598320594,,0,0,0.883,0.17,3.21
v3_855_r0_whole_0,data/synthetic/v3/images/v3_855_r0_whole_0.jpg,synthetic,train,other,0,1,0,0,1,miner,1,other_miner,1024,512,4ba34d1d2519864e0ac7dd27f2426a4e8d0692620a7996328ab2a0befa11a419,855,whole,overcast,742628974,,0,0,0.45,0.086,1.68
v3_546_r0_closeup_0,data/synthetic/v3/images/v3_546_r0_closeup_0.jpg,synthetic,train,other,0,0,1,0,1,phoma,1,other_phoma,384,384,3c36598e93dd64449c794f3af998a18919ee2395792838af564835382ac2d694,546,closeup,rain,396751525,,0,0,0.436,0.099,0.36
v3_216_r0_closeup_0,data/synthetic/v3/images/v3_216_r0_closeup_0.jpg,synthetic,train,other,0,1,0,0,1,miner,1,other_miner,512,512,4ed4bfac3cf58f342416ee89b3833b5446503337e80b178f1bb3db9b63058ed2,216,closeup,backlit,1331221531,,0,0,0.597,0.055,0.18
v3_563_r0_whole_0,data/synthetic/v3/images/v3_563_r0_whole_0.jpg,synthetic,train,other,0,0,1,0,1,phoma,1,other_phoma,768,768,2bb66ff864324763c56e3fcce3dc82ac9729de0e9d9d8ed0eed0c473b98f0bee,563,whole,shade,1358393919,,0,0,0.564,0.067,0.59
v3_1030_r0_closeup_0,data/synthetic/v3/images/v3_1030_r0_closeup_0.jpg,synthetic,train,other,0,1,0,0,1,miner,1,other_miner,384,384,a44879e8531a67ff284a83754d5b2778ab307309e7c36f56a47805db602998da,1030,closeup,sun_wet,1125304150,,0,0,0.407,0.067,0.63
v3_368_r0_whole_0,data/synthetic/v3/images/v3_368_r0_whole_0.jpg,synthetic,train,other,0,0,1,0,1,phoma,1,other_phoma,1024,512,4e3d8b9ea37a8d4c5311430a81e95698f83b6bdd609fcde7356722c8f55ff382,368,whole,studio,2086636411,,0,0,0.822,0.183,2.74
v3_1020_r0_closeup_0,data/synthetic/v3/images/v3_1020_r0_closeup_0.jpg,synthetic,train,other,0,1,0,0,1,miner,1,other_miner,256,256,1b4a12510827b1182d2cdb19ef4bb7507667320c1f3a5b5a7050e1eb1472b466,1020,closeup,overcast,1701170402,,0,0,0.391,0.095,0.07
v3_1392_r0_closeup_0,data/synthetic/v3/images/v3_1392_r0_closeup_0.jpg,synthetic,train,other,0,1,0,1,2,miner,2,other_multi,256,256,0210b901f8a426761b94c6ea409a9822f97d14b37393e3700829fcbc0e9956f7,1392,closeup,overcast,606420720,,0,0,0.504,0.111,0.2
v3_304_r0_closeup_0,data/synthetic/v3/images/v3_304_r0_closeup_0.jpg,synthetic,train,other,0,0,1,0,2,phoma,1,other_phoma,256,256,965f85ef7cb0e9875f2869581674bb8b32415added784f92c85f1e99e0f8a39f,304,closeup,overcast,1749909050,,0,0,0.516,0.09,0.88
v3_1178_r0_whole_0,data/synthetic/v3/images/v3_1178_r0_whole_0.jpg,synthetic,train,other,0,1,0,1,1,miner,2,other_multi,1024,512,1d7f953ec8b3dae8aad4d393115d92e9a29afb5ae435a01e747f79f9604335e2,1178,whole,studio,396648886,,0,0,0.726,0.174,8.95
v3_403_r0_whole_0,data/synthetic/v3/images/v3_403_r0_whole_0.jpg,synthetic,train,other,0,0,1,0,2,phoma,1,other_phoma,1024,512,4adcbcdf0085a9eb4ad595177104810c0a6ce3bdc35f57b804336cecce2f3292,403,whole,overcast,2139965339,,0,0,0.464,0.07,2.36
v3_1147_r0_closeup_0,data/synthetic/v3/images/v3_1147_r0_closeup_0.jpg,synthetic,train,other,0,1,0,0,3,miner,1,other_miner,384,384,4f968936d3b859f32588daa524260507f14ea4c4a8f0c863574ff75a95bdd0a7,1147,closeup,overcast,1461373438,,0,0,0.483,0.155,0.43
v3_530_r0_whole_0,data/synthetic/v3/images/v3_530_r0_whole_0.jpg,synthetic,train,other,0,0,1,0,1,phoma,1,other_phoma,768,768,f38a2379d319225509381774ba6b4bf31101b1936a122aec18d67214ea262210,530,whole,shade,73084726,,0,0,0.507,0.056,0.68
v3_1106_r0_closeup_0,data/synthetic/v3/images/v3_1106_r0_closeup_0.jpg,synthetic,train,other,0,1,0,0,1,miner,1,other_miner,512,512,dd3b98e3325467137770e1c3fb00787c8ebcfd76ca5a6d4a4209af762bc71345,1106,closeup,overcast,1745436232,,0,0,0.515,0.098,0.15
v3_1138_r0_closeup_0,data/synthetic/v3/images/v3_1138_r0_closeup_0.jpg,synthetic,train,other,0,1,0,0,1,miner,1,other_miner,384,384,c812d1001ee10623594f8be9fd03ee3f1a27121cf25e9da00c5f4f514670ed6a,1138,closeup,sun,1676363173,,0,0,0.804,0.144,0.5
v3_1165_r0_closeup_0,data/synthetic/v3/images/v3_1165_r0_closeup_0.jpg,synthetic,train,other,0,1,0,0,2,miner,1,other_miner,256,256,7249539d6a4f7b55683bfd6d7d8fa39aa6985d5e131fa3767d341fc9344adbf9,1165,closeup,sun_wet,223181276,,0,0,0.492,0.099,1.17
v3_1177_r0_whole_0,data/synthetic/v3/images/v3_1177_r0_whole_0.jpg,synthetic,train,other,0,1,0,0,1,miner,1,other_miner,1024,512,e9eb2a0d147823a9ae4566ac4df4381f3e373eac2a06097fa3261b64984dd4d4,1177,whole,studio,1727189859,,0,0,0.786,0.185,13.87
v3_856_r0_closeup_0,data/synthetic/v3/images/v3_856_r0_closeup_0.jpg,synthetic,train,other,0,1,0,0,2,miner,1,other_miner,512,512,d29312133d8596f67a2e1da2c3dae067dcd70af391275279ab32d7cd6c8dba41,856,closeup,rain,718793920,,0,0,0.419,0.091,1.66
v3_1410_r0_closeup_0,data/synthetic/v3/images/v3_1410_r0_closeup_0.jpg,synthetic,train,other,0,0,0,1,1,cercospora,1,other_cercospora,256,256,4dbc898bf8120e372651f4c1410b285e57cb1798c2af6fab17ad3116b38f1ffa,1410,closeup,shade,1355274373,,0,0,0.388,0.069,0.31
v3_1021_r0_closeup_0,data/synthetic/v3/images/v3_1021_r0_closeup_0.jpg,synthetic,train,other,0,1,0,0,1,miner,1,other_miner,512,512,d5ff33a1e6772374e2c9f33b842a4bf742579c0871a9563a2f648495504f4c0b,1021,closeup,shade,775495495,,0,0,0.432,0.107,0.14
v3_421_r0_closeup_0,data/synthetic/v3/images/v3_421_r0_closeup_0.jpg,synthetic,train,other,0,0,1,0,2,phoma,1,other_phoma,512,512,db46ae5271a60997155e7b82508c940e41d2e5044ab544a6baecebe351adabf5,421,closeup,shade,635107257,,0,0,0.591,0.122,0.56
v3_303_r0_closeup_0,data/synthetic/v3/images/v3_303_r0_closeup_0.jpg,synthetic,train,other,0,0,1,0,1,phoma,1,other_phoma,256,256,f1aab29824ebb2d63a5328eb0765ccb04de13986cc5eea6d89dfe7146c17172c,303,closeup,overcast,1967672962,,0,0,0.482,0.095,0.35
v3_576_r0_closeup_0,data/synthetic/v3/images/v3_576_r0_closeup_0.jpg,synthetic,train,other,0,1,0,0,1,miner,1,other_miner,256,256,6035f4ba80759f8c0139d83b793c20b6f8e5fdbbde55d97bcc0df3972f9657ae,576,closeup,golden,642639928,,0,0,0.476,0.099,0.48
v3_464_r0_closeup_0,data/synthetic/v3/images/v3_464_r0_closeup_0.jpg,synthetic,train,other,0,0,1,0,1,phoma,1,other_phoma,256,256,4ec636c717f75b2aafebf09e348f4e8540577700c5d20a5e61fd96199fc034b6,464,closeup,overcast,22561305,,0,0,0.545,0.082,0.26
v3_689_r0_closeup_0,data/synthetic/v3/images/v3_689_r0_closeup_0.jpg,synthetic,train,other,0,1,0,0,1,miner,1,other_miner,512,512,61ccf333e50db3ab35f5083aaa7c21610e84a7b9b0c831f9f954c9ddd25db032,689,closeup,sun_wet,802958823,,0,0,0.608,0.103,0.84
v3_1086_r0_closeup_0,data/synthetic/v3/images/v3_1086_r0_closeup_0.jpg,synthetic,train,other,0,1,0,0,1,miner,1,other_miner,512,512,272184f7fda745cee6ff83029e9f9827c6c6eac5a991a84e6f511b5644c7e474,1086,closeup,golden,390885553,,0,0,0.628,0.067,0.11
v3_394_r0_closeup_0,data/synthetic/v3/images/v3_394_r0_closeup_0.jpg,synthetic,train,other,0,0,1,0,1,phoma,1,other_phoma,256,256,1a84e08c0c956587f3959438a6306e88aeca08437b9e23711abfd1b50340984b,394,closeup,sun,2111126505,,0,0,0.496,0.043,0.04
v3_528_r0_whole_0,data/synthetic/v3/images/v3_528_r0_whole_0.jpg,synthetic,train,other,0,0,1,0,1,phoma,1,other_phoma,1024,512,3106dacb0d71ea67af066edd60e9a30b7547172acfbbd8f782ceed2bb4a1e26c,528,whole,rain,1316988655,,0,0,0.603,0.094,2.55
v3_718_r0_closeup_0,data/synthetic/v3/images/v3_718_r0_closeup_0.jpg,synthetic,train,other,0,1,0,0,1,miner,1,other_miner,256,256,f14827d6577940bd238adec1cb8e5891fcc7ccff1f176e76ecc9ed3411292365,718,closeup,overcast,1035123471,,0,0,0.606,0.091,0.12
v3_33_r0_closeup_0,data/synthetic/v3/images/v3_33_r0_closeup_0.jpg,synthetic,train,other,0,1,0,0,1,miner,1,other_miner,384,384,b6b2321d17c2edca9f72e5ff3a296ae9ffa4befd08a36d3c8525927ea762bca7,33,closeup,sun,798647083,,0,0,0.529,0.089,0.21
v3_1109_r0_closeup_0,data/synthetic/v3/images/v3_1109_r0_closeup_0.jpg,synthetic,train,other,0,1,0,0,2,miner,1,other_miner,512,512,5d75c90108c076ba446a240b66f287a0d5bdf21ae87a94bbc82636a04c7dcb08,1109,closeup,sun,425692317,,0,0,0.397,0.075,0.27
v3_716_r0_whole_0,data/synthetic/v3/images/v3_716_r0_whole_0.jpg,synthetic,train,other,0,0,0,1,1,cercospora,1,other_cercospora,1024,512,c9c9fd85e40e549df34eb1ce1387e8bd5b29d1a132a7566d66502015b46c7d4d,716,whole,studio,129555071,,0,0,0.838,0.231,8.24
v3_515_r0_closeup_0,data/synthetic/v3/images/v3_515_r0_closeup_0.jpg,synthetic,train,other,0,0,1,0,1,phoma,1,other_phoma,256,256,2b4c3fc7f4cc3470888d323b99325919d7340a3741ff4e92dd9705f7f64cfa5a,515,closeup,golden,1124708268,,0,0,0.528,0.119,0.43
v3_240_r0_closeup_0,data/synthetic/v3/images/v3_240_r0_closeup_0.jpg,synthetic,train,other,0,0,1,0,1,phoma,1,other_phoma,512,512,585846e0730b6fe3e6ef7cf2e62962e55bccd5b8c8d10e3eb882ab8db930a301,240,closeup,overcast,1262033057,,0,0,0.47,0.119,0.17
v3_1016_r0_whole_0,data/synthetic/v3/images/v3_1016_r0_whole_0.jpg,synthetic,train,other,0,0,0,1,1,cercospora,1,other_cercospora,1024,512,ae1fd700b9f72f88732d945091bab8cb9cd3fbcd6bf3526ecf27b2a18733668e,1016,whole,overcast,47461730,,0,0,0.587,0.076,4.89
v3_542_r0_whole_0,data/synthetic/v3/images/v3_542_r0_whole_0.jpg,synthetic,train,other,0,0,1,0,1,phoma,1,other_phoma,1024,512,09279f0ac5ce0f2825e4b85caa863803ab3c2ef805cefc248ff0c398defb0b4d,542,whole,studio,204779699,,0,0,0.805,0.214,9.95
v3_821_r0_whole_0,data/synthetic/v3/images/v3_821_r0_whole_0.jpg,synthetic,train,other,0,1,0,0,1,miner,1,other_miner,1024,512,1df78c6805af66c1189e7cbae79471d58e6f5f816baa19b8210485caabb923a0,821,whole,overcast,1920328438,,0,0,0.562,0.063,1.65
v3_1172_r0_closeup_0,data/synthetic/v3/images/v3_1172_r0_closeup_0.jpg,synthetic,train,other,0,1,0,0,1,miner,1,other_miner,384,384,b600764ddfd27d03160e4856119920cb4dcf61bffc398b6d62971aee00d95797,1172,closeup,rain,910115536,,0,0,0.467,0.065,0.19
v3_425_r0_closeup_0,data/synthetic/v3/images/v3_425_r0_closeup_0.jpg,synthetic,train,other,0,0,1,0,1,phoma,1,other_phoma,384,384,3e3bfa52a38926249c2e2dd0e2c30876d05cf788df0d8bc243b2550d29cd439d,425,closeup,golden,1045149103,,0,0,0.635,0.119,0.42
v3_1108_r0_whole_0,data/synthetic/v3/images/v3_1108_r0_whole_0.jpg,synthetic,train,other,0,1,0,0,1,miner,1,other_miner,1024,512,c0e40c1a5a2514362bd3b8f24aa6a618df2d85a6edfc57c7cdf487ebfe8014d1,1108,whole,sun,1375952696,,0,0,0.405,0.043,0.95
v3_1025_r0_closeup_0,data/synthetic/v3/images/v3_1025_r0_closeup_0.jpg,synthetic,train,other,0,1,0,0,1,miner,1,other_miner,256,256,c15a5ac54bfb3ecc9c16bd3b96adf9539cbe495082d746970a3b1130387cecab,1025,closeup,shade,900226385,,0,0,0.372,0.077,1.32
v3_28_r0_closeup_0,data/synthetic/v3/images/v3_28_r0_closeup_0.jpg,synthetic,train,other,0,1,0,0,2,miner,1,other_miner,384,384,e6e54f1c42a183d91ef26530ea5a6820ebf5144e4d15c8c0c383d71c7ff952c8,28,closeup,sun,1663735900,,0,0,0.334,0.097,1.51
v3_1038_r0_closeup_0,data/synthetic/v3/images/v3_1038_r0_closeup_0.jpg,synthetic,train,other,0,1,0,0,1,miner,1,other_miner,256,256,7a5840416a78c1e54754c86a7799673891ca22efe9e677b9ba8151e6125efc9e,1038,closeup,sun,792806715,,0,0,0.503,0.103,0.31
v3_1305_r0_whole_0,data/synthetic/v3/images/v3_1305_r0_whole_0.jpg,synthetic,train,other,0,1,0,0,1,miner,1,other_miner,896,672,fd84b51a3abb2984f5ba07d777156c2c359eb4dd279690d2701a2e57accccca0,1305,whole,studio,750275483,,0,0,0.568,0.132,4.15
v3_1051_r0_closeup_0,data/synthetic/v3/images/v3_1051_r0_closeup_0.jpg,synthetic,train,other,0,1,0,0,2,miner,1,other_miner,384,384,2586664905f6865f08345e3c5115e354814ca8dab6f696e74876ab569bfc996c,1051,closeup,overcast,1805525449,,0,0,0.399,0.104,0.49
v3_1714_r0_whole_0,data/synthetic/v3/images/v3_1714_r0_whole_0.jpg,synthetic,train,other,0,1,0,0,1,miner,1,other_miner,896,672,7dc1c7340724df60ab7a9e64b0d09f1e9b9780f0e5aafcebf5ccc52c55266492,1714,whole,sun,1171889520,,0,0,0.475,0.056,0.43
v3_87_r0_whole_0,data/synthetic/v3/images/v3_87_r0_whole_0.jpg,synthetic,train,other,0,1,0,0,1,miner,1,other_miner,896,672,0ac29507364b916eb4ee14ead8eeb36a77456f5a333ab1c22f282e8cf4716fa8,87,whole,backlit,906786247,,0,0,0.614,0.058,1.63
v3_482_r0_closeup_0,data/synthetic/v3/images/v3_482_r0_closeup_0.jpg,synthetic,train,other,0,0,1,0,2,phoma,1,other_phoma,384,384,faddbd2f0129833edd6d9fb066617339e66a0e6928a139ed8e1ef515603d22ed,482,closeup,golden,121559641,,0,0,0.591,0.104,0.28
v3_868_r0_closeup_0,data/synthetic/v3/images/v3_868_r0_closeup_0.jpg,synthetic,train,other,0,1,0,0,1,miner,1,other_miner,384,384,4a592b7ca06e8791bccecb91dde4cc33d8db37d049ac5681edd29429760e250f,868,closeup,sun_wet,557160237,,0,0,0.349,0.077,0.44
v3_75_r0_closeup_0,data/synthetic/v3/images/v3_75_r0_closeup_0.jpg,synthetic,train,other,0,1,0,0,1,miner,1,other_miner,384,384,97c212cda42bf0ec4e3f4b52ceb623dd0faad1e692599eba4d5f4ff6afe221fe,75,closeup,rain,227320869,,0,0,0.466,0.077,0.82
v3_61_r0_closeup_0,data/synthetic/v3/images/v3_61_r0_closeup_0.jpg,synthetic,train,other,0,1,0,1,3,miner,2,other_multi,384,384,4169c18d81cb15f77fbd8c0a1beed726977fcff086508d4f085557b7300151c1,61,closeup,backlit,812313991,,0,0,0.55,0.093,0.35
v3_31_r0_closeup_0,data/synthetic/v3/images/v3_31_r0_closeup_0.jpg,synthetic,train,other,0,1,0,0,3,miner,1,other_miner,256,256,df8050387bc8749d2544ae219bc3967e8e2fe6a0546700c10eed37a5bcf399ad,31,closeup,sun_wet,1649590816,,0,0,0.675,0.086,0.56
v3_1700_r0_closeup_0,data/synthetic/v3/images/v3_1700_r0_closeup_0.jpg,synthetic,train,other,0,0,0,1,1,cercospora,1,other_cercospora,512,512,4a988c94693b0a1035a220dd39c59024274aa8db29f909d4454635a71fbd6148,1700,closeup,sun,2017449170,,0,0,0.478,0.051,0.17
v3_441_r0_closeup_0,data/synthetic/v3/images/v3_441_r0_closeup_0.jpg,synthetic,train,other,0,0,1,0,1,phoma,1,other_phoma,256,256,af64e08627b67b14f8a38c897497d0c933eb74aac2b91c76bd08fc56d55477fd,441,closeup,overcast,1175110275,,0,0,0.72,0.12,0.58
v3_266_r0_closeup_0,data/synthetic/v3/images/v3_266_r0_closeup_0.jpg,synthetic,train,other,0,0,1,0,1,phoma,1,other_phoma,256,256,2b886da58611a98e9ba5e00627779f9bd2e239dae9c884698a18cbc644c7ee9c,266,closeup,overcast,184543893,,0,0,0.474,0.096,0.11
v3_407_r0_closeup_0,data/synthetic/v3/images/v3_407_r0_closeup_0.jpg,synthetic,train,other,0,0,1,0,2,phoma,1,other_phoma,384,384,95f3a47f914767339d8b562fc1988a417bb7e9d62237ac16ea98cb32f7d09f45,407,closeup,sun,1679558029,,0,0,0.457,0.101,0.47
v3_1708_r0_whole_0,data/synthetic/v3/images/v3_1708_r0_whole_0.jpg,synthetic,train,other,0,0,0,1,1,cercospora,1,other_cercospora,1024,512,33adca00b0ad2c514476734144c70a41aa5170d4f795c0b64931834995effd9c,1708,whole,shade,342644415,,0,0,0.585,0.07,2.2
v3_412_r0_closeup_0,data/synthetic/v3/images/v3_412_r0_closeup_0.jpg,synthetic,train,other,0,0,1,0,2,phoma,1,other_phoma,256,256,d23687e5656a891f94ebbcb66cd32a2ec34d59a6a635b65a67258f6e81a169ba,412,closeup,overcast,312909706,,0,0,0.629,0.084,0.2
v3_323_r0_closeup_0,data/synthetic/v3/images/v3_323_r0_closeup_0.jpg,synthetic,train,other,0,0,1,0,3,phoma,1,other_phoma,384,384,32a87b7f4fd2afbf18f35d5d475c9faaadf783f525302b57a79f07ed1b2a92df,323,closeup,shade,1658281899,,0,0,0.501,0.099,0.26
v3_261_r0_closeup_0,data/synthetic/v3/images/v3_261_r0_closeup_0.jpg,synthetic,train,other,0,0,1,0,1,phoma,1,other_phoma,384,384,27b324a2f564a8361fd890aa127b6b62afc8f116e066022afff786ffdd4d39e1,261,closeup,overcast,402315821,,0,0,0.687,0.115,1.42
v3_27_r0_closeup_0,data/synthetic/v3/images/v3_27_r0_closeup_0.jpg,synthetic,train,other,0,1,0,0,1,miner,1,other_miner,256,256,305c4ff8d72d6c4c1ddbe7e715ba6be009aa0d3ed032db2b24f35cbf13fe0627,27,closeup,overcast,310127241,,0,0,0.476,0.108,2.46
v3_1746_r0_closeup_0,data/synthetic/v3/images/v3_1746_r0_closeup_0.jpg,synthetic,train,other,0,0,0,1,1,cercospora,1,other_cercospora,384,384,8883ae4308c046da2d5a69210dfbe7f967198109deded9cb5da75782d4c071ef,1746,closeup,overcast,1512641500,,0,0,0.551,0.123,0.2
v3_1136_r0_closeup_0,data/synthetic/v3/images/v3_1136_r0_closeup_0.jpg,synthetic,train,other,0,1,0,0,1,miner,1,other_miner,512,512,89f1d8bf241506ed85a863097006c3ce776084064a71e37a16ab450f9f4763b2,1136,closeup,golden,1507927253,,0,0,0.569,0.163,1.02
v3_376_r0_whole_0,data/synthetic/v3/images/v3_376_r0_whole_0.jpg,synthetic,train,other,0,0,1,0,1,phoma,1,other_phoma,896,672,388767f85f13da51a127b2fb17695e133326ac2f8f6914f135a12093df0e6581,376,whole,studio,1612898751,,0,0,0.718,0.193,2.48
v3_275_r0_closeup_0,data/synthetic/v3/images/v3_275_r0_closeup_0.jpg,synthetic,train,other,0,0,1,0,1,phoma,1,other_phoma,384,384,b6ee36b17eefc06fe5176bcebf22eb7b80ac7909bb5042d569dbca3a9930600f,275,closeup,rain,706515855,,0,0,0.646,0.074,0.77
v3_56_r0_closeup_0,data/synthetic/v3/images/v3_56_r0_closeup_0.jpg,synthetic,train,other,0,1,0,0,3,miner,1,other_miner,512,512,261c8be6338b3f16bf8f187ab0325a4fbcf85e4036974d12d411b1c613048aaa,56,closeup,sun,478660514,,0,0,0.348,0.073,0.39
v3_246_r0_whole_0,data/synthetic/v3/images/v3_246_r0_whole_0.jpg,synthetic,train,other,0,0,1,0,2,phoma,1,other_phoma,1024,512,5fd6c5baee2342fec12b4b4e89a1fdb98096565e3babd8044f1de0e80f084537,246,whole,studio,492895164,,0,0,0.836,0.184,4.48
v3_545_r0_whole_0,data/synthetic/v3/images/v3_545_r0_whole_0.jpg,synthetic,train,other,0,0,1,0,1,phoma,1,other_phoma,896,672,fdaabb54b455d191c22a0ae114414c3201e6ba1a03040df8045adb050ea1f21b,545,whole,sun_wet,288456715,,0,0,0.635,0.101,5.71
v3_472_r0_closeup_0,data/synthetic/v3/images/v3_472_r0_closeup_0.jpg,synthetic,train,other,0,0,1,0,2,phoma,1,other_phoma,256,256,73db2bc3a25e5d84b9d0490d088144dc659810cdad671686dcc0884a29ecb40c,472,closeup,sun_wet,1903602352,,0,0,0.464,0.117,0.57
v3_657_r0_whole_0,data/synthetic/v3/images/v3_657_r0_whole_0.jpg,synthetic,train,other,0,0,1,0,1,phoma,1,other_phoma,768,768,71f16347d16f75fe34335d6c661e757cc6986e965f6c48372a8c01f4e66a4c4d,657,whole,rain,1946234199,,0,0,0.634,0.069,7.68
v3_346_r0_closeup_0,data/synthetic/v3/images/v3_346_r0_closeup_0.jpg,synthetic,train,other,0,0,1,0,1,phoma,1,other_phoma,384,384,6ab1842d670bd3dcf110dac3a9db4bb8087bf25c460236432aa58e2e3a37926b,346,closeup,sun_wet,1372257058,,0,0,0.409,0.076,0.24
v3_290_r0_closeup_0,data/synthetic/v3/images/v3_290_r0_closeup_0.jpg,synthetic,train,other,0,0,1,0,2,phoma,1,other_phoma,256,256,cbb6f3811066cfa7c4fc4a606f4fab00190342b4d8e9b578794ae645cb18114e,290,closeup,shade,720271713,,0,0,0.551,0.09,0.19
v3_791_r0_closeup_0,data/synthetic/v3/images/v3_791_r0_closeup_0.jpg,synthetic,train,other,0,1,0,0,2,miner,1,other_miner,384,384,1ca68addce8280e532f7482892558d5de520f1032f6ca392ecbd4f569d50ab3a,791,closeup,overcast,693281952,,0,0,0.323,0.076,1.1
v3_580_r0_closeup_0,data/synthetic/v3/images/v3_580_r0_closeup_0.jpg,synthetic,train,other,0,1,0,0,1,miner,1,other_miner,256,256,b2519371d8203ae0cb576b368eb0ea729cb7f13d1a92334862b8da755a58472a,580,closeup,sun,106724300,,0,0,0.383,0.086,1.68
v3_1012_r0_closeup_0,data/synthetic/v3/images/v3_1012_r0_closeup_0.jpg,synthetic,train,other,0,1,0,0,1,miner,1,other_miner,384,384,54f49a35e3cd8a03081552e069ef395e7769aad57f97fa5cb8e5a978429e6021,1012,closeup,overcast,423982964,,0,0,0.34,0.065,0.54
v3_1053_r0_closeup_0,data/synthetic/v3/images/v3_1053_r0_closeup_0.jpg,synthetic,train,other,0,1,0,0,2,miner,1,other_miner,512,512,4826811748195bcc90fef43f2069c680ba987247da47861a4b067155083f056f,1053,closeup,sun,643203266,,0,0,0.504,0.095,0.71
v3_1204_r0_whole_0,data/synthetic/v3/images/v3_1204_r0_whole_0.jpg,synthetic,train,other,0,1,0,0,1,miner,1,other_miner,1024,512,0293e209097e354a15965ff2598684c27e96f64700c8e4522d097ac06e3e827d,1204,whole,studio,726571168,,0,0,0.798,0.269,24.81
v3_313_r0_closeup_0,data/synthetic/v3/images/v3_313_r0_closeup_0.jpg,synthetic,train,other,0,0,1,0,1,phoma,1,other_phoma,256,256,34eaadf5c078e0fbd1f7d6f7a9d9729f61b46158fa2445467967ee01d4a6186a,313,closeup,overcast,1396655414,,0,0,0.539,0.127,0.11
v3_532_r0_closeup_0,data/synthetic/v3/images/v3_532_r0_closeup_0.jpg,synthetic,train,other,0,0,1,0,1,phoma,1,other_phoma,256,256,03371b1ded9bfcd6646332de8f0bebe3959ce6d8f8e37af40f5247a747c25f13,532,closeup,overcast,1234406973,,0,0,0.537,0.077,0.16
v3_1143_r0_whole_0,data/synthetic/v3/images/v3_1143_r0_whole_0.jpg,synthetic,train,other,0,1,0,1,2,miner,2,other_multi,896,672,f13ecbc5e0b175192d6dfc60d949115d381ebc50a5ac06494840dc1d246d6dc4,1143,whole,golden,1284213736,,0,0,0.6,0.087,2.19
v3_239_r0_closeup_0,data/synthetic/v3/images/v3_239_r0_closeup_0.jpg,synthetic,train,other,0,0,1,0,1,phoma,1,other_phoma,512,512,fc08b67929d7ac0cabe78963a0f2db3540d3c015f21845e38cdb26b049f4d686,239,closeup,overcast,697399271,,0,0,0.391,0.086,0.23
v3_324_r0_closeup_0,data/synthetic/v3/images/v3_324_r0_closeup_0.jpg,synthetic,train,other,0,0,1,0,1,phoma,1,other_phoma,512,512,c27c906b9e81f8f3a648929902ae53ea756fb339f080ce3921eaf0feba4a93e2,324,closeup,overcast,2144497427,,0,0,0.628,0.161,0.17
v3_55_r0_closeup_0,data/synthetic/v3/images/v3_55_r0_closeup_0.jpg,synthetic,train,other,0,1,0,1,2,cercospora,2,other_multi,512,512,e6d1c5b1c7873b607eedafccd6ee4137bb9b1acf68608c3b9a05359e7ff316f4,55,closeup,overcast,437499148,,0,0,0.503,0.074,0.24
v3_1057_r0_closeup_0,data/synthetic/v3/images/v3_1057_r0_closeup_0.jpg,synthetic,train,other,0,1,0,0,1,miner,1,other_miner,512,512,856d84d47f3b713296f2f8200dca7c9d98f8231cdb89c028ce2efc9fe4dfb467,1057,closeup,sun,1036501716,,0,0,0.503,0.07,0.22
v3_397_r0_closeup_0,data/synthetic/v3/images/v3_397_r0_closeup_0.jpg,synthetic,train,other,0,0,1,0,1,phoma,1,other_phoma,512,512,188ad7e85431ab38b5fc74e43b12611cba0a50e8b7938884d0402d20c4be442e,397,closeup,rain,2067876167,,0,0,0.579,0.118,0.73
v3_1604_r0_whole_0,data/synthetic/v3/images/v3_1604_r0_whole_0.jpg,synthetic,train,other,0,0,0,1,1,cercospora,1,other_cercospora,1024,512,0af12f4d32d6fb8592fd6428303b9385d52968e29f09a96d12c0c551ab4510e6,1604,whole,sun,788829786,,0,0,0.564,0.089,1.67
v3_1182_r0_closeup_0,data/synthetic/v3/images/v3_1182_r0_closeup_0.jpg,synthetic,train,other,0,1,0,0,1,miner,1,other_miner,512,512,a476b1c1ce4c6c13250cc634efc9470bd9d5944bba53a5509a8ccc44cf195d6f,1182,closeup,rain,1081553465,,0,0,0.562,0.098,2.41
v3_1611_r0_whole_0,data/synthetic/v3/images/v3_1611_r0_whole_0.jpg,synthetic,train,other,0,0,0,1,1,cercospora,1,other_cercospora,768,768,dff08c44add89f5f36ba10b47c185ef23455f8a74167fd63208bcfd8d0c509f6,1611,whole,backlit,1505627229,,0,0,0.546,0.059,2.48
v3_1725_r0_whole_0,data/synthetic/v3/images/v3_1725_r0_whole_0.jpg,synthetic,train,other,0,0,0,1,1,cercospora,1,other_cercospora,1024,512,c62203f74e9c78830c66231e67057f35ad93fa48c8512437ca43bfab09a399a7,1725,whole,overcast,1064129608,,0,0,0.603,0.068,1.39
v3_548_r0_whole_0,data/synthetic/v3/images/v3_548_r0_whole_0.jpg,synthetic,train,other,0,0,1,0,2,phoma,1,other_phoma,1024,512,ce8e9d8552a86a978284afe512e8bb1201a718c0995904cfe7f11b6dafe74045,548,whole,backlit,766481365,,0,0,0.511,0.082,1.73
v3_325_r0_closeup_0,data/synthetic/v3/images/v3_325_r0_closeup_0.jpg,synthetic,train,other,0,0,1,0,1,phoma,1,other_phoma,384,384,e323367af5b4d52d039e925c6e446542bd9fc815769d5c65ef98110403977888,325,closeup,rain,881769654,,0,0,0.59,0.122,0.19
v3_433_r0_closeup_0,data/synthetic/v3/images/v3_433_r0_closeup_0.jpg,synthetic,train,other,0,0,1,0,1,phoma,1,other_phoma,384,384,591b271e9280417376d2a513253c563691eda169ae35d5f462dd991d7bd15f83,433,closeup,shade,1315265798,,0,0,0.522,0.094,0.22
v3_1718_r0_whole_0,data/synthetic/v3/images/v3_1718_r0_whole_0.jpg,synthetic,train,other,0,0,0,1,1,cercospora,1,other_cercospora,768,768,bf9c6ad7b1e1d1c26849c3c79345fe643c5d7f9f1245e50065fb7edf43b9d5fc,1718,whole,rain,840654091,,0,0,0.69,0.154,0.64
v3_1608_r0_closeup_0,data/synthetic/v3/images/v3_1608_r0_closeup_0.jpg,synthetic,train,other,0,0,0,1,1,cercospora,1,other_cercospora,512,512,4b43d4b897acda47ba603981d5fb122e2a8adfb818cc3781412af53930b8bf19,1608,closeup,sun_wet,1489393185,,0,0,0.343,0.059,0.41
v3_634_r0_closeup_0,data/synthetic/v3/images/v3_634_r0_closeup_0.jpg,synthetic,train,other,0,0,0,1,1,cercospora,1,other_cercospora,512,512,e7e27e35ded678ab8003c1f84131fd6f1e1e8279913984e31b2c2da15561c574,634,closeup,rain,289761987,,0,0,0.46,0.07,0.12
v3_822_r0_whole_0,data/synthetic/v3/images/v3_822_r0_whole_0.jpg,synthetic,train,other,0,1,0,0,2,miner,1,other_miner,1024,512,0206825539d5c4d07bda407a8f3534d371110f613c61130a9f25a499344a253b,822,whole,shade,1960939608,,0,0,0.466,0.067,0.41
v3_1155_r0_closeup_0,data/synthetic/v3/images/v3_1155_r0_closeup_0.jpg,synthetic,train,other,0,1,0,0,1,miner,1,other_miner,512,512,e80083047dc877491b8ccbe67140fb1edb15982c864e7ba04476ca470cdc6bf4,1155,closeup,backlit,1017471809,,0,0,0.511,0.113,0.26
v3_227_r0_closeup_0,data/synthetic/v3/images/v3_227_r0_closeup_0.jpg,synthetic,train,other,0,1,0,0,2,miner,1,other_miner,384,384,6cdc9bee8d22c537a4d90810d26f3c02a251b79ba2c1cf691ef95def4cb805b1,227,closeup,golden,904666403,,0,0,0.385,0.089,0.61
v3_1444_r0_closeup_0,data/synthetic/v3/images/v3_1444_r0_closeup_0.jpg,synthetic,train,other,0,0,0,1,1,cercospora,1,other_cercospora,256,256,7f341989618ec763d6cc4a3f274d4e01841d6ad11999866093bd23012a4b76c7,1444,closeup,shade,426685748,,0,0,0.463,0.077,0.13
v3_767_r0_closeup_0,data/synthetic/v3/images/v3_767_r0_closeup_0.jpg,synthetic,train,other,0,1,0,0,1,miner,1,other_miner,512,512,dcbf01fdbd5065b72e85f71354fd18764d64ac472989a3b6ee99c1aacb642083,767,closeup,sun_wet,155400020,,0,0,0.438,0.059,0.35
v3_221_r0_closeup_0,data/synthetic/v3/images/v3_221_r0_closeup_0.jpg,synthetic,train,other,0,1,0,0,1,miner,1,other_miner,256,256,b2ef5b65230e59c7406c14eeef25b420bac71575d9f02f15a22e0248cb6b4faf,221,closeup,backlit,1672871486,,0,0,0.493,0.094,0.48
v3_367_r0_closeup_0,data/synthetic/v3/images/v3_367_r0_closeup_0.jpg,synthetic,train,other,0,0,1,0,1,phoma,1,other_phoma,512,512,8f9df7c4b8cc66c54d8cc0a781741dd144ac6c08c088b1007e5fb421f2135bdb,367,closeup,overcast,218708398,,0,0,0.392,0.063,0.45
v3_286_r0_closeup_0,data/synthetic/v3/images/v3_286_r0_closeup_0.jpg,synthetic,train,other,0,0,1,0,1,phoma,1,other_phoma,256,256,d2beeffac918f6aa31d0e62613db7590ff7f63347890af1b9112135cacab24af,286,closeup,overcast,1522569672,,0,0,0.654,0.121,1.95
v3_645_r0_closeup_0,data/synthetic/v3/images/v3_645_r0_closeup_0.jpg,synthetic,train,other,0,0,1,0,1,phoma,1,other_phoma,256,256,cffd545ea618628321b99fbd894ff599f047facffe95a3c7101c2a5162f0fe0e,645,closeup,golden,532580328,,0,0,0.378,0.081,1.53
v3_1024_r0_closeup_0,data/synthetic/v3/images/v3_1024_r0_closeup_0.jpg,synthetic,train,other,0,1,0,0,2,miner,1,other_miner,256,256,e0f680044ec539bc6f5e5c6323602172697d814dec3413c4baf3292bbe0f2b44,1024,closeup,shade,2129956596,,0,0,0.355,0.105,1.08
v3_274_r0_closeup_0,data/synthetic/v3/images/v3_274_r0_closeup_0.jpg,synthetic,train,other,0,0,1,0,1,phoma,1,other_phoma,512,512,9f964c09ca8ac87873f945604f810d2f570c42cb8d5ed61a1b6e53139425c3bf,274,closeup,sun_wet,1631600682,,0,0,0.65,0.098,1.32
v3_1139_r0_whole_0,data/synthetic/v3/images/v3_1139_r0_whole_0.jpg,synthetic,train,other,0,1,0,0,1,miner,1,other_miner,1024,512,92696b142f75a238f9f6c4e9dc659d44822f5857531f490ae705058a48238bfe,1139,whole,golden,683120128,,0,0,0.53,0.062,0.74
v3_784_r0_closeup_0,data/synthetic/v3/images/v3_784_r0_closeup_0.jpg,synthetic,train,other,0,1,0,0,1,miner,1,other_miner,256,256,7285d52ed5435abf7455c6c67826fb86dc2c4e95480f19039c664a0a1ab5dc75,784,closeup,overcast,1609055911,,0,0,0.414,0.091,0.58
v3_1219_r0_closeup_0,data/synthetic/v3/images/v3_1219_r0_closeup_0.jpg,synthetic,train,other,0,1,0,0,1,miner,1,other_miner,512,512,9690f1e56f1518b3e96741225f02b89b8f310bca3b87347adbdac5947e1cf7c8,1219,closeup,shade,833061066,,0,0,0.435,0.133,0.77
v3_25_r0_whole_0,data/synthetic/v3/images/v3_25_r0_whole_0.jpg,synthetic,train,other,0,1,0,0,1,miner,1,other_miner,1024,512,d20d3d913ceb4b61ae55d38efa6ffe2aec5d5e937c1552ca85cf503a777deb82,25,whole,sun,1605667714,,0,0,0.53,0.07,1.46
v3_21_r0_closeup_0,data/synthetic/v3/images/v3_21_r0_closeup_0.jpg,synthetic,train,other,0,1,0,0,3,miner,1,other_miner,384,384,70d6183a0228b061ba92409609180624045ab93f705116bdb0ed3e8cc2151618,21,closeup,sun_wet,1143327124,,0,0,0.642,0.072,0.42
v3_461_r0_whole_0,data/synthetic/v3/images/v3_461_r0_whole_0.jpg,synthetic,train,other,0,0,1,0,3,phoma,1,other_phoma,896,672,772488003f3de0171e9a69b85d88e9c06e371e941796ba52a3d854ee6ed40583,461,whole,overcast,1368773546,,0,0,0.532,0.086,3.56
v3_918_r0_whole_0,data/synthetic/v3/images/v3_918_r0_whole_0.jpg,synthetic,train,other,0,0,0,1,1,cercospora,1,other_cercospora,896,672,beb855ca9bd65533a9bbc6d98aeab8896f92b911baf8c7b33b9f47ff02e40871,918,whole,sun,674801981,,0,0,0.582,0.069,1.48
v3_840_r0_closeup_0,data/synthetic/v3/images/v3_840_r0_closeup_0.jpg,synthetic,train,other,0,1,0,0,1,miner,1,other_miner,384,384,e2181c05bf3a9bb6df7577c96ab9a8780e81dba464bd20e0fc67e6c873fd6f57,840,closeup,golden,1526269033,,0,0,0.377,0.072,0.19
v3_541_r0_closeup_0,data/synthetic/v3/images/v3_541_r0_closeup_0.jpg,synthetic,train,other,0,0,1,0,1,phoma,1,other_phoma,256,256,eff58f6e252eb8d91895781d7fc46589386c1cabac9e5e9dcf802994b6b96607,541,closeup,backlit,178307613,,0,0,0.799,0.126,0.45
v3_1441_r0_whole_0,data/synthetic/v3/images/v3_1441_r0_whole_0.jpg,synthetic,train,other,0,0,0,1,1,cercospora,1,other_cercospora,1024,512,642ec653c05233cca7b11dc514b759be18297202abdd3fbfa7796825eb1ac6df,1441,whole,sun,1235428487,,0,0,0.559,0.121,2.04
v3_47_r0_whole_0,data/synthetic/v3/images/v3_47_r0_whole_0.jpg,synthetic,train,other,0,1,0,0,2,miner,1,other_miner,1024,512,7017139c935c40cad23769f3729e5b22f9f4a240d8fa8d1bdec3f78fa4b67253,47,whole,rain,1907105715,,0,0,0.539,0.106,1.82
v3_405_r0_whole_0,data/synthetic/v3/images/v3_405_r0_whole_0.jpg,synthetic,train,other,0,0,1,0,3,phoma,1,other_phoma,1024,512,26699d94a5cbfa379b95527b87489cbcdb7f51bbdd193555ce74512d2f86fa56,405,whole,studio,701801606,,0,0,0.78,0.19,14.25
v3_494_r0_closeup_0,data/synthetic/v3/images/v3_494_r0_closeup_0.jpg,synthetic,train,other,0,0,0,1,1,cercospora,1,other_cercospora,256,256,480df048f815a274e330750c7cbccec2f251b8b00baaff1dec6a840a76beb8ad,494,closeup,overcast,1997550320,,0,0,0.346,0.093,0.09
v3_46_r0_closeup_0,data/synthetic/v3/images/v3_46_r0_closeup_0.jpg,synthetic,train,other,0,1,0,0,1,miner,1,other_miner,256,256,93a4f4bb8d2833c0b1262d9756d8de11b31f1056b1adc82a189a729666add7cd,46,closeup,golden,988859414,,0,0,0.287,0.098,0.42
v3_390_r0_closeup_0,data/synthetic/v3/images/v3_390_r0_closeup_0.jpg,synthetic,train,other,0,0,1,0,1,phoma,1,other_phoma,512,512,8eaccfd21b3f3dee600f639e32eca1b28f32e4ba10aa339791777b9600d6b336,390,closeup,sun,1715763711,,0,0,0.514,0.134,0.52
v3_406_r0_closeup_0,data/synthetic/v3/images/v3_406_r0_closeup_0.jpg,synthetic,train,other,0,0,1,0,1,phoma,1,other_phoma,512,512,88b06d046d51a26e1f2b1260c47495e2a510eb9e9fbb054dfa9a520a262196c3,406,closeup,sun_wet,792778280,,0,0,0.716,0.179,0.14
v3_1091_r0_whole_0,data/synthetic/v3/images/v3_1091_r0_whole_0.jpg,synthetic,train,other,0,0,0,1,1,cercospora,1,other_cercospora,768,768,82706fcb5ea1502ade8d63c18bf18d7904dd5be59a0f2bebfbf2388c4686f60d,1091,whole,shade,742280125,,0,0,0.522,0.044,0.84
v3_293_r0_closeup_0,data/synthetic/v3/images/v3_293_r0_closeup_0.jpg,synthetic,train,other,0,0,1,0,2,phoma,1,other_phoma,512,512,5456bfdfe5327ff765fe1097f10ac7b7fabd9fb48824ff9d3394398e479ad0ae,293,closeup,backlit,746195919,,0,0,0.531,0.058,0.29
v3_86_r0_whole_0,data/synthetic/v3/images/v3_86_r0_whole_0.jpg,synthetic,train,other,0,1,0,0,1,miner,1,other_miner,1024,512,83502363c7fe5518bcb5f0e8be74e0b40db4195509d96964a1d56e0a6efbd9b0,86,whole,overcast,2102437474,,0,0,0.366,0.045,0.3
v3_888_r0_closeup_0,data/synthetic/v3/images/v3_888_r0_closeup_0.jpg,synthetic,train,other,0,1,0,0,1,miner,1,other_miner,512,512,75383eefe231d4caa755d7b3ce476373ac5de30856649b997af70b4cf202bb16,888,closeup,sun,1896541296,,0,0,0.555,0.08,0.18
v3_458_r0_closeup_0,data/synthetic/v3/images/v3_458_r0_closeup_0.jpg,synthetic,train,other,0,0,1,0,2,phoma,1,other_phoma,256,256,e4c89c627c89f7c5bd0b9d85b893cc09d3f03c7490269e9287a89c85f5a555cc,458,closeup,sun,1198692607,,0,0,0.54,0.109,0.27
v3_373_r0_closeup_0,data/synthetic/v3/images/v3_373_r0_closeup_0.jpg,synthetic,train,other,0,0,1,0,1,phoma,1,other_phoma,384,384,1e7ef67d4155e11751198b1aae6fa3419682e17efd92a9384ac12460423131b7,373,closeup,overcast,820998156,,0,0,0.715,0.11,0.45
v3_400_r0_closeup_0,data/synthetic/v3/images/v3_400_r0_closeup_0.jpg,synthetic,train,other,0,0,1,0,2,phoma,1,other_phoma,384,384,396027c6e781e3a0af24fcb0ed9b11f42f0b80972dc24cd19b9ef282bc66fff0,400,closeup,overcast,2031695157,,0,0,0.384,0.159,0.33
v3_1077_r0_whole_0,data/synthetic/v3/images/v3_1077_r0_whole_0.jpg,synthetic,train,other,0,1,0,0,3,miner,1,other_miner,768,768,d4379768a29bfa81f4ed78ca0d6f71204a8a8623f0e13a0f97521ab0e253c078,1077,whole,backlit,710464509,,0,0,0.536,0.067,2.43
v3_288_r0_closeup_0,data/synthetic/v3/images/v3_288_r0_closeup_0.jpg,synthetic,train,other,0,0,1,0,2,phoma,1,other_phoma,384,384,acd86739556d8960868a7b0b0d71b7deaf9087321feceed4aec77273f3116bfe,288,closeup,rain,1623912632,,0,0,0.575,0.101,0.79
v3_867_r0_whole_0,data/synthetic/v3/images/v3_867_r0_whole_0.jpg,synthetic,train,other,0,1,0,0,1,miner,1,other_miner,1024,512,23ef16acf44d90059ab98bdc8e3c7a510e57b96494535a0586563fea54c9a443,867,whole,overcast,1348675064,,0,0,0.625,0.079,2.1
v3_430_r0_closeup_0,data/synthetic/v3/images/v3_430_r0_closeup_0.jpg,synthetic,train,other,0,0,1,0,1,phoma,1,other_phoma,512,512,2f8daa56af50238b77b36b768a30b02f8d01a8afd3b7dce6fca2d347134d7bb2,430,closeup,rain,1223765928,,0,0,0.602,0.11,1.22
v3_410_r0_whole_0,data/synthetic/v3/images/v3_410_r0_whole_0.jpg,synthetic,train,other,0,0,1,0,1,phoma,1,other_phoma,896,672,0f38de6b7d1813519512bc9d3c216a6c25cd878788822e166948a78bd206e1ce,410,whole,overcast,1601060481,,0,0,0.493,0.073,1.41
v3_547_r0_closeup_0,data/synthetic/v3/images/v3_547_r0_closeup_0.jpg,synthetic,train,other,0,0,1,0,4,phoma,1,other_phoma,384,384,d44d14242e551e2420e2b6053707c0f47642f1748d3dba2a79abcca5e05eab8f,547,closeup,overcast,1559830784,,0,0,0.569,0.12,0.5
v3_1137_r0_whole_0,data/synthetic/v3/images/v3_1137_r0_whole_0.jpg,synthetic,train,other,0,1,0,0,1,miner,1,other_miner,1024,512,938db18d53596ceece4f49f73b45643ece0270266e039f9c5c02ad581ee8cf57,1137,whole,shade,314439536,,0,0,0.445,0.065,3.8
v3_340_r0_closeup_0,data/synthetic/v3/images/v3_340_r0_closeup_0.jpg,synthetic,train,other,0,0,1,0,1,phoma,1,other_phoma,512,512,2d59f9aa424ab08d144f44a11b8449fa4c5c3bb81e45549e6ed38b7a7d1d3ec5,340,closeup,sun,127080511,,0,0,0.353,0.06,0.17
v3_920_r0_closeup_0,data/synthetic/v3/images/v3_920_r0_closeup_0.jpg,synthetic,train,other,0,1,0,0,2,miner,1,other_miner,256,256,1cae35c48a68a961ee3780fb3d4b4e04870e44c2ffa6463418679e81d96c7561,920,closeup,sun_wet,1971532237,,0,0,0.39,0.099,1.59
v3_392_r0_closeup_0,data/synthetic/v3/images/v3_392_r0_closeup_0.jpg,synthetic,train,other,0,0,1,0,1,phoma,1,other_phoma,384,384,049fd185c371b74a086cb9d803f482dd56f6e1ff3871c1f025175663a8d6568b,392,closeup,overcast,730650868,,0,0,0.423,0.085,0.46
v3_1141_r0_whole_0,data/synthetic/v3/images/v3_1141_r0_whole_0.jpg,synthetic,train,other,0,1,0,0,1,miner,1,other_miner,1024,512,426d16abd988e68b79a97568632c9c8f823a9ac51c59f85ca58ce146d200650e,1141,whole,sun_wet,21179107,,0,0,0.657,0.09,1.7
v3_564_r0_closeup_0,data/synthetic/v3/images/v3_564_r0_closeup_0.jpg,synthetic,train,other,0,0,1,0,1,phoma,1,other_phoma,384,384,6a172a365846374479cec6acafbbd5563badbaa28162e6770ee04d00b52ef281,564,closeup,backlit,1307722375,,0,0,0.484,0.086,0.14
v3_442_r0_whole_0,data/synthetic/v3/images/v3_442_r0_whole_0.jpg,synthetic,train,other,0,0,1,0,1,phoma,1,other_phoma,896,672,ee47a23f519e63f3631f67a2090b50b18947f705cd5319f10a28eb229e867a55,442,whole,studio,1084141613,,0,0,0.663,0.139,4.94
v3_903_r0_closeup_0,data/synthetic/v3/images/v3_903_r0_closeup_0.jpg,synthetic,train,other,0,1,0,0,3,miner,1,other_miner,384,384,6daa146eb699d9e8d48010ada2f63db8402f7bd49623c251b5b962f30bacc8ee,903,closeup,overcast,1686655562,,0,0,0.447,0.103,0.35
v3_666_r0_closeup_0,data/synthetic/v3/images/v3_666_r0_closeup_0.jpg,synthetic,train,other,0,0,1,0,1,phoma,1,other_phoma,384,384,c7e64587299743438bb88ee30961fe3df56befe9cb48ea21dcacbb7f82beed43,666,closeup,sun,246801519,,0,0,0.497,0.115,0.75
v3_42_r0_closeup_0,data/synthetic/v3/images/v3_42_r0_closeup_0.jpg,synthetic,train,other,0,1,0,0,2,miner,1,other_miner,384,384,3809ac67da07d1c8de98a203c83cac3fea26815f8bd77c66369508a062ce3591,42,closeup,golden,560041472,,0,0,0.491,0.132,0.39
v3_1088_r0_closeup_0,data/synthetic/v3/images/v3_1088_r0_closeup_0.jpg,synthetic,train,other,0,1,0,0,1,miner,1,other_miner,384,384,5a17204748f552210b389d197578bcd651ebb2c5688aa30821bfe4d52b3b78d4,1088,closeup,shade,759566785,,0,0,0.633,0.069,0.77
