id,image,source,split,group,rust,miner,phoma,cercospora,severity,predominant,n_stress,stratum,width,height,sha256,source_id,mode,preset,seed,bad,expect_unsure,variant,luma_mean,luma_std,sharp
v2_1718_whole_0,data/synthetic/v2/images/v2_1718_whole_0.jpg,synthetic,train,other,0,0,0,1,1,cercospora,1,other_cercospora,1024,512,6e5f6832b8c9c38884a6624e66fb629265fb4323dd0b649a856c2c1bdff83bb2,1718,whole,sun,873026460,,0,0,0.5,0.096,1.59
v2_0785_whole_0,data/synthetic/v2/images/v2_0785_whole_0.jpg,synthetic,train,rust,1,0,0,0,2,rust,1,rust_s2_pure,1024,512,9eb25963b5c5205b96d565af0105e5e84d9e4a65190efd3bc2ebf3d6868045aa,785,whole,sun,152968205,,0,0,0.434,0.074,1.65
v2_0564_whole_0,data/synthetic/v2/images/v2_0564_whole_0.jpg,synthetic,train,other,0,0,1,0,1,phoma,1,other_phoma,896,672,44199aeb310a5af582f69d574fae730552894bbba73d9c6e9c15c8164e6037ae,564,whole,overcast,314790505,,0,0,0.45,0.06,0.61
v2_1182_whole_0,data/synthetic/v2/images/v2_1182_whole_0.jpg,synthetic,train,other,0,1,0,0,1,miner,1,other_miner,896,672,964acada99358cdba8b36b5df1cf01d4cda7733f8ef6c34dfe53a4c1b293dc11,1182,whole,sun_wet,1272343648,,0,0,0.568,0.097,1.71
v2_0323_closeup_0,data/synthetic/v2/images/v2_0323_closeup_0.jpg,synthetic,train,other,0,0,1,0,3,phoma,1,other_phoma,512,512,68c192c1546a189c93a19a6dca510b7391ea7bcb446d2bf53d31eff0a637d854,323,closeup,overcast,397288987,,0,0,0.487,0.13,0.64
v2_1518_whole_0,data/synthetic/v2/images/v2_1518_whole_0.jpg,synthetic,train,rust,1,0,0,0,1,rust,1,rust_s1_pure,1024,512,36848896c1884fc256d8ff6e75981741110e4f084e6be00ffa067c99e84d97f6,1518,whole,studio,1321795836,,0,0,0.725,0.172,8.59
v2_1409_closeup_0,data/synthetic/v2/images/v2_1409_closeup_0.jpg,synthetic,train,rust,1,0,0,1,2,rust,2,rust_s2_mixed,512,512,d61577d76cb79320131e3dec2d17c5b84f183619efabfe4506b672d7453176c3,1409,closeup,golden,1255613470,,0,0,0.577,0.184,1.35
v2_1042_whole_0,data/synthetic/v2/images/v2_1042_whole_0.jpg,synthetic,train,other,0,1,0,0,1,miner,1,other_miner,1024,512,00d468d01c0b0e4198a29b7e6a38a684a86864d16b1331a3abb2779d3e8fa6b1,1042,whole,studio,1012988520,,0,0,0.759,0.21,4.32
v2_0796_closeup_1,data/synthetic/v2/images/v2_0796_closeup_1.jpg,synthetic,train,rust,1,1,0,0,3,rust,2,rust_s3plus_mixed,512,512,785a0f5601a0a267b92b2ed39eddc59ccf9f1e185500cf4c0585b4e8a7dad66c,796,closeup,sun,1155790247,,0,0,0.423,0.156,0.86
v2_1521_whole_0,data/synthetic/v2/images/v2_1521_whole_0.jpg,synthetic,train,rust,1,1,0,0,1,undetermined,2,rust_s1_mixed,768,768,280daf3351a38b3a5f3d0b87aad94fe148a9e40e4ea9f6a6d770bd0d39dbfe06,1521,whole,rain,1403884701,,0,0,0.603,0.063,2.6
v2_0695_whole_0,data/synthetic/v2/images/v2_0695_whole_0.jpg,synthetic,train,other,0,1,0,0,2,miner,1,other_miner,1024,512,2116657eafa41bb994bf5b1d0e20bca4dd285f4773c1fb730eb050195ff7ba7e,695,whole,sun,214061784,,0,0,0.517,0.078,2.07
v2_0365_closeup_0,data/synthetic/v2/images/v2_0365_closeup_0.jpg,synthetic,train,other,0,0,1,0,1,phoma,1,other_phoma,384,384,18dfee406e7c8d15923ca87b82ace2ba39c31e37c904e84c72687ba733dc5672,365,closeup,backlit,474074622,,0,0,0.559,0.087,1.6
v2_0482_whole_0,data/synthetic/v2/images/v2_0482_whole_0.jpg,synthetic,train,other,0,0,1,0,2,phoma,1,other_phoma,1024,512,584fe0531af7929e807a33df6f287b51da9475e81e9f0ed3cd009e27de48d367,482,whole,studio,1274114136,,0,0,0.721,0.18,7.23
v2_0166_closeup_0,data/synthetic/v2/images/v2_0166_closeup_0.jpg,synthetic,train,rust,1,0,0,0,1,rust,1,rust_s1_pure,256,256,91d8a7a54bd2e791583efe8c920812c49b3e8062cecaafda16ac28829f71adb8,166,closeup,sun_wet,1690771655,,0,0,0.353,0.064,0.87
v2_0055_whole_0,data/synthetic/v2/images/v2_0055_whole_0.jpg,synthetic,train,other,0,1,0,1,2,cercospora,2,other_multi,1024,512,b7066d4f6709e9162b6356cc6eea5999ae5eb5943f9dfae92c1e64f397545d71,55,whole,rain,26292951,,0,0,0.565,0.091,2.57
v2_1613_whole_0,data/synthetic/v2/images/v2_1613_whole_0.jpg,synthetic,train,rust,1,0,0,1,3,rust,2,rust_s3plus_mixed,1024,512,e56b39e8ff6430cad850db1c9abbdad1bddb6a5295cd924ae3aade8e937ab2a0,1613,whole,backlit,87856589,,0,0,0.629,0.056,0.43
v2_0640_whole_0,data/synthetic/v2/images/v2_0640_whole_0.jpg,synthetic,train,other,0,0,1,0,1,phoma,1,other_phoma,768,768,7fdabf5ec4d2434b8a036ec1eba9d6c4d533fa2dc456b51e6d60dcb71324e68d,640,whole,golden,2019772654,,0,0,0.525,0.079,0.55
v2_1643_whole_0,data/synthetic/v2/images/v2_1643_whole_0.jpg,synthetic,train,rust,1,0,0,1,1,undetermined,2,rust_s1_mixed,1024,512,a7e2adba4025e74e7c1c11997db729e6b4a0f877e79b6ab38ade3848ebf15d91,1643,whole,overcast,853698047,,0,0,0.565,0.068,1.08
v2_0328_whole_0,data/synthetic/v2/images/v2_0328_whole_0.jpg,synthetic,train,other,0,0,1,0,2,phoma,1,other_phoma,896,672,8316941e7a050be7106afc71ac81d62aaa6c4f898a7117efa4e495b3f5ece53e,328,whole,sun,469486074,,0,0,0.482,0.063,1.04
v2_1715_whole_0,data/synthetic/v2/images/v2_1715_whole_0.jpg,synthetic,train,rust,1,0,0,1,1,undetermined,2,rust_s1_mixed,1024,512,ca28c51af11aebbf6fb7338c9940ea5f7c4e31397d7d802dc8b692080ce373d6,1715,whole,sun,1020379343,,0,0,0.545,0.052,0.46
v2_0991_whole_0,data/synthetic/v2/images/v2_0991_whole_0.jpg,synthetic,train,healthy,0,0,0,0,0,healthy,0,healthy,1024,512,1e94aca3543f00b2816f42f930ee1072010e2ca28e4e47ad6fab677cb3849e42,991,whole,overcast,161181141,,0,0,0.506,0.058,1.33
v2_0383_whole_0,data/synthetic/v2/images/v2_0383_whole_0.jpg,synthetic,train,other,0,0,1,0,2,phoma,1,other_phoma,896,672,9da3c030522d69aa06fc70f620a48a8617d4aa71a34c7551b50b98bf11f0f66d,383,whole,overcast,2014561919,,0,0,0.456,0.067,5.12
v2_1527_whole_0,data/synthetic/v2/images/v2_1527_whole_0.jpg,synthetic,train,rust,1,0,0,0,3,rust,1,rust_s3plus_pure,896,672,3a66f0f3cf7c34d1ed1067b543dd05244cd6745f087af06c03abd3b4a92fea46,1527,whole,backlit,1461774383,,0,0,0.476,0.064,0.79
v2_1487_whole_0,data/synthetic/v2/images/v2_1487_whole_0.jpg,synthetic,train,other,0,1,0,0,1,miner,1,other_miner,896,672,4e9658527685e84065d86d40bb32dd16b87e6de47e9be08173d005c9844c71cb,1487,whole,studio,100475387,,0,0,0.683,0.102,0.98
v2_0173_closeup_0,data/synthetic/v2/images/v2_0173_closeup_0.jpg,synthetic,train,rust,1,0,0,0,1,rust,1,rust_s1_pure,512,512,de448925dc5b2f5aa4ffe5122dd6f5235db57cd221ac6936458410c716aaac6c,173,closeup,rain,1521517897,,0,0,0.461,0.051,1.09
v2_1264_whole_0,data/synthetic/v2/images/v2_1264_whole_0.jpg,synthetic,train,rust,1,0,0,0,2,rust,1,rust_s2_pure,1024,512,ead902096d5848c5916b88f30ef22c5c957d7cbc56f5e9c24abad3f83cc34f73,1264,whole,sun,1747197233,,0,0,0.562,0.097,2.08
v2_1062_whole_0,data/synthetic/v2/images/v2_1062_whole_0.jpg,synthetic,train,other,0,1,0,0,1,miner,1,other_miner,896,672,4104970eeec7924dfc408f27da987ac85a757d0a91480eab55bcb324c33a148d,1062,whole,golden,375993059,,0,0,0.465,0.058,0.27
v2_1040_whole_0,data/synthetic/v2/images/v2_1040_whole_0.jpg,synthetic,train,other,0,1,0,0,1,miner,1,other_miner,1024,512,1060939617a7ea827e5c9b10da1c209b0b98967584eecab50f9c4d902faacf22,1040,whole,studio,1071918598,,0,0,0.884,0.169,4.53
v2_0280_whole_0,data/synthetic/v2/images/v2_0280_whole_0.jpg,synthetic,train,other,0,0,1,0,1,phoma,1,other_phoma,1024,512,32086f87fcecd9d0e400404071266a4cf85ca94c2bce855d42fac2f93373a760,280,whole,overcast,1194676630,,0,0,0.483,0.048,2.04
v2_1589_whole_0,data/synthetic/v2/images/v2_1589_whole_0.jpg,synthetic,train,rust,1,0,0,1,1,cercospora,2,rust_s1_mixed,1024,512,24e0fa189ffb142b7c5740991d6b81bcd4f7b6145632a6742664e0faba9759b9,1589,whole,rain,839066945,,0,0,0.526,0.133,3.62
v2_1173_closeup_0,data/synthetic/v2/images/v2_1173_closeup_0.jpg,synthetic,train,other,0,1,0,0,2,miner,1,other_miner,512,512,276bc04e3d8b27c95d677679fe51aace94a6a7c40727624242c48f2e5b1321d8,1173,closeup,rain,309794305,,0,0,0.503,0.081,0.81
v2_0982_whole_0,data/synthetic/v2/images/v2_0982_whole_0.jpg,synthetic,train,healthy,0,0,0,0,0,healthy,0,healthy,896,672,dec4b27ea7f48557fe50c80de59c93fe3f227bd26048a0b5548953c6f58ec507,982,whole,studio,862041321,,0,0,0.723,0.151,1.38
v2_1561_closeup_1,data/synthetic/v2/images/v2_1561_closeup_1.jpg,synthetic,train,rust,1,0,0,0,3,rust,1,rust_s3plus_pure,512,512,1734cc8a5d101978a9f0a1493328c9d67115b1c22b7d27b6b8071d9268c58ce5,1561,closeup,sun_wet,734540636,,0,0,0.531,0.103,3.78
v2_1164_whole_0,data/synthetic/v2/images/v2_1164_whole_0.jpg,synthetic,train,healthy,0,0,0,0,0,healthy,0,healthy,1024,512,b82582945df460f033f2af89a7c7bad0cad28ca3e852ee0e1bf220fb644d6bfc,1164,whole,rain,797206497,,0,0,0.611,0.099,0.82
v2_1709_whole_0,data/synthetic/v2/images/v2_1709_whole_0.jpg,synthetic,train,rust,1,0,0,1,1,rust,2,rust_s1_mixed,1024,512,ba2c9e89630da90ea1f9e4b3ce4f15b237df445caff56c4978a1508618fffeff,1709,whole,sun,225926862,,0,0,0.404,0.053,1.27
v2_0760_whole_0,data/synthetic/v2/images/v2_0760_whole_0.jpg,synthetic,train,rust,1,0,0,0,1,rust,1,rust_s1_pure,768,768,7bbba8a01ce9f90223e8887021935b985a2d52c689d8b81517c103c67e0b0b7e,760,whole,backlit,1862969813,,0,0,0.557,0.082,0.69
v2_1162_whole_0,data/synthetic/v2/images/v2_1162_whole_0.jpg,synthetic,train,other,0,1,0,0,3,miner,1,other_miner,1024,512,51538183a3fb9621335e542f23a7b5acc14005a4625bce7b3103d2fe609d7ac4,1162,whole,rain,722017107,,0,0,0.415,0.097,9.63
v2_0340_closeup_0,data/synthetic/v2/images/v2_0340_closeup_0.jpg,synthetic,train,other,0,0,1,0,1,phoma,1,other_phoma,512,512,d14abd6f552433d81a459e1e71c46fb550556e4cce517a80175ebaab3b8ccdea,340,closeup,overcast,813942686,,0,0,0.569,0.085,0.75
v2_0808_closeup_0,data/synthetic/v2/images/v2_0808_closeup_0.jpg,synthetic,train,other,0,1,0,0,1,miner,1,other_miner,384,384,a17b139aa169e3b4562032c11ba5949ffc79bc7127f489ad1c0640ae91f09af7,808,closeup,golden,1176645728,,0,0,0.424,0.07,0.39
v2_0766_whole_0,data/synthetic/v2/images/v2_0766_whole_0.jpg,synthetic,train,healthy,0,0,0,0,0,healthy,0,healthy,1024,512,27c4dac6acecfa886abfe2bbb9e16263bcf0d150b39faf912c022c1abf2385fe,766,whole,rain,1804064103,,0,0,0.505,0.065,1.69
v2_0126_closeup_0,data/synthetic/v2/images/v2_0126_closeup_0.jpg,synthetic,train,rust,1,0,0,0,4,rust,1,rust_s3plus_pure,256,256,dcc3cc15eb83d893f5f47aef69c3995562f35bcb57299eb4c7386afd56bab13f,126,closeup,backlit,1806022544,,0,0,0.412,0.085,0.83
v2_1394_closeup_0,data/synthetic/v2/images/v2_1394_closeup_0.jpg,synthetic,train,rust,1,1,0,0,1,undetermined,2,rust_s1_mixed,384,384,de10e6a2dbb2f54d526165f2908bf56a2181d3c2eaca84b66d12bfb5922cfea1,1394,closeup,sun_wet,220669143,,0,0,0.439,0.135,2.19
v2_1072_closeup_0,data/synthetic/v2/images/v2_1072_closeup_0.jpg,synthetic,train,other,0,1,0,0,1,miner,1,other_miner,256,256,5a7668cdffc0bdd2e8c54a3ae807c3f5f67b989cd534385e5749087593c89b6c,1072,closeup,rain,785732998,,0,0,0.625,0.103,0.92
v2_0207_whole_0,data/synthetic/v2/images/v2_0207_whole_0.jpg,synthetic,train,healthy,0,0,0,0,0,healthy,0,healthy,1024,512,de8820d5a74ccc2503e326450cf099288e600201f65856f3c7e90149d334fcdb,207,whole,studio,130969596,,0,0,0.816,0.202,9.37
v2_0783_closeup_0,data/synthetic/v2/images/v2_0783_closeup_0.jpg,synthetic,train,rust,1,1,0,0,1,miner,2,rust_s1_mixed,512,512,7d01cd130f549a54397d4d5ec0ee1b4f9509f020a48bb739a68cab9fa6e38b1b,783,closeup,backlit,227762367,,0,0,0.473,0.074,0.15
v2_1440_whole_2,data/synthetic/v2/images/v2_1440_whole_2.jpg,synthetic,train,rust,1,1,0,0,3,rust,2,rust_s3plus_mixed,896,672,67776faed8ce696da7862c3c7d32af98b95363a4eabd685d6a46c2052f5ef9e3,1440,whole,rain,610986474,,0,0,0.521,0.17,1.11
v2_0507_closeup_0,data/synthetic/v2/images/v2_0507_closeup_0.jpg,synthetic,train,other,0,0,1,0,4,phoma,1,other_phoma,256,256,a2c9583a4a882c1f66d057b8147cda39e8cbd740769a0c99569e317bf27245c2,507,closeup,sun_wet,904836076,,0,0,0.586,0.092,0.4
v2_0745_closeup_0,data/synthetic/v2/images/v2_0745_closeup_0.jpg,synthetic,train,healthy,0,0,0,0,0,healthy,0,healthy,512,512,9421f56046ada7098bbfa49ec77f4dcb60f17418b4f89e5649791dff150dd948,745,closeup,overcast,1137222581,,0,0,0.428,0.077,0.41
v2_0664_closeup_1,data/synthetic/v2/images/v2_0664_closeup_1.jpg,synthetic,train,rust,1,0,0,0,4,rust,1,rust_s3plus_pure,512,512,d70b4fbf7eca450b08acba973d75e675c0efa2804764dbdbd24cee4127d25ee3,664,closeup,sun,576985135,,0,0,0.475,0.088,0.19
v2_1424_closeup_0,data/synthetic/v2/images/v2_1424_closeup_0.jpg,synthetic,train,rust,1,1,0,0,2,rust,2,rust_s2_mixed,512,512,27a90fe74033bf180f96d7fd52bac062c2c512358cd5f742d65e493b8bce7b31,1424,closeup,overcast,1745256390,,0,0,0.392,0.142,1.47
v2_1623_whole_0,data/synthetic/v2/images/v2_1623_whole_0.jpg,synthetic,train,rust,1,0,0,1,4,rust,2,rust_s3plus_mixed,896,672,62ac2451721ccebd48995c81cfa81f5f1093bbd334cc55af728f656fd9751d7a,1623,whole,overcast,394869283,,0,0,0.392,0.068,0.49
v2_0530_closeup_0,data/synthetic/v2/images/v2_0530_closeup_0.jpg,synthetic,train,other,0,0,1,0,1,phoma,1,other_phoma,384,384,a640af9d554e55714b38a75d79357f30e1d0b8c4bf3a7faebe21394b5a1013ef,530,closeup,golden,571738759,,0,0,0.523,0.062,1.09
v2_0445_closeup_0,data/synthetic/v2/images/v2_0445_closeup_0.jpg,synthetic,train,other,0,0,1,0,1,phoma,1,other_phoma,512,512,58640c5ca7cfe4f8c18a18809fc5d75775368c8f9e0a8a784aafcd12a92cc45e,445,closeup,sun_wet,73980261,,0,0,0.429,0.098,1.62
v2_0498_whole_0,data/synthetic/v2/images/v2_0498_whole_0.jpg,synthetic,train,other,0,0,1,0,2,phoma,1,other_phoma,1024,512,3b7c2aacf5380305615b7548ea8360db0b55229b3148183c80de263a71542aa5,498,whole,sun_wet,2128253675,,0,0,0.458,0.077,1.35
v2_1005_whole_0,data/synthetic/v2/images/v2_1005_whole_0.jpg,synthetic,train,other,0,1,0,0,1,miner,1,other_miner,896,672,b62ea8c914c7b785312d61f4a483356507228dd76a33e6f65fb83fda40efccc9,1005,whole,studio,911047610,,0,0,0.913,0.201,4.02
v2_0379_closeup_0,data/synthetic/v2/images/v2_0379_closeup_0.jpg,synthetic,train,other,0,0,1,0,2,phoma,1,other_phoma,256,256,9767fa0fb10051b0b398a45e5a4f09fa54c48ca32630c62b158f949ff0624efc,379,closeup,rain,770135039,,0,0,0.385,0.08,0.49
v2_0386_whole_0,data/synthetic/v2/images/v2_0386_whole_0.jpg,synthetic,train,other,0,0,1,0,1,phoma,1,other_phoma,1024,512,381afb64b7f544389a7c9b0dfaaf0e85e9741f6d1b40fffd5891f78e19a595a0,386,whole,rain,2128086164,,0,0,0.625,0.177,3.64
v2_1596_whole_0,data/synthetic/v2/images/v2_1596_whole_0.jpg,synthetic,train,rust,1,0,0,1,2,undetermined,2,rust_s2_mixed,768,768,c7dd0562c31c07954a9cfa1a5d0f3acabd35afb1d5c76006fc1577499c071e9c,1596,whole,sun,31655193,,0,0,0.559,0.108,0.76
v2_1686_whole_0,data/synthetic/v2/images/v2_1686_whole_0.jpg,synthetic,train,rust,1,0,0,1,2,cercospora,2,rust_s2_mixed,1024,512,987a3bdf1abf2c96f71e06f465cacba35b2dfc4434293599d9f90dec34aec519,1686,whole,studio,2130647212,,0,0,0.809,0.168,3.54
v2_0851_whole_0,data/synthetic/v2/images/v2_0851_whole_0.jpg,synthetic,train,other,0,1,0,0,1,miner,1,other_miner,1024,512,60c91661c6385aec7f22bdf8f000e2fb3f47ad9afaea515b25446b586e79ff45,851,whole,golden,2116942813,,0,0,0.537,0.071,2.19
v2_1274_whole_0,data/synthetic/v2/images/v2_1274_whole_0.jpg,synthetic,train,rust,1,0,0,0,1,rust,1,rust_s1_pure,1024,512,7f4b90f4d941fa11a0b6a04a1be993987e7ead7c76371ee13ee19ddebe862f10,1274,whole,sun,1352170068,,0,0,0.421,0.074,0.74
v2_0411_closeup_0,data/synthetic/v2/images/v2_0411_closeup_0.jpg,synthetic,train,other,0,0,1,0,1,phoma,1,other_phoma,384,384,ba0c5a28a2f6a68f06567216c981598f7e1a10e84efacce1889962aa56d0e5a9,411,closeup,overcast,884965771,,0,0,0.51,0.073,0.28
v2_1034_closeup_0,data/synthetic/v2/images/v2_1034_closeup_0.jpg,synthetic,train,rust,1,1,0,0,2,rust,2,rust_s2_mixed,384,384,c9cbb20ad4d884122801cebb9c5e6fd5c50616c7c702219725125208e7608f0d,1034,closeup,backlit,624606819,,0,0,0.362,0.087,0.89
v2_1197_whole_0,data/synthetic/v2/images/v2_1197_whole_0.jpg,synthetic,train,other,0,1,0,0,1,miner,1,other_miner,896,672,c6bab7f72e9213e3832018bcb273484dab10013d38273ccc93fa5ac97ee26a87,1197,whole,overcast,1973537262,,0,0,0.498,0.052,0.88
v2_0894_whole_0,data/synthetic/v2/images/v2_0894_whole_0.jpg,synthetic,train,other,0,1,0,0,2,miner,1,other_miner,896,672,40e96f0b3b96a76050560c59689b8cecd6fcb783febc8ede20d8e936cf712427,894,whole,studio,842040974,,0,0,0.84,0.154,2.93
v2_0793_whole_0,data/synthetic/v2/images/v2_0793_whole_0.jpg,synthetic,train,healthy,0,0,0,0,0,healthy,0,healthy,1024,512,75d377bed93932413a391ca1c87349c6de4be99cd896fe592cc2313474e7dc27,793,whole,studio,892274650,,0,0,0.604,0.119,1.94
v2_0532_whole_0,data/synthetic/v2/images/v2_0532_whole_0.jpg,synthetic,train,other,0,0,1,0,1,phoma,1,other_phoma,768,768,18bafb9140465bd5021b18e15a64dda286a871582ea558a929a6a39cf0f2a753,532,whole,overcast,563142377,,0,0,0.624,0.049,0.5
v2_0711_whole_0,data/synthetic/v2/images/v2_0711_whole_0.jpg,synthetic,train,rust,1,1,0,0,1,rust,2,rust_s1_mixed,896,672,2767cb30d3385eba9522564c7a479623b3ec532c1412fa93c1688eac016ecd36,711,whole,overcast,1931475803,,0,0,0.62,0.076,0.99
v2_1116_whole_0,data/synthetic/v2/images/v2_1116_whole_0.jpg,synthetic,train,healthy,0,0,0,0,0,healthy,0,healthy,1024,512,ea78220de93c874166fedbda5d2e5c6be3de2fcbf5149350252686bde40f9b44,1116,whole,studio,836209462,,0,0,0.806,0.141,3.31
v2_1270_whole_0,data/synthetic/v2/images/v2_1270_whole_0.jpg,synthetic,train,rust,1,0,0,0,1,rust,1,rust_s1_pure,1024,512,b9e6d0e2ac599f20e5aa128f642f233d7b8ecca55839a38a217063e78e7bc176,1270,whole,golden,1469174408,,0,0,0.586,0.071,1.45
v2_1676_closeup_0,data/synthetic/v2/images/v2_1676_closeup_0.jpg,synthetic,train,rust,1,0,0,1,1,cercospora,2,rust_s1_mixed,256,256,d34cbf151ad180f2b12d4ff6a82ad81fd8675f4d8d8f6239d3b9445917082ce2,1676,closeup,sun,647760122,,0,0,0.53,0.107,1.66
v2_0708_closeup_0,data/synthetic/v2/images/v2_0708_closeup_0.jpg,synthetic,train,healthy,0,0,0,0,0,healthy,0,healthy,256,256,c6b9829cee94d4fd251d6b42778bd56d50291f88515c801673c3949628bb065c,708,closeup,golden,1148364721,,0,0,0.415,0.081,0.84
v2_1411_closeup_0,data/synthetic/v2/images/v2_1411_closeup_0.jpg,synthetic,train,rust,1,0,0,0,1,rust,1,rust_s1_pure,512,512,89c1ce2a0272c7859616744190fa2538ca4e8ec8922a0725115d30a97afea7ea,1411,closeup,overcast,2088243907,,0,0,0.632,0.105,0.86
v2_0016_whole_0,data/synthetic/v2/images/v2_0016_whole_0.jpg,synthetic,train,healthy,0,0,0,0,0,healthy,0,healthy,1024,512,5bd5ac23d79772ec773375f65c1ef2a4e267cb1e053c1f98e24fc9152dc293b9,16,whole,overcast,213195737,,0,0,0.619,0.119,1.01
v2_0261_whole_0,data/synthetic/v2/images/v2_0261_whole_0.jpg,synthetic,train,other,0,0,1,0,1,phoma,1,other_phoma,896,672,0cb8486de38e1c53c87dce7f403aaf8dc46b38fad459c9ce17dbdc4bd5821398,261,whole,sun,640175250,,0,0,0.414,0.065,0.92
v2_0192_closeup_0,data/synthetic/v2/images/v2_0192_closeup_0.jpg,synthetic,train,healthy,0,0,0,0,0,healthy,0,healthy,256,256,37df2c6d0180384ff2202f6df360beca4ea05d2c8f97dddbdf81dff0cc323eee,192,closeup,rain,1001232461,,0,0,0.584,0.058,0.37
v2_0295_whole_0,data/synthetic/v2/images/v2_0295_whole_0.jpg,synthetic,train,other,0,0,1,0,3,phoma,1,other_phoma,1024,512,188560e9775d869dabeafdd0f264d831c314e7a47b9ca70fa7842567aa25c655,295,whole,sun,2034431000,,0,0,0.549,0.078,1.8
v2_0096_closeup_0,data/synthetic/v2/images/v2_0096_closeup_0.jpg,synthetic,train,rust,1,0,0,0,3,rust,1,rust_s3plus_pure,512,512,f0ba186cef27cc27ae1a24fb7ee856d18491ed4a3ac35c38b81aa490232299e1,96,closeup,overcast,1224815414,,0,0,0.358,0.056,0.47
v2_0015_whole_0,data/synthetic/v2/images/v2_0015_whole_0.jpg,synthetic,train,healthy,0,0,0,0,0,healthy,0,healthy,1024,512,a91525d6d5b0799e34f2fb99e44f1180c4bfe7198f0bc9fa15cc424ae41e41ff,15,whole,studio,250848640,,0,0,0.803,0.19,4.77
v2_1066_whole_0,data/synthetic/v2/images/v2_1066_whole_0.jpg,synthetic,train,healthy,0,0,0,0,0,healthy,0,healthy,1024,512,bc59f5f3dabfcaf958e60d376da205ef645f00bebf20ebb16bce375b2b7e4fcb,1066,whole,sun,291543615,,0,0,0.378,0.054,1.4
v2_1226_whole_0,data/synthetic/v2/images/v2_1226_whole_0.jpg,synthetic,train,healthy,0,0,0,0,0,healthy,0,healthy,1024,512,820f6c5ade96cfd517f3774a20944032db2b6e41d7fb759061aae8acf9c9f5c7,1226,whole,studio,1690459656,,0,0,0.859,0.195,8.59
v2_0746_whole_0,data/synthetic/v2/images/v2_0746_whole_0.jpg,synthetic,train,rust,1,1,0,0,2,rust,2,rust_s2_mixed,1024,512,2219a39f09dce567e4ab662dfaaf6bd08c18e1b3c7d57eb4a75de04b846a0fef,746,whole,backlit,1099832812,,0,0,0.504,0.131,4.3
v2_1348_whole_0,data/synthetic/v2/images/v2_1348_whole_0.jpg,synthetic,train,rust,1,0,0,1,1,rust,2,rust_s1_mixed,896,672,7c671852845cc62427d79beea46bc38219c59f89d08c0461c2cc838220cb00c3,1348,whole,overcast,1985414510,,0,0,0.547,0.094,3.89
v2_1677_whole_0,data/synthetic/v2/images/v2_1677_whole_0.jpg,synthetic,train,other,0,0,0,1,1,cercospora,1,other_cercospora,1024,512,7db4b0530b14a45ba73c20f4b46e5ee0f9ae9e64e64e80a777225ada2caea397,1677,whole,backlit,660497101,,0,0,0.412,0.067,0.86
v2_1448_whole_0,data/synthetic/v2/images/v2_1448_whole_0.jpg,synthetic,train,rust,1,0,0,0,1,rust,1,rust_s1_pure,768,768,20278732b196d685479e9ce2e8c148d852162760174be02c316f76ba8d676302,1448,whole,sun,1148705150,,0,0,0.393,0.048,0.52
v2_1392_closeup_0,data/synthetic/v2/images/v2_1392_closeup_0.jpg,synthetic,train,other,0,1,0,1,2,miner,2,other_multi,384,384,20f83939841417c45fafe7ec717b4d774ecd636f4a994dcac87ebbc52fac7536,1392,closeup,sun,162158693,,0,0,0.542,0.09,0.1
v2_0132_closeup_0,data/synthetic/v2/images/v2_0132_closeup_0.jpg,synthetic,train,rust,1,0,0,0,3,rust,1,rust_s3plus_pure,512,512,f9f938787cc6142a4538b382ff7e72907c45ed2a30aeb710186c81e0cccb483f,132,closeup,overcast,1410365481,,0,0,0.485,0.109,0.45
v2_0168_whole_0,data/synthetic/v2/images/v2_0168_whole_0.jpg,synthetic,train,rust,1,0,0,0,1,rust,1,rust_s1_pure,1024,512,14b87556e679fe7f81fb507a178d39b7087b0f88d96230f182f9dc783aba8f95,168,whole,rain,1851329997,,0,0,0.564,0.086,3.91
v2_0245_whole_0,data/synthetic/v2/images/v2_0245_whole_0.jpg,synthetic,train,other,0,0,1,0,1,phoma,1,other_phoma,1024,512,6af6fd00d748ff3a64f2ea7a4dc0a360e607b7e47201b73cecda59b7b422e234,245,whole,studio,187182277,,0,0,0.842,0.244,9.54
v2_0180_closeup_0,data/synthetic/v2/images/v2_0180_closeup_0.jpg,synthetic,train,healthy,0,0,0,0,0,healthy,0,healthy,512,512,6b197895ee136d31e94c5377000258cf486af6e59898d7356189a1bf2b5d796e,180,closeup,rain,9775942,,0,0,0.485,0.045,0.21
v2_0786_whole_0,data/synthetic/v2/images/v2_0786_whole_0.jpg,synthetic,train,other,0,1,0,0,2,miner,1,other_miner,1024,512,46e02d0ec63e7e20ed9b0c1d099194f182b8f8edeeb16190abdc8d081def7fd6,786,whole,rain,190358100,,0,0,0.389,0.097,3.05
v2_0303_closeup_0,data/synthetic/v2/images/v2_0303_closeup_0.jpg,synthetic,train,other,0,0,1,0,1,phoma,1,other_phoma,512,512,cb20da5554ed03201631a6d2cea2f463f4cd728fbf676309d1b398083d8d3d74,303,closeup,rain,1034415760,,0,0,0.585,0.1,1.87
v2_1111_closeup_0,data/synthetic/v2/images/v2_1111_closeup_0.jpg,synthetic,train,rust,1,0,0,1,1,rust,2,rust_s1_mixed,512,512,ab16037f2a373be32ab33805cf9ec7acfecc63c93c73c89450a5fc62fe5d6510,1111,closeup,golden,882417075,,0,0,0.429,0.063,0.45
v2_0045_closeup_0,data/synthetic/v2/images/v2_0045_closeup_0.jpg,synthetic,train,rust,1,1,0,0,1,miner,2,rust_s1_mixed,512,512,25a3b248bbb4a97825ebb746c104f7065793b38bac30b3bddf369965e9df4521,45,closeup,overcast,959272370,,0,0,0.316,0.071,0.84
v2_0197_whole_0,data/synthetic/v2/images/v2_0197_whole_0.jpg,synthetic,train,healthy,0,0,0,0,0,healthy,0,healthy,896,672,99b412fc579c35191c944b9ed7b1e1195a586775f5178e3c5d2f6a46c111a879,197,whole,sun,1030118054,,0,0,0.535,0.068,0.44
v2_0814_whole_0,data/synthetic/v2/images/v2_0814_whole_0.jpg,synthetic,train,rust,1,0,0,1,1,rust,2,rust_s1_mixed,896,672,ba59dfc4122aa4fd48728eaa34c9170115d28713c18209ec5bb96e772bcd45d2,814,whole,studio,2005184097,,0,0,0.766,0.141,3.01
v2_1386_whole_0,data/synthetic/v2/images/v2_1386_whole_0.jpg,synthetic,train,rust,1,0,0,1,1,rust,2,rust_s1_mixed,1024,512,51f0c12b4ade8fdfcf268c581c9a9b6da21cea776e91d0fec626e402501ee319,1386,whole,rain,908040156,,0,0,0.422,0.088,9.0
v2_0179_closeup_0,data/synthetic/v2/images/v2_0179_closeup_0.jpg,synthetic,train,healthy,0,0,0,0,0,healthy,0,healthy,256,256,1e8a6935a04549ca57d373922a066e69fc3ff6685cb01f384c8c9a3fd09e41ec,179,closeup,rain,1462173855,,0,0,0.571,0.051,0.22
v2_0988_closeup_0,data/synthetic/v2/images/v2_0988_closeup_0.jpg,synthetic,train,healthy,0,0,0,0,0,healthy,0,healthy,512,512,1fa7853b524adc05d4c916f654f64470def67d58521ddba1da387ac6e1d5d2e2,988,closeup,overcast,1056321855,,0,0,0.468,0.057,0.21
v2_0135_closeup_1,data/synthetic/v2/images/v2_0135_closeup_1.jpg,synthetic,train,rust,1,0,0,0,3,rust,1,rust_s3plus_pure,256,256,28764619a80744c3b5e03f6ae8984fc353f151b008d426232c310dbc14ef2f07,135,closeup,rain,643325498,,0,0,0.338,0.065,0.42
v2_0057_closeup_0,data/synthetic/v2/images/v2_0057_closeup_0.jpg,synthetic,train,other,0,1,0,0,1,miner,1,other_miner,512,512,2100d62178a3cc0672cf62c50228caa0329f87ffde98d56be333bd7c7c459fae,57,closeup,overcast,34989753,,0,0,0.356,0.088,0.38
v2_1187_closeup_0,data/synthetic/v2/images/v2_1187_closeup_0.jpg,synthetic,train,healthy,0,0,0,0,0,healthy,0,healthy,512,512,fcca88d634f9795f7926e126ddcac7887677991bcfebf22ea33433c6cc8445c1,1187,closeup,sun_wet,1293790859,,0,0,0.43,0.07,0.41
v2_0239_whole_0,data/synthetic/v2/images/v2_0239_whole_0.jpg,synthetic,train,other,0,0,1,0,1,phoma,1,other_phoma,1024,512,300566dfe5baf57b52a7c3ec2c838d38715fcf3bb22f37433a1ab4397019ccab,239,whole,overcast,535162136,,0,0,0.623,0.073,3.69
v2_1563_closeup_0,data/synthetic/v2/images/v2_1563_closeup_0.jpg,synthetic,train,rust,1,0,0,0,1,rust,1,rust_s1_pure,384,384,f259be686035f98efb91827e40aaacfd2269304ef3e16e3996f2e28aafc1e78c,1563,closeup,rain,1598805924,,0,0,0.48,0.11,0.72
v2_0153_whole_2,data/synthetic/v2/images/v2_0153_whole_2.jpg,synthetic,train,rust,1,0,0,0,3,rust,1,rust_s3plus_pure,1024,512,0b5625b7e6f522f18d62046eefa2e1b3d3a88cc4e31641e2fba4554306b037c6,153,whole,sun,515321070,,0,0,0.55,0.093,1.98
v2_0077_whole_0,data/synthetic/v2/images/v2_0077_whole_0.jpg,synthetic,train,other,0,1,0,0,1,miner,1,other_miner,1024,512,85ec43a4f50e424ad6b9ef7e0e1e1911b2b4efc7725c1100e705544ad7b4d8f9,77,whole,overcast,672935474,,0,0,0.533,0.083,1.53
v2_1581_whole_2,data/synthetic/v2/images/v2_1581_whole_2.jpg,synthetic,train,rust,1,0,0,0,3,rust,1,rust_s3plus_pure,1024,512,d7eb9ff044338360b5d22d7e0c047a1c3aa4929fd2b77bffe57c2efb94880841,1581,whole,overcast,1377703381,,0,0,0.401,0.039,1.24
v2_1385_whole_0,data/synthetic/v2/images/v2_1385_whole_0.jpg,synthetic,train,rust,1,0,0,0,1,rust,1,rust_s1_pure,896,672,2712434267438dd97ef33c27ea365042f7d236cbf51290af90aeba518ffe9e6d,1385,whole,rain,878258565,,0,0,0.378,0.081,2.83
v2_0618_closeup_0,data/synthetic/v2/images/v2_0618_closeup_0.jpg,synthetic,train,healthy,0,0,0,0,0,healthy,0,healthy,256,256,e1d454f757f90953dae1fa5b2d3067faada2add4dd0574a69eec8d411a213aae,618,closeup,rain,1101982052,,0,0,0.528,0.121,0.82
v2_0897_closeup_1,data/synthetic/v2/images/v2_0897_closeup_1.jpg,synthetic,train,rust,1,1,0,0,4,rust,2,rust_s3plus_mixed,256,256,0e9a1b6dd1b0505c671406c6de7ae414830459201796971a7e8431c9f463f3be,897,closeup,golden,1198590017,,0,0,0.446,0.11,1.82
v2_0682_closeup_1,data/synthetic/v2/images/v2_0682_closeup_1.jpg,synthetic,train,rust,1,0,0,1,4,cercospora,2,rust_s3plus_mixed,384,384,051e514ccad723bfb5d171bad7af0a3eb8181c05025180f11e503cf8edd30847,682,closeup,rain,1177949102,,0,0,0.481,0.066,2.86
v2_0048_whole_0,data/synthetic/v2/images/v2_0048_whole_0.jpg,synthetic,train,other,0,1,0,0,2,miner,1,other_miner,768,768,54d1e0f3120735adcf6e8f8d3dbb188e4fd6fb018f46a945dac754e06300ca71,48,whole,rain,838190817,,0,0,0.426,0.085,2.07
v2_1486_closeup_1,data/synthetic/v2/images/v2_1486_closeup_1.jpg,synthetic,train,rust,1,0,0,0,3,rust,1,rust_s3plus_pure,256,256,873ed9e87dd4c7936f5ba85e76b290e0cdc95f6cf9c7f5eb842408b0217e7cdd,1486,closeup,overcast,1933081434,,0,0,0.45,0.075,0.04
v2_0085_whole_0,data/synthetic/v2/images/v2_0085_whole_0.jpg,synthetic,train,other,0,1,0,0,1,miner,1,other_miner,768,768,e30bdcd2a1b1b09e61662b46dafc7afad5be3148c692eb18965f31eebe915fed,85,whole,sun,1945889290,,0,0,0.342,0.068,1.12
v2_0683_whole_0,data/synthetic/v2/images/v2_0683_whole_0.jpg,synthetic,train,other,0,0,1,0,1,phoma,1,other_phoma,1024,512,31bdb233571a55af353c4e8f4506e33d9cf4d63485c44e58540039c3f26627d3,683,whole,studio,821250319,,0,0,0.75,0.194,3.02
v2_0080_whole_0,data/synthetic/v2/images/v2_0080_whole_0.jpg,synthetic,train,other,0,1,0,0,1,miner,1,other_miner,896,672,e976031167c061f3d93bfb4bfc1b22c51ec02bb1fa3a3ef589d7eb7d52884b1a,80,whole,sun_wet,1966090465,,0,0,0.597,0.114,2.22
v2_0122_closeup_1,data/synthetic/v2/images/v2_0122_closeup_1.jpg,synthetic,train,rust,1,0,0,0,3,rust,1,rust_s3plus_pure,384,384,eaa341a1a6ccf3f36f603945b3845f2ea7b4c5b0146b7d14ccdc180f94672850,122,closeup,overcast,464203738,,0,0,0.506,0.092,0.52
v2_1131_whole_0,data/synthetic/v2/images/v2_1131_whole_0.jpg,synthetic,train,other,0,1,0,0,1,miner,1,other_miner,896,672,7a0e8c7230f1d5527bb38ea902f692d6f394a53627eec7d1d9a5e231e2b18d09,1131,whole,shade,512841016,,0,0,0.531,0.116,1.06
v2_1533_closeup_0,data/synthetic/v2/images/v2_1533_closeup_0.jpg,synthetic,train,rust,1,0,0,1,1,rust,2,rust_s1_mixed,512,512,45946440b6474830a2f96d6b07bbe93bae4bcbdcacc5c59436595c389964651d,1533,closeup,sun,1754605462,,0,0,0.343,0.089,0.49
v2_1469_whole_0,data/synthetic/v2/images/v2_1469_whole_0.jpg,synthetic,train,rust,1,0,0,1,2,cercospora,2,rust_s2_mixed,1024,512,dedf7277483c9631dbb110d1da3df8671fbce31ab4f507a18159072ebfcca39a,1469,whole,rain,1874623426,,0,0,0.405,0.06,2.41
v2_0264_whole_0,data/synthetic/v2/images/v2_0264_whole_0.jpg,synthetic,train,other,0,0,1,0,1,phoma,1,other_phoma,1024,512,116ae20f86e928b5ca5fa5807507a6b834fa58c4ececd6afbe78bd17f5781d70,264,whole,overcast,551784057,,0,0,0.522,0.061,0.91
v2_0352_whole_0,data/synthetic/v2/images/v2_0352_whole_0.jpg,synthetic,train,other,0,0,1,0,1,phoma,1,other_phoma,768,768,3266900d4f29414a1e594d0d8e6200c14eceb8d23688aeba9a5bfbc1eadc26ad,352,whole,sun,196834453,,0,0,0.581,0.076,2.18
v2_1433_closeup_0,data/synthetic/v2/images/v2_1433_closeup_0.jpg,synthetic,train,rust,1,0,0,1,2,rust,2,rust_s2_mixed,512,512,e88fc655957bf59f7d3e8219eaa9807177d993f55e8d3b45b851970bc12b5cb3,1433,closeup,rain,1442123302,,0,0,0.546,0.098,0.89
v2_1275_whole_0,data/synthetic/v2/images/v2_1275_whole_0.jpg,synthetic,train,rust,1,0,0,0,1,rust,1,rust_s1_pure,768,768,3c5919a66e79d0d737bb095caf8b948927f9ede6deb1b7c6a5b309a7070b3b7f,1275,whole,sun,1364856931,,0,0,0.548,0.104,2.32
v2_0050_closeup_0,data/synthetic/v2/images/v2_0050_closeup_0.jpg,synthetic,train,other,0,1,0,0,1,miner,1,other_miner,512,512,e7e7e97b140680f8c8e7d549c5ffa61de6c807d807b9d6e8af98f34d65254e2a,50,closeup,backlit,123400252,,0,0,0.581,0.095,0.52
v2_0983_whole_0,data/synthetic/v2/images/v2_0983_whole_0.jpg,synthetic,train,healthy,0,0,0,0,0,healthy,0,healthy,896,672,a899e001d92d555bc720bf43bc1249a6ce701916547a748df75820a794e29b13,983,whole,sun_wet,849600222,,0,0,0.528,0.098,1.25
v2_1576_closeup_0,data/synthetic/v2/images/v2_1576_closeup_0.jpg,synthetic,train,other,0,0,0,1,1,cercospora,1,other_cercospora,384,384,2c5fd04809586bb443d7b1dced84240ab74ff04c22fe6cdcb0497048806c9850,1576,closeup,sun_wet,1631351338,,0,0,0.41,0.075,0.19
v2_0600_whole_0,data/synthetic/v2/images/v2_0600_whole_0.jpg,synthetic,train,healthy,0,0,0,0,0,healthy,0,healthy,1024,512,6ace2ad046f7611e251aa833e60b64fa84d73fac1f73d26706d7405361f816f6,600,whole,studio,1996611513,,0,0,0.78,0.211,7.2
v2_1442_whole_2,data/synthetic/v2/images/v2_1442_whole_2.jpg,synthetic,train,rust,1,0,0,0,3,rust,1,rust_s3plus_pure,1024,512,29066c2f92c626fc8ebe5c37c3d1e6577c47e770f88b14f66ff7d72e83d72eea,1442,whole,sun,669924740,,0,0,0.338,0.058,1.15
v2_1641_whole_0,data/synthetic/v2/images/v2_1641_whole_0.jpg,synthetic,train,rust,1,0,0,0,1,rust,1,rust_s1_pure,1024,512,f5d94ff64201b2d3c363f5e9b98852eb779483e4c3ea41892b5f3e76ac44f5a5,1641,whole,golden,828813713,,0,0,0.404,0.063,1.53
v2_0244_closeup_0,data/synthetic/v2/images/v2_0244_closeup_0.jpg,synthetic,train,other,0,0,1,0,2,phoma,1,other_phoma,384,384,b140a05148cdb2653e346f392ab88663bf46ddf67736fdea01e1dcf720d9c3a6,244,closeup,rain,183125746,,0,0,0.539,0.09,1.17
v2_1561_whole_2,data/synthetic/v2/images/v2_1561_whole_2.jpg,synthetic,train,rust,1,0,0,0,3,rust,1,rust_s3plus_pure,1024,512,9fb385ccff2a64f7efdf0c0af628a63a4c573efd5af33b997185045e8e03eee1,1561,whole,sun_wet,851534566,,0,0,0.53,0.115,3.16
v2_0260_closeup_0,data/synthetic/v2/images/v2_0260_closeup_0.jpg,synthetic,train,other,0,0,1,0,1,phoma,1,other_phoma,256,256,ebccd39bde81dfa7f14a984d1dc2fba870ef0d428c31e6e4c86fb70c8e32813d,260,closeup,sun,669656741,,0,0,0.496,0.084,0.08
v2_1091_closeup_0,data/synthetic/v2/images/v2_1091_closeup_0.jpg,synthetic,train,other,0,0,0,1,1,cercospora,1,other_cercospora,512,512,9fd39f34a4c1b6439a7d9ff0e374b41a8f1d29789f6fbf6bded518fcc2cc4c84,1091,closeup,shade,1280089324,,0,0,0.472,0.075,0.31
v2_0842_whole_0,data/synthetic/v2/images/v2_0842_whole_0.jpg,synthetic,train,healthy,0,0,0,0,0,healthy,0,healthy,768,768,7cc6c07c3e279f71365ec7418d0e55e5060aead6434a7b56184dd542af4b82cd,842,whole,sun,1154949857,,0,0,0.614,0.073,2.49
v2_1429_closeup_0,data/synthetic/v2/images/v2_1429_closeup_0.jpg,synthetic,train,rust,1,0,0,0,1,rust,1,rust_s1_pure,384,384,27c8a09b2bc99719a8c6189d5d37950e40575b30906ab6fff6e280efbf182c0f,1429,closeup,sun_wet,1625222293,,0,0,0.631,0.108,0.64
v2_1217_whole_0,data/synthetic/v2/images/v2_1217_whole_0.jpg,synthetic,train,other,0,1,0,0,1,miner,1,other_miner,896,672,db20e4a652f15a2a872beead83d0206dfd2194624539050c3ab0fc7379954e83,1217,whole,rain,2008390609,,0,0,0.591,0.06,0.59
v2_1254_whole_0,data/synthetic/v2/images/v2_1254_whole_0.jpg,synthetic,train,rust,1,0,0,1,2,rust,2,rust_s2_mixed,768,768,e1ca5623751f2be273dac0cc040f92ee22fee84f16c861810db0d9561c1c070f,1254,whole,backlit,2056368863,,0,0,0.476,0.077,3.66
v2_1253_whole_0,data/synthetic/v2/images/v2_1253_whole_0.jpg,synthetic,train,rust,1,0,0,0,1,rust,1,rust_s1_pure,1024,512,23288a9ef6c9007794ebf4d78ecd8675487a55c130bbe19d233b17b197636393,1253,whole,studio,2145297498,,0,0,0.805,0.186,1.45
v2_0107_whole_0,data/synthetic/v2/images/v2_0107_whole_0.jpg,synthetic,train,rust,1,0,0,0,1,rust,1,rust_s1_pure,1024,512,c9043deb41d499611fc021475288ad1cfcc38265eeab620cd95ab588a3e90432,107,whole,sun,1080956204,,0,0,0.615,0.087,1.23
v2_0308_whole_0,data/synthetic/v2/images/v2_0308_whole_0.jpg,synthetic,train,other,0,0,1,0,2,phoma,1,other_phoma,1024,512,e9e45eee19ad0c48ee1572d0b5a0460e1d4861a084b52a67fb2cce150d7b9536,308,whole,studio,837943665,,0,0,0.769,0.174,9.27
v2_0415_closeup_0,data/synthetic/v2/images/v2_0415_closeup_0.jpg,synthetic,train,other,0,0,1,0,2,phoma,1,other_phoma,256,256,bba84c882b378708936972ee09197f48ef2a8b51b6f94943e86b346f472874f0,415,closeup,backlit,867576151,,0,0,0.484,0.086,0.52
v2_0076_whole_0,data/synthetic/v2/images/v2_0076_whole_0.jpg,synthetic,train,other,0,1,0,0,1,miner,1,other_miner,1024,512,62dc021f9ca18dec42e24b00c237e21310438b875c9e53487ca3ddcec2b9d6a0,76,whole,rain,702432261,,0,0,0.544,0.075,4.56
v2_1445_whole_0,data/synthetic/v2/images/v2_1445_whole_0.jpg,synthetic,train,rust,1,0,0,0,1,rust,1,rust_s1_pure,896,672,4761f48cddc284ca8d0b2810d64567c9c6ff0fc5ff2cb50fa0fb8ab53a6a44c4,1445,whole,shade,1286556205,,0,0,0.388,0.069,1.31
v2_1543_closeup_0,data/synthetic/v2/images/v2_1543_closeup_0.jpg,synthetic,train,rust,1,1,0,0,2,rust,2,rust_s2_mixed,384,384,f52ebe496687c6824aa63c41b28101cadabb19207e2320c3db488bda987ce935,1543,closeup,shade,1967267631,,0,0,0.534,0.137,0.21
v2_0079_whole_0,data/synthetic/v2/images/v2_0079_whole_0.jpg,synthetic,train,other,0,1,0,0,2,miner,1,other_miner,768,768,d96527013c2fcaa85c349d8b9b1ac12f1840f54ae5932c69241c4b0fd8c461b0,79,whole,overcast,578945848,,0,0,0.59,0.056,0.63
v2_1402_whole_0,data/synthetic/v2/images/v2_1402_whole_0.jpg,synthetic,train,rust,1,0,0,1,2,rust,2,rust_s2_mixed,1024,512,0d8bafd2b841ef76445e620a258cb4ee7f7b0fae9520e4639c0204d3b5062cb4,1402,whole,overcast,1182977023,,0,0,0.373,0.06,1.15
v2_0956_whole_0,data/synthetic/v2/images/v2_0956_whole_0.jpg,synthetic,train,healthy,0,0,0,0,0,healthy,0,healthy,1024,512,f4fc776bd5e632ea434d1cbb33461e95196c24a9ae9c6215f6d1fca287b64296,956,whole,studio,1174586600,,0,0,0.764,0.204,6.74
v2_0608_closeup_0,data/synthetic/v2/images/v2_0608_closeup_0.jpg,synthetic,train,other,0,0,1,0,1,undetermined,1,other_phoma,512,512,bbc24628a833894adbe44dbba63588ec34f65656ebbdc4947ed881ded0e1dad2,608,closeup,shade,2031259137,,0,0,0.511,0.115,0.12
v2_1056_closeup_0,data/synthetic/v2/images/v2_1056_closeup_0.jpg,synthetic,train,other,0,1,0,0,1,miner,1,other_miner,512,512,0a293f5ec246f8f9e76bef59940457395781e6c3b44e1bfe1d078627d085ffc9,1056,closeup,rain,64304593,,0,0,0.534,0.134,0.45
v2_1326_closeup_2,data/synthetic/v2/images/v2_1326_closeup_2.jpg,synthetic,train,rust,1,1,0,0,4,rust,2,rust_s3plus_mixed,512,512,850428085acc66196cb32840c3847cb6f73bc375ccc9b88593b539d74c076604,1326,closeup,golden,934024852,,0,0,0.575,0.119,0.8
v2_0869_closeup_0,data/synthetic/v2/images/v2_0869_closeup_0.jpg,synthetic,train,rust,1,1,0,0,2,miner,2,rust_s2_mixed,384,384,1a002d6b7962745e0e38344044db4fbe3ae343a80bd4cb33d5cf6d15b86ddfad,869,closeup,overcast,1653278091,,0,0,0.388,0.077,0.24
v2_1525_whole_2,data/synthetic/v2/images/v2_1525_whole_2.jpg,synthetic,train,rust,1,1,0,0,3,undetermined,2,rust_s3plus_mixed,1024,512,85ed0fe09d6d3ff9500a47eaac9bb53c2b37545eb85be43b8ca93bbd29926e64,1525,whole,sun,984243565,,0,0,0.518,0.076,2.45
v2_1086_whole_0,data/synthetic/v2/images/v2_1086_whole_0.jpg,synthetic,train,other,0,1,0,0,1,miner,1,other_miner,1024,512,7f2ad8c77397dac0ab2043d80f26d60a8aac886184202c8e1c009911c5d47639,1086,whole,rain,1908403468,,0,0,0.64,0.087,4.93
v2_1261_whole_0,data/synthetic/v2/images/v2_1261_whole_0.jpg,synthetic,train,rust,1,0,0,0,1,rust,1,rust_s1_pure,896,672,ffd3585c269b08fa7abfcfef67abadc303eb01844596547805f63eb8104c68b9,1261,whole,studio,1861214170,,0,0,0.783,0.137,1.77
v2_1406_whole_0,data/synthetic/v2/images/v2_1406_whole_0.jpg,synthetic,train,rust,1,0,0,0,1,rust,1,rust_s1_pure,896,672,617ba28f123a91294fa10b47f68a9267e568b278b74b1a22cc30c399fd1179b2,1406,whole,studio,1099653923,,0,0,0.488,0.117,0.65
v2_1499_whole_0,data/synthetic/v2/images/v2_1499_whole_0.jpg,synthetic,train,rust,1,1,0,0,1,miner,2,rust_s1_mixed,1024,512,d8730be78c903de203f2c0543ab8c32495067b397b79fae5a4957103a69d10ad,1499,whole,golden,937388948,,0,0,0.339,0.065,1.49
v2_1035_closeup_0,data/synthetic/v2/images/v2_1035_closeup_0.jpg,synthetic,train,other,0,1,0,0,1,miner,1,other_miner,384,384,2f3e8709aaf243244d2abd6e504dc26c432f0fca4e7ba2b881fa7559265d731f,1035,closeup,overcast,620287060,,0,0,0.47,0.073,0.25
v2_1705_whole_0,data/synthetic/v2/images/v2_1705_whole_0.jpg,synthetic,train,rust,1,0,0,0,3,rust,1,rust_s3plus_pure,1024,512,26ba1647ff84f2b221075a645e1253d55016607acb957c54338780d28beff56f,1705,whole,studio,74295210,,0,0,0.543,0.109,2.37
v2_1486_whole_0,data/synthetic/v2/images/v2_1486_whole_0.jpg,synthetic,train,rust,1,0,0,0,3,rust,1,rust_s3plus_pure,1024,512,36d6d7a0fa53174ac8740bafc958290153625d7f4a830aec989c1fbb19fb25f9,1486,whole,overcast,71257036,,0,0,0.589,0.056,0.84
v2_1108_closeup_0,data/synthetic/v2/images/v2_1108_closeup_0.jpg,synthetic,train,other,0,1,0,0,1,miner,1,other_miner,256,256,e521cb888bc95e32a2b6911df15888bd71bc6b0aca8f22e4fb8f97daa81344f7,1108,closeup,shade,66437465,,0,0,0.554,0.063,0.1
v2_0940_whole_0,data/synthetic/v2/images/v2_0940_whole_0.jpg,synthetic,train,healthy,0,0,0,0,0,healthy,0,healthy,1024,512,413e09e331fa221dfd29b4436b2af5a22ecc2dfc540cf5d6813bd4c0b35f1418,940,whole,overcast,2050219839,,0,0,0.427,0.094,4.01
v2_0781_whole_0,data/synthetic/v2/images/v2_0781_whole_0.jpg,synthetic,train,healthy,0,0,0,0,0,healthy,0,healthy,1024,512,ff5437d0f9a889741272fcf6d5980a965158a051687d7dcd5154c5399ba967c8,781,whole,shade,236434641,,0,0,0.581,0.11,0.52
v2_1123_closeup_0,data/synthetic/v2/images/v2_1123_closeup_0.jpg,synthetic,train,other,0,1,0,0,1,miner,1,other_miner,384,384,53c9520fc32774303f2ceb954a7beade341b7041b22241e961ce16692c926042,1123,closeup,overcast,631891507,,0,0,0.474,0.052,0.71
v2_0813_whole_0,data/synthetic/v2/images/v2_0813_whole_0.jpg,synthetic,train,rust,1,0,0,0,1,rust,1,rust_s1_pure,1024,512,4166b171aa79f5caba7f439fb981036e382995a19a45e6f976a9fc5fb1d338e2,813,whole,overcast,1925953764,,0,0,0.44,0.087,1.23
v2_1067_whole_0,data/synthetic/v2/images/v2_1067_whole_0.jpg,synthetic,train,rust,1,0,0,1,1,cercospora,2,rust_s1_mixed,1024,512,58e1829281529666e8ca1104d8087593bb682239363c5a3bc24e2e4e3e4e967c,1067,whole,rain,279113736,,0,0,0.619,0.076,2.79
v2_0647_whole_0,data/synthetic/v2/images/v2_0647_whole_0.jpg,synthetic,train,other,0,0,1,0,1,phoma,1,other_phoma,768,768,a16f6e45219dcd3cad8dca49e16708fd2fab68ae2c6cd522f75f370b668a173a,647,whole,rain,2100059755,,0,0,0.562,0.127,1.86
v2_0366_closeup_0,data/synthetic/v2/images/v2_0366_closeup_0.jpg,synthetic,train,other,0,0,1,0,1,phoma,1,other_phoma,256,256,b736f0e4abd82064b118d2ff8e39463adebf32280c73f393e5a9a6c960c9b4c3,366,closeup,sun,503804839,,0,0,0.367,0.09,0.76
v2_0287_closeup_0,data/synthetic/v2/images/v2_0287_closeup_0.jpg,synthetic,train,other,0,0,1,0,2,phoma,1,other_phoma,512,512,71a3488fb7daf11c2d272058f155b3fa6e4bad59149377bb548f004cca53afb0,287,closeup,sun,1115309843,,0,0,0.57,0.087,0.29
v2_1694_whole_0,data/synthetic/v2/images/v2_1694_whole_0.jpg,synthetic,train,rust,1,0,0,1,1,rust,2,rust_s1_mixed,1024,512,38a16803533f2872ede21cbbc81cd75b4960e752da7e1563a0e2bdcb82065e8a,1694,whole,sun,1170713511,,0,0,0.549,0.091,2.32
v2_0667_closeup_0,data/synthetic/v2/images/v2_0667_closeup_0.jpg,synthetic,train,healthy,0,0,0,0,0,healthy,0,healthy,512,512,c03ad80b4f5896832c51809397f09fbda9ce5f7868494449e149e628cdfaba34,667,closeup,sun,1462081248,,0,0,0.423,0.089,0.31
v2_0671_whole_0,data/synthetic/v2/images/v2_0671_whole_0.jpg,synthetic,train,unclear,0,0,0,0,0,undetermined,0,unclear,1024,512,9ea96b0a7b2b3d7ea735f19dd1abbc5ac339cd0c1600698998bdedf6ef3e1d2f,671,whole,overcast,1796508983,,0,0,0.629,0.06,3.64
v2_1461_whole_0,data/synthetic/v2/images/v2_1461_whole_0.jpg,synthetic,train,rust,1,0,0,0,1,rust,1,rust_s1_pure,896,672,2d11f3a8d221aa8944392f58aa8aea7ffc3925bc919995120fe5d8b020c52419,1461,whole,sun,1638869626,,0,0,0.559,0.089,0.41
v2_1095_whole_0,data/synthetic/v2/images/v2_1095_whole_0.jpg,synthetic,train,rust,1,1,0,0,1,rust,2,rust_s1_mixed,896,672,cf525499507da27b596bf7abac44cad29f9ce388ca5b017cb8f4064f97cdf5dd,1095,whole,overcast,1262826544,,0,0,0.478,0.083,1.77
v2_0923_whole_0,data/synthetic/v2/images/v2_0923_whole_0.jpg,synthetic,train,other,0,1,0,0,2,miner,1,other_miner,1024,512,2fe73faa23351bf61cdd9721aa82ba12cb83bc8c4f69eb8a44afd445eb8fbe11,923,whole,studio,1562263226,,0,0,0.818,0.162,4.36
v2_0947_whole_0,data/synthetic/v2/images/v2_0947_whole_0.jpg,synthetic,train,healthy,0,0,0,0,0,healthy,0,healthy,1024,512,15f6c94e037c86887519d7c33123d65bfe5898fc4cce4b1d89dc9fa4ebaef205,947,whole,sun_wet,2138884538,,0,0,0.578,0.099,6.63
v2_1258_whole_0,data/synthetic/v2/images/v2_1258_whole_0.jpg,synthetic,train,rust,1,0,0,0,2,rust,1,rust_s2_pure,1024,512,c64ffd327efa65398ebd465b1c24fa35c0853541c1359281b70023b7e907bfa2,1258,whole,rain,1938508731,,0,0,0.61,0.111,7.6
v2_0212_whole_0,data/synthetic/v2/images/v2_0212_whole_0.jpg,synthetic,train,other,0,1,0,0,1,miner,1,other_miner,768,768,dcbe02cdec9e141a5295cba442819820d6c8d394a34e917e5051f33ed0e996cf,212,whole,overcast,968477298,,0,0,0.491,0.062,1.73
v2_1449_closeup_1,data/synthetic/v2/images/v2_1449_closeup_1.jpg,synthetic,train,rust,1,0,0,0,4,rust,1,rust_s3plus_pure,256,256,f1d593c14bf2ee6b893e58ba6619bf662a4fd6ede408a0040f70f419d511eac2,1449,closeup,golden,850559967,,0,0,0.45,0.103,0.77
v2_1090_whole_0,data/synthetic/v2/images/v2_1090_whole_0.jpg,synthetic,train,other,0,0,0,1,1,cercospora,1,other_cercospora,896,672,5593e6ba5f928dce4408b4c5c25a716deba224ea1eb584e065133d1e3fe1fe6b,1090,whole,sun,1301214939,,0,0,0.434,0.058,0.49
v2_0543_whole_0,data/synthetic/v2/images/v2_0543_whole_0.jpg,synthetic,train,other,0,0,1,0,2,phoma,1,other_phoma,1024,512,8b6772f53f5bd2bc96983d8fc26872066f509421d32ac3d04df6b1e1a6c468bf,543,whole,rain,1032162407,,0,0,0.52,0.106,7.9
v2_0220_whole_0,data/synthetic/v2/images/v2_0220_whole_0.jpg,synthetic,train,other,0,1,0,0,1,miner,1,other_miner,1024,512,cf67e3a4d8f0c0a6938709f087ff1bb4129a6aa1cc2c9f6ed8a002d2229e8e9e,220,whole,sun_wet,680047090,,0,0,0.351,0.082,0.46
v2_0997_whole_0,data/synthetic/v2/images/v2_0997_whole_0.jpg,synthetic,train,other,0,1,0,0,1,miner,1,other_miner,1024,512,75883e47d1950dcd8be3cd6a91012261160d55142fe63848045ba11ea97f5800,997,whole,studio,219550055,,0,0,0.871,0.165,3.47
v2_0918_closeup_0,data/synthetic/v2/images/v2_0918_closeup_0.jpg,synthetic,train,other,0,0,0,1,1,cercospora,1,other_cercospora,256,256,d18abe51d87e2cdcb28ef476480006a16c8c9d407afc49a355daa87f05fc36d7,918,closeup,sun_wet,1140752053,,0,0,0.558,0.059,0.24
v2_0949_closeup_0,data/synthetic/v2/images/v2_0949_closeup_0.jpg,synthetic,train,healthy,0,0,0,0,0,healthy,0,healthy,256,256,ebe51e01eb632410e67b7d1286bc990eded0b1c4bce356b834e439558b73bef5,949,closeup,overcast,1977803952,,0,0,0.343,0.071,1.08
v2_0905_closeup_0,data/synthetic/v2/images/v2_0905_closeup_0.jpg,synthetic,train,other,0,1,0,0,1,miner,1,other_miner,384,384,97c06762c237b887cd7bcb05ca27d5ee1fda7b2f6e6850789b51fcac95923e13,905,closeup,shade,1939507843,,0,0,0.419,0.103,0.37
v2_1239_whole_0,data/synthetic/v2/images/v2_1239_whole_0.jpg,synthetic,train,rust,1,0,0,0,2,rust,1,rust_s2_pure,896,672,454666fe1a0f4ac2bb0ac4e92d4dff8607c28c2b12fdc9d5c47873242893482d,1239,whole,shade,1461878352,,0,0,0.554,0.086,1.0
v2_0863_whole_0,data/synthetic/v2/images/v2_0863_whole_0.jpg,synthetic,train,other,0,0,0,1,1,cercospora,1,other_cercospora,896,672,e829c267d8bbce55fbfe375d6fe29502a9b6360f5f053606358d9282a88181e8,863,whole,overcast,1864138845,,0,0,0.59,0.064,0.54
v2_0971_whole_0,data/synthetic/v2/images/v2_0971_whole_0.jpg,synthetic,train,healthy,0,0,0,0,0,healthy,0,healthy,1024,512,25559809f092dd639d1fab9a4a50a94ac65a6e58318001569ee83494985d532f,971,whole,overcast,1766071014,,0,0,0.587,0.083,1.76
v2_1325_whole_0,data/synthetic/v2/images/v2_1325_whole_0.jpg,synthetic,train,rust,1,0,0,1,1,rust,2,rust_s1_mixed,768,768,377f00cb09df00e895f92b8baa0f2d582154692b5a05b6bfd9cecfef78e98f4c,1325,whole,overcast,1541720545,,0,0,0.58,0.069,1.66
v2_1496_whole_0,data/synthetic/v2/images/v2_1496_whole_0.jpg,synthetic,train,other,0,0,0,1,1,cercospora,1,other_cercospora,1024,512,3295a78214ac588df9e7cb3bc411a6365ca697133c1d807e50a7b400479b6434,1496,whole,studio,1015229609,,0,0,0.829,0.13,2.09
v2_0306_whole_0,data/synthetic/v2/images/v2_0306_whole_0.jpg,synthetic,train,other,0,0,1,0,2,phoma,1,other_phoma,1024,512,33915d7c58a168f390d75d766849be2c4ea8e9790dc6c561c29f273df86c75c0,306,whole,sun_wet,996945019,,0,0,0.484,0.107,3.79
v2_1473_closeup_0,data/synthetic/v2/images/v2_1473_closeup_0.jpg,synthetic,train,rust,1,0,0,0,2,rust,1,rust_s2_pure,256,256,094d2eb925f1afc8af52c183e5e4bd83dda8548fe92a0f544cb4453aa8c8ad18,1473,closeup,backlit,1519884657,,0,0,0.392,0.095,0.79
v2_0469_whole_0,data/synthetic/v2/images/v2_0469_whole_0.jpg,synthetic,train,other,0,0,1,0,1,phoma,1,other_phoma,1024,512,fe8ecc663c9473f45841b67c03bcc2c59d7f3ce69195aa33a04dbcce99ec7685,469,whole,studio,662431882,,0,0,0.805,0.144,5.32
v2_0354_whole_0,data/synthetic/v2/images/v2_0354_whole_0.jpg,synthetic,train,other,0,0,1,0,1,phoma,1,other_phoma,1024,512,716308a74ac5024e634c72757f85631c3ab11a34c962b83645f7897efd8a358d,354,whole,studio,255199271,,0,0,0.712,0.173,6.95
v2_0567_whole_0,data/synthetic/v2/images/v2_0567_whole_0.jpg,synthetic,train,other,0,0,0,1,1,cercospora,1,other_cercospora,1024,512,9bfd361b8909f38f2ef3375de6066ffd61b35da4c7937f7c9a92f8decf0e3d33,567,whole,rain,277212208,,0,0,0.491,0.119,5.71
v2_0449_whole_0,data/synthetic/v2/images/v2_0449_whole_0.jpg,synthetic,train,other,0,0,1,0,1,phoma,1,other_phoma,1024,512,97eeef15439a341f14d7dbd3f061fe55f818fb5cb2b36134f5212af8f929f523,449,whole,studio,225583105,,0,0,0.815,0.18,5.6
v2_0108_whole_0,data/synthetic/v2/images/v2_0108_whole_0.jpg,synthetic,train,rust,1,0,0,0,1,rust,1,rust_s1_pure,1024,512,2d3323c099d63f641cb05387d5ef85cf3d9197419454892cc45f6ee2e9a65fec,108,whole,backlit,1261589009,,0,0,0.392,0.056,1.86
v2_0589_whole_0,data/synthetic/v2/images/v2_0589_whole_0.jpg,synthetic,train,rust,1,1,0,0,3,rust,2,rust_s3plus_mixed,1024,512,a0aa382f5d0111269e9c693dc854b72794f8418ac4988c0a4565c0006639906a,589,whole,sun,2059712009,,0,0,0.566,0.103,6.06
v2_0806_closeup_1,data/synthetic/v2/images/v2_0806_closeup_1.jpg,synthetic,train,rust,1,0,0,0,4,rust,1,rust_s3plus_pure,384,384,21e2d044c804adeeee2dd32e4801c3b7c4a36c2415cc84acf15030cddd1d1a9e,806,closeup,shade,1002122748,,0,0,0.291,0.075,0.16
v2_1431_whole_0,data/synthetic/v2/images/v2_1431_whole_0.jpg,synthetic,train,rust,1,0,0,1,2,rust,2,rust_s2_mixed,896,672,af99b5292286c00eb031519229434ccae9ae812076f01037ff44e8a764838a07,1431,whole,sun_wet,1450302024,,0,0,0.383,0.062,0.66
v2_0694_closeup_0,data/synthetic/v2/images/v2_0694_closeup_0.jpg,synthetic,train,healthy,0,0,0,0,0,healthy,0,healthy,256,256,22f9acd77db1c0c58624101d70f769d0e8dbe0b92714368043cdef8d62ffd9dc,694,closeup,sun,218118383,,0,0,0.497,0.081,0.19
v2_1388_whole_0,data/synthetic/v2/images/v2_1388_whole_0.jpg,synthetic,train,rust,1,0,0,1,3,rust,2,rust_s3plus_mixed,1024,512,280421ffa60cb20a4078e4505869999cd676feb6d7360e0f1fe1fde8720d6b9d,1388,whole,sun,1015134934,,0,0,0.356,0.09,2.11
v2_1595_whole_0,data/synthetic/v2/images/v2_1595_whole_0.jpg,synthetic,train,rust,1,0,0,0,1,rust,1,rust_s1_pure,1024,512,f4f9a706e1c8c1f30ca14a695d4a5aa42afda6df7d06c72c16548ba8e84a28b9,1595,whole,rain,61193024,,0,0,0.587,0.059,5.33
v2_0119_whole_0,data/synthetic/v2/images/v2_0119_whole_0.jpg,synthetic,train,rust,1,0,0,0,2,rust,1,rust_s2_pure,1024,512,a3dbe7b7d3c2fd10a2628d10684000480f621d17b1f55d5f0d55f7474b8a7e02,119,whole,golden,1917607747,,0,0,0.435,0.075,0.74
v2_0156_whole_0,data/synthetic/v2/images/v2_0156_whole_0.jpg,synthetic,train,rust,1,0,0,1,1,rust,2,rust_s1_mixed,1024,512,8d8658e27a37e4e7f0518c39515703966c00ca74a84663a312afe8936009e7b2,156,whole,shade,1987219241,,0,0,0.556,0.07,1.41
v2_0185_closeup_0,data/synthetic/v2/images/v2_0185_closeup_0.jpg,synthetic,train,healthy,0,0,0,0,0,healthy,0,healthy,256,256,a55568bf72e4d8c46a9fe76a7756bdfd2f034089984f980ccbad5a7a15fb811a,185,closeup,overcast,106883501,,0,0,0.577,0.05,0.11
v2_1170_whole_0,data/synthetic/v2/images/v2_1170_whole_0.jpg,synthetic,train,other,0,1,0,0,1,miner,1,other_miner,1024,512,2f86a3a0e42bf4789393c28e87452541aa8e977c4d546144f472ed2d2d3b0224,1170,whole,studio,271689816,,0,0,0.882,0.187,7.48
v2_1167_whole_0,data/synthetic/v2/images/v2_1167_whole_0.jpg,synthetic,train,other,0,1,0,1,1,miner,2,other_multi,896,672,c8232c98fa52dc3294a258b1b69a1f1f96e8574077756c4ec95757c56973e75f,1167,whole,shade,767744440,,0,0,0.428,0.08,1.55
v2_1030_closeup_0,data/synthetic/v2/images/v2_1030_closeup_0.jpg,synthetic,train,other,0,1,0,0,1,miner,1,other_miner,256,256,fec5d7d3d91814af78193401a85cc7ec845ffcc8fa00830d9a55c07bdd6f92fd,1030,closeup,overcast,573773503,,0,0,0.453,0.096,0.53
v2_0161_closeup_0,data/synthetic/v2/images/v2_0161_closeup_0.jpg,synthetic,train,rust,1,0,0,0,2,rust,1,rust_s2_pure,384,384,f782a5c519badade81f7313e5bf12317a67be8c1ba80631d2c4c13ca66c95761,161,closeup,golden,1636316738,,0,0,0.509,0.074,0.14
v2_1454_closeup_0,data/synthetic/v2/images/v2_1454_closeup_0.jpg,synthetic,train,rust,1,0,0,1,1,rust,2,rust_s1_mixed,256,256,573242abc179a7f16383f6ab72069da330dedc4db311533fbb55292ebbefdad6,1454,closeup,overcast,1976649599,,0,0,0.384,0.094,0.19
v2_0025_whole_0,data/synthetic/v2/images/v2_0025_whole_0.jpg,synthetic,train,other,0,1,0,0,1,miner,1,other_miner,768,768,51161bc253dd05fde84d5dabbade5abffa18a41ff4069e964744d3c4873cbabe,25,whole,sun,474352238,,0,0,0.527,0.077,1.41
v2_1713_whole_0,data/synthetic/v2/images/v2_1713_whole_0.jpg,synthetic,train,rust,1,0,0,1,2,undetermined,2,rust_s2_mixed,896,672,4fa8c4524c8f427da16ad0973e53b9b9913eeeeff343bda49020da3722a007a2,1713,whole,shade,945601661,,0,0,0.575,0.092,2.23
v2_0860_whole_0,data/synthetic/v2/images/v2_0860_whole_0.jpg,synthetic,train,other,0,1,0,0,1,miner,1,other_miner,1024,512,7c094936347665197cb0162a6a9af43b86f676d0c5f2b2f45044591f1bb2cf9d,860,whole,studio,1834630660,,0,0,0.804,0.182,6.86
v2_1011_whole_0,data/synthetic/v2/images/v2_1011_whole_0.jpg,synthetic,train,rust,1,0,0,1,2,undetermined,2,rust_s2_mixed,1024,512,c629a17b43f25e2c46bac5ef9cfe49f7da3e6c4afae85c2cf771bfdd4c0a10de,1011,whole,rain,167293955,,0,0,0.538,0.056,0.54
v2_1632_whole_0,data/synthetic/v2/images/v2_1632_whole_0.jpg,synthetic,train,rust,1,1,0,0,2,rust,2,rust_s2_mixed,1024,512,ccdfeb7e0f4eaa059c2c294efbdf56acc0794b91f51961ad1cdeca288a923e8a,1632,whole,rain,787953521,,0,0,0.568,0.119,0.92
v2_0450_whole_0,data/synthetic/v2/images/v2_0450_whole_0.jpg,synthetic,train,other,0,0,1,0,1,phoma,1,other_phoma,1024,512,6fe37289bf49908c7fa8d3e25fbfb070cf4dc90f70f45b4672cec81a00cdb994,450,whole,studio,975142123,,0,0,0.687,0.139,12.37
v2_0229_whole_0,data/synthetic/v2/images/v2_0229_whole_0.jpg,synthetic,train,other,0,1,0,0,1,miner,1,other_miner,1024,512,fdab8d13e96559392e79f63db62dffc32ab10ab05d6fc1ec66b02f3da12d31aa,229,whole,sun,660179581,,0,0,0.592,0.084,1.03
v2_1119_closeup_0,data/synthetic/v2/images/v2_1119_closeup_0.jpg,synthetic,train,other,0,1,0,0,1,miner,1,other_miner,512,512,8c9dc0acbb354656d29f5e4570d0d49e6697b6545f3e814d9b10f8ef816a2336,1119,closeup,overcast,982240267,,0,0,0.492,0.038,0.06
v2_0451_closeup_0,data/synthetic/v2/images/v2_0451_closeup_0.jpg,synthetic,train,other,0,0,1,1,2,phoma,2,other_multi,512,512,46cb9ba584fa4b6c6db788d67abf2d7eafa1dc5b0480be4f5156ff224ecc153f,451,closeup,rain,1004345052,,0,0,0.438,0.076,0.25
v2_1077_whole_0,data/synthetic/v2/images/v2_1077_whole_0.jpg,synthetic,train,other,0,1,0,0,3,miner,1,other_miner,1024,512,a7e138faa07477260e6cf0f257b3644f54d34d541f899ad25c006696a56d9e3b,1077,whole,sun,673093485,,0,0,0.472,0.072,1.13
v2_1633_closeup_1,data/synthetic/v2/images/v2_1633_closeup_1.jpg,synthetic,train,rust,1,0,0,1,4,rust,2,rust_s3plus_mixed,256,256,21eb8c89be807dd52c2aa06b421b74279b1c02cfa375d15aefdb525aeda2eb86,1633,closeup,shade,1479699920,,0,0,0.332,0.068,0.61
v2_1455_whole_0,data/synthetic/v2/images/v2_1455_whole_0.jpg,synthetic,train,rust,1,0,0,0,2,rust,1,rust_s2_pure,896,672,301d1689169fa9274a4e32f73acfaf488c9cc076c681169828c271fe0b75ec68,1455,whole,sun_wet,1947413832,,0,0,0.344,0.101,0.89
v2_0650_whole_0,data/synthetic/v2/images/v2_0650_whole_0.jpg,synthetic,train,rust,1,0,0,0,1,rust,1,rust_s1_pure,1024,512,6e0d5ef71555526468529de31eafc1ae05f1c877e4b93cd4e80a1c61b8338577,650,whole,rain,1088368523,,0,0,0.53,0.09,2.82
v2_0643_whole_0,data/synthetic/v2/images/v2_0643_whole_0.jpg,synthetic,train,healthy,0,0,0,0,0,healthy,0,healthy,1024,512,bfa6881d5aca032192d88e5785224ca9658d70bbcce6fa533e9b86b6398040d3,643,whole,sun_wet,2049308343,,0,0,0.423,0.089,3.25
v2_1324_whole_0,data/synthetic/v2/images/v2_1324_whole_0.jpg,synthetic,train,other,0,1,0,1,1,miner,2,other_multi,1024,512,03190575ba4f3504df2392def0ab85b7df12bda48e6935e14e3f70996b536b19,1324,whole,overcast,1512481750,,0,0,0.61,0.096,2.27
v2_0344_closeup_0,data/synthetic/v2/images/v2_0344_closeup_0.jpg,synthetic,train,other,0,0,1,0,1,phoma,1,other_phoma,512,512,8d38a389d4dc5f41439993cc2f7607ec384d1e4f755a7120ef18d187e67f3b90,344,closeup,sun,931819330,,0,0,0.47,0.096,2.52
v2_1102_whole_0,data/synthetic/v2/images/v2_1102_whole_0.jpg,synthetic,train,other,0,1,0,0,2,miner,1,other_miner,1024,512,acc802ec91137d483ed68858b57271e9e683f3bd67a1b45c2e1c4d1dc522f2c1,1102,whole,overcast,241321103,,0,0,0.481,0.063,0.4
v2_0718_closeup_0,data/synthetic/v2/images/v2_0718_closeup_0.jpg,synthetic,train,other,0,1,0,0,1,miner,1,other_miner,256,256,1cdcccc4e9442878417c59161f2f0a54817e070fce8d0ec024f4689b2a2ea1a4,718,closeup,shade,2093924564,,0,0,0.399,0.076,2.67
v2_1233_whole_0,data/synthetic/v2/images/v2_1233_whole_0.jpg,synthetic,train,rust,1,0,0,0,1,rust,1,rust_s1_pure,768,768,ea7bcb3c6b034fd0286b21262e9fcbee1e98851001ef424c57dd16511e74a4bb,1233,whole,sun,1521875846,,0,0,0.616,0.069,0.81
v2_1442_whole_0,data/synthetic/v2/images/v2_1442_whole_0.jpg,synthetic,train,rust,1,0,0,0,3,rust,1,rust_s3plus_pure,1024,512,7362b743dfc9651f0e9c6796804a40ccbe8025b5669e709de313fbc17f6712a0,1442,whole,golden,1239440552,,0,0,0.539,0.089,1.17
v2_0593_whole_0,data/synthetic/v2/images/v2_0593_whole_0.jpg,synthetic,train,rust,1,0,0,0,2,rust,1,rust_s2_pure,768,768,42eaa83a9f523c92ac80db8723037c60b10d41c5d30d11a1c6f9ecf0d4b2a06f,593,whole,overcast,1341084858,,0,0,0.359,0.067,0.7
v2_0377_closeup_0,data/synthetic/v2/images/v2_0377_closeup_0.jpg,synthetic,train,other,0,0,1,0,3,phoma,1,other_phoma,256,256,6d203c876c03b14c2ca0ee65c044eefb67302c5b4e3bcb9b22ffeef01433af17,377,closeup,sun_wet,662273781,,0,0,0.525,0.099,1.23
v2_0913_closeup_0,data/synthetic/v2/images/v2_0913_closeup_0.jpg,synthetic,train,healthy,0,0,0,0,0,healthy,0,healthy,384,384,85174ebe3170870727f0d8ead9a458815fc484ccb82a5ffecdfc916ae6fce2e0,913,closeup,sun,1336643924,,0,0,0.435,0.041,0.69
v2_1628_whole_0,data/synthetic/v2/images/v2_1628_whole_0.jpg,synthetic,train,rust,1,0,0,0,1,rust,1,rust_s1_pure,1024,512,38f7c36c8ccb062a4bd4daa22c4dd0217a87e57c19cea56e57aadf3d4d6af71f,1628,whole,studio,467457474,,0,0,0.553,0.101,2.49
v2_1605_whole_0,data/synthetic/v2/images/v2_1605_whole_0.jpg,synthetic,train,rust,1,0,0,1,2,rust,2,rust_s2_mixed,1024,512,2f158bccc54c8e5d8428ea50f8fce5fa56c9e143599cdd4061a92bc2ea4ee506,1605,whole,overcast,957189658,,0,0,0.522,0.059,1.56
v2_0222_whole_0,data/synthetic/v2/images/v2_0222_whole_0.jpg,synthetic,train,other,0,1,0,0,1,miner,1,other_miner,768,768,0f72d679e456ffab2ebadba9c8ee9671b57ce08517597314ee7038234041e25f,222,whole,shade,722232732,,0,0,0.522,0.042,0.46
v2_0632_whole_0,data/synthetic/v2/images/v2_0632_whole_0.jpg,synthetic,train,rust,1,1,0,0,1,miner,2,rust_s1_mixed,1024,512,3e7798d29d868d27be2a876ad645f3b80a31393fe828a83cfd0df79110e5dba3,632,whole,overcast,1714463801,,0,0,0.49,0.064,1.37
v2_1662_closeup_0,data/synthetic/v2/images/v2_1662_closeup_0.jpg,synthetic,train,rust,1,0,0,0,2,rust,1,rust_s2_pure,512,512,8f6b0a30610487cf089dca5deb4bc5e8982836ca74a5d552de8f244e70b5d549,1662,closeup,rain,422168387,,0,0,0.596,0.078,0.52
v2_1160_whole_0,data/synthetic/v2/images/v2_1160_whole_0.jpg,synthetic,train,other,0,1,0,0,1,miner,1,other_miner,1024,512,37b47ac04f953468734f43b52633275deda5465fec75eafb1e6d3e6ebdcfde73,1160,whole,golden,680382269,,0,0,0.558,0.085,2.04
v2_0722_whole_0,data/synthetic/v2/images/v2_0722_whole_0.jpg,synthetic,train,rust,1,0,0,0,1,rust,1,rust_s1_pure,768,768,ef7315d5093e3b6d2ae3c4941b93bdff323ca93813c8172a9bb54d78a531174c,722,whole,golden,1676471020,,0,0,0.468,0.064,1.2
v2_1393_whole_0,data/synthetic/v2/images/v2_1393_whole_0.jpg,synthetic,train,rust,1,0,0,1,1,cercospora,2,rust_s1_mixed,1024,512,7c9045b1d7d92f08500ef491025a382a9b8cdc762c5f367082daa291d518d803,1393,whole,overcast,141046354,,0,0,0.521,0.05,1.06
v2_1177_closeup_0,data/synthetic/v2/images/v2_1177_closeup_0.jpg,synthetic,train,other,0,1,0,0,1,miner,1,other_miner,384,384,60bf2f436a9eb7b46248fed032330150d8e06db78db89d8ba2b087996fdc33ce,1177,closeup,rain,360627933,,0,0,0.473,0.144,0.85
v2_0603_whole_0,data/synthetic/v2/images/v2_0603_whole_0.jpg,synthetic,train,healthy,0,0,0,0,0,healthy,0,healthy,1024,512,3cc48da0fde77181aab83b55851b2700d1f320cfdc53ec207fc658f03d622e9d,603,whole,golden,1967612384,,0,0,0.613,0.11,3.26
v2_1200_whole_0,data/synthetic/v2/images/v2_1200_whole_0.jpg,synthetic,train,other,0,0,0,1,1,cercospora,1,other_cercospora,1024,512,476afbd47f9781ae764c082b3b18ca65bc14a0c88facec334941129af32f7055,1200,whole,shade,1246161457,,0,0,0.552,0.059,0.42
v2_1308_closeup_1,data/synthetic/v2/images/v2_1308_closeup_1.jpg,synthetic,train,rust,1,0,0,0,4,rust,1,rust_s3plus_pure,256,256,fb28074e9b34984f771173717a5befa04e7ecebe48477ee8e63e6a5858e1bc41,1308,closeup,golden,238199471,,0,0,0.361,0.102,0.34
v2_1268_closeup_0,data/synthetic/v2/images/v2_1268_closeup_0.jpg,synthetic,train,rust,1,1,0,0,2,rust,2,rust_s2_mixed,512,512,0f49dee40c94a1a72c4b8cbe3f1beb8c061a19ac8f5fdecdb6f917b9421263ba,1268,closeup,shade,1631511637,,0,0,0.401,0.107,0.68
v2_1401_whole_2,data/synthetic/v2/images/v2_1401_whole_2.jpg,synthetic,train,rust,1,1,0,0,4,rust,2,rust_s3plus_mixed,768,768,8685e0452ab0dfd7733339b98d6bfe52f3030717b6b33dcfb496a3459b5b5068,1401,whole,golden,717886602,,0,0,0.581,0.074,1.15
v2_1291_whole_2,data/synthetic/v2/images/v2_1291_whole_2.jpg,synthetic,train,rust,1,1,0,0,3,rust,2,rust_s3plus_mixed,1024,512,11f5302c24f9f69d499f04f74de9d429bf95a02c9ffa6d27dcf312a709e48263,1291,whole,sun_wet,1484959392,,0,0,0.461,0.081,1.23
v2_1435_closeup_0,data/synthetic/v2/images/v2_1435_closeup_0.jpg,synthetic,train,rust,1,1,0,0,1,miner,2,rust_s1_mixed,256,256,2091abf9c27eae62358b4469758f1ed69cbba10eae3b91aba5a488911ff05235,1435,closeup,sun_wet,1366848148,,0,0,0.381,0.123,0.18
v2_0487_whole_0,data/synthetic/v2/images/v2_0487_whole_0.jpg,synthetic,train,other,0,0,1,0,3,phoma,1,other_phoma,1024,512,ae392e4ee702bfcc18c5a3023fe1ebd9519c3da29975319d77db11f669d4a700,487,whole,shade,1295692467,,0,0,0.476,0.107,1.69
v2_0855_closeup_0,data/synthetic/v2/images/v2_0855_closeup_0.jpg,synthetic,train,other,0,1,0,0,1,miner,1,other_miner,512,512,9810b6481bbb6b530231820376703e108cde6a37fdaa5c9ec046e8023e257c1c,855,closeup,overcast,2032423681,,0,0,0.369,0.068,0.95
v2_1287_whole_0,data/synthetic/v2/images/v2_1287_whole_0.jpg,synthetic,train,rust,1,0,0,0,1,rust,1,rust_s1_pure,896,672,122a6da873ea16eade330195b2d26c2a2537987b94d8382884b89b1332843d1e,1287,whole,studio,180212827,,0,0,0.861,0.19,5.46
v2_0684_whole_0,data/synthetic/v2/images/v2_0684_whole_0.jpg,synthetic,train,healthy,0,0,0,0,0,healthy,0,healthy,768,768,1dedff89b05844ab6d68ac9f5e38e51ecc8993ec0e872036ff1c31f3cb9ed84b,684,whole,golden,901537674,,0,0,0.383,0.045,0.72
v2_0715_whole_0,data/synthetic/v2/images/v2_0715_whole_0.jpg,synthetic,train,rust,1,0,0,0,3,rust,1,rust_s3plus_pure,1024,512,a00a95eba655352a9e1792a958030e838c36f4ca78445165b05e919117a656b6,715,whole,overcast,1947620231,,0,0,0.497,0.087,1.85
v2_0486_closeup_0,data/synthetic/v2/images/v2_0486_closeup_0.jpg,synthetic,train,other,0,0,1,0,1,phoma,1,other_phoma,512,512,823713999ffd83cf226b0b5675ff7d15ac1c93e6f2ff339c7825921d0cc82aae,486,closeup,sun,1291376772,,0,0,0.556,0.101,0.45
v2_0970_whole_0,data/synthetic/v2/images/v2_0970_whole_0.jpg,synthetic,train,healthy,0,0,0,0,0,healthy,0,healthy,1024,512,3541cbced70f02ef928b0d8d27bd9a23040dce5a056747d15d7512ee6dd43287,970,whole,studio,1753641169,,0,0,0.815,0.141,5.82
v2_0053_whole_0,data/synthetic/v2/images/v2_0053_whole_0.jpg,synthetic,train,other,0,1,0,0,2,miner,1,other_miner,768,768,d0c3b583def16e2e42d9dd0a2b68f9828a2aac3c73b42d880d1de8627c01b0fb,53,whole,golden,85741157,,0,0,0.507,0.07,0.34
v2_0171_whole_0,data/synthetic/v2/images/v2_0171_whole_0.jpg,synthetic,train,rust,1,0,0,1,1,rust,2,rust_s1_mixed,1024,512,716c02558a808d88480971e209a877620396e7250542fa739e301b7ecd5dfe8a,171,whole,overcast,1496600871,,0,0,0.561,0.059,0.53
v2_1513_closeup_0,data/synthetic/v2/images/v2_1513_closeup_0.jpg,synthetic,train,rust,1,0,0,0,1,rust,1,rust_s1_pure,512,512,e8be692dee8a5ca1a324a12a5e0746757d86f034e0bee26f09a64e90b000cf90,1513,closeup,rain,1117581085,,0,0,0.542,0.07,1.17
v2_1281_closeup_0,data/synthetic/v2/images/v2_1281_closeup_0.jpg,synthetic,train,rust,1,0,0,0,1,rust,1,rust_s1_pure,384,384,c8eb0fd15657d60a93848e12abdc0b2b0450cd0b52d42e723b3fab2819301ee4,1281,closeup,rain,238069993,,0,0,0.552,0.142,1.67
v2_1154_closeup_0,data/synthetic/v2/images/v2_1154_closeup_0.jpg,synthetic,train,other,0,1,0,1,1,undetermined,2,other_multi,384,384,366176823696e3fcdd1eef7fd657e69beb3a980c7401c2b1e59dce39c8d20c50,1154,closeup,overcast,1026672655,,0,0,0.397,0.091,0.43
v2_1465_whole_0,data/synthetic/v2/images/v2_1465_whole_0.jpg,synthetic,train,rust,1,0,0,1,1,rust,2,rust_s1_mixed,768,768,f522c247485d0a0e900c8a7ce42638ad16ec185e57d6a863b1fe87d7c20b495f,1465,whole,overcast,1722188454,,0,0,0.466,0.072,1.31
v2_0404_closeup_0,data/synthetic/v2/images/v2_0404_closeup_0.jpg,synthetic,train,other,0,0,1,0,2,phoma,1,other_phoma,384,384,1fc3e2b32882339914a48f30bc7b53aaf24a702f915fed83221eca34ce607e59,404,closeup,overcast,180888581,,0,0,0.369,0.066,0.32
v2_0135_closeup_0,data/synthetic/v2/images/v2_0135_closeup_0.jpg,synthetic,train,rust,1,0,0,0,3,rust,1,rust_s3plus_pure,512,512,d421df103b7a824b53d5e183142b951ebf14e102bc8a40d89be5ee11b2c3a423,135,closeup,sun,1365208748,,0,0,0.387,0.086,0.28
v2_1285_whole_0,data/synthetic/v2/images/v2_1285_whole_0.jpg,synthetic,train,rust,1,0,0,0,1,rust,1,rust_s1_pure,896,672,a6394ae13211bf365f22acaa7614f694e7451e8e17ed5721a93b20b7a939a353,1285,whole,studio,154730549,,0,0,0.444,0.096,1.2
v2_1534_whole_0,data/synthetic/v2/images/v2_1534_whole_0.jpg,synthetic,train,rust,1,1,0,0,2,rust,2,rust_s2_mixed,768,768,4d38ccb932d78befb91e16f72054b0317e4d4ca2ec389653d69ff3b8ac6e3f6d,1534,whole,sun_wet,1843015955,,0,0,0.632,0.127,0.99
v2_0525_whole_0,data/synthetic/v2/images/v2_0525_whole_0.jpg,synthetic,train,other,0,0,0,1,1,cercospora,1,other_cercospora,1024,512,2ce1c715037254fd5a4f367f3418e9ef8963edc40205a550ab8252ccf8429af3,525,whole,studio,476294921,,0,0,0.91,0.173,4.57
v2_1359_closeup_2,data/synthetic/v2/images/v2_1359_closeup_2.jpg,synthetic,train,rust,1,0,0,0,3,rust,1,rust_s3plus_pure,512,512,fc6fe9fb2c6f95a7646a710f88d05d6e4c08162ff4acfc83f77cf7870ab22da4,1359,closeup,backlit,556230928,,0,0,0.391,0.117,1.87
v2_1598_whole_0,data/synthetic/v2/images/v2_1598_whole_0.jpg,synthetic,train,rust,1,0,0,1,1,rust,2,rust_s1_mixed,1024,512,60e1be47ddb5a34e88651e66b4c3b950422156730cccdb00c021b3dc86f26c1e,1598,whole,sun,192751635,,0,0,0.467,0.069,0.83
v2_1620_whole_0,data/synthetic/v2/images/v2_1620_whole_0.jpg,synthetic,train,rust,1,0,0,1,2,rust,2,rust_s2_mixed,1024,512,c7da9db1512bf40936211a556342cc764de8153b7fa267dfdfca1bf3794e7a22,1620,whole,backlit,365921402,,0,0,0.444,0.069,1.99
v2_1103_whole_0,data/synthetic/v2/images/v2_1103_whole_0.jpg,synthetic,train,rust,1,0,0,0,1,rust,1,rust_s1_pure,768,768,9df457398a038f1cef5ec6aa70914512a60533919b14bdc97ec2dd1833daa285,1103,whole,sun,262155960,,0,0,0.405,0.071,0.38
v2_1653_closeup_0,data/synthetic/v2/images/v2_1653_closeup_0.jpg,synthetic,train,other,0,0,0,1,1,cercospora,1,other_cercospora,256,256,590e70e01a7155a3796fcc3329d925806b0a85b729438f4b6e3f0880f4c22958,1653,closeup,shade,173933210,,0,0,0.522,0.065,0.19
v2_0890_closeup_0,data/synthetic/v2/images/v2_0890_closeup_0.jpg,synthetic,train,rust,1,1,0,0,2,rust,2,rust_s2_mixed,512,512,67bb168e744153d24ef47bed4656452399a2282c92fa9f767c17fe5eb16474cf,890,closeup,sun,892939858,,0,0,0.617,0.088,0.86
v2_0054_whole_0,data/synthetic/v2/images/v2_0054_whole_0.jpg,synthetic,train,other,0,1,0,1,2,miner,2,other_multi,896,672,cc145468659353ca00ce483dcad2ab513fec3372206b1cf159c92ef5b5db4633,54,whole,overcast,5462240,,0,0,0.585,0.062,1.02
v2_0806_whole_0,data/synthetic/v2/images/v2_0806_whole_0.jpg,synthetic,train,rust,1,0,0,0,4,rust,1,rust_s3plus_pure,1024,512,a1346401a0e496903ff564417efbb1b88ab1ae87b24d53b21a229565bbe97572,806,whole,overcast,1287396714,,0,0,0.512,0.062,0.3
v2_1436_whole_0,data/synthetic/v2/images/v2_1436_whole_0.jpg,synthetic,train,rust,1,0,0,0,1,rust,1,rust_s1_pure,768,768,1fc80770305f9c7d9752c4a97fc4c7fe4eb9e25f0a22582dffaf7e36d92e6c42,1436,whole,overcast,1396624589,,0,0,0.418,0.065,2.96
v2_1492_closeup_0,data/synthetic/v2/images/v2_1492_closeup_0.jpg,synthetic,train,rust,1,0,0,0,1,rust,1,rust_s1_pure,256,256,304f4a104f47eeb9582e1f97721e7ace0ff70a1744d0a4a2546df2411a1834de,1492,closeup,backlit,998933621,,0,0,0.513,0.082,0.37
v2_0417_whole_0,data/synthetic/v2/images/v2_0417_whole_0.jpg,synthetic,train,other,0,0,1,0,1,phoma,1,other_phoma,1024,512,099ee2dd44b583056ba3062b13b9bd0b7aaaa11c723ee6775f611eb8068b8b1a,417,whole,sun_wet,808647993,,0,0,0.427,0.062,1.36
v2_0408_whole_0,data/synthetic/v2/images/v2_0408_whole_0.jpg,synthetic,train,other,0,0,1,0,2,phoma,1,other_phoma,1024,512,d4080de76d2224bdab60d717dabe7b337e16429b3b3d2c3297a5690012c39d85,408,whole,overcast,64150881,,0,0,0.529,0.084,2.29
v2_0293_closeup_0,data/synthetic/v2/images/v2_0293_closeup_0.jpg,synthetic,train,other,0,0,1,0,2,phoma,1,other_phoma,512,512,7080a8a8fd60894669f4ac4507ed7a518a70d77834666b7d90750ead372f1e18,293,closeup,sun,2110752938,,0,0,0.585,0.071,0.14
v2_0917_whole_0,data/synthetic/v2/images/v2_0917_whole_0.jpg,synthetic,train,other,0,0,0,1,1,cercospora,1,other_cercospora,1024,512,a498cb595650e36067699540e969e291b60e99669ae85fe954c2fe63e1691628,917,whole,sun_wet,1218591112,,0,0,0.505,0.081,2.23
v2_1068_whole_0,data/synthetic/v2/images/v2_1068_whole_0.jpg,synthetic,train,other,0,1,0,0,2,miner,1,other_miner,768,768,0f091c99503a90a434c41277adec46927f278989ca8b3a9d876cd6f32d5fc6df,1068,whole,sun_wet,469677877,,0,0,0.409,0.109,1.97
v2_1315_closeup_0,data/synthetic/v2/images/v2_1315_closeup_0.jpg,synthetic,train,rust,1,0,0,0,3,rust,1,rust_s3plus_pure,384,384,838d494b8b6c895fa156d412ee57b33ae03e92f3ba24eccd6de2ee82433d2f0c,1315,closeup,rain,1230071311,,0,0,0.469,0.108,0.15
v2_0187_whole_0,data/synthetic/v2/images/v2_0187_whole_0.jpg,synthetic,train,healthy,0,0,0,0,0,healthy,0,healthy,1024,512,0bceca4f9b4a9b4ad1c8f75f545575508e078f5163a55473ec14d5baa662f522,187,whole,rain,98188739,,0,0,0.476,0.046,0.74
v2_1308_whole_0,data/synthetic/v2/images/v2_1308_whole_0.jpg,synthetic,train,rust,1,0,0,0,4,rust,1,rust_s3plus_pure,1024,512,34f37e1b6b2d67b92131c35e3f12f62713a50856a62b0eee526f398bed2f388c,1308,whole,shade,2033553977,,0,0,0.573,0.096,3.21
v2_0659_whole_0,data/synthetic/v2/images/v2_0659_whole_0.jpg,synthetic,train,other,0,0,0,1,1,cercospora,1,other_cercospora,1024,512,ddb710c94972874f5b9319d135ec31de2b5a5aab1bdbb58408b18ee25ccabefd,659,whole,rain,1326322692,,0,0,0.624,0.061,0.92
v2_0946_closeup_0,data/synthetic/v2/images/v2_0946_closeup_0.jpg,synthetic,train,healthy,0,0,0,0,0,healthy,0,healthy,384,384,097bfcb382624c6a67d62eda440a2965e952f3dc8fd444dcd26d347b2d4b0c34,946,closeup,overcast,2126422925,,0,0,0.568,0.091,0.23
v2_0615_whole_0,data/synthetic/v2/images/v2_0615_whole_0.jpg,synthetic,train,rust,1,0,0,1,1,rust,2,rust_s1_mixed,1024,512,fb465d51f00c23d6c2772ae1972c93590dd96c9d91030ac27b876de32c7e9369,615,whole,rain,1232501303,,0,0,0.562,0.073,1.34
v2_1704_closeup_2,data/synthetic/v2/images/v2_1704_closeup_2.jpg,synthetic,train,rust,1,1,0,1,4,rust,3,rust_s3plus_mixed,512,512,e834b3427ae7098039a29d404efd8207c87c40401779647d73f210749934782e,1704,closeup,overcast,1805757617,,0,0,0.453,0.127,0.31
v2_0008_whole_0,data/synthetic/v2/images/v2_0008_whole_0.jpg,synthetic,train,healthy,0,0,0,0,0,healthy,0,healthy,896,672,63c37aae436e14c6114c9da395fd8ffb290682ebc1ff432a55b1354f960a1531,8,whole,overcast,1233849617,,0,0,0.476,0.093,2.73
v2_0742_whole_0,data/synthetic/v2/images/v2_0742_whole_0.jpg,synthetic,train,other,0,0,0,1,1,cercospora,1,other_cercospora,896,672,d8b96b1096787f5d7becb9b617395ea919eea585497bdda9f9d7dbbb6bb86caa,742,whole,sun,1183298864,,0,0,0.412,0.075,0.6
v2_0920_whole_0,data/synthetic/v2/images/v2_0920_whole_0.jpg,synthetic,train,other,0,1,0,0,2,miner,1,other_miner,896,672,f9957594d117853511ef89580f1f21742c686469dab4735b10c9e138a1a192ce,920,whole,studio,1599635683,,0,0,0.566,0.122,2.41
v2_0208_closeup_0,data/synthetic/v2/images/v2_0208_closeup_0.jpg,synthetic,train,healthy,0,0,0,0,0,healthy,0,healthy,512,512,d7bf9c6565e51974f4e017dd5592e8a1397e45ad428cbfc542f5797a7ae2ed5c,208,closeup,golden,210905281,,0,0,0.349,0.084,0.08
v2_0154_whole_0,data/synthetic/v2/images/v2_0154_whole_0.jpg,synthetic,train,rust,1,0,0,1,3,rust,2,rust_s3plus_mixed,1024,512,a454a504d07926ed9e8f0c6b7cc6dce3f1230d6c085059d4a7c7ab8922550c2d,154,whole,rain,1979079495,,0,0,0.579,0.07,6.3
v2_1321_whole_0,data/synthetic/v2/images/v2_1321_whole_0.jpg,synthetic,train,rust,1,1,0,0,1,miner,2,rust_s1_mixed,1024,512,2a273e61354b80a057a057d7f6b7e77cad574ae0eb009ad9c6d3a8ddc5bf08c3,1321,whole,studio,1559060797,,0,0,0.673,0.139,2.69
v2_0315_whole_0,data/synthetic/v2/images/v2_0315_whole_0.jpg,synthetic,train,other,0,0,1,0,2,phoma,1,other_phoma,1024,512,259499c5ce3163bb33920d7e0bd99c7474f86be96d6cee1cf7ad1606ecb50606,315,whole,overcast,26670407,,0,0,0.351,0.061,6.32
v2_1398_closeup_0,data/synthetic/v2/images/v2_1398_closeup_0.jpg,synthetic,train,rust,1,0,0,0,2,rust,1,rust_s2_pure,512,512,36a6eeb49df8e23e9ccf078bc070cbeb422613907075d4f0c09ce6266f6ca9c1,1398,closeup,sun,71163315,,0,0,0.634,0.096,0.81
v2_1606_closeup_1,data/synthetic/v2/images/v2_1606_closeup_1.jpg,synthetic,train,rust,1,0,0,0,4,rust,1,rust_s3plus_pure,512,512,1735cff8da866143b48ec33a410de18458897e58a0432323e1993e2635770b0b,1606,closeup,shade,1280049365,,0,0,0.432,0.114,0.55
v2_1633_whole_2,data/synthetic/v2/images/v2_1633_whole_2.jpg,synthetic,train,rust,1,0,0,1,4,rust,2,rust_s3plus_mixed,896,672,0f5918bd4acab9c54e9ac5e3269a957c687fb5418f86978eca47139bc5b7a653,1633,whole,backlit,1094401130,,0,0,0.64,0.08,1.13
v2_1597_closeup_0,data/synthetic/v2/images/v2_1597_closeup_0.jpg,synthetic,train,rust,1,0,0,0,1,rust,1,rust_s1_pure,512,512,458b135767bf3a1b8bc6d0bf04efcc99cb751d67b576273ace7a0c1e57efa39c,1597,closeup,overcast,2191150,,0,0,0.475,0.059,0.22
v2_1627_closeup_0,data/synthetic/v2/images/v2_1627_closeup_0.jpg,synthetic,train,rust,1,0,0,0,1,rust,1,rust_s1_pure,512,512,39226caf5255c66dda5f4d8bbaf2bd674f395e4b71938b34e455971830ec0061,1627,closeup,sun,276861695,,0,0,0.452,0.053,0.44
v2_1151_whole_0,data/synthetic/v2/images/v2_1151_whole_0.jpg,synthetic,train,healthy,0,0,0,0,0,healthy,0,healthy,768,768,e1dbac96b096bbfc6f1977517159c426088c7325ad9bcab531fb550ab89c1aae,1151,whole,overcast,1006242532,,0,0,0.579,0.075,2.53
v2_1236_whole_2,data/synthetic/v2/images/v2_1236_whole_2.jpg,synthetic,train,rust,1,1,0,0,3,rust,2,rust_s3plus_mixed,768,768,0a232c69d0b75ddb9f3dfbc74c8c3add631edb58a9f0179dc094d8e1fce6aee2,1236,whole,sun_wet,846223425,,0,0,0.533,0.106,6.36
v2_0844_whole_0,data/synthetic/v2/images/v2_0844_whole_0.jpg,synthetic,train,other,0,1,0,0,1,miner,1,other_miner,896,672,a260d29fed2b831cc683120aa247e930e43ef870802f3907ff340d4a227c2894,844,whole,studio,1079664211,,0,0,0.855,0.195,6.72
v2_0957_closeup_0,data/synthetic/v2/images/v2_0957_closeup_0.jpg,synthetic,train,healthy,0,0,0,0,0,healthy,0,healthy,256,256,84e1a16c2378e1338147e0ab30af6569338ff45057d568fc6402fe620ed5beb9,957,closeup,shade,1203810015,,0,0,0.418,0.129,0.2
v2_0613_whole_0,data/synthetic/v2/images/v2_0613_whole_0.jpg,synthetic,train,healthy,0,0,0,0,0,healthy,0,healthy,1024,512,50eb3de3e3f26ad3a996c683fde7a63eccd6f5aa348cb97edd778365d8ccdb8f,613,whole,overcast,1308296837,,0,0,0.462,0.1,3.68
v2_0362_closeup_0,data/synthetic/v2/images/v2_0362_closeup_0.jpg,synthetic,train,other,0,0,1,0,4,phoma,1,other_phoma,256,256,4ea640546f651a7150e072a6ddeb10f6a0a7e07aadf07ed66aefa96e59cb73da,362,closeup,backlit,420404091,,0,0,0.384,0.11,1.92
v2_1219_closeup_0,data/synthetic/v2/images/v2_1219_closeup_0.jpg,synthetic,train,other,0,1,0,0,1,miner,1,other_miner,512,512,f146a1302ede3ebdc664cfddee7bbba060b1ae200b77ed050e846e7fdbdb05db,1219,closeup,golden,2100016859,,0,0,0.524,0.099,0.36
v2_0263_whole_0,data/synthetic/v2/images/v2_0263_whole_0.jpg,synthetic,train,other,0,0,1,0,2,phoma,1,other_phoma,896,672,7b165c5ce0cbd8e4c79e606da44ef5e8f2513d804a209a571639a5ef766ecc2f,263,whole,studio,632068348,,0,0,0.731,0.155,3.18
v2_1625_whole_0,data/synthetic/v2/images/v2_1625_whole_0.jpg,synthetic,train,rust,1,0,0,1,1,cercospora,2,rust_s1_mixed,1024,512,976c93cc73b33232218a6fc9f3cee3146943deea6442f1f167edd4894c549e93,1625,whole,golden,319047313,,0,0,0.558,0.05,1.46
v2_0060_whole_0,data/synthetic/v2/images/v2_0060_whole_0.jpg,synthetic,train,other,0,1,0,0,2,miner,1,other_miner,896,672,e4eb623d8481daa5c140ac9b069ce0ff066b340e2e9ce0e96b73e6b3b191d760,60,whole,sun,368009170,,0,0,0.447,0.071,1.1
v2_1449_whole_0,data/synthetic/v2/images/v2_1449_whole_0.jpg,synthetic,train,rust,1,0,0,0,4,rust,1,rust_s3plus_pure,1024,512,7eeee65775f7353f8c53216f602d5689f29d3401e0530ac520d0bd70f639c8f1,1449,whole,shade,1169535817,,0,0,0.345,0.061,0.69
v2_1346_closeup_2,data/synthetic/v2/images/v2_1346_closeup_2.jpg,synthetic,train,rust,1,0,0,1,3,rust,2,rust_s3plus_mixed,512,512,1ba0ce998d2a6479f9fe076b894835d638462a18c0a441746be4405de38dd093,1346,closeup,golden,315050312,,0,0,0.619,0.121,0.4
v2_1399_closeup_0,data/synthetic/v2/images/v2_1399_closeup_0.jpg,synthetic,train,rust,1,0,0,0,1,rust,1,rust_s1_pure,256,256,9f9f0da1ca255a639298aec7156a8c9802c389b8f193b114722540d3bbce94ea,1399,closeup,sun,100644740,,0,0,0.405,0.109,0.97
v2_0324_whole_0,data/synthetic/v2/images/v2_0324_whole_0.jpg,synthetic,train,other,0,0,1,0,1,phoma,1,other_phoma,896,672,a1ceccf68bd227d6f478b2d687a76a07ecc17b6e525a17de2f775a08b54da5bb,324,whole,overcast,316747934,,0,0,0.506,0.079,1.13
v2_0276_whole_0,data/synthetic/v2/images/v2_0276_whole_0.jpg,synthetic,train,other,0,0,1,0,1,phoma,1,other_phoma,1024,512,a5fe752cdba5f6ac43131073e11af7298fd61f626ff0882c27c5c84c5a0bf554,276,whole,overcast,467352946,,0,0,0.523,0.068,2.11
v2_0289_closeup_0,data/synthetic/v2/images/v2_0289_closeup_0.jpg,synthetic,train,other,0,0,1,0,1,phoma,1,other_phoma,256,256,05ab91c2680e518b6db43beefa12a8888ffd3f90e3b8b6ea30be89b72d553052,289,closeup,shade,1222928921,,0,0,0.39,0.113,0.71
v2_0141_whole_2,data/synthetic/v2/images/v2_0141_whole_2.jpg,synthetic,train,rust,1,1,0,0,3,rust,2,rust_s3plus_mixed,896,672,c15a9f22a377da4000134dc7b0da13e202d2852d05681d03975a055241936539,141,whole,rain,630169573,,0,0,0.501,0.098,0.84
v2_0696_closeup_0,data/synthetic/v2/images/v2_0696_closeup_0.jpg,synthetic,train,healthy,0,0,0,0,0,healthy,0,healthy,384,384,7648bb667364add1fbb4d4dbd3cd7a6ffec600129bc71e2b4b90210aff612679,696,closeup,overcast,243592321,,0,0,0.4,0.069,0.34
v2_0096_closeup_1,data/synthetic/v2/images/v2_0096_closeup_1.jpg,synthetic,train,rust,1,0,0,0,3,rust,1,rust_s3plus_pure,512,512,2e0752c780c7b7a9675da3125227aea25b3b2e30ab243ca1332fd45c49df0be3,96,closeup,overcast,1040581536,,0,0,0.478,0.064,0.55
v2_0735_whole_0,data/synthetic/v2/images/v2_0735_whole_0.jpg,synthetic,train,other,0,1,0,1,2,miner,2,other_multi,768,768,1c77b626ba35cb2e169c82480347e2dd57875fb1e7bd38772195305ba788b796,735,whole,sun,1579129612,,0,0,0.57,0.086,0.32
v2_0266_whole_0,data/synthetic/v2/images/v2_0266_whole_0.jpg,synthetic,train,other,0,0,1,0,1,phoma,1,other_phoma,1024,512,852dc573229e8a2e96eb0d3bab54b52f6b2307eccf05018b8b498755e403563b,266,whole,shade,593975831,,0,0,0.609,0.06,3.14
v2_0116_whole_0,data/synthetic/v2/images/v2_0116_whole_0.jpg,synthetic,train,rust,1,0,0,0,1,rust,1,rust_s1_pure,896,672,4aa5b3f10f04bba61df6df5de0a4c134556b1debb496e1a9c0e2218888a0296c,116,whole,sun,2031097982,,0,0,0.606,0.094,0.37
v2_0542_whole_0,data/synthetic/v2/images/v2_0542_whole_0.jpg,synthetic,train,other,0,0,1,0,1,phoma,1,other_phoma,1024,512,82e5a01cc0bb070477b319b577f9bf830131ca1f1dd4768c358208d50450d591,542,whole,sun,1011344976,,0,0,0.497,0.077,1.37
v2_1204_whole_0,data/synthetic/v2/images/v2_1204_whole_0.jpg,synthetic,train,other,0,1,0,0,1,miner,1,other_miner,1024,512,c18e662c2bd2140d756a9d29b300f7635a3d15721c0f1962e8705cb27e86855f,1204,whole,rain,1297040109,,0,0,0.604,0.065,3.1
v2_0810_whole_0,data/synthetic/v2/images/v2_0810_whole_0.jpg,synthetic,train,healthy,0,0,0,0,0,healthy,0,healthy,1024,512,f12a53b25d981862047a0ae29b65f0f59b3cac5a8e361c4111955a5c87b45504,810,whole,backlit,1888290493,,0,0,0.376,0.085,1.67
v2_0614_whole_0,data/synthetic/v2/images/v2_0614_whole_0.jpg,synthetic,train,healthy,0,0,0,0,0,healthy,0,healthy,768,768,b32bcca16ebfe2419ff9d1a8ec6efe976184e1fa5de4d4f9b442a4a2bfe09fe4,614,whole,sun,1219760128,,0,0,0.379,0.068,0.58
v2_1272_whole_0,data/synthetic/v2/images/v2_1272_whole_0.jpg,synthetic,train,rust,1,0,0,0,1,rust,1,rust_s1_pure,1024,512,623cd06921ca27e05a9c872bd17d0232654ff80531c2c840b9ffc62bd725b746,1272,whole,sun_wet,1410664166,,0,0,0.485,0.091,4.55
v2_0912_whole_0,data/synthetic/v2/images/v2_0912_whole_0.jpg,synthetic,train,rust,1,1,0,0,2,rust,2,rust_s2_mixed,768,768,0abc00ae9af510aceb5492d728ce34bfa54e1ec78b1c809dee083a6fb4f206d3,912,whole,rain,1315568483,,0,0,0.618,0.072,2.38
v2_0098_whole_0,data/synthetic/v2/images/v2_0098_whole_0.jpg,synthetic,train,rust,1,0,0,0,2,rust,1,rust_s2_pure,896,672,7338718e4cf8f9a68dc9c999d075a9cd51bd640414a6a9acb2ae1afd54629d55,98,whole,backlit,1134501436,,0,0,0.638,0.082,0.78
v2_1289_whole_0,data/synthetic/v2/images/v2_1289_whole_0.jpg,synthetic,train,rust,1,0,0,0,1,rust,1,rust_s1_pure,896,672,9f64def2e88ec87aee4f0cdb7fad4b5ea990a0eef6a7451578854d9420f985a3,1289,whole,sun,2357585,,0,0,0.441,0.08,1.54
v2_0682_whole_2,data/synthetic/v2/images/v2_0682_whole_2.jpg,synthetic,train,rust,1,0,0,1,4,cercospora,2,rust_s3plus_mixed,1024,512,fc3fd52c34366cdc7706cc0e7baa478a95dfb8558933a91b01e36f478c0a7415,682,whole,sun,1597981204,,0,0,0.515,0.074,0.55
v2_1734_whole_0,data/synthetic/v2/images/v2_1734_whole_0.jpg,synthetic,train,rust,1,0,0,0,1,rust,1,rust_s1_pure,1024,512,adb8b8ba09a50f5ea11149f42c421220c837295e32ebd5432aaccb2d183d5830,1734,whole,rain,387605107,,0,0,0.499,0.084,5.34
v2_1482_closeup_0,data/synthetic/v2/images/v2_1482_closeup_0.jpg,synthetic,train,other,0,1,0,0,1,miner,1,other_miner,256,256,69968f4ef3d7f18776d312741d3c4125e3c86faa277adf87d41e76ce413dc4ad,1482,closeup,overcast,53928720,,0,0,0.623,0.119,0.16
v2_0738_whole_0,data/synthetic/v2/images/v2_0738_whole_0.jpg,synthetic,train,rust,1,0,0,1,2,rust,2,rust_s2_mixed,1024,512,248d1a8557b04e70ec3363bdd7c3d42941492fa69a77594a79f2e2e6674acab5,738,whole,sun,1455884383,,0,0,0.356,0.057,0.99
v2_0985_closeup_0,data/synthetic/v2/images/v2_0985_closeup_0.jpg,synthetic,train,healthy,0,0,0,0,0,healthy,0,healthy,512,512,1c399c45fc7734d30a76c33b09f7803e8aaac164277af7e60ffb76022e8de889,985,closeup,sun,909025900,,0,0,0.596,0.069,0.07
v2_0014_whole_0,data/synthetic/v2/images/v2_0014_whole_0.jpg,synthetic,train,healthy,0,0,0,0,0,healthy,0,healthy,896,672,df55e351bca67c524e85f7ef7dd4443e1290914d3b3dd0d970c5fe3be0850253,14,whole,sun,254922679,,0,0,0.444,0.077,0.96
v2_0919_whole_0,data/synthetic/v2/images/v2_0919_whole_0.jpg,synthetic,train,healthy,0,0,0,0,0,healthy,0,healthy,896,672,5d9e69183400b7806c809655c6a87c99a354def933f112f629708626e919990d,919,whole,studio,1111233666,,0,0,0.784,0.195,6.01
v2_0972_whole_0,data/synthetic/v2/images/v2_0972_whole_0.jpg,synthetic,train,healthy,0,0,0,0,0,healthy,0,healthy,896,672,970ad45dd178ffd1efd8889934f95d1bd3c20847b3fc24e1bcd2ede4ced5cc42,972,whole,studio,1795335359,,0,0,0.83,0.165,5.85
v2_0274_whole_0,data/synthetic/v2/images/v2_0274_whole_0.jpg,synthetic,train,other,0,0,1,0,1,phoma,1,other_phoma,1024,512,1299b24540158a90855a701b891b2d25e85ae5a0362ebdd301585b2aef19991a,274,whole,sun_wet,408938780,,0,0,0.448,0.068,3.62
v2_1707_closeup_0,data/synthetic/v2/images/v2_1707_closeup_0.jpg,synthetic,train,rust,1,0,0,1,3,rust,2,rust_s3plus_mixed,384,384,13955f46a5943189b9259d6f3677371cb7bfc9dab727315c14b68502d7096401,1707,closeup,shade,132740036,,0,0,0.363,0.058,0.11
v2_1198_whole_0,data/synthetic/v2/images/v2_1198_whole_0.jpg,synthetic,train,healthy,0,0,0,0,0,healthy,0,healthy,768,768,072b191c6a5bad7b94a3f75253505f4f6ae827dae828c1a9246ed8152ee72d9e,1198,whole,rain,2130546387,,0,0,0.628,0.106,1.5
v2_1498_whole_0,data/synthetic/v2/images/v2_1498_whole_0.jpg,synthetic,train,rust,1,0,0,0,1,rust,1,rust_s1_pure,768,768,d9e9e40d07e8b2a8a189b26f9fe8a1fd8b9a1d952051883da8a654ad0cb2e902,1498,whole,shade,907870627,,0,0,0.475,0.1,3.64
v2_0861_closeup_0,data/synthetic/v2/images/v2_0861_closeup_0.jpg,synthetic,train,other,0,1,0,0,1,miner,1,other_miner,512,512,690dfaaeedcaa4c085d9d7e0d8a4455600a02393f71cce4ff188f9249292ab2e,861,closeup,sun,1821922355,,0,0,0.46,0.089,0.3
v2_1248_whole_2,data/synthetic/v2/images/v2_1248_whole_2.jpg,synthetic,train,rust,1,1,0,0,4,rust,2,rust_s3plus_mixed,1024,512,f562909b359dd8b30ababe178294e15f8daa86d2ec5dab86daccf1675db2460d,1248,whole,overcast,624512498,,0,0,0.592,0.094,1.2
v2_0374_closeup_0,data/synthetic/v2/images/v2_0374_closeup_0.jpg,synthetic,train,other,0,0,1,0,1,phoma,1,other_phoma,512,512,cf646507dd324dbbe9fd72d19b91e8a7fec354a1c151628cee2b4381bedcd450,374,closeup,sun,624935084,,0,0,0.451,0.073,0.53
v2_1024_whole_0,data/synthetic/v2/images/v2_1024_whole_0.jpg,synthetic,train,other,0,1,0,0,2,miner,1,other_miner,1024,512,dc9151cd131e2b14ab81777cd82a84b9255ba2b34aa2c99cc789f8f6c9a26def,1024,whole,backlit,495376646,,0,0,0.573,0.087,1.23
v2_1654_whole_0,data/synthetic/v2/images/v2_1654_whole_0.jpg,synthetic,train,other,0,0,0,1,1,cercospora,1,other_cercospora,768,768,c2c39e7ca0177cdaede0aaa393550599287eb3d35229978aea6133800eecd115,1654,whole,overcast,252777503,,0,0,0.579,0.109,0.45
v2_1121_whole_0,data/synthetic/v2/images/v2_1121_whole_0.jpg,synthetic,train,other,0,1,0,0,1,miner,1,other_miner,896,672,3953fbd68958ac7395d5aebaa3864562339a1a04c577f53f478c1745098eb9a1,1121,whole,golden,640496221,,0,0,0.505,0.063,1.57
v2_0027_closeup_0,data/synthetic/v2/images/v2_0027_closeup_0.jpg,synthetic,train,other,0,1,0,0,1,miner,1,other_miner,256,256,bb03b2bed6f5d6db72ce371570f1587110934b1c227faccc72fddf79f40fd7e6,27,closeup,overcast,532864512,,0,0,0.531,0.077,0.1
v2_1290_whole_0,data/synthetic/v2/images/v2_1290_whole_0.jpg,synthetic,train,rust,1,0,0,0,1,rust,1,rust_s1_pure,1024,512,359b25751e74f7de564ce131a950357d33884d6ec9947702c85a4c4b66952c64,1290,whole,sun,927901115,,0,0,0.489,0.08,3.72
v2_1685_closeup_0,data/synthetic/v2/images/v2_1685_closeup_0.jpg,synthetic,train,healthy,0,0,0,0,0,healthy,0,healthy,512,512,cb73a39b01a0149c7e682a41c16cf35e51c34ecd1ec2e816bd0af1a696b8aa4e,1685,closeup,rain,2092541685,,0,0,0.37,0.117,1.41
v2_0290_closeup_0,data/synthetic/v2/images/v2_0290_closeup_0.jpg,synthetic,train,other,0,0,1,0,2,phoma,1,other_phoma,384,384,1d2832aa81f660d4d4c45e2fc32edf52319cfb96814f40ad428184e5968fb518,290,closeup,sun,2139698931,,0,0,0.292,0.096,0.48
v2_1471_whole_0,data/synthetic/v2/images/v2_1471_whole_0.jpg,synthetic,train,rust,1,0,0,1,1,undetermined,2,rust_s1_mixed,1024,512,bdeba7623120c39c86e47d127135fe91a5bd188f468407756e8ec6a3d4fe10fa,1471,whole,overcast,1494437151,,0,0,0.247,0.087,2.24
v2_1603_whole_0,data/synthetic/v2/images/v2_1603_whole_0.jpg,synthetic,train,rust,1,0,0,0,1,rust,1,rust_s1_pure,1024,512,45e394f61817902711464470f6a06939a8b0aeca9ff06e79b00692c6236dd279,1603,whole,studio,1031860904,,0,0,0.866,0.216,11.31
v2_0140_whole_0,data/synthetic/v2/images/v2_0140_whole_0.jpg,synthetic,train,rust,1,0,0,0,2,rust,1,rust_s2_pure,1024,512,6df12acafaa1b08d73493c72154fde3bfda2b46b11f0e93c782020c1725d45cd,140,whole,shade,1245943038,,0,0,0.538,0.083,1.18
v2_0122_closeup_0,data/synthetic/v2/images/v2_0122_closeup_0.jpg,synthetic,train,rust,1,0,0,0,3,rust,1,rust_s3plus_pure,512,512,69a1b03b22a937a7c224a5b85139c7bfb4ddb89daa8918fe703208fe257a1601,122,closeup,sun,1823219532,,0,0,0.54,0.106,0.29
v2_1305_closeup_0,data/synthetic/v2/images/v2_1305_closeup_0.jpg,synthetic,train,other,0,1,0,0,1,miner,1,other_miner,256,256,5c8775e80f1bc10c3663a65c90522d0215c1fc57716d1c915c32001f61afe488,1305,closeup,golden,1911357802,,0,0,0.553,0.08,1.62
v2_0047_whole_0,data/synthetic/v2/images/v2_0047_whole_0.jpg,synthetic,train,other,0,1,0,0,2,miner,1,other_miner,1024,512,509181172494d0c3904a7ec205d59984c6d6d803e62ca6c416cce7065ae2baa6,47,whole,sun,984187356,,0,0,0.605,0.074,3.0
v2_0627_whole_0,data/synthetic/v2/images/v2_0627_whole_0.jpg,synthetic,train,healthy,0,0,0,0,0,healthy,0,healthy,1024,512,03fe51eb662f605d0eb69a093d83b2ddfb63d4c51d4baf6d931fa51300cac2d3,627,whole,sun_wet,1481048503,,0,0,0.52,0.079,3.83
v2_0620_closeup_0,data/synthetic/v2/images/v2_0620_closeup_0.jpg,synthetic,train,other,0,1,0,0,1,miner,1,other_miner,384,384,ed2d64871cfec55cc8a78b1c83f6b20063e8b82a294870514786284460c29d29,620,closeup,overcast,1560811314,,0,0,0.533,0.076,0.13
v2_0626_whole_0,data/synthetic/v2/images/v2_0626_whole_0.jpg,synthetic,train,healthy,0,0,0,0,0,healthy,0,healthy,1024,512,67949f96e197c375daf09ae590b13ac2b5c6a1b08e808f4961ef284eea77e569,626,whole,studio,1501916032,,0,0,0.677,0.144,7.97
v2_0407_whole_0,data/synthetic/v2/images/v2_0407_whole_0.jpg,synthetic,train,other,0,0,1,0,2,phoma,1,other_phoma,1024,512,eb61d8fc5565de15dd879265a4fe5ce787a47225be3d4b632c01c6adb9143c67,407,whole,sun,143563356,,0,0,0.457,0.07,2.16
v2_1451_whole_0,data/synthetic/v2/images/v2_1451_whole_0.jpg,synthetic,train,other,0,1,0,0,1,miner,1,other_miner,1024,512,5c6f4957713e7cf9474aefb9f887a19bdebe5ea4fbeea0ad04f50fe73f73ba72,1451,whole,overcast,1931117972,,0,0,0.301,0.074,2.02
v2_0605_closeup_0,data/synthetic/v2/images/v2_0605_closeup_0.jpg,synthetic,train,rust,1,0,0,1,3,rust,2,rust_s3plus_mixed,512,512,3b0c28ebacaf8d873630a4e3748b0dc39c1b0d748ae01d9801f8f37070e4b0e3,605,closeup,backlit,1909071186,,0,0,0.502,0.071,0.33
v2_0373_whole_0,data/synthetic/v2/images/v2_0373_whole_0.jpg,synthetic,train,other,0,0,1,0,1,phoma,1,other_phoma,896,672,f14ad54b4126b524220aff67bdeff225da4e96088595d2fc946258da8dd5c5cf,373,whole,golden,544265769,,0,0,0.597,0.07,3.81
v2_1611_whole_0,data/synthetic/v2/images/v2_1611_whole_0.jpg,synthetic,train,other,0,0,0,1,1,cercospora,1,other_cercospora,1024,512,63083b54c45f5a0041553698b2b1b55ca5a1f68e5b629f7ca9ce3ec9b56166d8,1611,whole,sun,112738723,,0,0,0.52,0.084,1.32
v2_1525_closeup_1,data/synthetic/v2/images/v2_1525_closeup_1.jpg,synthetic,train,rust,1,1,0,0,3,undetermined,2,rust_s3plus_mixed,384,384,ae71f1090ef2febe5212c041ba3cc64d7e0694d3854fdf2ef891d5895c325b86,1525,closeup,backlit,597888215,,0,0,0.522,0.049,0.33
v2_1479_whole_0,data/synthetic/v2/images/v2_1479_whole_0.jpg,synthetic,train,rust,1,0,0,1,1,rust,2,rust_s1_mixed,1024,512,ae93844bbba53d2658d5c75b5d556ac66a83db012d1ab1863907b37c015c2c0a,1479,whole,overcast,1459625127,,0,0,0.503,0.09,1.04
v2_0607_closeup_0,data/synthetic/v2/images/v2_0607_closeup_0.jpg,synthetic,train,other,0,1,0,0,1,miner,1,other_miner,256,256,0b9e5486b1eea95c8a0b42f9a57feabe5c88f9b044ab31f6c51cb9c221fbf73b,607,closeup,backlit,1917765948,,0,0,0.61,0.103,0.44
v2_1189_whole_0,data/synthetic/v2/images/v2_1189_whole_0.jpg,synthetic,train,other,0,1,0,0,1,miner,1,other_miner,1024,512,de9da9c7295c5bc0e4813d5aa4bbecfb5442c754476a76181d55292c4643977c,1189,whole,overcast,1199801217,,0,0,0.502,0.048,0.35
v2_0893_closeup_0,data/synthetic/v2/images/v2_0893_closeup_0.jpg,synthetic,train,other,0,1,0,0,2,miner,1,other_miner,384,384,b0d3381435e042926d047cf471abd9c884a4a0c6be7de0ab3ee9c8714abea46a,893,closeup,shade,931106827,,0,0,0.299,0.062,0.63
v2_1026_closeup_0,data/synthetic/v2/images/v2_1026_closeup_0.jpg,synthetic,train,other,0,1,0,0,1,miner,1,other_miner,512,512,7a6963067619062212342fbce52e415150208fddcfd4a77889863c4c966896b9,1026,closeup,golden,503450984,,0,0,0.483,0.086,0.2
v2_1522_whole_0,data/synthetic/v2/images/v2_1522_whole_0.jpg,synthetic,train,rust,1,0,0,0,1,rust,1,rust_s1_pure,1024,512,88fefc2b529ec14e9f7ca497a9499702815491b36267cf05848c5faa77a13655,1522,whole,golden,1374366404,,0,0,0.591,0.116,2.82
v2_0592_closeup_0,data/synthetic/v2/images/v2_0592_closeup_0.jpg,synthetic,train,other,0,0,1,0,1,phoma,1,other_phoma,256,256,d21d251b9c6fbd58a08a49a5552c205e2e63f18b6295ec5d2350dc598c16dcba,592,closeup,overcast,1311587981,,0,0,0.483,0.097,0.29
v2_1717_closeup_0,data/synthetic/v2/images/v2_1717_closeup_0.jpg,synthetic,train,rust,1,1,0,0,1,rust,2,rust_s1_mixed,384,384,4db36f31f6460077da556fa685de7f6deb3f3a94a68da9f1febdc37109bd82d8,1717,closeup,overcast,1062540449,,0,0,0.372,0.047,0.68
v2_0376_closeup_0,data/synthetic/v2/images/v2_0376_closeup_0.jpg,synthetic,train,other,0,0,1,0,1,phoma,1,other_phoma,512,512,85a54a5b81764813b1a550393a8a316fc661f3d306680d0dde14200a667acdb5,376,closeup,overcast,649794754,,0,0,0.487,0.081,0.55
v2_0334_whole_0,data/synthetic/v2/images/v2_0334_whole_0.jpg,synthetic,train,other,0,0,1,0,2,phoma,1,other_phoma,1024,512,55735bc7be984ff7fc13e14fc3907fc9cfc8eff6158c1eb68e855f8270947dd9,334,whole,sun_wet,710760443,,0,0,0.527,0.085,4.56
v2_0141_whole_0,data/synthetic/v2/images/v2_0141_whole_0.jpg,synthetic,train,rust,1,1,0,0,3,rust,2,rust_s3plus_mixed,1024,512,afedf2c5f9484de73022a65c0c7f6cb4de0132b9874f7ae0bbbb28d583b5fc06,141,whole,rain,1266810569,,0,0,0.606,0.038,0.86
v2_0589_closeup_1,data/synthetic/v2/images/v2_0589_closeup_1.jpg,synthetic,train,rust,1,1,0,0,3,rust,2,rust_s3plus_mixed,512,512,3c4f7fcd02fafd5e626b5a16e4405373a0506cec9d41aface2caeb70601dc3b4,589,closeup,overcast,230917791,,0,0,0.508,0.149,6.13
v2_0631_closeup_0,data/synthetic/v2/images/v2_0631_closeup_0.jpg,synthetic,train,healthy,0,0,0,0,0,healthy,0,healthy,256,256,cba48c872c6990beb4bc8f6c3954e65dcf5f6440f60725f9ba9edbe7f5119528,631,closeup,rain,1685461600,,0,0,0.592,0.056,0.31
v2_1663_closeup_0,data/synthetic/v2/images/v2_1663_closeup_0.jpg,synthetic,train,rust,1,0,0,1,2,cercospora,2,rust_s2_mixed,256,256,1eba7b55e30e5b0a256970eff9a6f9919ee9295fff003de22a00b6614aaba400,1663,closeup,rain,418098548,,0,0,0.399,0.059,0.48
v2_0430_closeup_0,data/synthetic/v2/images/v2_0430_closeup_0.jpg,synthetic,train,other,0,0,1,0,1,phoma,1,other_phoma,384,384,216c4e821bb6fe785efa76774353a554a4151dd209bab1c73ea3e29a6ddfd231,430,closeup,sun,527704887,,0,0,0.579,0.072,0.15
v2_0092_whole_0,data/synthetic/v2/images/v2_0092_whole_0.jpg,synthetic,train,rust,1,0,0,0,1,rust,1,rust_s1_pure,896,672,2a06c1c250fc8eed502ad1d35bd2470a6734a1845593ffd0d55689ad9d92ae3d,92,whole,sun,1309187050,,0,0,0.474,0.061,2.05
v2_0083_whole_0,data/synthetic/v2/images/v2_0083_whole_0.jpg,synthetic,train,other,0,1,0,0,1,miner,1,other_miner,1024,512,8fec9b1bc8b4903de1d0f8ff0bc7f0ca051e5d5c7b5e260ac9bf615da55dbff3,83,whole,sun,2004260536,,0,0,0.589,0.077,3.59
v2_1109_closeup_0,data/synthetic/v2/images/v2_1109_closeup_0.jpg,synthetic,train,other,0,1,0,0,2,miner,1,other_miner,384,384,6863c47d3c673e9ce84ab99df3e25e009b3a73f8ccc93212ef3e34b804b736f2,1109,closeup,golden,37202798,,0,0,0.493,0.062,0.11
v2_0369_closeup_0,data/synthetic/v2/images/v2_0369_closeup_0.jpg,synthetic,train,other,0,0,1,0,4,phoma,1,other_phoma,512,512,8da348d22490a2f5876be2fafa8f3174553b9af700d17b9d4f8a8c7cc3e9641d,369,closeup,sun_wet,358298778,,0,0,0.408,0.12,0.77
v2_0575_whole_0,data/synthetic/v2/images/v2_0575_whole_0.jpg,synthetic,train,other,0,1,0,0,1,miner,1,other_miner,1024,512,cd0b180c8c425bc21c29af2905929cc3e212dd42f09f1cb0e056026da4cddd74,575,whole,sun,733830971,,0,0,0.51,0.068,0.91
v2_1480_closeup_0,data/synthetic/v2/images/v2_1480_closeup_0.jpg,synthetic,train,other,0,1,0,1,1,miner,2,other_multi,256,256,1b61016c5f42634357e425d956c9a479772c2069af10edd973ff9a135818e69c,1480,closeup,overcast,11679614,,0,0,0.558,0.098,0.35
v2_0548_whole_0,data/synthetic/v2/images/v2_0548_whole_0.jpg,synthetic,train,other,0,0,1,0,2,phoma,1,other_phoma,1024,512,43a8d0382c6bfaf462aed1be75c7a7c7bea8a897c1841dd1df319cbc63f2746a,548,whole,golden,835740550,,0,0,0.526,0.07,1.44
v2_0086_whole_0,data/synthetic/v2/images/v2_0086_whole_0.jpg,synthetic,train,other,0,1,0,0,1,miner,1,other_miner,1024,512,ed0b0bac5c69d13cb9e20fbedc4a8e52223576da8c3eb1adf849caebb0698316,86,whole,overcast,1908233299,,0,0,0.405,0.103,1.19
v2_0726_whole_0,data/synthetic/v2/images/v2_0726_whole_0.jpg,synthetic,train,rust,1,0,0,0,1,rust,1,rust_s1_pure,1024,512,6589f8710d354ce316ad7e10811b2c833a55601bc8e70174377ea45f5ad1a960,726,whole,shade,1692746288,,0,0,0.573,0.083,1.59
v2_1237_closeup_1,data/synthetic/v2/images/v2_1237_closeup_1.jpg,synthetic,train,rust,1,1,0,0,3,rust,2,rust_s3plus_mixed,256,256,7503abeed8e29a1de6b1893b71d29a89154d13b23f93e169777631a1328b5780,1237,closeup,overcast,716923852,,0,0,0.316,0.093,0.07
v2_1054_whole_0,data/synthetic/v2/images/v2_1054_whole_0.jpg,synthetic,train,healthy,0,0,0,0,0,healthy,0,healthy,768,768,ab6b1eb2849710f4ffd06aea3afd4a34694ab04035f4728a0ee56c8e3320f01e,1054,whole,overcast,5366207,,0,0,0.59,0.079,2.17
v2_0663_whole_0,data/synthetic/v2/images/v2_0663_whole_0.jpg,synthetic,train,rust,1,1,0,0,2,miner,2,rust_s2_mixed,896,672,f8a9381fb5c6ec540fb768d3ea010f22b03b44ae4d215189598e9f03511e53c3,663,whole,studio,1345076796,,0,0,0.861,0.167,10.28
v2_0061_closeup_0,data/synthetic/v2/images/v2_0061_closeup_0.jpg,synthetic,train,other,0,1,0,1,3,miner,2,other_multi,512,512,39e2e48fc6dcea657d01da700aa95b4bec814ae2d7968206090179fcf71d0d6e,61,closeup,shade,338507237,,0,0,0.502,0.08,0.29
v2_1675_closeup_0,data/synthetic/v2/images/v2_1675_closeup_0.jpg,synthetic,train,other,0,0,0,1,1,cercospora,1,other_cercospora,256,256,4df5782b1f77fee712a9b25f0cbcf436f07f19b4c0b310abaa1ef1f41b64b093,1675,closeup,sun,618313379,,0,0,0.455,0.096,0.69
v2_1468_whole_0,data/synthetic/v2/images/v2_1468_whole_0.jpg,synthetic,train,rust,1,0,0,0,4,rust,1,rust_s3plus_pure,1024,512,f2128ebcc7f794568d51c1327f4f7b32d3609f5cbb8ef3ab7eb6153cde0c7b37,1468,whole,sun,1853755893,,0,0,0.51,0.092,1.2
v2_0859_whole_0,data/synthetic/v2/images/v2_0859_whole_0.jpg,synthetic,train,rust,1,0,0,0,1,rust,1,rust_s1_pure,1024,512,9a86ea6d2bb9edd6c580d88da0d9c31fc89efaca26c3c337cef2e1a3a85e224c,859,whole,sun,1883155045,,0,0,0.579,0.12,3.22
v2_0335_closeup_0,data/synthetic/v2/images/v2_0335_closeup_0.jpg,synthetic,train,other,0,0,1,0,1,phoma,1,other_phoma,256,256,d8a74a8f656d4aa5e00786c5ccfeb255b44358567ad1fa0adcda048d5fdba82a,335,closeup,overcast,731856332,,0,0,0.402,0.116,1.17
v2_1724_whole_0,data/synthetic/v2/images/v2_1724_whole_0.jpg,synthetic,train,rust,1,0,0,1,1,cercospora,2,rust_s1_mixed,768,768,fba370b7375b9f27f6f889d5b272cca0813d6de1c01b8c89c5941483c9209225,1724,whole,overcast,799409430,,0,0,0.561,0.08,0.85
v2_0529_whole_0,data/synthetic/v2/images/v2_0529_whole_0.jpg,synthetic,train,other,0,0,1,0,1,phoma,1,other_phoma,1024,512,34231ff9349ebf2483287d21aa15dbe61adb5ef09b02dd6e42670d27fff9cebd,529,whole,shade,360273517,,0,0,0.497,0.1,1.62
v2_1510_whole_0,data/synthetic/v2/images/v2_1510_whole_0.jpg,synthetic,train,rust,1,0,0,0,1,rust,1,rust_s1_pure,768,768,d9e439bb9ae0e26cd43cb226cec40d1e8e8e6fd3988a0b173c4a6e9bb99b281b,1510,whole,rain,1088049476,,0,0,0.636,0.083,11.29
v2_0948_whole_0,data/synthetic/v2/images/v2_0948_whole_0.jpg,synthetic,train,healthy,0,0,0,0,0,healthy,0,healthy,1024,512,56d3638215bff618122f9aedf77aadffef682f31af0dfc37a5d28f42fce71dfe,948,whole,overcast,1948290695,,0,0,0.513,0.069,1.42
v2_0674_closeup_0,data/synthetic/v2/images/v2_0674_closeup_0.jpg,synthetic,train,healthy,0,0,0,0,0,healthy,0,healthy,256,256,4f5c71c7d5e70e8894a02d80177c6ada7a933b6d0a2f9b8f75e517b54a32c850,674,closeup,rain,1843351516,,0,0,0.58,0.074,1.41
v2_1460_closeup_0,data/synthetic/v2/images/v2_1460_closeup_0.jpg,synthetic,train,rust,1,1,0,0,2,rust,2,rust_s2_mixed,256,256,f538cae6d8740722c8941dd1d757532bba5a8c2e9c5f52b62ee78f8811b9102e,1460,closeup,overcast,1617772621,,0,0,0.471,0.084,0.26
v2_1362_whole_0,data/synthetic/v2/images/v2_1362_whole_0.jpg,synthetic,train,other,0,1,0,0,1,miner,1,other_miner,1024,512,7ae76e63e86d14ca4b3042ef7f3d2b66f5eb0cc5a267c5e6c253c74688198380,1362,whole,sun,1372145715,,0,0,0.648,0.101,3.04
v2_1370_whole_0,data/synthetic/v2/images/v2_1370_whole_0.jpg,synthetic,train,healthy,0,0,0,0,0,healthy,0,healthy,1024,512,9a84f38b33d0e13db7645af91b244d65e74835118edf7f26edea783a7f53f820,1370,whole,studio,1794243384,,0,0,0.7,0.199,7.71
v2_0475_closeup_0,data/synthetic/v2/images/v2_0475_closeup_0.jpg,synthetic,train,other,0,0,1,0,1,phoma,1,other_phoma,256,256,e49b202177083032454b762c10f81be6c6055cbec5fdb3f32bf219b1c4638c83,475,closeup,overcast,383612555,,0,0,0.612,0.091,0.84
v2_1097_closeup_0,data/synthetic/v2/images/v2_1097_closeup_0.jpg,synthetic,train,other,0,1,0,0,1,miner,1,other_miner,512,512,2eedd006abc56e555fc5d7a19304f3d3057568c8c4dd5fd80cd12e79b9d94859,1097,closeup,sun,1220665438,,0,0,0.395,0.066,0.09
v2_1046_closeup_1,data/synthetic/v2/images/v2_1046_closeup_1.jpg,synthetic,train,rust,1,1,0,0,3,undetermined,2,rust_s3plus_mixed,384,384,3c057a7e670ca2e5d7b025df08275a9f8394ef1f6a687ffbd44b3006ecb36820,1046,closeup,sun_wet,1282302498,,0,0,0.424,0.073,0.24
v2_1408_closeup_0,data/synthetic/v2/images/v2_1408_closeup_0.jpg,synthetic,train,rust,1,0,0,1,1,rust,2,rust_s1_mixed,512,512,ced65170d454c84220d32af55c8487c2d613bd1bcb3b155874676ae405b7d957,1408,closeup,overcast,1259687465,,0,0,0.471,0.164,0.21
v2_1661_closeup_0,data/synthetic/v2/images/v2_1661_closeup_0.jpg,synthetic,train,rust,1,0,0,1,1,cercospora,2,rust_s1_mixed,512,512,a5b3c775519ae97d8c2bf66a1c9a7c3f8690ffdfb5331439ad1b2f0bc005cf35,1661,closeup,rain,460290330,,0,0,0.424,0.118,0.25
v2_1248_closeup_1,data/synthetic/v2/images/v2_1248_closeup_1.jpg,synthetic,train,rust,1,1,0,0,4,rust,2,rust_s3plus_mixed,384,384,842bd997948ce9fa5476b3b8b8f2c403783bc4fb6fb112f4bbcbe9af55de981a,1248,closeup,sun,1009785928,,0,0,0.51,0.079,0.14
v2_0021_whole_0,data/synthetic/v2/images/v2_0021_whole_0.jpg,synthetic,train,other,0,1,0,0,3,miner,1,other_miner,1024,512,81f745b5042d89628533ef9d95b69df9e38097029ad02407bd390bdd633b56a1,21,whole,sun,458203826,,0,0,0.413,0.055,0.88
v2_1725_whole_0,data/synthetic/v2/images/v2_1725_whole_0.jpg,synthetic,train,other,0,0,0,1,1,cercospora,1,other_cercospora,1024,512,7ad0fc45d0f49efd317ee92986c12aeaff75bcb35b22aabb0d09f64cea8d0cac,1725,whole,rain,778333985,,0,0,0.438,0.09,8.37
v2_1416_whole_0,data/synthetic/v2/images/v2_1416_whole_0.jpg,synthetic,train,rust,1,0,0,1,1,cercospora,2,rust_s1_mixed,1024,512,0aa245a097b8cc7af2050eca3df6a455dd37201f4e80ae3c67bc3b89ee325dda,1416,whole,studio,2033648710,,0,0,0.741,0.175,10.72
v2_1082_closeup_0,data/synthetic/v2/images/v2_1082_closeup_0.jpg,synthetic,train,other,0,1,0,0,1,miner,1,other_miner,256,256,c4b17f921d84471bcd1758391645d1ceb79b20e7a990f020e7c31cefc2ddbc46,1082,closeup,sun_wet,1991656912,,0,0,0.469,0.06,0.11
v2_0635_whole_0,data/synthetic/v2/images/v2_0635_whole_0.jpg,synthetic,train,healthy,0,0,0,0,0,healthy,0,healthy,1024,512,0f8d7955b96048308b4e0c780e8ff60ac6cae9290b7dd677f38ec8b127d89b57,635,whole,sun_wet,1669313212,,0,0,0.591,0.099,5.13
v2_1317_closeup_0,data/synthetic/v2/images/v2_1317_closeup_0.jpg,synthetic,train,rust,1,0,0,1,3,undetermined,2,rust_s3plus_mixed,256,256,a22472ea4d4650b67d7e46d75c3d67d4c0e5de1e39e44bfa2c23a06ea8db2a6a,1317,closeup,sun_wet,1255518817,,0,0,0.514,0.097,0.69
v2_0909_closeup_0,data/synthetic/v2/images/v2_0909_closeup_0.jpg,synthetic,train,healthy,0,0,0,0,0,healthy,0,healthy,256,256,83e7cfd3561864993eef00376031fcc79b392203619f0440834205f899593bfc,909,closeup,sun,2055238631,,0,0,0.424,0.09,0.24
v2_1174_whole_0,data/synthetic/v2/images/v2_1174_whole_0.jpg,synthetic,train,rust,1,0,0,0,1,rust,1,rust_s1_pure,1024,512,8f0224e4d74e14fe8853c96968ed5784e962512500f96b80861543af3908ba81,1174,whole,studio,389546116,,0,0,0.798,0.226,6.58
v2_0097_whole_0,data/synthetic/v2/images/v2_0097_whole_0.jpg,synthetic,train,rust,1,0,0,0,1,rust,1,rust_s1_pure,1024,512,9d6233250f6a0cfb86cf02978dfb3b062343fe4a82e993e2d62600e4d81696ce,97,whole,sun,1220761857,,0,0,0.444,0.068,0.93
v2_0952_closeup_0,data/synthetic/v2/images/v2_0952_closeup_0.jpg,synthetic,train,healthy,0,0,0,0,0,healthy,0,healthy,512,512,8c521f75a3b68c1b9a16c4f2aac7fa575305cb4c3100f111cb0d2e1b2874d61e,952,closeup,rain,1091267636,,0,0,0.536,0.095,0.29
v2_1029_whole_0,data/synthetic/v2/images/v2_1029_whole_0.jpg,synthetic,train,other,0,1,0,0,1,miner,1,other_miner,1024,512,c577d194bb12e056c3afb637b318df75f6b38919b1e3a5369e1043b80a626ea7,1029,whole,overcast,358500949,,0,0,0.459,0.071,1.97
v2_1296_whole_0,data/synthetic/v2/images/v2_1296_whole_0.jpg,synthetic,train,rust,1,0,0,0,1,rust,1,rust_s1_pure,1024,512,dabdf4684402a66a0df75047fcbfd903f2efe4f5baf9a57560c9f10f70f5c454,1296,whole,backlit,868473097,,0,0,0.577,0.085,2.56
v2_1025_closeup_0,data/synthetic/v2/images/v2_1025_closeup_0.jpg,synthetic,train,other,0,1,0,0,1,miner,1,other_miner,512,512,6cd9a6c48bfb33a103164192127834265070c2da61205069db8d8226fa031e4a,1025,closeup,overcast,474264369,,0,0,0.512,0.031,0.13
v2_1674_whole_0,data/synthetic/v2/images/v2_1674_whole_0.jpg,synthetic,train,rust,1,0,0,0,1,rust,1,rust_s1_pure,1024,512,111af1f32d4f518d5d73b97527995b4347e3fa3e432ea85c144cc8992e8a50fe,1674,whole,studio,622386324,,0,0,0.706,0.112,2.5
v2_1538_whole_0,data/synthetic/v2/images/v2_1538_whole_0.jpg,synthetic,train,rust,1,0,0,1,1,cercospora,2,rust_s1_mixed,1024,512,83816d912c232fcf56afff2b69cb5deb4f386f0e1a1bd59c742aa125a64832b9,1538,whole,sun,1690355831,,0,0,0.481,0.106,1.65
v2_0944_closeup_0,data/synthetic/v2/images/v2_0944_closeup_0.jpg,synthetic,train,healthy,0,0,0,0,0,healthy,0,healthy,256,256,2556317b3e17eef3f8f4f8b6f4b656e26cfeff511b1aaef8dc18e943e7c8bbc7,944,closeup,rain,2100983779,,0,0,0.557,0.05,0.08
v2_1359_closeup_1,data/synthetic/v2/images/v2_1359_closeup_1.jpg,synthetic,train,rust,1,0,0,0,3,rust,1,rust_s3plus_pure,256,256,c415c9bca7e976d66fdf5f0f7fba482bdd797afc003d47996c23d2b47cc739ef,1359,closeup,sun,942553258,,0,0,0.561,0.155,0.49
v2_0871_whole_0,data/synthetic/v2/images/v2_0871_whole_0.jpg,synthetic,train,other,0,1,0,0,2,miner,1,other_miner,1024,512,e1567a2695a2ca159828eaf10fcab92e5629d41b9ae69a9eceec4d53d21c442d,871,whole,overcast,1411658582,,0,0,0.594,0.096,3.36
v2_0145_whole_0,data/synthetic/v2/images/v2_0145_whole_0.jpg,synthetic,train,rust,1,0,0,0,1,rust,1,rust_s1_pure,1024,512,a2e51b11c3a653d36068bebf633aae3112e5154b0a6dba23a7957285ee21f3f0,145,whole,studio,1284003349,,0,0,0.853,0.198,3.37
v2_1277_closeup_1,data/synthetic/v2/images/v2_1277_closeup_1.jpg,synthetic,train,rust,1,0,0,1,4,rust,2,rust_s3plus_mixed,384,384,ab49f9a92ccc7eccec5f82cbf4eac6ce22b04ca6a7e29369298dca06a920e67b,1277,closeup,shade,635040923,,0,0,0.512,0.071,0.23
v2_0876_whole_0,data/synthetic/v2/images/v2_0876_whole_0.jpg,synthetic,train,other,0,1,0,0,2,miner,1,other_miner,768,768,96e47a8fdc7333950783e6b9f1613938decaf9f1b06fe6204bf29132bf180439,876,whole,overcast,1365976531,,0,0,0.543,0.064,0.93
v2_0144_closeup_0,data/synthetic/v2/images/v2_0144_closeup_0.jpg,synthetic,train,rust,1,0,0,0,1,rust,1,rust_s1_pure,512,512,c26cf79761b83ca1ec0c7b449c78148568dbf47c8d366a073248941f8d8a4f05,144,closeup,sun_wet,1296710690,,0,0,0.578,0.067,0.55
v2_0146_whole_0,data/synthetic/v2/images/v2_0146_whole_0.jpg,synthetic,train,rust,1,0,0,0,2,rust,1,rust_s2_pure,1024,512,19f40192774d785c939032529d3c275167912f17f619b38e1c19806f0457969e,146,whole,rain,1322182732,,0,0,0.608,0.066,11.17
v2_1623_closeup_1,data/synthetic/v2/images/v2_1623_closeup_1.jpg,synthetic,train,rust,1,0,0,1,4,rust,2,rust_s3plus_mixed,512,512,cabfc15392dbc23011cf56c34adedf828535874c40b290fc51e2be84c7a3aa26,1623,closeup,sun,1619921589,,0,0,0.44,0.085,0.06
v2_0782_whole_0,data/synthetic/v2/images/v2_0782_whole_0.jpg,synthetic,train,other,0,1,0,0,1,miner,1,other_miner,768,768,3a5b0f0edc073455f1103122dce7e19cccb6fed06ae2cfef25a644bfbf948e1e,782,whole,backlit,206637704,,0,0,0.478,0.07,2.4
v2_0775_whole_0,data/synthetic/v2/images/v2_0775_whole_0.jpg,synthetic,train,healthy,0,0,0,0,0,healthy,0,healthy,768,768,87b812986b5de96e2116fbf2c5632e17b54d70e37cd2da33650a5fa16839990c,775,whole,overcast,1367149659,,0,0,0.447,0.055,1.35
v2_0126_whole_2,data/synthetic/v2/images/v2_0126_whole_2.jpg,synthetic,train,rust,1,0,0,0,4,rust,1,rust_s3plus_pure,1024,512,802316b8ae6f7c50f99f96b837e10c0d3289ca16b970c6430b72fe81e4be4dda,126,whole,studio,95147708,,0,0,0.837,0.172,8.43
v2_0540_whole_0,data/synthetic/v2/images/v2_0540_whole_0.jpg,synthetic,train,other,0,0,1,0,2,phoma,1,other_phoma,768,768,4c5350ec48e2778575fb136f14b062897d8e0c062217ae86830ff59818319fcd,540,whole,sun,1069756990,,0,0,0.592,0.091,6.75
v2_1377_closeup_0,data/synthetic/v2/images/v2_1377_closeup_0.jpg,synthetic,train,rust,1,0,0,1,1,rust,2,rust_s1_mixed,256,256,b69f231095e030412395e3e3f6a359abd20932d2faeea10b79d83d80c13bf5bb,1377,closeup,rain,1874783677,,0,0,0.529,0.062,0.56
v2_1607_whole_0,data/synthetic/v2/images/v2_1607_whole_0.jpg,synthetic,train,rust,1,0,0,0,2,rust,1,rust_s2_pure,896,672,1dde35616d96537898b318ed9693c75ce314112bc3607f617237d1bed2029bf3,1607,whole,overcast,982080116,,0,0,0.409,0.112,3.32
v2_0987_whole_0,data/synthetic/v2/images/v2_0987_whole_0.jpg,synthetic,train,healthy,0,0,0,0,0,healthy,0,healthy,1024,512,71abc2c15c9a2d0cca06c94ad50b5e1eeeb1641b6f8babcfd646ee4b8dd39020,987,whole,sun,900363778,,0,0,0.657,0.113,2.83
v2_1291_closeup_1,data/synthetic/v2/images/v2_1291_closeup_1.jpg,synthetic,train,rust,1,1,0,0,3,rust,2,rust_s3plus_mixed,256,256,3a50b8805a496758359888c4ae05b135d76e6cafcd2b9ef7aa50c3d7d11afb40,1291,closeup,golden,1099693850,,0,0,0.425,0.118,0.59
v2_1535_whole_0,data/synthetic/v2/images/v2_1535_whole_0.jpg,synthetic,train,rust,1,0,0,0,1,rust,1,rust_s1_pure,768,768,b4643557d79e110b9d8c4d6ee543282ee3eec9cbc2dcb4233ad436eb1c0085e5,1535,whole,overcast,1813535524,,0,0,0.452,0.078,1.22
v2_1238_whole_0,data/synthetic/v2/images/v2_1238_whole_0.jpg,synthetic,train,rust,1,0,0,0,1,rust,1,rust_s1_pure,1024,512,2df1352672f9b97d25d6d0c0e38028b9cd712cc819dd2d4eaf08b1955d4510ac,1238,whole,overcast,1457525863,,0,0,0.537,0.084,1.35
v2_1523_whole_0,data/synthetic/v2/images/v2_1523_whole_0.jpg,synthetic,train,rust,1,0,0,1,1,rust,2,rust_s1_mixed,768,768,7ac751f21b72ab21a41164e5426a892f4ad6356800d3387c4aa198b115ffc76c,1523,whole,rain,1344880883,,0,0,0.535,0.091,7.83
v2_0588_whole_0,data/synthetic/v2/images/v2_0588_whole_0.jpg,synthetic,train,other,0,1,0,0,1,miner,1,other_miner,1024,512,517778ff26f7176d9ca0ab048e02873b94f01f4855d56d1e63f1519f45a8348b,588,whole,studio,2064047166,,0,0,0.797,0.163,8.5
v2_0463_whole_0,data/synthetic/v2/images/v2_0463_whole_0.jpg,synthetic,train,other,0,0,1,0,1,phoma,1,other_phoma,1024,512,4a83065e06cf40d266e0268bb0b00f1905311809f27dabdd13352ecd1944a0f0,463,whole,rain,720137564,,0,0,0.524,0.089,3.16
v2_1721_whole_0,data/synthetic/v2/images/v2_1721_whole_0.jpg,synthetic,train,rust,1,0,0,0,1,rust,1,rust_s1_pure,1024,512,30c8ca7ce4f9a6a344bbbf929ce0a1251bc93e775462ce9bbdd465548897a34d,1721,whole,golden,695060477,,0,0,0.508,0.084,1.39
v2_0124_whole_0,data/synthetic/v2/images/v2_0124_whole_0.jpg,synthetic,train,rust,1,0,0,0,4,rust,1,rust_s3plus_pure,1024,512,ec0706a3251413b761cdb5468648705f5d45912de6ac32a339f8130b6bc96739,124,whole,backlit,1747018750,,0,0,0.622,0.071,0.93
v2_0776_closeup_0,data/synthetic/v2/images/v2_0776_closeup_0.jpg,synthetic,train,healthy,0,0,0,0,0,healthy,0,healthy,512,512,8761d27da80a50a5e0c68c37ea2f21ca34a02caa37edeb9d681761cec047e4d3,776,closeup,sun,1396421122,,0,0,0.352,0.053,0.04
v2_1297_whole_2,data/synthetic/v2/images/v2_1297_whole_2.jpg,synthetic,train,rust,1,0,0,0,4,rust,1,rust_s3plus_pure,768,768,254d2c3b400719928f76e4184b5e56af4ff28c9b1fd8516ea5eb0e787a6bcbb0,1297,whole,shade,1544540690,,0,0,0.417,0.099,0.81
v2_0249_whole_0,data/synthetic/v2/images/v2_0249_whole_0.jpg,synthetic,train,other,0,0,1,0,2,phoma,1,other_phoma,1024,512,fccaa076c1961969df97a17327e90f8dea00996f7153ed8bcbaf3a6a19820478,249,whole,sun,36885921,,0,0,0.362,0.087,1.56
v2_0456_closeup_0,data/synthetic/v2/images/v2_0456_closeup_0.jpg,synthetic,train,other,0,0,1,0,2,phoma,1,other_phoma,256,256,98ec99a8b48cbac5664b355ea3b617ff5f8ec3c85a758ffb9b2e12f59ca1d161,456,closeup,rain,1049755737,,0,0,0.499,0.122,0.86
v2_0176_whole_0,data/synthetic/v2/images/v2_0176_whole_0.jpg,synthetic,train,healthy,0,0,0,0,0,healthy,0,healthy,1024,512,a5e7ef040ee04490dc81180cefe41dbe672dbcf3328ca3cd9baf963295bc2371,176,whole,studio,1551583138,,0,0,0.783,0.166,5.56
v2_1194_closeup_0,data/synthetic/v2/images/v2_1194_closeup_0.jpg,synthetic,train,healthy,0,0,0,0,0,healthy,0,healthy,256,256,aed5f2957b61093c993ba2e09774d568992c7597b01569363d3e8ee9814c509a,1194,closeup,golden,2011658167,,0,0,0.466,0.143,0.9
v2_0977_whole_0,data/synthetic/v2/images/v2_0977_whole_0.jpg,synthetic,train,healthy,0,0,0,0,0,healthy,0,healthy,896,672,ba41874577d636f9a3be6cf23ee288c26e241447c5059042631921338646e0e2,977,whole,studio,1841915476,,0,0,0.72,0.137,1.58
v2_0733_whole_2,data/synthetic/v2/images/v2_0733_whole_2.jpg,synthetic,train,rust,1,1,0,0,4,rust,2,rust_s3plus_mixed,1024,512,29de7675ab045a0711d56afbf581fe7351f875b6f0c562cfb1e089216ac0e60b,733,whole,studio,882673298,,0,0,0.501,0.094,2.1
v2_0001_whole_0,data/synthetic/v2/images/v2_0001_whole_0.jpg,synthetic,train,healthy,0,0,0,0,0,healthy,0,healthy,896,672,823562e55f2a2424c5008e7b60b40f02bc6488e89accab9685172aef1ba1d99f,1,whole,studio,1180317342,,0,0,0.711,0.155,3.1
v2_0891_whole_0,data/synthetic/v2/images/v2_0891_whole_0.jpg,synthetic,train,healthy,0,0,0,0,0,healthy,0,healthy,1024,512,16f0ecbe6588eb04d1ce8f3254dfaf60e2d11dfecc7bf8fa150a2556d1947fa7,891,whole,overcast,888882277,,0,0,0.389,0.051,0.13
v2_0576_whole_0,data/synthetic/v2/images/v2_0576_whole_0.jpg,synthetic,train,other,0,1,0,0,1,miner,1,other_miner,1024,512,d3f8179681931152f537197d8a8643d8988faada029dd9e890e69b739b1e392d,576,whole,overcast,704373090,,0,0,0.461,0.054,0.69
v2_0389_whole_0,data/synthetic/v2/images/v2_0389_whole_0.jpg,synthetic,train,other,0,0,1,0,1,phoma,1,other_phoma,768,768,44e1dd5e82e11ef7c18543247c11a0a3ae0a599d95d5ff55beafdefa56e9aff0,389,whole,golden,1971602345,,0,0,0.6,0.057,0.47
v2_0234_whole_0,data/synthetic/v2/images/v2_0234_whole_0.jpg,synthetic,train,other,0,0,1,0,3,phoma,1,other_phoma,1024,512,036ed2230cd336d91639c702b1cc26cd010a088862302a3966990911146bf840,234,whole,sun_wet,389905995,,0,0,0.577,0.09,8.52
v2_1345_whole_0,data/synthetic/v2/images/v2_1345_whole_0.jpg,synthetic,train,rust,1,0,0,0,1,rust,1,rust_s1_pure,1024,512,2281307262fded3dc4871e088820d0d31b387517416660a670287cf03c310f01,1345,whole,overcast,2123339325,,0,0,0.449,0.085,2.55
v2_1648_whole_0,data/synthetic/v2/images/v2_1648_whole_0.jpg,synthetic,train,rust,1,0,0,0,1,rust,1,rust_s1_pure,768,768,603966e6edbaf77ff7d70598a675d3f633ca86e0c99f6b61148f42bf7f023955,1648,whole,sun,1052215838,,0,0,0.493,0.068,0.7
v2_0728_closeup_0,data/synthetic/v2/images/v2_0728_closeup_0.jpg,synthetic,train,other,0,1,0,0,1,miner,1,other_miner,512,512,a703cb7c5658615d109f9a0a01cd35252b3170fac9be805fbb63cc437dd0195b,728,closeup,shade,1853583162,,0,0,0.476,0.07,0.56
v2_0657_closeup_0,data/synthetic/v2/images/v2_0657_closeup_0.jpg,synthetic,train,other,0,0,1,0,1,phoma,1,other_phoma,384,384,090aec9105843d6b3c3d2614df05b811e1c9686bde8207a752fc32e031dce3ab,657,closeup,rain,1167079694,,0,0,0.451,0.084,0.3
v2_1707_closeup_1,data/synthetic/v2/images/v2_1707_closeup_1.jpg,synthetic,train,rust,1,0,0,1,3,rust,2,rust_s3plus_mixed,512,512,2d09a3ac0500f61ca74898a774c5cbcbf0c53d7b7221a304455bf148d2c9ba36,1707,closeup,overcast,1894662994,,0,0,0.443,0.07,0.43
v2_1497_whole_0,data/synthetic/v2/images/v2_1497_whole_0.jpg,synthetic,train,rust,1,0,0,1,2,undetermined,2,rust_s2_mixed,768,768,467d9b5fc94566c530b839fc7ee10bfd1409e9ca9005ab922320b6959a750a7f,1497,whole,sun_wet,1027688094,,0,0,0.614,0.118,0.78
v2_1051_closeup_0,data/synthetic/v2/images/v2_1051_closeup_0.jpg,synthetic,train,other,0,1,0,0,2,miner,1,other_miner,512,512,32216f5e335633c53280bd4f4b955645bfe57cfcb1f9ce1522d290e035a47f29,1051,closeup,sun,110764884,,0,0,0.527,0.08,0.17
v2_1705_closeup_1,data/synthetic/v2/images/v2_1705_closeup_1.jpg,synthetic,train,rust,1,0,0,0,3,rust,1,rust_s3plus_pure,384,384,f2e309a5fc7c1d5fcbc8541b3afefd9c35071a03f996b2d8a0a93704efe381e3,1705,closeup,sun,1936365372,,0,0,0.431,0.129,0.33
v2_0573_closeup_0,data/synthetic/v2/images/v2_0573_closeup_0.jpg,synthetic,train,healthy,0,0,0,0,0,healthy,0,healthy,512,512,e179ce1186e27b3165182e7d1dad2cc04ea3872b45f855ed1e62b1b1f4dc254b,573,closeup,backlit,791683977,,0,0,0.612,0.085,0.25
v2_1327_closeup_1,data/synthetic/v2/images/v2_1327_closeup_1.jpg,synthetic,train,rust,1,1,0,1,4,rust,3,rust_s3plus_mixed,512,512,1d573cfd83abb39825ce64e5981e2c466be1f2d4a9c702d14aa6e9bac7af705d,1327,closeup,overcast,795290905,,0,0,0.274,0.124,0.77
v2_1539_whole_0,data/synthetic/v2/images/v2_1539_whole_0.jpg,synthetic,train,rust,1,0,0,0,1,rust,1,rust_s1_pure,1024,512,c9b8bf853c5571eb980653aa94ca0b0640822aa268cc679c6b519e5aad1dac7e,1539,whole,overcast,1694671424,,0,0,0.535,0.092,1.21
v2_0458_whole_0,data/synthetic/v2/images/v2_0458_whole_0.jpg,synthetic,train,other,0,0,1,0,2,phoma,1,other_phoma,1024,512,3c83717e763226c0cd910c265f285e9148bcb2f8cdc6bb3b7703573532517d45,458,whole,overcast,873213267,,0,0,0.513,0.054,0.98
v2_0489_closeup_0,data/synthetic/v2/images/v2_0489_closeup_0.jpg,synthetic,train,other,0,0,1,0,1,phoma,1,other_phoma,512,512,487bbf8704272f501e6481367d6068c6d9d3bc72257a69dc73bdb19e687a71cf,489,closeup,backlit,1201971129,,0,0,0.459,0.077,0.92
v2_0693_closeup_0,data/synthetic/v2/images/v2_0693_closeup_0.jpg,synthetic,train,healthy,0,0,0,0,0,healthy,0,healthy,384,384,3b2a7a5a6614d5a4766c3ffded0771e2f1d4e88d748cd79f3a822c5cfc4a8ad6,693,closeup,overcast,139406954,,0,0,0.483,0.058,0.1
v2_0664_closeup_2,data/synthetic/v2/images/v2_0664_closeup_2.jpg,synthetic,train,rust,1,0,0,0,4,rust,1,rust_s3plus_pure,256,256,4ba35c72ed19ea3a3a1e3f1dd152ee7bd78315c094a1f9284e681458d7a75810,664,closeup,sun_wet,997018005,,0,0,0.415,0.066,1.0
v2_0018_closeup_0,data/synthetic/v2/images/v2_0018_closeup_0.jpg,synthetic,train,healthy,0,0,0,0,0,healthy,0,healthy,512,512,d231aca79edb02023f7093a7372300f2ee4cd450474c30c1dd3ce696978610b9,18,closeup,overcast,103495379,,0,0,0.599,0.074,0.29
v2_0535_closeup_0,data/synthetic/v2/images/v2_0535_closeup_0.jpg,synthetic,train,other,0,0,1,1,2,cercospora,2,other_multi,512,512,b96b66da4b382604cfa13db2615fd545620fe13f394e3df931531eafa7487a64,535,closeup,sun,618645612,,0,0,0.493,0.088,0.24
v2_0072_closeup_0,data/synthetic/v2/images/v2_0072_closeup_0.jpg,synthetic,train,other,0,1,0,0,2,miner,1,other_miner,512,512,36b900ad6939acf01eb15ec1faa819faa9e45ccfd5f51af5dc4d01e61565e28d,72,closeup,golden,785902809,,0,0,0.475,0.074,0.15
v2_1336_closeup_0,data/synthetic/v2/images/v2_1336_closeup_0.jpg,synthetic,train,rust,1,0,0,0,1,rust,1,rust_s1_pure,512,512,2b96f74c8f8376c921bf010cc30c50e4a9e3337259121befa5e8c85ad36dc5fe,1336,closeup,rain,1629360349,,0,0,0.507,0.088,1.69
v2_0642_whole_0,data/synthetic/v2/images/v2_0642_whole_0.jpg,synthetic,train,healthy,0,0,0,0,0,healthy,0,healthy,896,672,c72fc26a092935643f6c90c7e96e016b868b735f019e6b7ae892cdf5702f7522,642,whole,studio,2078776448,,0,0,0.804,0.18,4.3
v2_1293_whole_0,data/synthetic/v2/images/v2_1293_whole_0.jpg,synthetic,train,rust,1,0,0,1,2,rust,2,rust_s2_mixed,1024,512,bcde3ac2298e20763a87bc8472f2407f24a74cdb6eacee03a09f673e015beb06,1293,whole,overcast,889723874,,0,0,0.448,0.058,0.8
v2_1127_whole_0,data/synthetic/v2/images/v2_1127_whole_0.jpg,synthetic,train,healthy,0,0,0,0,0,healthy,0,healthy,768,768,76f6b24e12a6f9dd5faa22e359c34b4ac4a19fd9d8b8b3413ae33d62aafe93d1,1127,whole,sun,580931311,,0,0,0.602,0.086,0.94
v2_1346_whole_0,data/synthetic/v2/images/v2_1346_whole_0.jpg,synthetic,train,rust,1,0,0,1,3,rust,2,rust_s3plus_mixed,896,672,77f33e2c0a8848412f4d91938c7ef6adda4255f3a9e37c6af8e39a3c71d32e7a,1346,whole,studio,2093557860,,0,0,0.804,0.159,3.69
v2_1190_closeup_0,data/synthetic/v2/images/v2_1190_closeup_0.jpg,synthetic,train,other,0,1,0,0,1,miner,1,other_miner,512,512,26dd950f2256e0e520fd2e00dd236204ef2e2d3f17d61bb330cf0cc40ef62967,1190,closeup,sun,1894702955,,0,0,0.449,0.113,1.67
v2_0673_closeup_0,data/synthetic/v2/images/v2_0673_closeup_0.jpg,synthetic,train,other,0,0,1,0,1,phoma,1,other_phoma,512,512,67d72c31ca6e03816be575692c64f72ccf1339074afb1dbb1b390ff6d060ab7d,673,closeup,overcast,1754290521,,0,0,0.372,0.086,0.58
v2_1188_whole_0,data/synthetic/v2/images/v2_1188_whole_0.jpg,synthetic,train,rust,1,1,0,0,1,miner,2,rust_s1_mixed,1024,512,95d1bfb2871843e406de6ad3427fb23937c4c17c83508643eb22a28028ad859f,1188,whole,studio,1178724790,,0,0,0.891,0.187,7.57
v2_0553_whole_0,data/synthetic/v2/images/v2_0553_whole_0.jpg,synthetic,train,other,0,0,1,0,1,phoma,1,other_phoma,768,768,c13a375a34865bdbc76391f66c8d2e48034aa8373950e435cf91ab0ea2f94d60,553,whole,rain,87681794,,0,0,0.414,0.052,0.66
v2_1298_whole_0,data/synthetic/v2/images/v2_1298_whole_0.jpg,synthetic,train,rust,1,0,0,0,1,rust,1,rust_s1_pure,768,768,2d1230ad7eecd9cf0b5c93574ba6d025a8eedb8e750c838a424cf3b9803b672a,1298,whole,golden,962458627,,0,0,0.583,0.064,0.33
v2_0515_closeup_0,data/synthetic/v2/images/v2_0515_closeup_0.jpg,synthetic,train,other,0,0,1,0,1,phoma,1,other_phoma,512,512,3b90675a1e894d504a17e846f90a7e8acaa3b70fb8eebd74f6d8a62127f319c8,515,closeup,backlit,248905959,,0,0,0.503,0.082,0.52
v2_0900_whole_0,data/synthetic/v2/images/v2_0900_whole_0.jpg,synthetic,train,other,0,1,0,0,3,miner,1,other_miner,768,768,00bfd17c94fa6547720d90958d3237e83991d3f9608f2ec2214dda893dee5778,900,whole,sun,1968261224,,0,0,0.467,0.059,0.97
v2_0141_closeup_1,data/synthetic/v2/images/v2_0141_closeup_1.jpg,synthetic,train,rust,1,1,0,0,3,rust,2,rust_s3plus_mixed,256,256,e202c4d21f787ee6cedd2071b594e0d08c284184bc4be4f3baec0666b708a8d5,141,closeup,overcast,1015467615,,0,0,0.376,0.043,1.44
v2_1562_whole_0,data/synthetic/v2/images/v2_1562_whole_0.jpg,synthetic,train,other,0,1,0,0,1,miner,1,other_miner,1024,512,0cc9e1460795f6f0ecc170a30041ef8831e98d2e2ce6119fce24d7f5885642c9,1562,whole,studio,1586085267,,0,0,0.811,0.155,5.87
v2_0677_closeup_0,data/synthetic/v2/images/v2_0677_closeup_0.jpg,synthetic,train,other,0,0,1,0,1,phoma,1,other_phoma,256,256,8e53a83d26ae362bab72ec5de274dbf66e719e19f8893181dadb45fc9054e227,677,closeup,overcast,1872359813,,0,0,0.426,0.068,1.2
v2_0381_whole_0,data/synthetic/v2/images/v2_0381_whole_0.jpg,synthetic,train,other,0,0,1,0,1,phoma,1,other_phoma,896,672,519d92c14bf82beef5285efff24cc72e1f66b3226262fcc7cc85bab3aba92063,381,whole,studio,2073498129,,0,0,0.788,0.14,8.73
v2_1524_closeup_0,data/synthetic/v2/images/v2_1524_closeup_0.jpg,synthetic,train,rust,1,0,0,0,2,rust,1,rust_s2_pure,512,512,1e015faefacb43d82111a6f56e3051918fa67b0bf94029245aaa81c23a3388e9,1524,closeup,sun,1432770166,,0,0,0.26,0.089,0.09
v2_0491_closeup_0,data/synthetic/v2/images/v2_0491_closeup_0.jpg,synthetic,train,other,0,0,1,0,1,phoma,1,other_phoma,384,384,8f65690a08ae79f3e1fe904e375b3acc17f9b7af3f67121308cb5604b5feedcd,491,closeup,rain,1896589668,,0,0,0.51,0.107,2.48
v2_0797_whole_0,data/synthetic/v2/images/v2_0797_whole_0.jpg,synthetic,train,other,0,1,0,0,1,miner,1,other_miner,896,672,0fb641328ce026910692d769ddcc7bb086ea3a1c2c8164c3e00433b4484237df,797,whole,shade,841395974,,0,0,0.549,0.099,4.96
v2_1317_whole_2,data/synthetic/v2/images/v2_1317_whole_2.jpg,synthetic,train,rust,1,0,0,1,3,undetermined,2,rust_s3plus_mixed,1024,512,ef319f862ff13b813604e000c5f5d9648ac509cc3b28db91c1963c304a278214,1317,whole,rain,618386253,,0,0,0.471,0.116,2.2
v2_0536_whole_0,data/synthetic/v2/images/v2_0536_whole_0.jpg,synthetic,train,other,0,0,1,1,3,phoma,2,other_multi,768,768,56b45c89778075e961f164887c7f61000972eef23579f18968897053f53f719b,536,whole,overcast,647591477,,0,0,0.495,0.062,1.19
v2_1364_whole_0,data/synthetic/v2/images/v2_1364_whole_0.jpg,synthetic,train,rust,1,0,0,0,1,rust,1,rust_s1_pure,1024,512,f6dd98b93512761c90d2de1c763391b25ea79a7fac48adf77876be868b792fa4,1364,whole,overcast,1430533249,,0,0,0.487,0.079,1.87
v2_1371_closeup_0,data/synthetic/v2/images/v2_1371_closeup_0.jpg,synthetic,train,rust,1,0,0,0,1,rust,1,rust_s1_pure,512,512,2a873613a0f4158868b2650c3a8509eb969977d03dd3b690e4b174d4a45c3115,1371,closeup,overcast,1798541583,,0,0,0.42,0.12,1.23
v2_1396_closeup_1,data/synthetic/v2/images/v2_1396_closeup_1.jpg,synthetic,train,rust,1,0,0,1,3,rust,2,rust_s3plus_mixed,512,512,c298300bc15ba053ac98f284f5522c69650f5e3ac6869d38c6f5b69af53c167c,1396,closeup,rain,2040840239,,0,0,0.42,0.08,1.41
v2_1117_closeup_0,data/synthetic/v2/images/v2_1117_closeup_0.jpg,synthetic,train,other,0,1,0,0,1,miner,1,other_miner,256,256,7dcec539724c76b154f92bf339aafcbde5cd4e3905e5a2ab5ebf5e4e4a07167a,1117,closeup,rain,806740225,,0,0,0.497,0.08,0.56
v2_1440_whole_0,data/synthetic/v2/images/v2_1440_whole_0.jpg,synthetic,train,rust,1,1,0,0,3,rust,2,rust_s3plus_mixed,1024,512,d54c5020c8f1d08ea83f5e202e11b8f1bd0b5fe8b9b26f0a2654fce6ac02bb3d,1440,whole,rain,1248102598,,0,0,0.658,0.089,8.14
v2_0927_whole_0,data/synthetic/v2/images/v2_0927_whole_0.jpg,synthetic,train,rust,1,0,0,0,1,rust,1,rust_s1_pure,1024,512,95db321975d13208939db0d50bc338d19728a387bd7caf5d4cf008b53f359887,927,whole,studio,1511495270,,0,0,0.879,0.163,2.02
v2_0688_whole_0,data/synthetic/v2/images/v2_0688_whole_0.jpg,synthetic,train,other,0,1,0,0,2,miner,1,other_miner,896,672,d413429860e433d78686a8a3096ab6beeed63b6a1c44aa4941daf2ebcd5f01a3,688,whole,studio,1017554670,,0,0,0.812,0.172,1.41
v2_0772_closeup_0,data/synthetic/v2/images/v2_0772_closeup_0.jpg,synthetic,train,rust,1,0,0,1,1,rust,2,rust_s1_mixed,384,384,b9bcf0ab092edaeb8ab665ecc3f9caec3335bf6748afbd9350c13b2f6839a61a,772,closeup,sun,1412569822,,0,0,0.446,0.061,0.27
v2_0471_whole_0,data/synthetic/v2/images/v2_0471_whole_0.jpg,synthetic,train,other,0,0,1,0,1,phoma,1,other_phoma,1024,512,5d0cd75b2a18b45027e1dddc318137511864ffa39492536ba4268fd3b8513c43,471,whole,overcast,299163223,,0,0,0.472,0.1,1.31
v2_0879_closeup_0,data/synthetic/v2/images/v2_0879_closeup_0.jpg,synthetic,train,healthy,0,0,0,0,0,healthy,0,healthy,384,384,27c52b78df675fb1ee0a9e237708a8a65641596b64fffcd730021867d67d9357,879,closeup,overcast,1513579246,,0,0,0.404,0.059,0.1
v2_0464_whole_0,data/synthetic/v2/images/v2_0464_whole_0.jpg,synthetic,train,other,0,0,1,0,1,phoma,1,other_phoma,1024,512,dd63069a6e0185d827e3d38c591dcc3dcc60b1c528807f462d66b28347740dbb,464,whole,sun,799243225,,0,0,0.56,0.071,1.42
v2_1241_whole_0,data/synthetic/v2/images/v2_1241_whole_0.jpg,synthetic,train,rust,1,0,0,0,1,rust,1,rust_s1_pure,896,672,02e6f6738e0a833e0df0478c300530a9558d2caf8e728cd81f42f6133b2c9364,1241,whole,studio,1155929937,,0,0,0.668,0.164,3.27
v2_1115_whole_0,data/synthetic/v2/images/v2_1115_whole_0.jpg,synthetic,train,healthy,0,0,0,0,0,healthy,0,healthy,768,768,a7baacc519a6d01e2dd31d5d4ca3acc83a3e6e1968528c63561bf19d25407c9f,1115,whole,backlit,865154415,,0,0,0.536,0.069,0.36
v2_0356_whole_0,data/synthetic/v2/images/v2_0356_whole_0.jpg,synthetic,train,other,0,0,1,0,1,phoma,1,other_phoma,1024,512,f4155775f6dfe47f48542a02e44d1445b5fc34d1ef3e0ef84efa29f1164462ae,356,whole,shade,213048393,,0,0,0.317,0.086,2.43
v2_0828_whole_0,data/synthetic/v2/images/v2_0828_whole_0.jpg,synthetic,train,other,0,1,0,0,1,miner,1,other_miner,768,768,6b3f807682a53075fe9cb43107d7c86baece2e7ed2d55c7480ae1e1acc8514cf,828,whole,rain,1814821099,,0,0,0.332,0.102,4.32
v2_0123_whole_0,data/synthetic/v2/images/v2_0123_whole_0.jpg,synthetic,train,rust,1,0,0,0,2,rust,1,rust_s2_pure,896,672,6e8f66150634ca1daf865b48b4659e682bc719f379b67674c014755410222de3,123,whole,sun_wet,1835955579,,0,0,0.542,0.127,0.76
v2_0830_whole_0,data/synthetic/v2/images/v2_0830_whole_0.jpg,synthetic,train,healthy,0,0,0,0,0,healthy,0,healthy,768,768,edd383159654c1d08952792150aeac8a20ff0f1fdea2ff64a38771425b11e76a,830,whole,golden,1518652982,,0,0,0.44,0.053,0.55
v2_0706_closeup_0,data/synthetic/v2/images/v2_0706_closeup_0.jpg,synthetic,train,rust,1,0,0,0,4,rust,1,rust_s3plus_pure,256,256,95024a5bd8cb099eed677188f6647b2a87667f76b7abad5e392bf0e341d421c3,706,closeup,sun,1324124859,,0,0,0.463,0.085,0.07
v2_0802_whole_0,data/synthetic/v2/images/v2_0802_whole_0.jpg,synthetic,train,other,0,1,0,0,1,miner,1,other_miner,1024,512,27d6e1793b47b3554d904b8baaa76c7bb3d77b2996489f9d3ff8d57fc1ac1d62,802,whole,sun_wet,1270199734,,0,0,0.556,0.097,1.45
v2_0221_whole_0,data/synthetic/v2/images/v2_0221_whole_0.jpg,synthetic,train,other,0,1,0,0,1,miner,1,other_miner,1024,512,aeffbdcc86d7fa400992f91a02b63b3ae428a1d5a8d7cea78703fbf6c95d142e,221,whole,rain,692771781,,0,0,0.592,0.133,3.19
v2_1033_closeup_0,data/synthetic/v2/images/v2_1033_closeup_0.jpg,synthetic,train,other,0,1,0,1,1,miner,2,other_multi,256,256,3446d9e92d900f23bf9f440ba91d88af37dd88f356128f3e05184cc933b069db,1033,closeup,shade,544581862,,0,0,0.415,0.069,0.33
v2_1020_whole_0,data/synthetic/v2/images/v2_1020_whole_0.jpg,synthetic,train,other,0,1,0,0,1,miner,1,other_miner,1024,512,4789e4c6eb49aef207008558e3ff002925f28a69703181ba8b2f0fe43daa118a,1020,whole,overcast,445608410,,0,0,0.433,0.054,0.39
v2_1181_closeup_0,data/synthetic/v2/images/v2_1181_closeup_0.jpg,synthetic,train,healthy,0,0,0,0,0,healthy,0,healthy,384,384,5623309225fe12e697cedfcc5dd5041f535fd5d2d052b9a9a06913088de56bc7,1181,closeup,sun,1234227769,,0,0,0.431,0.13,0.24
v2_0351_whole_0,data/synthetic/v2/images/v2_0351_whole_0.jpg,synthetic,train,other,0,0,1,0,1,phoma,1,other_phoma,1024,512,8f7030092eb2f4a8400de016e5a407a388cbb387e660b94cf45b3f245749d360,351,whole,overcast,167627468,,0,0,0.455,0.106,3.21
v2_0664_whole_0,data/synthetic/v2/images/v2_0664_whole_0.jpg,synthetic,train,rust,1,0,0,0,4,rust,1,rust_s3plus_pure,1024,512,98de590c263116d4cc70c9cbdd0dcfe2c11ef1e6adf9fcd254110857c135fa0a,664,whole,rain,1432561849,,0,0,0.579,0.077,8.44
v2_0560_whole_0,data/synthetic/v2/images/v2_0560_whole_0.jpg,synthetic,train,rust,1,0,0,0,1,rust,1,rust_s1_pure,1024,512,e711604d0f97df680f90e66967377fb406465c167c5ece68e87135f619fb62b3,560,whole,sun,365623989,,0,0,0.534,0.082,2.4
v2_0461_whole_0,data/synthetic/v2/images/v2_0461_whole_0.jpg,synthetic,train,other,0,0,1,0,3,phoma,1,other_phoma,1024,512,38b49128cb955c675b102d36457cfac6826a3dfb36316749ae0c87c7c503c444,461,whole,overcast,694729010,,0,0,0.451,0.057,1.35
v2_1606_whole_2,data/synthetic/v2/images/v2_1606_whole_2.jpg,synthetic,train,rust,1,0,0,0,4,rust,1,rust_s3plus_pure,1024,512,4fd19be0392af9256db1d115769b5963e5747f0b4a1c41d8a9a40f318ce7a5dd,1606,whole,overcast,1430606191,,0,0,0.365,0.1,1.91
v2_0821_whole_0,data/synthetic/v2/images/v2_0821_whole_0.jpg,synthetic,train,other,0,1,0,0,1,miner,1,other_miner,1024,512,3da2766756089943db25636d3b332371ce599c8404d0a05fc0080db9fd539524,821,whole,overcast,1677378404,,0,0,0.44,0.102,1.37
v2_0423_whole_0,data/synthetic/v2/images/v2_0423_whole_0.jpg,synthetic,train,other,0,0,1,0,1,phoma,1,other_phoma,896,672,606fd468e1941a621643c890e093d86f9b53ad982eda0a3729d5a0ea98bdee9d,423,whole,studio,630127115,,0,0,0.765,0.133,3.78
v2_1307_whole_0,data/synthetic/v2/images/v2_1307_whole_0.jpg,synthetic,train,rust,1,0,0,0,1,rust,1,rust_s1_pure,896,672,5f7c2cb7b0b15b83d0cfb9e945778e3d148100daf44f4a8c9a5c2a17326754b4,1307,whole,studio,1919538436,,0,0,0.675,0.16,1.69
v2_1425_whole_0,data/synthetic/v2/images/v2_1425_whole_0.jpg,synthetic,train,rust,1,0,0,0,2,rust,1,rust_s2_pure,1024,512,581201d82444262526dcbdc46a04428e4178e55b744ece0de416a7c653e0c9b1,1425,whole,shade,1774458353,,0,0,0.552,0.079,0.94
v2_1517_closeup_0,data/synthetic/v2/images/v2_1517_closeup_0.jpg,synthetic,train,rust,1,0,0,0,4,rust,1,rust_s3plus_pure,512,512,3cd5c11a16b2fdf4d19a9e6db91445937dae8246762acea9429a56192d8d8d38,1517,closeup,sun,1167411137,,0,0,0.4,0.079,0.44
v2_0954_whole_0,data/synthetic/v2/images/v2_0954_whole_0.jpg,synthetic,train,healthy,0,0,0,0,0,healthy,0,healthy,1024,512,2572f82a57b5a60ce2ad616a1d257cc8461114400eb65e27faa54af602f0f65f,954,whole,shade,1166413958,,0,0,0.404,0.057,1.03
v2_0203_whole_0,data/synthetic/v2/images/v2_0203_whole_0.jpg,synthetic,train,healthy,0,0,0,0,0,healthy,0,healthy,1024,512,7439f1108e43ea4dff540530855574c13db2432fdece4df19758faec4ef11880,203,whole,overcast,13092640,,0,0,0.499,0.089,0.98
v2_0121_whole_0,data/synthetic/v2/images/v2_0121_whole_0.jpg,synthetic,train,rust,1,0,0,1,1,rust,2,rust_s1_mixed,1024,512,eb46fa10f17ee85f6d90dc2632e0e3e73ab6cd6ca9055d285a3e1bb0850857f6,121,whole,studio,1860870421,,0,0,0.723,0.234,6.56
v2_0058_closeup_0,data/synthetic/v2/images/v2_0058_closeup_0.jpg,synthetic,train,other,0,1,0,1,1,miner,2,other_multi,512,512,0495133ccc0987bd5b034e3aeec30fcb28749f0a8eb25ac2a191ebe5dee1db63,58,closeup,overcast,155820420,,0,0,0.408,0.131,0.77
v2_0158_whole_0,data/synthetic/v2/images/v2_0158_whole_0.jpg,synthetic,train,rust,1,0,0,0,1,rust,1,rust_s1_pure,1024,512,5a8342db17f10fead8b41869ed6b76a859f8b3374bc0efe26b1f0cb450dc8513,158,whole,overcast,2095882787,,0,0,0.577,0.088,0.64
v2_0587_closeup_0,data/synthetic/v2/images/v2_0587_closeup_0.jpg,synthetic,train,healthy,0,0,0,0,0,healthy,0,healthy,256,256,ae2383e729425cad78aaf988c7515db61dac21a17b367104437046d5a001d60b,587,closeup,rain,1884986115,,0,0,0.404,0.043,0.09
v2_0969_whole_0,data/synthetic/v2/images/v2_0969_whole_0.jpg,synthetic,train,healthy,0,0,0,0,0,healthy,0,healthy,896,672,4afb3bc7c3e8264b73088389dc00dec13c37a0b6c6f384a6541b391d1e20e79c,969,whole,golden,1609247803,,0,0,0.621,0.07,0.67
v2_1458_whole_0,data/synthetic/v2/images/v2_1458_whole_0.jpg,synthetic,train,rust,1,1,0,0,1,miner,2,rust_s1_mixed,1024,512,7c919b3e90185fb3cbe5e3e6097910853ebc6be352dd3361088c10e4293d4f1f,1458,whole,sun_wet,2093727259,,0,0,0.561,0.107,3.54
v2_0778_closeup_0,data/synthetic/v2/images/v2_0778_closeup_0.jpg,synthetic,train,healthy,0,0,0,0,0,healthy,0,healthy,256,256,4cc82fa74057e6372e7c530b7dcef847dd68cc737ff46082dfc949b628dd2919,778,closeup,rain,1504026376,,0,0,0.463,0.112,0.57
v2_1178_whole_0,data/synthetic/v2/images/v2_1178_whole_0.jpg,synthetic,train,other,0,1,0,1,1,miner,2,other_multi,896,672,a71fbbb2af2f9054de52bf72882dd2f2917cbc8750b6b4a20eef732066b9aece,1178,whole,studio,505608672,,0,0,0.433,0.105,1.93
v2_1439_closeup_0,data/synthetic/v2/images/v2_1439_closeup_0.jpg,synthetic,train,rust,1,0,0,0,1,rust,1,rust_s1_pure,256,256,d539b04dea4eec040e7504992633f89f6aa671c3afb0e01030fbcbb01ed334b2,1439,closeup,sun,1482853360,,0,0,0.423,0.076,0.17
v2_0410_whole_0,data/synthetic/v2/images/v2_0410_whole_0.jpg,synthetic,train,other,0,0,1,0,1,phoma,1,other_phoma,1024,512,8fc24bbdc8698472e443ea54b7e45c3e5fbe2646134d6cc0c89aa0db880051fe,410,whole,sun,897444796,,0,0,0.342,0.07,2.36
v2_1132_closeup_0,data/synthetic/v2/images/v2_1132_closeup_0.jpg,synthetic,train,other,0,1,0,0,1,miner,1,other_miner,384,384,04d8fa9373d4808f23f702d962d958ec5bf59a7782d0d651346636da3304f0ba,1132,closeup,sun,483912545,,0,0,0.376,0.072,0.22
v2_0594_closeup_0,data/synthetic/v2/images/v2_0594_closeup_0.jpg,synthetic,train,rust,1,0,0,1,1,cercospora,2,rust_s1_mixed,512,512,b163890b4044acadb0cec42aac01e2b7fb3c9dc16979c7ca70dab0c391cdf3e8,594,closeup,shade,1252016703,,0,0,0.397,0.075,0.42
v2_1626_whole_0,data/synthetic/v2/images/v2_1626_whole_0.jpg,synthetic,train,rust,1,0,0,0,1,rust,1,rust_s1_pure,768,768,bc79c31978511b28e7bbbc3735589d98b811f2a100e79338437717b1288c1912,1626,whole,backlit,289601736,,0,0,0.549,0.076,1.79
v2_1112_whole_0,data/synthetic/v2/images/v2_1112_whole_0.jpg,synthetic,train,rust,1,0,0,0,1,rust,1,rust_s1_pure,896,672,36842e9825b9974756e7930a006159015473979b886a0d5565cac4c1d431e372,1112,whole,rain,920527850,,0,0,0.45,0.057,0.29
v2_0928_closeup_0,data/synthetic/v2/images/v2_0928_closeup_0.jpg,synthetic,train,rust,1,0,0,0,2,rust,1,rust_s2_pure,384,384,42f04a20500d7dc1e072c0796646165f18216ed884d6a08fc35827abb40a91ba,928,closeup,sun_wet,1363923291,,0,0,0.467,0.07,0.16
v2_1581_whole_0,data/synthetic/v2/images/v2_1581_whole_0.jpg,synthetic,train,rust,1,0,0,0,3,rust,1,rust_s3plus_pure,896,672,ebb17d430908b384257ee0d21d5e4a0e9cfe41db046b310cb23c9b3358aa4817,1581,whole,sun,1007711481,,0,0,0.393,0.047,0.41
v2_1700_whole_0,data/synthetic/v2/images/v2_1700_whole_0.jpg,synthetic,train,other,0,0,0,1,1,cercospora,1,other_cercospora,768,768,a08ec83918fa84551364001f300966674196232d946a31a35b4dbcd02d391efe,1700,whole,golden,44459329,,0,0,0.524,0.097,0.91
v2_1606_closeup_0,data/synthetic/v2/images/v2_1606_closeup_0.jpg,synthetic,train,rust,1,0,0,0,4,rust,1,rust_s3plus_pure,256,256,d0afc1ba5a05677517fbac60437eef76e64c9d16140f9c9606bc549cd4754859,1606,closeup,overcast,994783299,,0,0,0.344,0.085,0.19
v2_0749_whole_0,data/synthetic/v2/images/v2_0749_whole_0.jpg,synthetic,train,rust,1,0,0,0,1,rust,1,rust_s1_pure,896,672,fd7cee84f37feeab8b3baf1d38b483141158dc25b55fbaad9c18b1fc161ff32d,749,whole,golden,1255299793,,0,0,0.489,0.064,0.83
v2_1299_closeup_0,data/synthetic/v2/images/v2_1299_closeup_0.jpg,synthetic,train,rust,1,0,0,1,1,rust,2,rust_s1_mixed,512,512,ac7234f96815c9f50a42dd27175a2fe675e4821105cdadb95249d2ccfd93c81d,1299,closeup,rain,949984820,,0,0,0.41,0.077,3.72
v2_0973_whole_0,data/synthetic/v2/images/v2_0973_whole_0.jpg,synthetic,train,healthy,0,0,0,0,0,healthy,0,healthy,1024,512,6b270643346c046ccfa44c0b3c571fb93516bdc047a0e8f8365bb5ea99bf1e62,973,whole,overcast,1791020680,,0,0,0.57,0.124,5.77
v2_1250_whole_0,data/synthetic/v2/images/v2_1250_whole_0.jpg,synthetic,train,rust,1,1,0,0,2,undetermined,2,rust_s2_mixed,1024,512,7606521f52e91e2c909cb756f6be3c388825c3327466e4436547bbafee09c398,1250,whole,backlit,2107120131,,0,0,0.576,0.097,1.08
v2_1527_whole_2,data/synthetic/v2/images/v2_1527_whole_2.jpg,synthetic,train,rust,1,0,0,0,3,rust,1,rust_s3plus_pure,896,672,6868ae0037912aefecfafb3d781e9e40356eadfd7e3eb245417918aa208d0857,1527,whole,studio,959351043,,0,0,0.644,0.153,1.48
v2_0602_whole_0,data/synthetic/v2/images/v2_0602_whole_0.jpg,synthetic,train,healthy,0,0,0,0,0,healthy,0,healthy,768,768,4f97a44cceedeb1d934b0b59edff23f1d73672dcab276e9580e138ce323091da,602,whole,sun,1954876375,,0,0,0.579,0.062,0.44
v2_0757_closeup_0,data/synthetic/v2/images/v2_0757_closeup_0.jpg,synthetic,train,other,0,1,0,0,1,miner,1,other_miner,256,256,15833e486a330505d1b75d387c19f1a935e392c34bd2ff6efe9e005b00b47ce3,757,closeup,overcast,2028998846,,0,0,0.401,0.049,0.38
v2_0822_whole_0,data/synthetic/v2/images/v2_0822_whole_0.jpg,synthetic,train,other,0,1,0,0,2,miner,1,other_miner,768,768,3d20e43139c4798fab6a4a7a6d32eec54a1464d51ff9329d4e2219d2a76dd338,822,whole,overcast,1639742781,,0,0,0.525,0.1,0.76
v2_0552_whole_0,data/synthetic/v2/images/v2_0552_whole_0.jpg,synthetic,train,other,0,0,1,1,1,undetermined,2,other_multi,1024,512,998558e6648e95dbe4ff2dc8e0c4337ebc4670805d120551e7be7656fa8f870e,552,whole,rain,83591477,,0,0,0.562,0.166,4.01
v2_1450_whole_0,data/synthetic/v2/images/v2_1450_whole_0.jpg,synthetic,train,rust,1,1,0,1,2,undetermined,3,rust_s2_mixed,1024,512,dc1b4c60e5ca95cce4fffe54e0d72910fa68ffbd996b318f1ce693bd7e296616,1450,whole,sun,1926819747,,0,0,0.369,0.102,1.89
v2_0921_closeup_0,data/synthetic/v2/images/v2_0921_closeup_0.jpg,synthetic,train,healthy,0,0,0,0,0,healthy,0,healthy,256,256,d2c160ead5583caecc56530f86f6d30f51fd62428706cff82b12c3a0fddf43d7,921,closeup,overcast,1587210964,,0,0,0.438,0.052,0.5
v2_0305_whole_0,data/synthetic/v2/images/v2_0305_whole_0.jpg,synthetic,train,other,0,0,1,0,1,phoma,1,other_phoma,1024,512,898c7f702728991c83ca295a9b1385939c717275c6a0e24024e699c1c53ad382,305,whole,overcast,959091234,,0,0,0.481,0.088,2.83
v2_0514_closeup_0,data/synthetic/v2/images/v2_0514_closeup_0.jpg,synthetic,train,other,0,0,1,0,1,phoma,1,other_phoma,512,512,0b7acd8d5704e9b6a33b995a854072bd22c5d4e906d6158179805795156c3657,514,closeup,sun,252996304,,0,0,0.476,0.117,0.33
v2_0210_closeup_0,data/synthetic/v2/images/v2_0210_closeup_0.jpg,synthetic,train,healthy,0,0,0,0,0,healthy,0,healthy,256,256,540c273046f2fb3feee0b242a4683aa6018636a7f4674f72491afda29448e904,210,closeup,backlit,977083932,,0,0,0.558,0.05,0.71
v2_1263_closeup_0,data/synthetic/v2/images/v2_1263_closeup_0.jpg,synthetic,train,rust,1,0,0,0,2,rust,1,rust_s2_pure,512,512,80e033e9bc7c501842c3247c0c8eee6e22b64043022bb7f06c08833872d4f2f6,1263,closeup,shade,1835731892,,0,0,0.395,0.1,0.14
v2_1089_whole_0,data/synthetic/v2/images/v2_1089_whole_0.jpg,synthetic,train,healthy,0,0,0,0,0,healthy,0,healthy,1024,512,1cb85193b9b80f3cde7015f1c0baa0b1650cfdc5b46f6d011b21928f48cbfb0f,1089,whole,sun_wet,2061740593,,0,0,0.58,0.086,1.2
v2_0823_whole_0,data/synthetic/v2/images/v2_0823_whole_0.jpg,synthetic,train,rust,1,0,0,0,3,rust,1,rust_s3plus_pure,1024,512,90df3bc31f6d75e3aba2db6d77d07c5180c82bf60e5c0517a71ce8b51febc637,823,whole,rain,1618876170,,0,0,0.544,0.155,4.15
v2_1672_whole_0,data/synthetic/v2/images/v2_1672_whole_0.jpg,synthetic,train,rust,1,0,0,1,2,rust,2,rust_s2_mixed,896,672,5ac708bf366a7e1139ab60dbcd1b30d8d043f88e47366bee0f40593bd0fae1e9,1672,whole,shade,563453990,,0,0,0.574,0.071,0.86
v2_1038_whole_0,data/synthetic/v2/images/v2_1038_whole_0.jpg,synthetic,train,other,0,1,0,0,1,miner,1,other_miner,896,672,33cf422736741be062a7dc528785bbf81adc51f15ac89c2536abcf8913ddfef2,1038,whole,overcast,740312839,,0,0,0.417,0.059,0.86
v2_1669_closeup_0,data/synthetic/v2/images/v2_1669_closeup_0.jpg,synthetic,train,rust,1,0,0,1,1,cercospora,2,rust_s1_mixed,256,256,2241c970ffa2eb8387d301d11de5a9f59ee085f89aa29581f1abef5150cbd83f,1669,closeup,overcast,360458402,,0,0,0.436,0.068,0.45
v2_1711_closeup_0,data/synthetic/v2/images/v2_1711_closeup_0.jpg,synthetic,train,rust,1,0,0,1,1,cercospora,2,rust_s1_mixed,256,256,faa83d8959cb3709692253dca70cfc5b05546d0c90136388045458dcd478602e,1711,closeup,overcast,1004038163,,0,0,0.426,0.085,0.38
v2_0672_whole_0,data/synthetic/v2/images/v2_0672_whole_0.jpg,synthetic,train,rust,1,1,0,0,2,undetermined,2,rust_s2_mixed,1024,512,f2267127be820c1d878a219618f5eed71007a069ffa44f96cab287a1e8897d92,672,whole,overcast,1766994798,,0,0,0.379,0.108,2.65
v2_1083_whole_0,data/synthetic/v2/images/v2_1083_whole_0.jpg,synthetic,train,other,0,0,0,1,1,cercospora,1,other_cercospora,1024,512,06ec6acfe378f95b43f8d493cdac23fdbdfe30dfe3cb782eb44b1b0cadb0886a,1083,whole,overcast,2004103143,,0,0,0.444,0.042,0.78
v2_1729_whole_0,data/synthetic/v2/images/v2_1729_whole_0.jpg,synthetic,train,rust,1,0,0,0,1,rust,1,rust_s1_pure,896,672,24bd36e0ca61791823a916efb35bc85ed7e3d088d244e9333d4a4227ef76805d,1729,whole,sun,662607429,,0,0,0.527,0.095,0.73
v2_1619_closeup_0,data/synthetic/v2/images/v2_1619_closeup_0.jpg,synthetic,train,rust,1,0,0,1,1,undetermined,2,rust_s1_mixed,256,256,11a151ff33a2294f9b60b8a6a5fbf4821f852dba18980b6391447b5e24734ddb,1619,closeup,rain,145428507,,0,0,0.402,0.056,0.72
v2_0132_closeup_1,data/synthetic/v2/images/v2_0132_closeup_1.jpg,synthetic,train,rust,1,0,0,0,3,rust,1,rust_s3plus_pure,256,256,4763275b8dd95db575b2f2b166727a3fc85b20bfc8aa90d21b3c929c33db72e3,132,closeup,golden,588728511,,0,0,0.57,0.141,0.23
v2_1639_whole_0,data/synthetic/v2/images/v2_1639_whole_0.jpg,synthetic,train,rust,1,0,0,1,1,rust,2,rust_s1_mixed,896,672,39c3b606a35190ca46a6641b48fd9febcaaa1f73032b4cdc104bd3570c24f3c7,1639,whole,sun,581097616,,0,0,0.365,0.107,0.87
v2_1360_whole_0,data/synthetic/v2/images/v2_1360_whole_0.jpg,synthetic,train,rust,1,0,0,1,2,rust,2,rust_s2_mixed,1024,512,a176dba67236b4f997d81b7598a7d344ff40f2d1f8a9f2b6853f12f4046fbc0e,1360,whole,overcast,1380818013,,0,0,0.447,0.083,4.08
v2_0713_whole_0,data/synthetic/v2/images/v2_0713_whole_0.jpg,synthetic,train,rust,1,0,0,0,1,rust,1,rust_s1_pure,896,672,99e2481b6990a3617414ca56158880d37ebef93715c5894e933392b527a57174,713,whole,overcast,1889218357,,0,0,0.546,0.101,0.68
v2_1452_closeup_0,data/synthetic/v2/images/v2_1452_closeup_0.jpg,synthetic,train,rust,1,1,0,0,1,miner,2,rust_s1_mixed,512,512,99bd171baaf9daf26a7a6d18ada9c2ee1591df2e42177da8195995d14b713a5e,1452,closeup,sun,1901870029,,0,0,0.516,0.07,0.53
v2_0364_whole_0,data/synthetic/v2/images/v2_0364_whole_0.jpg,synthetic,train,other,0,0,1,0,3,phoma,1,other_phoma,896,672,640796d628697643db9e0ebb5580169abcfb808d5738076d70c421bcb2c559c4,364,whole,sun,495167433,,0,0,0.451,0.133,4.11
v2_1359_whole_0,data/synthetic/v2/images/v2_1359_whole_0.jpg,synthetic,train,rust,1,0,0,0,3,rust,1,rust_s3plus_pure,896,672,3393fb347e1c708b52a9dd2815896d813df966901a56ea529bd271a8292107ce,1359,whole,overcast,1328089148,,0,0,0.456,0.095,4.39
v2_1235_closeup_0,data/synthetic/v2/images/v2_1235_closeup_0.jpg,synthetic,train,rust,1,0,0,0,1,rust,1,rust_s1_pure,256,256,858754290c3f09a306069c931ae7a8c2e06124f6fbcc111f63fae4de151c57a9,1235,closeup,sun,1580762932,,0,0,0.484,0.037,0.13
v2_1374_whole_0,data/synthetic/v2/images/v2_1374_whole_0.jpg,synthetic,train,rust,1,0,0,0,1,rust,1,rust_s1_pure,1024,512,44fd5554dc3b2d019ab4a77680594ee5c5a078994c1511b4cfea18023606ff04,1374,whole,shade,1844990948,,0,0,0.469,0.073,1.11
v2_1544_whole_0,data/synthetic/v2/images/v2_1544_whole_0.jpg,synthetic,train,rust,1,0,0,0,2,rust,1,rust_s2_pure,1024,512,0558191f6acfb237bae5dee032f31d08c833fcd1b1c25e67407ea6434010cec7,1544,whole,sun_wet,1879902634,,0,0,0.47,0.086,5.38
v2_0462_closeup_0,data/synthetic/v2/images/v2_0462_closeup_0.jpg,synthetic,train,other,0,0,1,0,1,phoma,1,other_phoma,256,256,af987508ead2d7ab8e8c0ff0372fa7f0ef11eb48e96f1ee16ca87b82dea60757,462,closeup,shade,724436843,,0,0,0.433,0.08,0.23
v2_1608_closeup_0,data/synthetic/v2/images/v2_1608_closeup_0.jpg,synthetic,train,other,0,0,0,1,1,cercospora,1,other_cercospora,256,256,fd4fb6880854e17ce6542f26fa07e922e5f098777bfc1f6fdc8394891c65c903,1608,closeup,rain,836050249,,0,0,0.636,0.116,5.07
v2_0841_whole_0,data/synthetic/v2/images/v2_0841_whole_0.jpg,synthetic,train,healthy,0,0,0,0,0,healthy,0,healthy,1024,512,6fef9b0d5be60d70ebbfaaf5a204e388c425c60e1445efb6f0fca866ee1f05c8,841,whole,backlit,1183947960,,0,0,0.455,0.073,1.65
v2_1640_whole_0,data/synthetic/v2/images/v2_1640_whole_0.jpg,synthetic,train,rust,1,0,0,1,1,undetermined,2,rust_s1_mixed,768,768,2ca5dde9bc47fe84ba86e1902645601e2c91b30defd00002647c7885d4490f36,1640,whole,shade,816110502,,0,0,0.508,0.068,1.49
v2_0825_whole_0,data/synthetic/v2/images/v2_0825_whole_0.jpg,synthetic,train,healthy,0,0,0,0,0,healthy,0,healthy,896,672,2f46bed7c20f48365dfa75f07451d6adc9c4311c8e689c62fb1da298643dceba,825,whole,studio,1693674424,,0,0,0.624,0.161,4.83
v2_0478_whole_0,data/synthetic/v2/images/v2_0478_whole_0.jpg,synthetic,train,other,0,0,1,0,2,phoma,1,other_phoma,896,672,a226dd30c084f0a1034f6939053b1ef7d5b2477e8762a811e135fd70c5a50f81,478,whole,studio,503703000,,0,0,0.801,0.174,4.93
v2_0584_whole_0,data/synthetic/v2/images/v2_0584_whole_0.jpg,synthetic,train,other,0,1,0,0,1,miner,1,other_miner,1024,512,d037871a2709635ecd99679e1b01034e52e3e0c5f21dee898ef1744c03d129f7,584,whole,shade,1914447194,,0,0,0.488,0.054,1.25
v2_0806_whole_2,data/synthetic/v2/images/v2_0806_whole_2.jpg,synthetic,train,rust,1,0,0,0,4,rust,1,rust_s3plus_pure,1024,512,d0f8fef4cab371b7361a092d929ab0b95a652ddee42d51b83e624a9a47be1c84,806,whole,studio,582122566,,0,0,0.603,0.146,3.87
v2_0556_whole_0,data/synthetic/v2/images/v2_0556_whole_0.jpg,synthetic,train,other,0,0,1,0,2,phoma,1,other_phoma,1024,512,bac1c7955c53cd1f312ed1fa8fc534f61954393a502bac4586213d481ffff84d,556,whole,overcast,66202089,,0,0,0.524,0.1,3.31
v2_1294_whole_0,data/synthetic/v2/images/v2_1294_whole_0.jpg,synthetic,train,rust,1,0,0,0,2,rust,1,rust_s2_pure,1024,512,3047fe54e5c366f1892df7fc350519d6f04b8d13ef665035780b3efe1cb515b8,1294,whole,rain,809962855,,0,0,0.523,0.098,3.55
v2_1506_whole_0,data/synthetic/v2/images/v2_1506_whole_0.jpg,synthetic,train,rust,1,0,0,0,1,rust,1,rust_s1_pure,1024,512,5e5d70e4a2db2d07724d739fcb028d5144080f2177706b3cec691eeeb17cf545,1506,whole,overcast,2095794835,,0,0,0.544,0.114,3.29
v2_1476_closeup_1,data/synthetic/v2/images/v2_1476_closeup_1.jpg,synthetic,train,rust,1,0,0,0,4,rust,1,rust_s3plus_pure,256,256,c6339bd373e04b5888598b9561d98a686ad299c909397fc080f8b2fa45e0ce0a,1476,closeup,overcast,727411468,,0,0,0.341,0.08,2.28
v2_1587_whole_0,data/synthetic/v2/images/v2_1587_whole_0.jpg,synthetic,train,rust,1,0,0,1,1,undetermined,2,rust_s1_mixed,768,768,7900d708795e60e547bf71adf0cc226c945dccef352c2297a01ea764d6ccfb9c,1587,whole,sun_wet,949815371,,0,0,0.56,0.071,5.2
v2_0634_closeup_0,data/synthetic/v2/images/v2_0634_closeup_0.jpg,synthetic,train,other,0,0,0,1,1,cercospora,1,other_cercospora,512,512,739f85731e390913bd4120e46e999910cd774ba970ca060cf3787831443e554b,634,closeup,golden,1656608907,,0,0,0.407,0.059,0.1
v2_1549_closeup_0,data/synthetic/v2/images/v2_1549_closeup_0.jpg,synthetic,train,other,0,0,0,1,1,cercospora,1,other_cercospora,512,512,fb9f048e108a82d11de8d5adb14ed5118570f6cc2442dd2fc251813881da7d91,1549,closeup,sun,2027264761,,0,0,0.563,0.083,0.22
v2_1149_whole_0,data/synthetic/v2/images/v2_1149_whole_0.jpg,synthetic,train,other,0,0,1,0,1,phoma,1,other_phoma,1024,512,f9a01b532937734ed7bfc264721af2a131fe645a0a92dd2c706fdafba609c612,1149,whole,rain,223689785,,0,0,0.472,0.109,2.11
v2_0998_whole_0,data/synthetic/v2/images/v2_0998_whole_0.jpg,synthetic,train,healthy,0,0,0,0,0,healthy,0,healthy,1024,512,f8c340bcb04b0e98c0db4d35bfdce3f0b2f058a14361baf877ecdf237d9ab4fb,998,whole,studio,105535066,,0,0,0.807,0.162,5.08
v2_0517_whole_0,data/synthetic/v2/images/v2_0517_whole_0.jpg,synthetic,train,other,0,0,0,1,1,cercospora,1,other_cercospora,768,768,ba5bda13226442b6b26f57e991c49d4f7282dce5ada6767c218b32bef3f5358a,517,whole,golden,223532169,,0,0,0.46,0.131,7.5
v2_0103_whole_0,data/synthetic/v2/images/v2_0103_whole_0.jpg,synthetic,train,rust,1,0,0,0,1,rust,1,rust_s1_pure,1024,512,3cd4d47f5b5d27ae8528c93e96882929c6046c63c2727754ba1a178f1a88cc98,103,whole,overcast,1197981168,,0,0,0.578,0.048,0.94
v2_0099_whole_0,data/synthetic/v2/images/v2_0099_whole_0.jpg,synthetic,train,rust,1,0,0,0,2,rust,1,rust_s2_pure,1024,512,8a10d489f0678058e2a52a90b63cc9caaa3a82d7da7691f35b6f9cbf984c47ef,99,whole,rain,1113420811,,0,0,0.533,0.121,0.64
v2_1401_whole_0,data/synthetic/v2/images/v2_1401_whole_0.jpg,synthetic,train,rust,1,1,0,0,4,rust,2,rust_s3plus_mixed,1024,512,5c0db792b11744d27937fcac1b262dc6c833f823526738b7afa102f6d0093e3f,1401,whole,sun_wet,1153725862,,0,0,0.509,0.089,12.76
v2_0412_whole_0,data/synthetic/v2/images/v2_0412_whole_0.jpg,synthetic,train,other,0,0,1,0,2,phoma,1,other_phoma,1024,512,7f9be4e6e90a91523149a798e8ef274ea7dcc1cf043c5198dac620e56281aaac,412,whole,rain,922304466,,0,0,0.332,0.078,5.59
v2_0129_whole_2,data/synthetic/v2/images/v2_0129_whole_2.jpg,synthetic,train,rust,1,0,0,0,4,rust,1,rust_s3plus_pure,1024,512,be7f15e8213ceac2b44f0351fd938c7a11e33d5c7d635c3a41b8c5a275bf0ff1,129,whole,overcast,251105665,,0,0,0.534,0.059,2.07
v2_1706_whole_0,data/synthetic/v2/images/v2_1706_whole_0.jpg,synthetic,train,other,0,0,0,1,1,cercospora,1,other_cercospora,768,768,d600fe4b6ead898532980027c55dc325ec013abc2afa74b90a206bb768facac7,1706,whole,overcast,103487987,,0,0,0.459,0.073,0.58
v2_1614_whole_0,data/synthetic/v2/images/v2_1614_whole_0.jpg,synthetic,train,rust,1,0,0,1,1,rust,2,rust_s1_mixed,896,672,2fa1a60e991de6df507b8a00c3dc8c88a62ab49ec1176996e9fb39ad34d5f6d1,1614,whole,rain,7570248,,0,0,0.439,0.105,8.82
v2_0961_closeup_0,data/synthetic/v2/images/v2_0961_closeup_0.jpg,synthetic,train,healthy,0,0,0,0,0,healthy,0,healthy,256,256,8a274e24ace6d7d315b6d8bd7dc11cdba95655ce414ee729de302c1e6982798d,961,closeup,sun,1375239555,,0,0,0.535,0.071,0.16
v2_0125_whole_0,data/synthetic/v2/images/v2_0125_whole_0.jpg,synthetic,train,rust,1,0,0,0,1,rust,1,rust_s1_pure,1024,512,d77b1439916943d47e6cf993fe60436b8a11f38e2b19bf819109dff3774bd95c,125,whole,sun_wet,1776486857,,0,0,0.397,0.115,4.97
v2_0455_whole_0,data/synthetic/v2/images/v2_0455_whole_0.jpg,synthetic,train,other,0,0,1,0,1,phoma,1,other_phoma,896,672,cecd57e6e7f157dd01c58c064e26eb9ab71b6cbfd9900a3649e977495b060c3e,455,whole,rain,1020575232,,0,0,0.587,0.061,1.6
v2_1232_whole_0,data/synthetic/v2/images/v2_1232_whole_0.jpg,synthetic,train,rust,1,0,0,0,1,rust,1,rust_s1_pure,768,768,07a5dc9b0120516a7a2ddd74909e65cc7583debcef570f67444e5a1e40a30d51,1232,whole,rain,1534562737,,0,0,0.541,0.103,0.63
v2_1551_whole_0,data/synthetic/v2/images/v2_1551_whole_0.jpg,synthetic,train,rust,1,0,0,1,1,rust,2,rust_s1_mixed,1024,512,4a917d602f561619ed55132ce96e7ccaee12eb6ec1b960888e80cccd632e54d4,1551,whole,studio,1316662308,,0,0,0.502,0.071,0.78
v2_1355_whole_0,data/synthetic/v2/images/v2_1355_whole_0.jpg,synthetic,train,rust,1,1,0,0,2,rust,2,rust_s2_mixed,1024,512,b47d3d34d339116128b0aa550b74cf07bb8e61fe6a5dd8a825d076426b23094a,1355,whole,sun,1177809240,,0,0,0.626,0.095,3.35
v2_0652_whole_0,data/synthetic/v2/images/v2_0652_whole_0.jpg,synthetic,train,other,0,0,1,1,1,cercospora,2,other_multi,1024,512,5246b5d8e49b6852e3ebea290643d6c908d3b1f08a6389f9b4e8f4bdeb26efc1,652,whole,sun_wet,1130101733,,0,0,0.392,0.06,0.95
v2_1698_closeup_0,data/synthetic/v2/images/v2_1698_closeup_0.jpg,synthetic,train,rust,1,0,0,1,2,rust,2,rust_s2_mixed,384,384,48d5b9c9c7cb5a32b7b9c9fa13861671cd24b594192a75a4b937a9dac9f76e6c,1698,closeup,sun,1289573059,,0,0,0.477,0.101,0.22
v2_1143_whole_0,data/synthetic/v2/images/v2_1143_whole_0.jpg,synthetic,train,other,0,1,0,1,2,miner,2,other_multi,1024,512,ec0d70576ca33001d1c8ee9bd0b67718f0f3660b09f9df9ae817c9fb28c43f7d,1143,whole,studio,12761583,,0,0,0.796,0.225,8.27
v2_0719_whole_0,data/synthetic/v2/images/v2_0719_whole_0.jpg,synthetic,train,other,0,1,0,0,1,miner,1,other_miner,896,672,a50f9c2d9b48d1dc942f71170d1a4a8d8b0f85f0a46d4493496fcc1ddd5cafa9,719,whole,rain,2097982179,,0,0,0.39,0.111,1.03
v2_1209_whole_0,data/synthetic/v2/images/v2_1209_whole_0.jpg,synthetic,train,rust,1,1,0,0,1,rust,2,rust_s1_mixed,768,768,5ff341326e17be4a527c5baed2dc542297149e3c4116386f77832fc702d1e18d,1209,whole,shade,1167577534,,0,0,0.432,0.052,1.15
v2_1085_closeup_1,data/synthetic/v2/images/v2_1085_closeup_1.jpg,synthetic,train,rust,1,0,0,0,3,rust,1,rust_s3plus_pure,384,384,849bbbbc2daace11866f08bf4274c8f48b813c9e1a6bbc1ebedcc14feea7d1ed,1085,closeup,overcast,83780547,,0,0,0.363,0.135,0.6
v2_1517_closeup_1,data/synthetic/v2/images/v2_1517_closeup_1.jpg,synthetic,train,rust,1,0,0,0,4,rust,1,rust_s3plus_pure,256,256,e88420cb6643875c52dc16420c2ab7f98efa262cbe0ceb8be415e079b9b63946,1517,closeup,rain,848459607,,0,0,0.376,0.091,0.49
v2_1193_closeup_0,data/synthetic/v2/images/v2_1193_closeup_0.jpg,synthetic,train,healthy,0,0,0,0,0,healthy,0,healthy,256,256,2c9bb1aa1241e32469366b3b5592aba7c7ea20650ba3003295fba18926840cc6,1193,closeup,sun,1923637554,,0,0,0.347,0.108,1.53
v2_0154_closeup_2,data/synthetic/v2/images/v2_0154_closeup_2.jpg,synthetic,train,rust,1,0,0,1,3,rust,2,rust_s3plus_mixed,256,256,6727bc636093face0281e901720db2fd8e778c8003e6eebb761ca30219afd647,154,closeup,rain,469252715,,0,0,0.594,0.059,0.37
v2_1407_closeup_0,data/synthetic/v2/images/v2_1407_closeup_0.jpg,synthetic,train,rust,1,1,0,0,1,rust,2,rust_s1_mixed,512,512,b6ef5e9a24b08fb639e5c3e5db728929da2edb649e34586351fa6fc122c91fbb,1407,closeup,shade,1078528276,,0,0,0.495,0.066,0.07
v2_1552_whole_0,data/synthetic/v2/images/v2_1552_whole_0.jpg,synthetic,train,rust,1,0,0,0,1,rust,1,rust_s1_pure,1024,512,1174339865bfb4daf2a7dbe65cfd76f67c191bb6187f4a9fbd782513f8712eb7,1552,whole,golden,1279005309,,0,0,0.397,0.105,2.41
v2_0216_whole_0,data/synthetic/v2/images/v2_0216_whole_0.jpg,synthetic,train,other,0,1,0,0,1,miner,1,other_miner,1024,512,a44120b0a620179bb719247aa54dd9018cd2eb234b42f27f88baccbffa75501c,216,whole,rain,1051746990,,0,0,0.581,0.125,4.7
v2_0904_whole_0,data/synthetic/v2/images/v2_0904_whole_0.jpg,synthetic,train,healthy,0,0,0,0,0,healthy,0,healthy,896,672,430bcab36ec87455915af5261cd7ebdf2d0cfb918bab9fe9577f79186fcdc0d0,904,whole,sun_wet,1918427316,,0,0,0.493,0.098,6.24
v2_0219_closeup_0,data/synthetic/v2/images/v2_0219_closeup_0.jpg,synthetic,train,other,0,1,0,0,2,miner,1,other_miner,512,512,196db9105ff0ce5c7c26e3c3aa7ce7cb6faaa4bead0ddc01ce4f97b563390409,219,closeup,sun,904668563,,0,0,0.476,0.077,0.24
v2_0265_closeup_0,data/synthetic/v2/images/v2_0265_closeup_0.jpg,synthetic,train,other,0,0,1,0,2,phoma,1,other_phoma,384,384,3790fc22d663133981bc377cdc0e2d3b1e2adf4b9a111180bea53a95ca9c777a,265,closeup,sun,555869262,,0,0,0.449,0.07,0.31
v2_0752_whole_0,data/synthetic/v2/images/v2_0752_whole_0.jpg,synthetic,train,healthy,0,0,0,0,0,healthy,0,healthy,896,672,722c18dda913d657da9ee0a40966cc0a5199028f21dd222ad7740ff30364e4a2,752,whole,studio,2117849685,,0,0,0.889,0.184,3.13
v2_1286_whole_0,data/synthetic/v2/images/v2_1286_whole_0.jpg,synthetic,train,rust,1,1,0,0,1,rust,2,rust_s1_mixed,1024,512,b1396143e498114aad45bcf9c4c1667630f1a15b763cd1f3711bd98323484230,1286,whole,rain,192921196,,0,0,0.462,0.051,4.11
v2_0106_whole_0,data/synthetic/v2/images/v2_0106_whole_0.jpg,synthetic,train,rust,1,0,0,0,2,rust,1,rust_s2_pure,1024,512,9044abfe6a8b2764bd84c266f0966919543524303d8b66841f1e9b80b192b939,106,whole,overcast,1101823771,,0,0,0.478,0.079,2.55
v2_1415_closeup_0,data/synthetic/v2/images/v2_1415_closeup_0.jpg,synthetic,train,rust,1,1,0,0,1,undetermined,2,rust_s1_mixed,384,384,ad3845761ded1f81a238898b79b0361ff2523c8d4fb2011882de050697a30fe5,1415,closeup,overcast,2071050783,,0,0,0.339,0.124,0.44
v2_0238_whole_0,data/synthetic/v2/images/v2_0238_whole_0.jpg,synthetic,train,other,0,0,1,0,1,phoma,1,other_phoma,768,768,425b0a4ad397a4cf0d19afd03317b4c5b5b114e62d004fd596994fb17dd7d156,238,whole,golden,505906991,,0,0,0.508,0.056,0.91
v2_0685_whole_0,data/synthetic/v2/images/v2_0685_whole_0.jpg,synthetic,train,healthy,0,0,0,0,0,healthy,0,healthy,1024,512,28b2758ec041a81328b6774d17c68bb4a28b7bcc2913b13ba2592864f54bb80c,685,whole,studio,880686525,,0,0,0.726,0.137,6.11
v2_0214_whole_0,data/synthetic/v2/images/v2_0214_whole_0.jpg,synthetic,train,other,0,1,0,0,1,miner,1,other_miner,1024,512,9e5799190e81587fc791171b3a453e5f45c665a14b16c40c868b2250395ccf83,214,whole,sun,1026864832,,0,0,0.586,0.075,0.55
v2_0468_whole_0,data/synthetic/v2/images/v2_0468_whole_0.jpg,synthetic,train,other,0,0,1,0,1,phoma,1,other_phoma,1024,512,15f9f6ab02df179ddbfbade79285083747d975d8d3702c002269af23cbbbe43d,468,whole,overcast,649691837,,0,0,0.533,0.072,1.94
v2_1586_whole_2,data/synthetic/v2/images/v2_1586_whole_2.jpg,synthetic,train,rust,1,0,0,1,3,rust,2,rust_s3plus_mixed,896,672,c1d10d081e7c4b3686ef912bd65ae42b1899d674860dcf0e16fefbe90d9e55b7,1586,whole,sun_wet,1464927056,,0,0,0.535,0.078,0.96
v2_1085_whole_0,data/synthetic/v2/images/v2_1085_whole_0.jpg,synthetic,train,rust,1,0,0,0,3,rust,1,rust_s3plus_pure,768,768,a9c9bca3328da300318838cc71d86f26e8e13ebf26de55f696bedf00fe3c8a72,1085,whole,sun_wet,1945719637,,0,0,0.489,0.099,9.56
v2_0286_whole_0,data/synthetic/v2/images/v2_0286_whole_0.jpg,synthetic,train,other,0,0,1,0,1,phoma,1,other_phoma,1024,512,05869654627e8d944f504c6748794e147495b9a6d499ffed08e7a072b14b861c,286,whole,shade,1136143652,,0,0,0.477,0.051,0.96
v2_1642_whole_2,data/synthetic/v2/images/v2_1642_whole_2.jpg,synthetic,train,rust,1,0,0,1,3,cercospora,2,rust_s3plus_mixed,1024,512,3121b129bb209a5f59ea9ce4208d4282027a80e6ae51bbd8fd3ca9b7bfaf2741,1642,whole,rain,1563324132,,0,0,0.413,0.035,4.42
v2_0641_closeup_0,data/synthetic/v2/images/v2_0641_closeup_0.jpg,synthetic,train,rust,1,0,0,0,1,rust,1,rust_s1_pure,512,512,6977b93be03ef9f3925d51d27a2b4ca2d22fbe49f2d1c5f2d570958db712d561,641,closeup,shade,2040603353,,0,0,0.365,0.102,0.69
v2_1001_whole_0,data/synthetic/v2/images/v2_1001_whole_0.jpg,synthetic,train,healthy,0,0,0,0,0,healthy,0,healthy,896,672,7a4c13b1eb180ba5c44ad24aa917cdd8ad1e35e8b3d47de69005897755d050c7,1001,whole,sun,826594150,,0,0,0.595,0.082,2.55
v2_0660_closeup_0,data/synthetic/v2/images/v2_0660_closeup_0.jpg,synthetic,train,other,0,1,1,0,1,miner,2,other_multi,512,512,ad7ecd3d0709e2da634776c31a8cd6bc840464605fb59ea982035e431a75ae9a,660,closeup,sun_wet,1382711397,,0,0,0.546,0.072,0.86
v2_0563_closeup_0,data/synthetic/v2/images/v2_0563_closeup_0.jpg,synthetic,train,other,0,0,1,0,1,phoma,1,other_phoma,384,384,2ef8889e87070f4c46762a7ab7992ac5052e4059899268730930e64981f1037c,563,closeup,golden,395068652,,0,0,0.415,0.084,0.46
v2_1381_closeup_0,data/synthetic/v2/images/v2_1381_closeup_0.jpg,synthetic,train,rust,1,1,0,0,2,rust,2,rust_s2_mixed,256,256,3718997f4c3de99666fb21a50e3fb00e8388fe839e52fab87335377d91d3808a,1381,closeup,sun,860914009,,0,0,0.492,0.119,0.95
v2_1447_whole_0,data/synthetic/v2/images/v2_1447_whole_0.jpg,synthetic,train,rust,1,0,0,1,1,rust,2,rust_s1_mixed,768,768,772477669c332ead95e294a590bd2a52e59f3190c980ee6e69dc6cd7c76d3d66,1447,whole,overcast,1328258627,,0,0,0.59,0.116,0.72
v2_1079_whole_0,data/synthetic/v2/images/v2_1079_whole_0.jpg,synthetic,train,rust,1,0,0,0,1,rust,1,rust_s1_pure,1024,512,850df3407b35b7b5749996e7945e21bb6f16cb9a7cf074f032ec8801b979b209,1079,whole,overcast,578861671,,0,0,0.555,0.071,1.34
v2_0387_closeup_0,data/synthetic/v2/images/v2_0387_closeup_0.jpg,synthetic,train,other,0,0,1,0,2,phoma,1,other_phoma,384,384,20fb66875aab393dcc0e947b7c24754285d229a42fe59480b00a8699c723c433,387,closeup,rain,2132438691,,0,0,0.531,0.087,0.25
v2_1291_whole_0,data/synthetic/v2/images/v2_1291_whole_0.jpg,synthetic,train,rust,1,1,0,0,3,rust,2,rust_s3plus_mixed,1024,512,20b0c22b13dd55c4a868815ff6ab97dee0bd576a0165e02f9271eb1967ec8bb8,1291,whole,sun,915197836,,0,0,0.426,0.081,1.41
v2_1075_whole_0,data/synthetic/v2/images/v2_1075_whole_0.jpg,synthetic,train,other,0,1,0,0,2,miner,1,other_miner,1024,512,f5edad78f6ce3aaf6ec786a810b25d88d7cab42f67a3a8386ffb55c7432f06d5,1075,whole,sun,731529987,,0,0,0.502,0.082,1.82
v2_1218_whole_0,data/synthetic/v2/images/v2_1218_whole_0.jpg,synthetic,train,healthy,0,0,0,0,0,healthy,0,healthy,1024,512,f0e2f55f81731c106c89c50b590a1aff4369a30e051639171eb009a930e7b535,1218,whole,rain,2095701228,,0,0,0.477,0.039,0.77
v2_1714_whole_0,data/synthetic/v2/images/v2_1714_whole_0.jpg,synthetic,train,other,0,1,0,0,1,miner,1,other_miner,1024,512,8987e46fe11d89c930c2973e43ba8c7d30458aa87f5563c2f2a2f58138a7ab1b,1714,whole,rain,1024699128,,0,0,0.402,0.057,1.74
v2_1278_whole_0,data/synthetic/v2/images/v2_1278_whole_0.jpg,synthetic,train,rust,1,0,0,0,1,rust,1,rust_s1_pure,1024,512,229df5ab2415c4b33450e5281015d5d598cac621ad0bed097a3076cf943bbba0,1278,whole,rain,1501725488,,0,0,0.57,0.06,2.13
v2_0349_closeup_0,data/synthetic/v2/images/v2_0349_closeup_0.jpg,synthetic,train,other,0,0,1,0,1,phoma,1,other_phoma,512,512,264eacf6968eaa804a057ad3d3b4d77936f3d11fb917a1314b06b12b738e207d,349,closeup,shade,1062403089,,0,0,0.501,0.113,0.55
v2_0800_whole_0,data/synthetic/v2/images/v2_0800_whole_0.jpg,synthetic,train,other,0,1,0,0,2,miner,1,other_miner,768,768,30c87fd3b64b7bad1192bd378dbabe64b137f3bc1e1d722afc36e365223a9cec,800,whole,shade,1211195864,,0,0,0.523,0.079,3.9
v2_0759_closeup_0,data/synthetic/v2/images/v2_0759_closeup_0.jpg,synthetic,train,healthy,0,0,0,0,0,healthy,0,healthy,512,512,7edfa0c715a9fca842b379b4cb7a3ebb1a92ede66f9515d20ec0d710b8a3bb7e,759,closeup,backlit,1919827380,,0,0,0.422,0.036,0.22
v2_0537_whole_0,data/synthetic/v2/images/v2_0537_whole_0.jpg,synthetic,train,other,0,0,1,0,2,phoma,1,other_phoma,1024,512,139ab794a70cfceffa51b47abfc1ca2e6fa33fb088638f0d12b3590e58e1b266,537,whole,overcast,660282370,,0,0,0.479,0.072,4.64
v2_1642_closeup_0,data/synthetic/v2/images/v2_1642_closeup_0.jpg,synthetic,train,rust,1,0,0,1,3,cercospora,2,rust_s3plus_mixed,256,256,708a88b5c35b40377b4b177a69c8b25a00f06651e2cdc510c971e1483f10838b,1642,closeup,shade,857739208,,0,0,0.504,0.086,0.73
v2_1234_whole_0,data/synthetic/v2/images/v2_1234_whole_0.jpg,synthetic,train,rust,1,0,0,0,1,rust,1,rust_s1_pure,896,672,50fcf7daa9aec45adc1dafdb814a16f11268f8c4407a5c9e36b1a603c8aed873,1234,whole,shade,1610280195,,0,0,0.386,0.054,1.58
v2_0318_whole_0,data/synthetic/v2/images/v2_0318_whole_0.jpg,synthetic,train,other,0,0,1,0,3,phoma,1,other_phoma,896,672,bc18516c5a44b9df26a0fddb543d17c5ec1d473557fc281f6abf72481b1d0930,318,whole,studio,156132884,,0,0,0.703,0.115,2.12
v2_0371_whole_0,data/synthetic/v2/images/v2_0371_whole_0.jpg,synthetic,train,other,0,0,1,0,3,phoma,1,other_phoma,768,768,f30b75371113f5ce70f97a7900689d319705820fbe83655f13cb69a45c60ad6a,371,whole,overcast,603193927,,0,0,0.499,0.074,0.96
v2_0959_closeup_0,data/synthetic/v2/images/v2_0959_closeup_0.jpg,synthetic,train,healthy,0,0,0,0,0,healthy,0,healthy,384,384,eec725b253a788d7f710bc8885a39dd4a6c9cf62f5fa355c622d03a8022309ec,959,closeup,backlit,1298039765,,0,0,0.586,0.084,0.54
v2_1383_whole_0,data/synthetic/v2/images/v2_1383_whole_0.jpg,synthetic,train,rust,1,0,0,0,1,rust,1,rust_s1_pure,896,672,236b9693bf8f02011e68f7588ad066ee8dd3cf1769323385aa82e81d48d0f81a,1383,whole,sun_wet,819221815,,0,0,0.567,0.072,3.43
v2_1237_closeup_2,data/synthetic/v2/images/v2_1237_closeup_2.jpg,synthetic,train,rust,1,1,0,0,3,rust,2,rust_s3plus_mixed,512,512,5adc5e0a0097403194d529180b0b1c481e3375022c0a53d2c671bb89df11c6dd,1237,closeup,sun_wet,867316342,,0,0,0.558,0.074,0.7
v2_0865_whole_0,data/synthetic/v2/images/v2_0865_whole_0.jpg,synthetic,train,rust,1,0,0,0,1,rust,1,rust_s1_pure,1024,512,325689bcf4d513e1fd5cb6234a00b6765b3208f1d78b73dd14c76638a9682ef9,865,whole,studio,1804729583,,0,0,0.618,0.119,2.72
v2_1327_whole_2,data/synthetic/v2/images/v2_1327_whole_2.jpg,synthetic,train,rust,1,1,0,1,4,rust,3,rust_s3plus_mixed,1024,512,4ae2782bd242dd891784b84f6a9e0214d48687f3dfe16df01be3523b4d5808c9,1327,whole,rain,913210531,,0,0,0.562,0.108,8.89
v2_1145_closeup_0,data/synthetic/v2/images/v2_1145_closeup_0.jpg,synthetic,train,other,0,1,0,0,1,miner,1,other_miner,384,384,734c0d852e053d16526cc77ecc17ed017d471f966e1ca3c5a9194c346b5df78b,1145,closeup,golden,72336733,,0,0,0.485,0.121,0.38
v2_0706_whole_2,data/synthetic/v2/images/v2_0706_whole_2.jpg,synthetic,train,rust,1,0,0,0,4,rust,1,rust_s3plus_pure,768,768,259c9df8b08f9b494ea6639bc0d85c1f2f414fe907af32c29d0a4cc3cbf70fbf,706,whole,sun_wet,551742359,,0,0,0.609,0.143,7.24
v2_0710_whole_0,data/synthetic/v2/images/v2_0710_whole_0.jpg,synthetic,train,rust,1,0,0,1,1,undetermined,2,rust_s1_mixed,896,672,70b139cc6ce9f11dbe01832a9ac630c0bae6de9f1b4853cb1be96af09bde0081,710,whole,studio,1927123308,,0,0,0.432,0.094,1.33
v2_0963_closeup_0,data/synthetic/v2/images/v2_0963_closeup_0.jpg,synthetic,train,healthy,0,0,0,0,0,healthy,0,healthy,256,256,5008c327ca2ead61ce1221dcd51934208449fb1966c0b8c87591c0da1dfbd4f2,963,closeup,sun,1383901677,,0,0,0.464,0.061,0.48
v2_1273_closeup_1,data/synthetic/v2/images/v2_1273_closeup_1.jpg,synthetic,train,rust,1,1,0,0,3,rust,2,rust_s3plus_mixed,512,512,68234e4111e8cb41a8d7315e17c7208b0e35de76760ad3e0d04f31160fb8b9b1,1273,closeup,shade,584080455,,0,0,0.503,0.131,1.14
v2_0342_whole_0,data/synthetic/v2/images/v2_0342_whole_0.jpg,synthetic,train,other,0,0,1,0,1,phoma,1,other_phoma,1024,512,bc39a625b4716b469ca9764deb5f20677cdb528fcb9c0e5cab43868c99bb0586,342,whole,rain,856101872,,0,0,0.51,0.052,0.76
v2_1558_whole_0,data/synthetic/v2/images/v2_1558_whole_0.jpg,synthetic,train,rust,1,0,0,1,1,undetermined,2,rust_s1_mixed,896,672,208f652e30ae880f539854014dbc739dff67187996d2434d10e7edb4e81f8193,1558,whole,rain,1101764523,,0,0,0.58,0.068,1.48
v2_1322_whole_0,data/synthetic/v2/images/v2_1322_whole_0.jpg,synthetic,train,other,0,1,0,0,3,miner,1,other_miner,768,768,ac4ca0b67eadadcfa33f9b41d72f2b241f3360e92c023155d145beadcec68866,1322,whole,rain,1588322148,,0,0,0.631,0.086,3.81
v2_1333_whole_0,data/synthetic/v2/images/v2_1333_whole_0.jpg,synthetic,train,rust,1,0,0,1,1,cercospora,2,rust_s1_mixed,1024,512,2b361c689ec658ac4c7cbc7831d4d4c6fc1b4105eb9ff3d63440c05fad493d19,1333,whole,overcast,1742066230,,0,0,0.467,0.066,1.63
v2_0604_whole_0,data/synthetic/v2/images/v2_0604_whole_0.jpg,synthetic,train,rust,1,0,0,1,1,cercospora,2,rust_s1_mixed,1024,512,16cd685ed0a0d734ae6dcb7401adb8f42ac8b2e3d2585c3f41d885cbbf4ba18c,604,whole,backlit,1879603045,,0,0,0.561,0.073,4.62
v2_0063_closeup_0,data/synthetic/v2/images/v2_0063_closeup_0.jpg,synthetic,train,other,0,1,0,0,1,miner,1,other_miner,512,512,e3814e82052cded4c47bd75eab3f0609d5a200a1f44d66b8e024148e6b5bdf84,63,closeup,sun_wet,397009291,,0,0,0.54,0.056,0.42
v2_0184_closeup_0,data/synthetic/v2/images/v2_0184_closeup_0.jpg,synthetic,train,healthy,0,0,0,0,0,healthy,0,healthy,512,512,d1300948d3c46992cf5bafdb723e6b677965a619e9e7e452c5580490ca9d01bc,184,closeup,shade,127697818,,0,0,0.39,0.084,0.16
v2_1517_whole_2,data/synthetic/v2/images/v2_1517_whole_2.jpg,synthetic,train,rust,1,0,0,0,4,rust,1,rust_s3plus_pure,1024,512,8306c430132728bc2393fbafd5d1e88f86397c9a892a14f40996c81e8904a23c,1517,whole,backlit,731588333,,0,0,0.416,0.066,0.7
v2_0135_whole_2,data/synthetic/v2/images/v2_0135_whole_2.jpg,synthetic,train,rust,1,0,0,0,3,rust,1,rust_s3plus_pure,1024,512,72e131fe5cfee0e6850e09461f36884d2b021ab7f24b2cc0547354caead30b69,135,whole,rain,1062276992,,0,0,0.389,0.04,0.52
v2_0938_closeup_0,data/synthetic/v2/images/v2_0938_closeup_0.jpg,synthetic,train,healthy,0,0,0,0,0,healthy,0,healthy,384,384,f3be32a765a05280ebaf0752bce410b1a7407826c24d548e0890a205620da5ec,938,closeup,overcast,1777841726,,0,0,0.477,0.118,0.3
v2_0799_closeup_0,data/synthetic/v2/images/v2_0799_closeup_0.jpg,synthetic,train,rust,1,1,0,0,3,miner,2,rust_s3plus_mixed,512,512,48341a25b8c309509d6a9e441ed4ef720346d0d25ae15dc1631f7f142f2bd3bf,799,closeup,sun,951616012,,0,0,0.494,0.115,2.02
v2_0897_whole_2,data/synthetic/v2/images/v2_0897_whole_2.jpg,synthetic,train,rust,1,1,0,0,4,rust,2,rust_s3plus_mixed,1024,512,9a3f8a9dab08a54e33134dbfb03d54ec01f9bc82f7cf247232b97da9e1e109de,897,whole,shade,1584945659,,0,0,0.558,0.079,2.59
v2_1634_whole_0,data/synthetic/v2/images/v2_1634_whole_0.jpg,synthetic,train,rust,1,0,0,1,1,cercospora,2,rust_s1_mixed,1024,512,67523e9ec1d599ba69e397711b55dca6d35e906f21324816bdca0409cf18d8a4,1634,whole,sun,712657859,,0,0,0.427,0.08,1.08
v2_0230_whole_0,data/synthetic/v2/images/v2_0230_whole_0.jpg,synthetic,train,other,0,1,0,1,3,miner,2,other_multi,768,768,a31066836248767025290f785a02062be05ec9e0272740e68680df09c1178104,230,whole,overcast,271898263,,0,0,0.607,0.08,0.69
v2_0681_whole_0,data/synthetic/v2/images/v2_0681_whole_0.jpg,synthetic,train,rust,1,0,0,0,1,rust,1,rust_s1_pure,896,672,60000758012f12d0367400117876daa4c1ca3190b4e627d473032af5be666e55,681,whole,sun,863477089,,0,0,0.551,0.071,0.98
v2_1476_whole_2,data/synthetic/v2/images/v2_1476_whole_2.jpg,synthetic,train,rust,1,0,0,0,4,rust,1,rust_s3plus_pure,896,672,1661778b61a4de38813fd21196fca534e9f7df12714628c1b6f900a45996ce8c,1476,whole,sun,844249782,,0,0,0.525,0.076,0.62
v2_0968_closeup_0,data/synthetic/v2/images/v2_0968_closeup_0.jpg,synthetic,train,healthy,0,0,0,0,0,healthy,0,healthy,384,384,3a9c6a6a3d8e7d5cfb084f48c7e340c668ec7d81314bd5601b576308f0744cc0,968,closeup,sun,1579763212,,0,0,0.332,0.057,0.17
v2_0732_whole_0,data/synthetic/v2/images/v2_0732_whole_0.jpg,synthetic,train,other,0,1,0,0,1,miner,1,other_miner,768,768,ba85beecc3f6210ec2ab1c7d9aee9aae6eedcb340713b375c0ec5c3d4dc56433,732,whole,shade,1532005769,,0,0,0.549,0.064,0.96
v2_1269_whole_0,data/synthetic/v2/images/v2_1269_whole_0.jpg,synthetic,train,rust,1,0,0,0,1,rust,1,rust_s1_pure,1024,512,4e11736d771f944174084e969b4eee21319e2c86f647c0c4e2dd1a67d207ac80,1269,whole,overcast,1627164258,,0,0,0.445,0.061,0.9
v2_0137_whole_0,data/synthetic/v2/images/v2_0137_whole_0.jpg,synthetic,train,other,0,1,0,0,1,miner,1,other_miner,1024,512,d5353ee0b72b0b68abdfa4fec42b3ee610e55fd136e72e359ac6f52190653d06,137,whole,rain,1390131906,,0,0,0.405,0.052,3.61
v2_1559_closeup_0,data/synthetic/v2/images/v2_1559_closeup_0.jpg,synthetic,train,rust,1,0,0,0,1,rust,1,rust_s1_pure,256,256,250b35877bb9c69345bd1e49f9cdca0ee303da72e5013ed59f06c4a9089074d1,1559,closeup,rain,1080688028,,0,0,0.357,0.126,1.38
v2_0505_closeup_0,data/synthetic/v2/images/v2_0505_closeup_0.jpg,synthetic,train,other,0,0,1,0,3,phoma,1,other_phoma,512,512,dfc9f4a247faf63e09421e1b5e741393a2e30f1fc9e0f7f863326b6061a1bc8b,505,closeup,overcast,912942978,,0,0,0.475,0.12,1.58
v2_0257_closeup_0,data/synthetic/v2/images/v2_0257_closeup_0.jpg,synthetic,train,other,0,0,1,0,2,phoma,1,other_phoma,256,256,322881cd470dfa991fb3b744cd8e5cb473d86684aa43c4fa09369b8ca9f74b60,257,closeup,overcast,806395854,,0,0,0.507,0.108,2.41
v2_0751_closeup_0,data/synthetic/v2/images/v2_0751_closeup_0.jpg,synthetic,train,rust,1,0,0,0,2,rust,1,rust_s2_pure,256,256,0c9aa30269412562efb7e4a388d844071a81983e4ad10b466b74108526e2b7d3,751,closeup,overcast,2088594444,,0,0,0.379,0.141,0.78
v2_0544_closeup_0,data/synthetic/v2/images/v2_0544_closeup_0.jpg,synthetic,train,other,0,0,1,0,4,phoma,1,other_phoma,512,512,72ab3f38f4ce5ee580a85f33fbce2987f9298d6ec929c8727d5ea96519eec122,544,closeup,golden,952802018,,0,0,0.604,0.124,3.3
v2_1581_closeup_1,data/synthetic/v2/images/v2_1581_closeup_1.jpg,synthetic,train,rust,1,0,0,0,3,rust,1,rust_s3plus_pure,512,512,f9b6bd5dca751234b89af48bf3f17154d7f8fdf0075c0755c31fed35b2da0110,1581,closeup,sun,1259816047,,0,0,0.501,0.059,1.16
v2_0767_whole_0,data/synthetic/v2/images/v2_0767_whole_0.jpg,synthetic,train,other,0,1,0,0,1,miner,1,other_miner,1024,512,a92c3472a4dcee886bba8f1ef781dc41adb8835cde0779ea39c19e5aa61a5fc9,767,whole,studio,1782955856,,0,0,0.715,0.158,3.39
v2_1486_whole_2,data/synthetic/v2/images/v2_1486_whole_2.jpg,synthetic,train,rust,1,0,0,0,3,rust,1,rust_s3plus_pure,896,672,566b7a4b2e7ac2c075789824ab6337b91d48127d5e1842b0c18966f0d959ccb7,1486,whole,rain,1781607136,,0,0,0.478,0.078,1.78
v2_0003_whole_0,data/synthetic/v2/images/v2_0003_whole_0.jpg,synthetic,train,healthy,0,0,0,0,0,healthy,0,healthy,1024,512,96e68a36b39f89ef6eaf671f8abe48bd0d320c01617132fdfd15cfea483f7bb5,3,whole,rain,1172234992,,0,0,0.477,0.074,4.51
v2_1050_whole_0,data/synthetic/v2/images/v2_1050_whole_0.jpg,synthetic,train,other,0,1,0,0,1,miner,1,other_miner,896,672,eaee7a01879d7825baf846a7870bbc080584fdfc0cca3b6d8f75a53ec6c72ad5,1050,whole,studio,123226467,,0,0,0.746,0.177,2.39
v2_1417_closeup_0,data/synthetic/v2/images/v2_1417_closeup_0.jpg,synthetic,train,other,0,0,0,1,1,cercospora,1,other_cercospora,256,256,1ea2a660b21fcf0a18254f59f9afa1d873d72fd1f933c6e33bf2ae7c9665473d,1417,closeup,sun,2029350513,,0,0,0.439,0.126,0.75
v2_1585_whole_0,data/synthetic/v2/images/v2_1585_whole_0.jpg,synthetic,train,other,0,1,0,0,1,miner,1,other_miner,1024,512,1da8bf56fc08d83d2350c775a5012c1d2f6f66db28a540414674ac6c8c43cfb2,1585,whole,overcast,991550501,,0,0,0.421,0.064,0.68
v2_0333_whole_0,data/synthetic/v2/images/v2_0333_whole_0.jpg,synthetic,train,other,0,0,1,0,1,phoma,1,other_phoma,768,768,bb9b2f60f89e7a4311d2596c8cca50c2e09cc14681dc9f31addaed5254f94bfb,333,whole,rain,789725566,,0,0,0.511,0.089,3.09
v2_1166_closeup_0,data/synthetic/v2/images/v2_1166_closeup_0.jpg,synthetic,train,other,0,1,0,0,2,miner,1,other_miner,256,256,afc3b1b4ce496c027bbb9f54de852ec8758b58f2c619d92d08e677e1739426be,1166,closeup,overcast,738243471,,0,0,0.55,0.092,0.15
v2_1546_closeup_0,data/synthetic/v2/images/v2_1546_closeup_0.jpg,synthetic,train,rust,1,0,0,1,1,rust,2,rust_s1_mixed,512,512,4833ad61b4740bd3b3d7088980dc1d3055005baffa14ed371ae954cd22bfa1cb,1546,closeup,golden,1938415044,,0,0,0.497,0.074,0.28
v2_1205_whole_0,data/synthetic/v2/images/v2_1205_whole_0.jpg,synthetic,train,other,0,0,0,1,1,cercospora,1,other_cercospora,1024,512,aaef0a56b844c9629fd4eb2df202877cf186d455788956c522ff4843864ac088,1205,whole,sun,1284319450,,0,0,0.557,0.083,1.8
v2_1642_closeup_1,data/synthetic/v2/images/v2_1642_closeup_1.jpg,synthetic,train,rust,1,0,0,1,3,cercospora,2,rust_s3plus_mixed,512,512,7856308e04fa1bcd6bc111c457f04fbbb2b27af280be5221f4fb085f22fe567c,1642,closeup,shade,1143422814,,0,0,0.597,0.059,1.69
v2_1681_whole_0,data/synthetic/v2/images/v2_1681_whole_0.jpg,synthetic,train,rust,1,0,0,1,2,rust,2,rust_s2_mixed,896,672,a37cfe9d345a62095b6a4cadb92bc1373d2ecbf082768be74c0e5482ea7369f6,1681,whole,shade,2075135529,,0,0,0.534,0.083,0.62
v2_0339_whole_0,data/synthetic/v2/images/v2_0339_whole_0.jpg,synthetic,train,other,0,0,1,0,2,phoma,1,other_phoma,1024,512,d6131b52620331c928d8963fdecb6010d0d10287b4848e055e7f89f25a6d0793,339,whole,golden,579191976,,0,0,0.454,0.065,2.16
v2_0178_whole_0,data/synthetic/v2/images/v2_0178_whole_0.jpg,synthetic,train,healthy,0,0,0,0,0,healthy,0,healthy,1024,512,7e3f4cb8887f4e8e672d7dbbae63917e8e400404e1ee06844b35e202f737c323,178,whole,sun,1457875624,,0,0,0.444,0.067,0.71
v2_0599_closeup_0,data/synthetic/v2/images/v2_0599_closeup_0.jpg,synthetic,train,rust,1,0,0,0,1,rust,1,rust_s1_pure,512,512,07c9da337b3910b7924367c10f0be3a8df8058d68880ff9c13edd7917e47f09f,599,closeup,rain,1115214188,,0,0,0.51,0.084,0.68
v2_1016_whole_0,data/synthetic/v2/images/v2_1016_whole_0.jpg,synthetic,train,other,0,0,0,1,1,cercospora,1,other_cercospora,1024,512,7ab240fc34d5b955902236285efb5efcc4bed0a7303a16a946309705bebec0aa,1016,whole,golden,213361286,,0,0,0.44,0.078,2.46
v2_0519_whole_0,data/synthetic/v2/images/v2_0519_whole_0.jpg,synthetic,train,other,0,0,1,0,1,phoma,1,other_phoma,1024,512,eee1eb3c8c1e14497481ca4dbba744a46c314de604efb6ea8257c2a6621489d4,519,whole,studio,130873731,,0,0,0.687,0.141,6.22
v2_1306_closeup_0,data/synthetic/v2/images/v2_1306_closeup_0.jpg,synthetic,train,rust,1,0,0,0,2,rust,1,rust_s2_pure,512,512,948281a26a8b4e2a1686656e72b80b17b4511fc8c9cc04f06e4446ce602930e5,1306,closeup,sun,1940635443,,0,0,0.406,0.075,0.53
v2_0758_closeup_0,data/synthetic/v2/images/v2_0758_closeup_0.jpg,synthetic,train,healthy,0,0,0,0,0,healthy,0,healthy,384,384,0bf793e6f35015ac8680c9e7b0cc47c17a203c8fa637647a0f99c489fbee7cd5,758,closeup,shade,1940674435,,0,0,0.547,0.059,0.13
v2_0209_whole_0,data/synthetic/v2/images/v2_0209_whole_0.jpg,synthetic,train,healthy,0,0,0,0,0,healthy,0,healthy,1024,512,bd7d2f56f1f00e4fc3ca88697a49c918cd6c7033cc643f186bb697d61355c824,209,whole,sun_wet,223363830,,0,0,0.527,0.076,0.74
v2_0750_closeup_0,data/synthetic/v2/images/v2_0750_closeup_0.jpg,synthetic,train,healthy,0,0,0,0,0,healthy,0,healthy,256,256,9ff788b7c6a96e92b868b010f2e4d2fcf01b56d2f80fddec94f1a1297656738c,750,closeup,sun,2109670971,,0,0,0.363,0.062,0.99
v2_1565_whole_0,data/synthetic/v2/images/v2_1565_whole_0.jpg,synthetic,train,rust,1,0,0,1,1,undetermined,2,rust_s1_mixed,768,768,b528e36813bc1a689f9562ee498ca5376771ce5df37d8fe08327607a9a8a3044,1565,whole,overcast,1539746582,,0,0,0.538,0.079,1.12
v2_1292_closeup_0,data/synthetic/v2/images/v2_1292_closeup_0.jpg,synthetic,train,rust,1,0,0,0,2,rust,1,rust_s2_pure,256,256,b0223314921ba6f27e5a9019dfadc8ffb1773646d3c8a787ad812e7ec9976633,1292,closeup,sun,885682645,,0,0,0.37,0.049,0.1
v2_0198_closeup_0,data/synthetic/v2/images/v2_0198_closeup_0.jpg,synthetic,train,healthy,0,0,0,0,0,healthy,0,healthy,256,256,6556cf86377196df13f573c167f24eb2ff893eb9c58cefaf4b137489f3289cad,198,closeup,shade,909778331,,0,0,0.577,0.085,0.47
v2_1326_whole_0,data/synthetic/v2/images/v2_1326_whole_0.jpg,synthetic,train,rust,1,1,0,0,4,rust,2,rust_s3plus_mixed,1024,512,2f6f1cbea2682e87d750bd85d10780c9975fd372f9194a67ff1fa4297229d6d4,1326,whole,studio,1503819704,,0,0,0.814,0.151,10.59
v2_1527_closeup_1,data/synthetic/v2/images/v2_1527_closeup_1.jpg,synthetic,train,rust,1,0,0,0,3,rust,1,rust_s3plus_pure,512,512,7259bb0e28474121adc154c4e2e435cee069092ebca553d2059e3faa10e17aa0,1527,closeup,sun_wet,539482297,,0,0,0.4,0.067,0.36
v2_0549_whole_0,data/synthetic/v2/images/v2_0549_whole_0.jpg,synthetic,train,other,0,0,1,0,4,phoma,1,other_phoma,1024,512,92042b75a9dd64a1e51982460e4b2d6a00602ac9cb5f9ea0608a94e9848303dd,549,whole,backlit,806488497,,0,0,0.556,0.072,2.71
v2_0446_whole_0,data/synthetic/v2/images/v2_0446_whole_0.jpg,synthetic,train,healthy,0,0,0,0,0,healthy,0,healthy,1024,512,226154385b5de17aa6930c70e0348da0ad246c48e18070a1c3febd255a50fe54,446,whole,sun_wet,103704380,,0,0,0.645,0.073,1.61
v2_0733_closeup_1,data/synthetic/v2/images/v2_0733_closeup_1.jpg,synthetic,train,rust,1,1,0,0,4,rust,2,rust_s3plus_mixed,512,512,a1b8449273304273bdf0e87a1a1f8cf6dca385710b208f4f88d2b517473c98f3,733,closeup,golden,764794664,,0,0,0.447,0.084,0.25
v2_0246_whole_0,data/synthetic/v2/images/v2_0246_whole_0.jpg,synthetic,train,other,0,0,1,0,2,phoma,1,other_phoma,896,672,5cbc14d09c62a5d4ad3c2fe5273d2299a01ffafa6dcc11bfad3238ded57bbfdb,246,whole,studio,158241436,,0,0,0.625,0.156,3.17
v2_0392_whole_0,data/synthetic/v2/images/v2_0392_whole_0.jpg,synthetic,train,other,0,0,1,0,1,phoma,1,other_phoma,1024,512,ce649e18025bf218b71c8b9b1aa7f962904b0e9cf31654ed77b67ab31615b586,392,whole,overcast,1097714477,,0,0,0.597,0.073,4.78
v2_1106_whole_0,data/synthetic/v2/images/v2_1106_whole_0.jpg,synthetic,train,other,0,1,0,0,1,miner,1,other_miner,1024,512,0f9d3ab8514d620596dd2788637dfd4fd53aebbff454a682cd53da81421315ff,1106,whole,shade,158067795,,0,0,0.453,0.059,0.56
v2_0460_whole_0,data/synthetic/v2/images/v2_0460_whole_0.jpg,synthetic,train,other,0,0,1,0,1,phoma,1,other_phoma,896,672,3420a7bb939e303cfa45173765556435336721126531d527148d0e1ec5162ccb,460,whole,overcast,682283781,,0,0,0.591,0.069,1.05
v2_1396_whole_0,data/synthetic/v2/images/v2_1396_whole_0.jpg,synthetic,train,rust,1,0,0,1,3,rust,2,rust_s3plus_mixed,768,768,5984dbee36a2f6a0321436f7dda099da3d81be1c79f433857e6c6b0a5acfa1b6,1396,whole,rain,245625017,,0,0,0.436,0.07,1.46
v2_1138_whole_0,data/synthetic/v2/images/v2_1138_whole_0.jpg,synthetic,train,other,0,1,0,0,1,miner,1,other_miner,1024,512,2692e5a7b963ac00ec4cb397479dd28dc88c79796cdab1d1c71e62582bdd73a6,1138,whole,sun,289435319,,0,0,0.453,0.086,0.69
v2_1172_whole_0,data/synthetic/v2/images/v2_1172_whole_0.jpg,synthetic,train,other,0,1,0,0,1,miner,1,other_miner,1024,512,b4d880b34a68edfa127f49592ec93dcda20fd8e744b096072af71d8862dd2c26,1172,whole,sun,330660918,,0,0,0.549,0.095,1.12
v2_0100_whole_1,data/synthetic/v2/images/v2_0100_whole_1.jpg,synthetic,train,rust,1,1,0,0,4,rust,2,rust_s3plus_mixed,1024,512,9ecc40725c996e1426a91d3c0f9dd89a5e9eb3dbe808a406c52ebab46c1259ff,100,whole,shade,841364287,,0,0,0.64,0.112,8.08
v2_0033_closeup_0,data/synthetic/v2/images/v2_0033_closeup_0.jpg,synthetic,train,other,0,1,0,0,1,miner,1,other_miner,512,512,7524830b36f91cd11231bc9ff54a5f4264d55cdf7bf7a406e3c3c12d555e5397,33,closeup,sun,544674233,,0,0,0.42,0.066,0.16
v2_1456_closeup_0,data/synthetic/v2/images/v2_1456_closeup_0.jpg,synthetic,train,rust,1,1,0,0,2,rust,2,rust_s2_mixed,256,256,e92a222433596c1d3622059f8e3cae9483179c186c17dc55237893133420d6b6,1456,closeup,overcast,1985319697,,0,0,0.447,0.12,1.45
v2_0104_whole_0,data/synthetic/v2/images/v2_0104_whole_0.jpg,synthetic,train,rust,1,0,0,0,1,rust,1,rust_s1_pure,768,768,1ec0d107449254980fd0538939db73dbded78f8db105114b1c09a39ca3b28616,104,whole,backlit,1109961589,,0,0,0.538,0.075,0.83
v2_1732_whole_0,data/synthetic/v2/images/v2_1732_whole_0.jpg,synthetic,train,rust,1,0,0,1,1,cercospora,2,rust_s1_mixed,896,672,9e949356b856cf96bf40d330cf918c82b593a99e553da5a4de94127996da5e8d,1732,whole,studio,328670913,,0,0,0.511,0.088,1.05
v2_0132_closeup_2,data/synthetic/v2/images/v2_0132_closeup_2.jpg,synthetic,train,rust,1,0,0,0,3,rust,1,rust_s3plus_pure,512,512,7b89fc4a358723adfe40d438dd18cb15954fcf7bdca9d420944eeec117fd6c3c,132,closeup,rain,975051013,,0,0,0.414,0.073,0.86
v2_1120_whole_0,data/synthetic/v2/images/v2_1120_whole_0.jpg,synthetic,train,other,0,1,0,0,2,miner,1,other_miner,896,672,15b828fccc56a1aab47172f921bc6802f8fa77006189d2074d1e832e80b6f060,1120,whole,overcast,669997162,,0,0,0.422,0.044,0.44
v2_1728_whole_0,data/synthetic/v2/images/v2_1728_whole_0.jpg,synthetic,train,rust,1,0,0,1,1,cercospora,2,rust_s1_mixed,896,672,33b0ac0acca747ce4309dc96be81600780daa07da67f8c9ab92b9dd25b4392ae,1728,whole,golden,649919602,,0,0,0.33,0.08,1.47
v2_0704_closeup_0,data/synthetic/v2/images/v2_0704_closeup_0.jpg,synthetic,train,other,0,1,0,0,1,miner,1,other_miner,512,512,13a33c6cdd9c312a2ea35efbb4cad25744b9556661069134f0876482d6919f39,704,closeup,shade,1298685653,,0,0,0.399,0.059,0.25
v2_1273_closeup_2,data/synthetic/v2/images/v2_1273_closeup_2.jpg,synthetic,train,rust,1,1,0,0,3,rust,2,rust_s3plus_mixed,512,512,6c68d9595499855eeeaad294b5b662f91cd9aec0f063fe00b4f3370c17ce84c7,1273,closeup,overcast,1004080637,,0,0,0.447,0.125,0.11
v2_1046_whole_2,data/synthetic/v2/images/v2_1046_whole_2.jpg,synthetic,train,rust,1,1,0,0,3,undetermined,2,rust_s3plus_mixed,1024,512,3537e76702fefd8a0d3fcd7af7936b01941c86e097b1741ff943c93ca2a6be03,1046,whole,golden,1432826776,,0,0,0.488,0.091,2.01
v2_0189_closeup_0,data/synthetic/v2/images/v2_0189_closeup_0.jpg,synthetic,train,healthy,0,0,0,0,0,healthy,0,healthy,512,512,9e763583805397796892de3815ef7eba5f4c7bf85714e5290a4d948b88fa68e8,189,closeup,sun,256118985,,0,0,0.496,0.09,0.18
v2_0213_closeup_0,data/synthetic/v2/images/v2_0213_closeup_0.jpg,synthetic,train,other,0,1,0,0,1,miner,1,other_miner,512,512,24f8aa63a4251d2c08710544341491a3cf95a0b551ff5fd1e05af15190c54b58,213,closeup,sun,947626053,,0,0,0.466,0.111,0.18
v2_0036_closeup_0,data/synthetic/v2/images/v2_0036_closeup_0.jpg,synthetic,train,other,0,1,0,0,1,miner,1,other_miner,512,512,11a3888f65c56586840492488e6eec6501c4dcad60f9a3e6726248a0d7dc1343,36,closeup,rain,649909074,,0,0,0.41,0.074,0.94
v2_0566_whole_0,data/synthetic/v2/images/v2_0566_whole_0.jpg,synthetic,train,other,0,0,0,1,1,cercospora,1,other_cercospora,1024,512,2d1aa66c5523c08b75c1773276e56cfc9c38b08f3f0f2e3c17df2eff0a1c9f15,566,whole,studio,289900039,,0,0,0.704,0.167,3.1
v2_0790_whole_0,data/synthetic/v2/images/v2_0790_whole_0.jpg,synthetic,train,other,0,1,0,0,1,miner,1,other_miner,1024,512,b27804be177d011737ba0772034bc1711305be50db610879123cded7c4592b24,790,whole,sun,929675651,,0,0,0.431,0.115,2.55
v2_1403_closeup_1,data/synthetic/v2/images/v2_1403_closeup_1.jpg,synthetic,train,rust,1,0,0,1,3,cercospora,2,rust_s3plus_mixed,512,512,e3b326ecacaa664f94b2ee22010564a8d9766f41899d3db980de61789c0672e8,1403,closeup,shade,809996638,,0,0,0.487,0.127,0.3
v2_0508_closeup_0,data/synthetic/v2/images/v2_0508_closeup_0.jpg,synthetic,train,other,0,0,1,0,2,phoma,1,other_phoma,512,512,92433465adc3c100050be778b465f6dc85d5d9fbc539a3299a7d2289a8c5e55a,508,closeup,sun,1051915473,,0,0,0.611,0.084,0.57
v2_1659_whole_0,data/synthetic/v2/images/v2_1659_whole_0.jpg,synthetic,train,rust,1,0,0,1,2,cercospora,2,rust_s2_mixed,896,672,5a64f912acf243ed69c5dcee4735bea5f8ace5561adb7cbac13420d7963cdbb0,1659,whole,backlit,130647884,,0,0,0.548,0.068,1.65
v2_0052_closeup_0,data/synthetic/v2/images/v2_0052_closeup_0.jpg,synthetic,train,other,0,1,0,0,1,miner,1,other_miner,512,512,ea802b9fcd4611fd4689141052e0156fe68541a46165b2d44cc5ec456ade325d,52,closeup,overcast,81667154,,0,0,0.65,0.066,0.21
v2_1746_closeup_0,data/synthetic/v2/images/v2_1746_closeup_0.jpg,synthetic,train,other,0,0,0,1,1,cercospora,1,other_cercospora,512,512,5004d273e67aea02b4f66f1d68e923bf03acbb660ace4c07867543510ab0f09c,1746,closeup,rain,155815588,,0,0,0.555,0.073,0.23
v2_1564_closeup_0,data/synthetic/v2/images/v2_1564_closeup_0.jpg,synthetic,train,rust,1,1,0,0,2,rust,2,rust_s2_mixed,256,256,fb4115ba33ee8cf2a07ea68a330c9291931fb98ca7f49fc972318701025010ce,1564,closeup,sun_wet,1510261025,,0,0,0.333,0.106,1.7
v2_0062_whole_0,data/synthetic/v2/images/v2_0062_whole_0.jpg,synthetic,train,other,0,0,0,1,1,cercospora,1,other_cercospora,768,768,a931d21d70c3ad7be99c1b3a29ff7a73099309a0533a3d1f99a9a90cf74e3942,62,whole,sun_wet,376146876,,0,0,0.311,0.074,1.64
v2_0967_whole_0,data/synthetic/v2/images/v2_0967_whole_0.jpg,synthetic,train,healthy,0,0,0,0,0,healthy,0,healthy,1024,512,274c7483b20c70e2de395c59cc89dfaea1e2c17149448988995c818fbd43e9ed,967,whole,sun_wet,1433731377,,0,0,0.522,0.074,5.21
v2_0304_whole_0,data/synthetic/v2/images/v2_0304_whole_0.jpg,synthetic,train,other,0,0,1,0,2,phoma,1,other_phoma,768,768,a46b59b19aa22131df6cbecf940c0c952c5adc2af007706b4b580f675727646b,304,whole,golden,954791957,,0,0,0.614,0.086,1.97
v2_1379_closeup_0,data/synthetic/v2/images/v2_1379_closeup_0.jpg,synthetic,train,rust,1,0,0,1,1,undetermined,2,rust_s1_mixed,256,256,d100e5afb548c2b5dfed87352227204baec1537899a7149e33a610be917f22c5,1379,closeup,shade,1696645303,,0,0,0.503,0.094,0.64
v2_1153_whole_0,data/synthetic/v2/images/v2_1153_whole_0.jpg,synthetic,train,other,0,1,0,0,1,miner,1,other_miner,896,672,a80a06dff31251d6d2ac9cf6c3a26c71ba767386041ea3b7a0ed7d6a8e154577,1153,whole,rain,947838602,,0,0,0.406,0.05,2.26
v2_1039_whole_0,data/synthetic/v2/images/v2_1039_whole_0.jpg,synthetic,train,rust,1,1,0,0,1,undetermined,2,rust_s1_mixed,768,768,62a135995c6e06af1e65db21807b2ffdc324372d541a979452374338fd8bd23f,1039,whole,shade,769797424,,0,0,0.428,0.044,0.52
v2_0110_closeup_0,data/synthetic/v2/images/v2_0110_closeup_0.jpg,synthetic,train,rust,1,0,0,0,2,rust,1,rust_s2_pure,256,256,501bfb4c2247adf9e82f1c1bc6d1b30e888b570cc66afbdb0733144088557ebb,110,closeup,rain,2107466956,,0,0,0.331,0.088,0.48
v2_1375_whole_0,data/synthetic/v2/images/v2_1375_whole_0.jpg,synthetic,train,rust,1,0,0,0,1,rust,1,rust_s1_pure,1024,512,374cc7ef89dc9bdef49b2ec63f1b5b39c1a24c20aa0f1adc827b0611642cb751,1375,whole,shade,1815755219,,0,0,0.572,0.118,4.47
v2_1633_closeup_0,data/synthetic/v2/images/v2_1633_closeup_0.jpg,synthetic,train,rust,1,0,0,1,4,rust,2,rust_s3plus_mixed,256,256,4eabb6f3df0d558c5e03242cb0bbbef688b1508d734cc01f2874c8de9344be3f,1633,closeup,shade,792026438,,0,0,0.45,0.129,1.04
v2_1055_closeup_0,data/synthetic/v2/images/v2_1055_closeup_0.jpg,synthetic,train,other,0,1,0,0,1,miner,1,other_miner,256,256,488d437eed53f98289a7be994ddd655acd4c83349ab03f016b6b23dc81442163,1055,closeup,rain,26446728,,0,0,0.431,0.072,0.47
v2_1682_whole_0,data/synthetic/v2/images/v2_1682_whole_0.jpg,synthetic,train,rust,1,0,0,0,1,rust,1,rust_s1_pure,896,672,3acc2ddcaa643c4e3988e2a261fe30609505367b2bd679d14cae25b108abfdcd,1682,whole,overcast,2046210160,,0,0,0.383,0.072,1.34
v2_0355_whole_0,data/synthetic/v2/images/v2_0355_whole_0.jpg,synthetic,train,other,0,0,1,0,2,phoma,1,other_phoma,1024,512,8d55f804264e2a13c62284a71333aa0d47377f8b416c044fa44d58fa77d315c3,355,whole,backlit,250896912,,0,0,0.444,0.077,1.26
v2_1244_closeup_0,data/synthetic/v2/images/v2_1244_closeup_0.jpg,synthetic,train,other,0,1,0,1,2,miner,2,other_multi,384,384,2b5b0253d65df41ca9248ff19f2ea998e5351320c6b6bd3513251d699c8766a0,1244,closeup,shade,1110300090,,0,0,0.416,0.069,0.76
v2_0247_closeup_0,data/synthetic/v2/images/v2_0247_closeup_0.jpg,synthetic,train,other,0,0,1,0,1,phoma,1,other_phoma,384,384,c2aab3bee227ad4c49f4c7767590410a68e4700b18d6a9ba0708bb2bd1acb323,247,closeup,sun,145553579,,0,0,0.571,0.07,0.21
v2_0715_closeup_1,data/synthetic/v2/images/v2_0715_closeup_1.jpg,synthetic,train,rust,1,0,0,0,3,rust,1,rust_s3plus_pure,512,512,c57b395313d2b25ac41039e1f3acd61da1a402be60fc7caad7db0b1a86ffa98b,715,closeup,golden,51471121,,0,0,0.435,0.119,1.02
v2_0170_whole_0,data/synthetic/v2/images/v2_0170_whole_0.jpg,synthetic,train,healthy,0,0,0,0,0,healthy,0,healthy,1024,512,c461751bd2facf021fa3f1fada3111756b3e5d2740391a6794d6f805cbfdacbd,170,whole,sun_wet,1492531984,,0,0,0.559,0.092,7.72
v2_1403_whole_0,data/synthetic/v2/images/v2_1403_whole_0.jpg,synthetic,train,rust,1,0,0,1,3,cercospora,2,rust_s3plus_mixed,1024,512,41e0d511416b0d830c2ef343baa454ae4ddc849073ea872dec6f07a8090a1fac,1403,whole,golden,1195418056,,0,0,0.487,0.064,2.84
v2_0680_whole_0,data/synthetic/v2/images/v2_0680_whole_0.jpg,synthetic,train,other,0,1,0,0,1,miner,1,other_miner,1024,512,acae65788c2b76edde444fe6dc0434065dfa852fdc53750c292cb3de0e2a782b,680,whole,studio,850786134,,0,0,0.609,0.168,9.03
v2_1509_whole_0,data/synthetic/v2/images/v2_1509_whole_0.jpg,synthetic,train,other,0,1,0,0,1,miner,1,other_miner,1024,512,95a9cd3485e1e06309c76b819a7850ccca7a203b26c97acff95b7dbbb5b728ec,1509,whole,backlit,2008485294,,0,0,0.48,0.074,1.01
v2_0915_whole_0,data/synthetic/v2/images/v2_0915_whole_0.jpg,synthetic,train,healthy,0,0,0,0,0,healthy,0,healthy,1024,512,27f4d5fa17505f9e03d58312b59bc6572618fc81665a1c7017a81ba71619503f,915,whole,sun,1260842470,,0,0,0.579,0.094,1.16
v2_0385_whole_0,data/synthetic/v2/images/v2_0385_whole_0.jpg,synthetic,train,other,0,0,1,0,1,phoma,1,other_phoma,896,672,89a52e3cdc5f3821e7909bdddec4e8104e84fc6190d4697117c653f3a78b8235,385,whole,studio,2090777293,,0,0,0.699,0.155,2.74
v2_0936_closeup_0,data/synthetic/v2/images/v2_0936_closeup_0.jpg,synthetic,train,healthy,0,0,0,0,0,healthy,0,healthy,384,384,b0e560762d088a8a42e9b8942159c1b797bb4dcb17915e8e4ad4e4b08c1d9035,936,closeup,overcast,1667865396,,0,0,0.308,0.094,0.6
v2_1380_whole_0,data/synthetic/v2/images/v2_1380_whole_0.jpg,synthetic,train,rust,1,0,0,1,1,undetermined,2,rust_s1_mixed,896,672,0dc3284e2aeff127fb6446144d40450c6af9505d6b55d4e9f01f95a8a62756b0,1380,whole,studio,848489326,,0,0,0.756,0.148,1.57
v2_1638_whole_0,data/synthetic/v2/images/v2_1638_whole_0.jpg,synthetic,train,rust,1,0,0,1,1,undetermined,2,rust_s1_mixed,1024,512,6b773d7dccc06fee85f98fca12dab8b68dc5b9c652a14d222a1f407308771b89,1638,whole,rain,593539751,,0,0,0.612,0.069,3.12
v2_0336_closeup_0,data/synthetic/v2/images/v2_0336_closeup_0.jpg,synthetic,train,other,0,0,1,0,3,phoma,1,other_phoma,512,512,d5c7c3ddea93aa75b2da743d6e6ad2ada34d744e7ce79e012b55f9d81ec7e7db,336,closeup,overcast,702120853,,0,0,0.423,0.074,0.17
v2_0307_closeup_0,data/synthetic/v2/images/v2_0307_closeup_0.jpg,synthetic,train,other,0,0,1,0,1,phoma,1,other_phoma,512,512,bfd0c634589be9a1fd4cc6bdc5ef2766ceba6927e23d0502e0d9081af1e3ab4b,307,closeup,overcast,984499788,,0,0,0.518,0.074,0.2
v2_1175_closeup_0,data/synthetic/v2/images/v2_1175_closeup_0.jpg,synthetic,train,other,0,0,0,1,1,cercospora,1,other_cercospora,512,512,861dd394719712b514b858d3cb369848ce13406ceb89881b06e43b024fa77727,1175,closeup,shade,385510067,,0,0,0.562,0.099,0.3
v2_1214_closeup_0,data/synthetic/v2/images/v2_1214_closeup_0.jpg,synthetic,train,other,0,1,0,1,1,cercospora,2,other_multi,384,384,e608d36a894eaa1986027d34f0e7abc391713dfed2eb31b7200d72dbe9ef5f05,1214,closeup,sun,1978869128,,0,0,0.404,0.086,1.48
v2_1704_whole_0,data/synthetic/v2/images/v2_1704_whole_0.jpg,synthetic,train,rust,1,1,0,1,4,rust,3,rust_s3plus_mixed,896,672,0b58c4c73181e55144e02a7c9eb30f284d84bf3a7474ce8fa0488398ab11c6e2,1704,whole,rain,95407517,,0,0,0.409,0.063,7.91
v2_0589_whole_2,data/synthetic/v2/images/v2_0589_whole_2.jpg,synthetic,train,rust,1,1,0,0,3,rust,2,rust_s3plus_mixed,896,672,b2f4dcbe3872cd2e06638a50216d952172ac50bec9d10ef837ba96d013e4f0ea,589,whole,overcast,348837669,,0,0,0.396,0.077,1.58
v2_0799_whole_2,data/synthetic/v2/images/v2_0799_whole_2.jpg,synthetic,train,rust,1,1,0,0,3,miner,2,rust_s3plus_mixed,1024,512,2712a77d48a29122d68fffd5100b3d72ac68b948480114fb81d7de5de4c81588,799,whole,studio,1454826272,,0,0,0.549,0.129,3.34
v2_0149_closeup_1,data/synthetic/v2/images/v2_0149_closeup_1.jpg,synthetic,train,rust,1,0,0,0,3,rust,1,rust_s3plus_pure,256,256,b9f0d74e6866b30b4131ffff054b2241a5aaa309e5745ee2ef1893f6bf6fff3c,149,closeup,overcast,848666599,,0,0,0.475,0.087,0.7
v2_1267_whole_0,data/synthetic/v2/images/v2_1267_whole_0.jpg,synthetic,train,rust,1,0,0,0,1,rust,1,rust_s1_pure,1024,512,f706414ed3f8b1124c84c946bb277eee42af438960bab0d3214beed4da043c5a,1267,whole,rain,1784849256,,0,0,0.346,0.063,1.38
v2_0031_closeup_0,data/synthetic/v2/images/v2_0031_closeup_0.jpg,synthetic,train,other,0,1,0,0,3,miner,1,other_miner,256,256,8573e94feba582695a292e60ab7258a8cb6434a7c329a3da7549ac520da21498,31,closeup,golden,603178455,,0,0,0.347,0.091,2.09
v2_1245_whole_0,data/synthetic/v2/images/v2_1245_whole_0.jpg,synthetic,train,rust,1,0,0,0,1,rust,1,rust_s1_pure,1024,512,7127e92aff4347408f62e01406d0d2264465ed03bd00888b7eb1da95619b1e90,1245,whole,sun_wet,1139785613,,0,0,0.41,0.092,3.73
v2_1378_whole_0,data/synthetic/v2/images/v2_1378_whole_0.jpg,synthetic,train,rust,1,1,0,0,1,rust,2,rust_s1_mixed,896,672,0b022803637b31a9c950d222011b3d8550c50a596a30504ed5e018a05b451f5b,1378,whole,overcast,1692576384,,0,0,0.54,0.099,2.13
v2_1163_whole_0,data/synthetic/v2/images/v2_1163_whole_0.jpg,synthetic,train,other,0,1,0,0,1,miner,1,other_miner,1024,512,27baccb3a94d292d81aee0a099c45bde56e31a55bd5e8d5be22d2d1bb5c4d6fc,1163,whole,overcast,717975908,,0,0,0.522,0.052,1.01
v2_0413_whole_0,data/synthetic/v2/images/v2_0413_whole_0.jpg,synthetic,train,other,0,0,1,0,1,phoma,1,other_phoma,1024,512,714c5c86af83b02f7ac14c5aa68cc6243bfc4fd980a3d5dd855563a5b5f1b592,413,whole,studio,926635493,,0,0,0.5,0.09,0.6
v2_1688_whole_0,data/synthetic/v2/images/v2_1688_whole_0.jpg,synthetic,train,rust,1,0,0,0,2,rust,1,rust_s2_pure,1024,512,a4e06da097406ae198ae5814bd9c5a144f0b4fa5bc643a60f6601d69fa1d45f0,1688,whole,sun,1952527782,,0,0,0.547,0.095,0.84
v2_0832_whole_0,data/synthetic/v2/images/v2_0832_whole_0.jpg,synthetic,train,rust,1,0,0,0,2,rust,1,rust_s2_pure,896,672,dd77df7b9df3949d3cb434476a55d9786493221a65be51d7fa09bf89a03c4c07,832,whole,backlit,1493178968,,0,0,0.438,0.084,3.03
v2_0368_whole_0,data/synthetic/v2/images/v2_0368_whole_0.jpg,synthetic,train,other,0,0,1,0,1,phoma,1,other_phoma,1024,512,24c93670f7fbc88237510af64e52dae1bc3b9a1cae5676b966fa0d14629d8298,368,whole,sun,345595565,,0,0,0.485,0.1,1.63
v2_0836_whole_0,data/synthetic/v2/images/v2_0836_whole_0.jpg,synthetic,train,other,0,1,0,0,1,miner,1,other_miner,1024,512,bf42f0e8c0bcfe1b585040f4ba2586c059bd97c0e80cd50fd641f76266d9a1df,836,whole,rain,1577693828,,0,0,0.367,0.056,2.38
v2_0731_closeup_0,data/synthetic/v2/images/v2_0731_closeup_0.jpg,synthetic,train,other,0,1,0,0,1,miner,1,other_miner,512,512,2a0a886f7871bbfe5b22d523e55bd51b8d028f1304729c31b608b241f1220cc2,731,closeup,sun_wet,1494627280,,0,0,0.475,0.055,0.26
v2_0889_whole_0,data/synthetic/v2/images/v2_0889_whole_0.jpg,synthetic,train,other,0,0,0,1,1,cercospora,1,other_cercospora,1024,512,d235174567c52463562ed9e5763fb4f5bb627f4623dd9e92d847b749733b7da4,889,whole,overcast,39088824,,0,0,0.455,0.05,1.92
v2_1726_whole_0,data/synthetic/v2/images/v2_1726_whole_0.jpg,synthetic,train,rust,1,0,0,1,1,rust,2,rust_s1_mixed,1024,512,0f5f1448b2655c6ba03c649eb39e10d285b70389103b028438e4c671c58f4728,1726,whole,overcast,740479352,,0,0,0.553,0.065,2.07
v2_0799_closeup_1,data/synthetic/v2/images/v2_0799_closeup_1.jpg,synthetic,train,rust,1,1,0,0,3,miner,2,rust_s3plus_mixed,512,512,3bf097a98c50ae6c7d32e5efbef9e8f83fb8f9b257536c3758bb5fc7295cdfd3,799,closeup,sun_wet,1337963162,,0,0,0.46,0.133,0.69
v2_0346_closeup_0,data/synthetic/v2/images/v2_0346_closeup_0.jpg,synthetic,train,other,0,0,1,0,1,phoma,1,other_phoma,384,384,d4afa46a91abc62b2e32576dc6aaf86fc5a3830b4ab0cfaf9bbe4b5290e3f543,346,closeup,sun_wet,873380652,,0,0,0.392,0.077,0.38
v2_0454_whole_0,data/synthetic/v2/images/v2_0454_whole_0.jpg,synthetic,train,other,0,0,1,0,1,phoma,1,other_phoma,1024,512,62680c043e50a89ef199ec63a0e70f89cf9e8cd301004d08c4c928a5659d0fd8,454,whole,golden,1024906295,,0,0,0.553,0.091,3.6
v2_0126_closeup_1,data/synthetic/v2/images/v2_0126_closeup_1.jpg,synthetic,train,rust,1,0,0,0,4,rust,1,rust_s3plus_pure,512,512,80ed98ca8ecfd1d913ad4dd78fe472f9a2e6994a22c074d3cbb928f5c7767bd7,126,closeup,shade,480413446,,0,0,0.56,0.078,0.18
v2_0002_whole_0,data/synthetic/v2/images/v2_0002_whole_0.jpg,synthetic,train,healthy,0,0,0,0,0,healthy,0,healthy,896,672,67fc8f837aeb3c5ce4077179494cc07e2156408b920a4973f1ad03dbda779e2f,2,whole,golden,1142720711,,0,0,0.495,0.057,0.62
v2_1572_whole_0,data/synthetic/v2/images/v2_1572_whole_0.jpg,synthetic,train,rust,1,0,0,0,2,rust,1,rust_s2_pure,1024,512,2e6d8cfadbedf6eca1143dbefd9f185c247a8398437ec6a247f609528b6d55de,1572,whole,overcast,1714805494,,0,0,0.567,0.071,1.25
v2_1247_whole_0,data/synthetic/v2/images/v2_1247_whole_0.jpg,synthetic,train,rust,1,1,0,0,1,miner,2,rust_s1_mixed,896,672,addebbca50e95d1d1770a7782cc35556816d86fb7c50fcb8f3fd5007ce6aeba8,1247,whole,overcast,1080781795,,0,0,0.381,0.051,0.6
v2_0252_closeup_0,data/synthetic/v2/images/v2_0252_closeup_0.jpg,synthetic,train,other,0,0,1,0,2,phoma,1,other_phoma,512,512,466bf8825fb9f281f07e7fa1470d402b80d04b2c43a5e9300e50574ff5a21fb9,252,closeup,overcast,920345893,,0,0,0.558,0.083,0.28
v2_0095_whole_0,data/synthetic/v2/images/v2_0095_whole_0.jpg,synthetic,train,rust,1,0,0,0,1,rust,1,rust_s1_pure,1024,512,6691fa7f1f4eb9e21ab2c3c35ed96ddc5ae297e25dc4751ce7082ea33faf368a,95,whole,backlit,1262980463,,0,0,0.469,0.064,1.03
v2_0496_closeup_0,data/synthetic/v2/images/v2_0496_closeup_0.jpg,synthetic,train,other,0,0,1,0,3,phoma,1,other_phoma,384,384,199efd788f4b3394aaf034b35231afe7ef88afad0022a00375882c31357f1581,496,closeup,rain,1950662625,,0,0,0.425,0.087,0.17
v2_0153_whole_1,data/synthetic/v2/images/v2_0153_whole_1.jpg,synthetic,train,rust,1,0,0,0,3,rust,1,rust_s3plus_pure,896,672,32aaf23d21b38f4e8f59919e40fa648c14e52e2d1eaac192c1af0985fcaa3c54,153,whole,sun,129924436,,0,0,0.477,0.075,1.66
v2_1185_closeup_0,data/synthetic/v2/images/v2_1185_closeup_0.jpg,synthetic,train,other,0,0,1,0,1,phoma,1,other_phoma,256,256,9fd69403161c4ca760cefd18eef5263ed75ebc24ec104b7ebb8db91002c63de7,1185,closeup,rain,1318681317,,0,0,0.401,0.063,1.47
v2_1064_whole_0,data/synthetic/v2/images/v2_1064_whole_0.jpg,synthetic,train,other,0,1,0,0,3,miner,1,other_miner,896,672,45a1aad794cdb5c2ed436c78861962c1c44ba08e25b8d186f8638bd04d3ee22b,1064,whole,rain,316952145,,0,0,0.536,0.08,2.15
v2_0151_whole_0,data/synthetic/v2/images/v2_0151_whole_0.jpg,synthetic,train,rust,1,0,0,0,1,rust,1,rust_s1_pure,1024,512,54f89e3fd7e873b95e157eae49f1a9eb307354ce5f57f3ba7dca9f18c7ee3a3d,151,whole,studio,1933416876,,0,0,0.784,0.181,5.61
v2_1031_whole_0,data/synthetic/v2/images/v2_1031_whole_0.jpg,synthetic,train,rust,1,1,0,0,1,miner,2,rust_s1_mixed,1024,512,b973766d62f279f590deb264408d3fa0a1a3733419c6a118b54c583238f952f4,1031,whole,shade,603028616,,0,0,0.358,0.073,1.61
v2_0937_whole_0,data/synthetic/v2/images/v2_0937_whole_0.jpg,synthetic,train,healthy,0,0,0,0,0,healthy,0,healthy,1024,512,8ed8be17a2e90ae7a9d6de09912598002377d1f388750101fa3a4213b0636bc3,937,whole,rain,1655435523,,0,0,0.525,0.082,2.12
v2_1434_whole_0,data/synthetic/v2/images/v2_1434_whole_0.jpg,synthetic,train,rust,1,0,0,1,1,rust,2,rust_s1_mixed,1024,512,560d620800a62cc8aad821768c56a2708fef4e939134c65d1440848e505e47f5,1434,whole,overcast,1354373283,,0,0,0.51,0.071,3.22
v2_1037_closeup_0,data/synthetic/v2/images/v2_1037_closeup_0.jpg,synthetic,train,healthy,0,0,0,0,0,healthy,0,healthy,256,256,3abb55f7cbad80f8dcecb181934a58cc87d27b334fac99d4a90d8c546c1d98b7,1037,closeup,overcast,662437946,,0,0,0.511,0.063,0.24
v2_0068_whole_0,data/synthetic/v2/images/v2_0068_whole_0.jpg,synthetic,train,other,0,1,0,0,1,miner,1,other_miner,896,672,876ade75db1fb0e610c7bedec1c2c8dd00121902f34835ddd53fb9808e5cccaf,68,whole,studio,469503594,,0,0,0.865,0.181,2.47
v2_0720_closeup_0,data/synthetic/v2/images/v2_0720_closeup_0.jpg,synthetic,train,rust,1,0,0,1,1,rust,2,rust_s1_mixed,512,512,cee14005872c82b258dd87c5d9b940dff720b9bd092f728abe213f2a63c7724f,720,closeup,overcast,1617444482,,0,0,0.357,0.053,0.74
v2_0231_closeup_0,data/synthetic/v2/images/v2_0231_closeup_0.jpg,synthetic,train,healthy,0,0,0,0,0,healthy,0,healthy,512,512,cff6b0c218f0cb471632812182e6cac21b052c76d1e8bbc9e9bc1eee04cfa0f7,231,closeup,sun_wet,301382816,,0,0,0.49,0.106,0.72
v2_0182_whole_0,data/synthetic/v2/images/v2_0182_whole_0.jpg,synthetic,train,healthy,0,0,0,0,0,healthy,0,healthy,768,768,94c537e48252daac4c6dbff2030677311daa6ed57aa311345f58eee0c53bd84e,182,whole,overcast,51511080,,0,0,0.585,0.059,0.66
v2_0128_whole_0,data/synthetic/v2/images/v2_0128_whole_0.jpg,synthetic,train,rust,1,0,0,0,1,rust,1,rust_s1_pure,1024,512,4a1963e4a1ad89075b1315f016532b833aebe089a4a0c4bba0b272c7c69e0258,128,whole,shade,1631296154,,0,0,0.488,0.066,1.04
v2_0426_whole_0,data/synthetic/v2/images/v2_0426_whole_0.jpg,synthetic,train,other,0,0,1,0,1,phoma,1,other_phoma,768,768,7049ab93e0129712dd7f8ac89ad8e28b2bce2a4c923e9c97c92c502cd4e08be0,426,whole,sun,591739104,,0,0,0.644,0.069,1.23
v2_0561_closeup_1,data/synthetic/v2/images/v2_0561_closeup_1.jpg,synthetic,train,rust,1,1,0,0,4,rust,2,rust_s3plus_mixed,256,256,2d5482fdce49b799e171d0b7af8e804c6d2539532cc3c60537ec666667bae261,561,closeup,shade,1661968404,,0,0,0.427,0.131,2.1
v2_0298_whole_0,data/synthetic/v2/images/v2_0298_whole_0.jpg,synthetic,train,other,0,0,1,0,2,phoma,1,other_phoma,1024,512,af3244a4fc12cb216139a1661d9ec6739cf4f27554b223e1c4f610469cb138f2,298,whole,studio,1905944395,,0,0,0.731,0.166,3.11
v2_0809_closeup_0,data/synthetic/v2/images/v2_0809_closeup_0.jpg,synthetic,train,rust,1,0,0,0,2,rust,1,rust_s2_pure,512,512,d9cd500f9f72c38976cc05910085a35801af04a0c397669a87ecb2b3c508dedd,809,closeup,overcast,1205885527,,0,0,0.498,0.127,0.33
v2_0394_whole_0,data/synthetic/v2/images/v2_0394_whole_0.jpg,synthetic,train,other,0,0,1,0,1,phoma,1,other_phoma,896,672,a6497d1e340f99d853fdf396a10b94fa1e44d668a0a8be0bb0cc477682176eb0,394,whole,studio,1172354975,,0,0,0.777,0.159,2.46
v2_0666_whole_0,data/synthetic/v2/images/v2_0666_whole_0.jpg,synthetic,train,other,0,0,1,0,1,phoma,1,other_phoma,768,768,0f35ced259b3981a8aedc647f95b1ca0a5c6c449c1ac1aaa423a367199e33c93,666,whole,sun_wet,1458044119,,0,0,0.579,0.126,2.68
v2_0457_whole_0,data/synthetic/v2/images/v2_0457_whole_0.jpg,synthetic,train,other,0,0,1,0,1,phoma,1,other_phoma,896,672,971b3d6062f352815ee2c501151dbf88822f9b8c8ea633d527a6fe45de7f7eb9,457,whole,studio,1062234734,,0,0,0.795,0.221,8.57
v2_0686_closeup_0,data/synthetic/v2/images/v2_0686_closeup_0.jpg,synthetic,train,other,0,1,0,0,3,miner,1,other_miner,512,512,239bc98b581012d42b8ac94ca7a79fcf135ceb4312866e4ff8d095da9d0df011,686,closeup,overcast,909675492,,0,0,0.61,0.097,0.14
v2_1344_whole_0,data/synthetic/v2/images/v2_1344_whole_0.jpg,synthetic,train,rust,1,0,0,0,2,rust,1,rust_s2_pure,1024,512,cec5077dde26d1b1fc6b8fefaa507f4f097f4699c5ca0b55212cf94fdbebea2c,1344,whole,golden,2135817226,,0,0,0.578,0.102,4.76
v2_0292_closeup_0,data/synthetic/v2/images/v2_0292_closeup_0.jpg,synthetic,train,other,0,0,1,0,2,phoma,1,other_phoma,384,384,5cfedc77c1cb96d64a8d28f7a14212dacb634aab61870d18f281713531cb8f01,292,closeup,overcast,2081284765,,0,0,0.423,0.103,0.64
v2_0639_closeup_0,data/synthetic/v2/images/v2_0639_closeup_0.jpg,synthetic,train,unclear,0,0,0,0,0,undetermined,0,unclear,256,256,ae681941bf47da6f12491d1f0b0c5b70f2db8a6abd75b6e869c446a90c5e0320,639,closeup,golden,1785023448,,0,0,0.506,0.114,0.48
v2_0555_whole_0,data/synthetic/v2/images/v2_0555_whole_0.jpg,synthetic,train,other,0,0,0,1,1,cercospora,1,other_cercospora,1024,512,56decd34b271d963e385599f14a785722d559966b99df9a58561b27addc44ec5,555,whole,sun,28612528,,0,0,0.53,0.099,1.53
v2_0301_whole_0,data/synthetic/v2/images/v2_0301_whole_0.jpg,synthetic,train,other,0,0,1,0,3,phoma,1,other_phoma,768,768,c1e9c26a1e313c2695d697cb5f8bf5fbac02a90b918b62511e7f91f9fe10e3c6,301,whole,rain,1042496254,,0,0,0.42,0.142,1.76
v2_0493_whole_0,data/synthetic/v2/images/v2_0493_whole_0.jpg,synthetic,train,other,0,0,1,0,1,phoma,1,other_phoma,1024,512,69d01992663b7c04eb475cc465639a906ce8e4940dbd85bbf2d0ed7db2aff5b7,493,whole,overcast,1922006282,,0,0,0.441,0.056,3.98
v2_1032_closeup_0,data/synthetic/v2/images/v2_1032_closeup_0.jpg,synthetic,train,other,0,1,0,0,1,miner,1,other_miner,256,256,e9abb0e3b801d5a3c9e8b9f4430209514155676e159b4c373af7eaec37705c71,1032,closeup,shade,565691089,,0,0,0.454,0.089,0.54
v2_1554_whole_0,data/synthetic/v2/images/v2_1554_whole_0.jpg,synthetic,train,rust,1,0,0,0,2,rust,1,rust_s2_pure,1024,512,9760389a3c7733df54d9cb32213645b0c96d072154408e875eed7ca3c1a85552,1554,whole,shade,1219587791,,0,0,0.543,0.102,1.66
v2_0017_closeup_0,data/synthetic/v2/images/v2_0017_closeup_0.jpg,synthetic,train,healthy,0,0,0,0,0,healthy,0,healthy,384,384,a05c0b00187e9f639a553b044b99280bd51d2a52957b965eb6b142015dfac1ad,17,closeup,rain,225931758,,0,0,0.589,0.06,2.29
v2_0943_whole_0,data/synthetic/v2/images/v2_0943_whole_0.jpg,synthetic,train,healthy,0,0,0,0,0,healthy,0,healthy,1024,512,075e732a01ea79d612b92a930d6de347c7b6f0b22128fbc43c21f4e6e2f105d3,943,whole,sun,2020958566,,0,0,0.531,0.096,1.09
v2_0605_whole_2,data/synthetic/v2/images/v2_0605_whole_2.jpg,synthetic,train,rust,1,0,0,1,3,rust,2,rust_s3plus_mixed,768,768,dfcf387ccc94a3edadba2b3a9ebfb9bdc720d18ea0455a99115d83dc303895e2,605,whole,sun,532970622,,0,0,0.551,0.077,0.34
v2_1358_whole_0,data/synthetic/v2/images/v2_1358_whole_0.jpg,synthetic,train,rust,1,0,0,1,1,rust,2,rust_s1_mixed,1024,512,1e3394717d579ce3ae55855d4643a2ee7594d5e5146f3129ad77c39cf3c0c39b,1358,whole,overcast,1324048907,,0,0,0.487,0.071,2.45
v2_1586_closeup_1,data/synthetic/v2/images/v2_1586_closeup_1.jpg,synthetic,train,rust,1,0,0,1,3,rust,2,rust_s3plus_mixed,256,256,58704c94228006faaca5edf777140678ea86f95c667b80ec3737cdbdce74b239,1586,closeup,overcast,1314411242,,0,0,0.438,0.09,0.6
v2_0744_closeup_0,data/synthetic/v2/images/v2_0744_closeup_0.jpg,synthetic,train,other,0,1,0,0,1,miner,1,other_miner,256,256,098aeacb43e5549306b03c3af9d0d263951c90ec3ffe17283eed120d64ee39a1,744,closeup,overcast,1108003202,,0,0,0.408,0.103,0.09
v2_1085_whole_2,data/synthetic/v2/images/v2_1085_whole_2.jpg,synthetic,train,rust,1,0,0,0,3,rust,1,rust_s3plus_pure,1024,512,6c6998eea8ba0095529125b947af54049b19a6448514c6c1fb23f063c8b3aead,1085,whole,studio,502739577,,0,0,0.784,0.178,2.98
v2_0398_whole_0,data/synthetic/v2/images/v2_0398_whole_0.jpg,synthetic,train,other,0,0,1,0,2,phoma,1,other_phoma,896,672,514f5dd751ef3ce11f07ea4f407f9021377eec0a83a7c66c4793fe6b0353ad79,398,whole,overcast,1291472635,,0,0,0.558,0.056,1.15
v2_1125_whole_1,data/synthetic/v2/images/v2_1125_whole_1.jpg,synthetic,train,rust,1,1,0,0,4,rust,2,rust_s3plus_mixed,1024,512,7dfbaa6eceea179621483064e5ce0dd8a8f1c507f9de0b5755a34efc2b986889,1125,whole,overcast,1445177879,,0,0,0.38,0.059,0.87
v2_1453_closeup_0,data/synthetic/v2/images/v2_1453_closeup_0.jpg,synthetic,train,other,0,0,0,1,1,cercospora,1,other_cercospora,384,384,ba6ae00ffcc28a2c11a93aea86c1c17139bac43436653bfed7748d8bd1b54279,1453,closeup,shade,1889423866,,0,0,0.481,0.097,0.11
v2_1136_closeup_0,data/synthetic/v2/images/v2_1136_closeup_0.jpg,synthetic,train,other,0,1,0,0,1,miner,1,other_miner,256,256,200b2b2e4d5d18ae3c1f630770f32bea5bcc686ca8892fba026e159b6d826a4d,1136,closeup,overcast,467551165,,0,0,0.516,0.088,0.51
v2_1515_whole_0,data/synthetic/v2/images/v2_1515_whole_0.jpg,synthetic,train,rust,1,1,0,0,2,rust,2,rust_s2_mixed,768,768,752f2642e1e6bd59c5b6bb741726490aa23303d50c53c14ce30e26c24d909313,1515,whole,golden,1175557039,,0,0,0.414,0.063,0.49
v2_0503_closeup_0,data/synthetic/v2/images/v2_0503_closeup_0.jpg,synthetic,train,other,0,0,1,0,1,phoma,1,other_phoma,512,512,a9511bcbcf5307015919a0bdb27d0804df0c044fe273642e21c9fb4e8e0a56a8,503,closeup,backlit,854006576,,0,0,0.508,0.102,0.42
v2_1044_whole_0,data/synthetic/v2/images/v2_1044_whole_0.jpg,synthetic,train,other,0,1,0,0,1,miner,1,other_miner,896,672,982417becab202d31c5fb6fcd7ade439a9b1fea90cdb094ebee06ae481c88051,1044,whole,shade,955090650,,0,0,0.371,0.042,0.13
v2_1046_whole_0,data/synthetic/v2/images/v2_1046_whole_0.jpg,synthetic,train,rust,1,1,0,0,3,undetermined,2,rust_s3plus_mixed,1024,512,31395a6155419221e92541a428c9d3dfe29ee6f5f0b5632feb2de4662b12e160,1046,whole,studio,996758196,,0,0,0.52,0.107,1.47
v2_0823_closeup_1,data/synthetic/v2/images/v2_0823_closeup_1.jpg,synthetic,train,rust,1,0,0,0,3,rust,1,rust_s3plus_pure,512,512,ba30d004aeeff7652586ed5300480c380baf9a6a62279f3e895ab92a545d5f09,823,closeup,overcast,393815964,,0,0,0.326,0.077,0.24
v2_0164_whole_0,data/synthetic/v2/images/v2_0164_whole_0.jpg,synthetic,train,rust,1,0,0,0,1,rust,1,rust_s1_pure,896,672,aa73848e76860a68eaa91be854806d1df74158670f829cd9aa35ea9db34552a6,164,whole,rain,1732506793,,0,0,0.639,0.062,2.04
v2_1567_whole_0,data/synthetic/v2/images/v2_1567_whole_0.jpg,synthetic,train,rust,1,0,0,1,1,rust,2,rust_s1_mixed,1024,512,6b8c20cdd6db3d51e3f40a63dd41c13024cf041cc8e29daec58ed2a4dba86a52,1567,whole,backlit,1480753016,,0,0,0.356,0.05,1.5
v2_1222_closeup_0,data/synthetic/v2/images/v2_1222_closeup_0.jpg,synthetic,train,other,0,1,0,0,1,miner,1,other_miner,256,256,8f1db554977e98cf97d72ed471b7da2005dd42ca19f93be652612548c242fcbf,1222,closeup,backlit,1674311380,,0,0,0.471,0.094,0.43
v2_1610_whole_0,data/synthetic/v2/images/v2_1610_whole_0.jpg,synthetic,train,rust,1,0,0,1,1,undetermined,2,rust_s1_mixed,1024,512,e0f00b982461f5fc0d1237536f6930e0ef59fbe932243ca378a6ba593ad5b643,1610,whole,sun,125447060,,0,0,0.441,0.063,1.31
v2_0465_whole_0,data/synthetic/v2/images/v2_0465_whole_0.jpg,synthetic,train,other,0,0,1,0,1,phoma,1,other_phoma,1024,512,fe78ff5cde25012dc3faf1c8eabda690895ce9fb19d7d482cebff886b312f407,465,whole,sun,778113518,,0,0,0.515,0.074,1.89
v2_0040_whole_0,data/synthetic/v2/images/v2_0040_whole_0.jpg,synthetic,train,rust,1,1,0,0,2,miner,2,rust_s2_mixed,896,672,d0e8d3aa77a904d4d5091f6175e6453e3e09de718d3951269127148e09ae7de9,40,whole,overcast,1072076633,,0,0,0.508,0.078,1.25
v2_0616_closeup_0,data/synthetic/v2/images/v2_0616_closeup_0.jpg,synthetic,train,healthy,0,0,0,0,0,healthy,0,healthy,256,256,8c1cc910cbf6396a8fe9a3439c82cf8a8f2e0a09f069a77cfb7b359173ede34c,616,closeup,overcast,1261487214,,0,0,0.469,0.073,2.81
v2_1722_whole_0,data/synthetic/v2/images/v2_1722_whole_0.jpg,synthetic,train,rust,1,0,0,1,1,undetermined,2,rust_s1_mixed,896,672,8333895d34a8194e97b6cc5f075cd9c3f61985a8155fa8c62e1eddb2b2e3edca,1722,whole,sun_wet,724269476,,0,0,0.497,0.117,0.64
v2_0942_whole_0,data/synthetic/v2/images/v2_0942_whole_0.jpg,synthetic,train,healthy,0,0,0,0,0,healthy,0,healthy,1024,512,7fabb81a172045d3745438eda341187e73aa6781b976e83c0cbfd20249831ef2,942,whole,overcast,2042039121,,0,0,0.5,0.08,1.76
v2_0321_whole_0,data/synthetic/v2/images/v2_0321_whole_0.jpg,synthetic,train,other,0,0,1,0,4,phoma,1,other_phoma,1024,512,6067104cf666f1ff8f85464d53f5959c6f5ac363e7252bc788fa795676ef9371,321,whole,golden,338358901,,0,0,0.481,0.09,3.47
v2_0472_whole_0,data/synthetic/v2/images/v2_0472_whole_0.jpg,synthetic,train,other,0,0,1,0,2,phoma,1,other_phoma,1024,512,98d0fd2c54f21f0686e438ec62a11c1ad54e92d903663368fbd39c9d43f048a3,472,whole,overcast,328359950,,0,0,0.522,0.071,1.94
v2_0056_closeup_0,data/synthetic/v2/images/v2_0056_closeup_0.jpg,synthetic,train,other,0,1,0,0,3,miner,1,other_miner,512,512,569526f34f9271317731867cd1573674f447006b95fbe6a91f729148e1890289,56,closeup,overcast,64457870,,0,0,0.523,0.104,0.53
v2_0580_whole_0,data/synthetic/v2/images/v2_0580_whole_0.jpg,synthetic,train,other,0,1,0,0,1,miner,1,other_miner,768,768,af8e4ac67d32c6eeaf0c8670da1ba3fa88b3bacdc8c6953184335b35e430e837,580,whole,golden,1964346758,,0,0,0.447,0.065,3.69
v2_0420_closeup_0,data/synthetic/v2/images/v2_0420_closeup_0.jpg,synthetic,train,other,0,0,1,0,1,phoma,1,other_phoma,512,512,3ad6159a198bf73d3ba30cccc584e72bb89c50351c21fd5ac3da159a5a4e8c5a,420,closeup,sun,667436114,,0,0,0.567,0.09,0.25
v2_0816_closeup_0,data/synthetic/v2/images/v2_0816_closeup_0.jpg,synthetic,train,healthy,0,0,0,0,0,healthy,0,healthy,256,256,b4cbaaa7e9ef85f370719ac290e98aa34c518546f018184865ad4f35d7976c4a,816,closeup,golden,1946188303,,0,0,0.455,0.08,0.4
v2_0854_whole_0,data/synthetic/v2/images/v2_0854_whole_0.jpg,synthetic,train,healthy,0,0,0,0,0,healthy,0,healthy,1024,512,2d7ae671a223b954da401535d9cdf770777c51ca866114fac180c67bf3c5a044,854,whole,backlit,2028353846,,0,0,0.475,0.055,1.69
v2_0433_closeup_0,data/synthetic/v2/images/v2_0433_closeup_0.jpg,synthetic,train,other,0,0,1,0,1,phoma,1,other_phoma,256,256,2626abc56d7a0587675ee0c28fa139e2195d0faee4cfeab09db27286161c4c94,433,closeup,golden,489856366,,0,0,0.486,0.079,2.46
v2_1528_whole_0,data/synthetic/v2/images/v2_1528_whole_0.jpg,synthetic,train,rust,1,0,0,0,1,rust,1,rust_s1_pure,1024,512,56e0d0079a36bff2ec41f0c367fc4751db2deef63b94ada6bc79e70c5048a512,1528,whole,studio,1551675154,,0,0,0.786,0.112,1.04
v2_0195_whole_0,data/synthetic/v2/images/v2_0195_whole_0.jpg,synthetic,train,healthy,0,0,0,0,0,healthy,0,healthy,896,672,6fedf0f9813b3acc5bbca5cfb231e71f55068ebf65801d527861b90109ba2ad7,195,whole,overcast,1055035080,,0,0,0.533,0.071,0.36
v2_1737_closeup_0,data/synthetic/v2/images/v2_1737_closeup_0.jpg,synthetic,train,rust,1,0,0,1,2,rust,2,rust_s2_mixed,384,384,cfe6ac6a3bfc30acc1d5ba19e8c9f578502bac40b3b61df072e6ce98e93218db,1737,closeup,shade,358407210,,0,0,0.563,0.049,0.07
v2_0174_whole_0,data/synthetic/v2/images/v2_0174_whole_0.jpg,synthetic,train,healthy,0,0,0,0,0,healthy,0,healthy,896,672,c6803b16601ea68e3bb0ee963ff8bf8b88e774ba39f6e583dd4c504185ff25d3,174,whole,studio,1610585036,,0,0,0.839,0.202,2.47
v2_1557_closeup_0,data/synthetic/v2/images/v2_1557_closeup_0.jpg,synthetic,train,rust,1,1,0,0,2,rust,2,rust_s2_mixed,512,512,bfee5f0fccf8298dbff618daeb86764cdb325da58bf73547944d531d7bff9216,1557,closeup,rain,1257754774,,0,0,0.394,0.073,3.05
v2_1703_whole_0,data/synthetic/v2/images/v2_1703_whole_0.jpg,synthetic,train,rust,1,0,0,1,1,undetermined,2,rust_s1_mixed,1024,512,718b693d98ecc7e7f4dcf17d91ad18642158c920d40b917c93901b16c2f37e2b,1703,whole,overcast,14736152,,0,0,0.345,0.074,1.34
v2_1621_whole_0,data/synthetic/v2/images/v2_1621_whole_0.jpg,synthetic,train,other,0,0,0,1,1,cercospora,1,other_cercospora,1024,512,a3d0f819410fd785970f6afce0a92d79710d5dfc81fe41171a180ce9095f4dfd,1621,whole,overcast,336457293,,0,0,0.398,0.057,0.82
v2_1622_closeup_0,data/synthetic/v2/images/v2_1622_closeup_0.jpg,synthetic,train,rust,1,0,0,0,1,rust,1,rust_s1_pure,512,512,b2fc6b6136a94509d4738a9e8a1413b511890d536e08799b6a8ec63c09ae7ef6,1622,closeup,shade,374034452,,0,0,0.541,0.103,0.97
v2_1573_closeup_0,data/synthetic/v2/images/v2_1573_closeup_0.jpg,synthetic,train,other,0,0,0,1,2,cercospora,1,other_cercospora,384,384,beaf299c95783a715ece23a1230ecd68e2252d8a1ae2198db304bb6bdb30cf4b,1573,closeup,sun,1744285889,,0,0,0.395,0.097,0.65
v2_0020_closeup_0,data/synthetic/v2/images/v2_0020_closeup_0.jpg,synthetic,train,other,0,0,1,0,2,phoma,1,other_phoma,384,384,445fbd33ede22eef9fe79db0b2e45100ceb02ad1ae11095c233e9fb5f3676754,20,closeup,sun_wet,445499525,,0,0,0.288,0.09,0.34
v2_1556_whole_0,data/synthetic/v2/images/v2_1556_whole_0.jpg,synthetic,train,rust,1,1,0,0,1,undetermined,2,rust_s1_mixed,1024,512,a2afcc649ca12394b9aef633d1baff3482d41d902fddad16947abb6a92013702,1556,whole,overcast,1261812385,,0,0,0.434,0.055,1.21
v2_1705_closeup_2,data/synthetic/v2/images/v2_1705_closeup_2.jpg,synthetic,train,rust,1,0,0,0,3,rust,1,rust_s3plus_pure,384,384,4723cad6255114d2239d1fecf9f070202ad62776f9c37f00eaf34aa6cc4f4537,1705,closeup,sun_wet,1784923782,,0,0,0.41,0.096,2.63
v2_1645_whole_0,data/synthetic/v2/images/v2_1645_whole_0.jpg,synthetic,train,rust,1,0,0,1,1,rust,2,rust_s1_mixed,1024,512,12e7a61db514a848cf9e27a80d5c257802efd5c730c8bc158355c11075e3b60f,1645,whole,overcast,913250637,,0,0,0.491,0.062,0.49
v2_1028_closeup_0,data/synthetic/v2/images/v2_1028_closeup_0.jpg,synthetic,train,other,0,1,0,0,2,miner,1,other_miner,384,384,c30894f8f0ea82de51d00407aef8a233f17ded337224be491fb694b7a625d1a5,1028,closeup,sun_wet,345776226,,0,0,0.469,0.08,0.84
v2_1699_closeup_0,data/synthetic/v2/images/v2_1699_closeup_0.jpg,synthetic,train,rust,1,0,0,0,1,rust,1,rust_s1_pure,256,256,8fc0e8faa6e5da7d827a7c4ca31d0f77412457c51adad1bf2e299e2b48a3ce9b,1699,closeup,golden,1293891828,,0,0,0.386,0.103,2.14
v2_0843_closeup_0,data/synthetic/v2/images/v2_0843_closeup_0.jpg,synthetic,train,rust,1,1,0,0,2,miner,2,rust_s2_mixed,512,512,069358af038b0dd107c5b0f6fc1d12c93dc14a56814670730eb03c7039d64a1f,843,closeup,sun,1159022806,,0,0,0.442,0.048,0.18
v2_1297_closeup_1,data/synthetic/v2/images/v2_1297_closeup_1.jpg,synthetic,train,rust,1,0,0,0,4,rust,1,rust_s3plus_pure,512,512,95fd7c9e72b9af4e3848769e904da6e764fd2aa407fa471163d558ea7f865ac1,1297,closeup,rain,1158054824,,0,0,0.339,0.165,0.76
v2_1629_closeup_0,data/synthetic/v2/images/v2_1629_closeup_0.jpg,synthetic,train,rust,1,0,0,0,2,rust,1,rust_s2_pure,384,384,398d5bbd81e60db1b500d26c93e38922a5b62f1c935f86b8318df48475898e86,1629,closeup,overcast,438222837,,0,0,0.352,0.08,0.61
v2_1012_whole_0,data/synthetic/v2/images/v2_1012_whole_0.jpg,synthetic,train,other,0,1,0,0,1,miner,1,other_miner,768,768,7de292ed3d3713c0cf450f04b6301f0f521e29ff22a459ada91bdb41494c68c9,1012,whole,sun,197003866,,0,0,0.638,0.097,0.26
v2_1637_whole_0,data/synthetic/v2/images/v2_1637_whole_0.jpg,synthetic,train,rust,1,0,0,0,1,rust,1,rust_s1_pure,896,672,c443b4dab82036e5d31d9895ac8857a7a6cd8ca754c58cad8d7ac6abb1e413ae,1637,whole,sun_wet,675083674,,0,0,0.394,0.072,2.17
v2_0870_closeup_0,data/synthetic/v2/images/v2_0870_closeup_0.jpg,synthetic,train,rust,1,1,0,0,2,miner,2,rust_s2_mixed,256,256,b92d7fea407465a4b6e3f643779afb74e787a355e9c0e3148fafb80e63445a81,870,closeup,rain,1441159521,,0,0,0.428,0.082,0.6
v2_0939_whole_0,data/synthetic/v2/images/v2_0939_whole_0.jpg,synthetic,train,healthy,0,0,0,0,0,healthy,0,healthy,1024,512,5cf2e67f5c394c5eb905693f9cb1c81e3b6b520a9ceadb11e0c4a75f943afa49,939,whole,studio,1748360201,,0,0,0.649,0.137,1.26
v2_1389_whole_0,data/synthetic/v2/images/v2_1389_whole_0.jpg,synthetic,train,rust,1,0,0,0,1,rust,1,rust_s1_pure,1024,512,07d91f7d4c76d81d87fe4a89a6a8cf1cbd11616e83239c50862a14b5b98ecc0d,1389,whole,sun_wet,1027854561,,0,0,0.596,0.109,3.68
v2_1297_whole_0,data/synthetic/v2/images/v2_1297_whole_0.jpg,synthetic,train,rust,1,0,0,0,4,rust,1,rust_s3plus_pure,1024,512,d877eb2722e09e180a60ebc6ca41ad25d6397b11e7f0211e1f24e8a4d75e270c,1297,whole,sun,838972222,,0,0,0.601,0.098,1.15
v2_1246_whole_0,data/synthetic/v2/images/v2_1246_whole_0.jpg,synthetic,train,rust,1,0,0,1,1,cercospora,2,rust_s1_mixed,1024,512,71fb17f16d919a31ddbaeb0029daf7bdf09b675df097bf48e6acc0fbe0986ded,1246,whole,golden,1101595092,,0,0,0.448,0.097,3.42
v2_0533_closeup_0,data/synthetic/v2/images/v2_0533_closeup_0.jpg,synthetic,train,other,0,0,1,0,4,phoma,1,other_phoma,256,256,65c5498687f3b6b79214e5654606d4a08f8df39b88d55364d8dfed05e97ddcad,533,closeup,golden,542291166,,0,0,0.56,0.107,1.15
v2_1326_closeup_1,data/synthetic/v2/images/v2_1326_closeup_1.jpg,synthetic,train,rust,1,1,0,0,4,rust,2,rust_s3plus_mixed,512,512,dd9b502b1dba98fbbde1b52aeecf05989128fc04906ce6ea7a80f56b78ed8137,1326,closeup,golden,782583598,,0,0,0.37,0.096,0.34
v2_1459_whole_0,data/synthetic/v2/images/v2_1459_whole_0.jpg,synthetic,train,other,0,1,0,0,1,miner,1,other_miner,1024,512,dcf88a90abda385909770bd4ffff4cb49e40c6a45ec7e5263194ebaece350831,1459,whole,overcast,2097796140,,0,0,0.416,0.077,1.01
v2_1356_whole_0,data/synthetic/v2/images/v2_1356_whole_0.jpg,synthetic,train,rust,1,0,0,0,2,rust,1,rust_s2_pure,1024,512,5c3f75ff942be4e5cc4709333729109940875e056a9730b71fa4ba3a33858dfb,1356,whole,golden,1148538625,,0,0,0.467,0.065,4.22
v2_0419_whole_0,data/synthetic/v2/images/v2_0419_whole_0.jpg,synthetic,train,other,0,0,1,0,2,phoma,1,other_phoma,896,672,85d0039806ffc035668d00b71b1213247058887a713bb150bdb23d5c05354947,419,whole,rain,984404019,,0,0,0.519,0.061,1.18
v2_0898_whole_0,data/synthetic/v2/images/v2_0898_whole_0.jpg,synthetic,train,other,0,1,0,0,1,miner,1,other_miner,1024,512,6e86dda9c5c627121f69b2d934dc8310de5f1783974c96c1cfe0f55c2f236d3c,898,whole,overcast,992641002,,0,0,0.454,0.111,0.55
v2_0353_closeup_0,data/synthetic/v2/images/v2_0353_closeup_0.jpg,synthetic,train,other,0,0,1,0,2,phoma,1,other_phoma,256,256,3de9f928534590f8789ec49fb4be3fef8494c99e5e07660190b3c9869e384112,353,closeup,overcast,175709858,,0,0,0.396,0.091,1.26
v2_0149_whole_0,data/synthetic/v2/images/v2_0149_whole_0.jpg,synthetic,train,rust,1,0,0,0,3,rust,1,rust_s3plus_pure,1024,512,52f12e2d777c71f5f7aa0ed6ca5aeb7ffdb3847d69410a0b328fc9c1a4e6b414,149,whole,sun,1167241073,,0,0,0.47,0.064,1.0
v2_1604_whole_0,data/synthetic/v2/images/v2_1604_whole_0.jpg,synthetic,train,other,0,0,0,1,1,cercospora,1,other_cercospora,1024,512,b6826f75a102dfc36d80a22962c8b4afda890840334fe2528a2aed7307ffd035,1604,whole,studio,953148461,,0,0,0.912,0.173,9.25
v2_1000_whole_0,data/synthetic/v2/images/v2_1000_whole_0.jpg,synthetic,train,other,0,1,0,0,1,miner,1,other_miner,896,672,c09fee47f00bafbddf818b7a9ada8d12ec09c05db186528e0189696db742d77f,1000,whole,golden,814135633,,0,0,0.558,0.085,1.08
v2_0129_whole_0,data/synthetic/v2/images/v2_0129_whole_0.jpg,synthetic,train,rust,1,0,0,0,4,rust,1,rust_s3plus_pure,1024,512,a1b1a86c480858f8b9605e11f11c5dcb64d657243647541848503acc3eec6eeb,129,whole,sun_wet,1626992813,,0,0,0.525,0.145,2.62
v2_0955_whole_0,data/synthetic/v2/images/v2_0955_whole_0.jpg,synthetic,train,healthy,0,0,0,0,0,healthy,0,healthy,1024,512,257d89aa1abfc8d49af96989f95011b57946bee250feb28cd08a806da226f136,955,whole,shade,1145338545,,0,0,0.356,0.049,1.05
v2_1704_closeup_1,data/synthetic/v2/images/v2_1704_closeup_1.jpg,synthetic,train,rust,1,1,0,1,4,rust,3,rust_s3plus_mixed,512,512,cad94aa15785bb49a49d1071abade12d86c6ac51320829c9fad4af96da745cd7,1704,closeup,overcast,1923677451,,0,0,0.412,0.127,1.08
v2_0571_closeup_0,data/synthetic/v2/images/v2_0571_closeup_0.jpg,synthetic,train,healthy,0,0,0,0,0,healthy,0,healthy,256,256,b636616e3e8b3f18322b40e13208baae4c76c909c0243180754d4833602654cd,571,closeup,overcast,750057447,,0,0,0.486,0.107,0.52
v2_1449_whole_2,data/synthetic/v2/images/v2_1449_whole_2.jpg,synthetic,train,rust,1,0,0,0,4,rust,1,rust_s3plus_pure,1024,512,4ce1d8e4ff936fd9439908bd5fd2a482cc5418c6de4ac68fc44a2d51b1fe09dd,1449,whole,studio,733729381,,0,0,0.765,0.112,3.07
v2_0193_closeup_0,data/synthetic/v2/images/v2_0193_closeup_0.jpg,synthetic,train,healthy,0,0,0,0,0,healthy,0,healthy,512,512,c7c2b9faa864d9b1e9b50e0be80c116089c4f68a91b5c46189e53d2107f32457,193,closeup,shade,980415098,,0,0,0.416,0.044,0.14
v2_0883_whole_0,data/synthetic/v2/images/v2_0883_whole_0.jpg,synthetic,train,rust,1,0,0,0,1,rust,1,rust_s1_pure,768,768,a45ca2de97c861782d257caaf9561937085e5a30463a8d1ce07e5fa293e10ff7,883,whole,rain,264501102,,0,0,0.623,0.083,1.48
v2_1571_whole_0,data/synthetic/v2/images/v2_1571_whole_0.jpg,synthetic,train,rust,1,1,0,0,1,rust,2,rust_s1_mixed,1024,512,0dd8c5c6e6559f41affdb4ad9cc3fcf66581b656a6150bd184753aaac86b5545,1571,whole,shade,1685284015,,0,0,0.42,0.076,1.0
v2_0953_closeup_0,data/synthetic/v2/images/v2_0953_closeup_0.jpg,synthetic,train,healthy,0,0,0,0,0,healthy,0,healthy,384,384,c976710f78e110f6fd2c42284ec91d2df5e65a00b246a84af892364044383bbd,953,closeup,rain,1086916099,,0,0,0.52,0.039,0.1
v2_1161_closeup_0,data/synthetic/v2/images/v2_1161_closeup_0.jpg,synthetic,train,other,0,1,0,0,1,miner,1,other_miner,512,512,0617fea3dc27a23bb8eb8af7551d15183e13ebe00cdb1c245e0011f145978dda,1161,closeup,backlit,693085450,,0,0,0.671,0.106,0.49
v2_0644_whole_0,data/synthetic/v2/images/v2_0644_whole_0.jpg,synthetic,train,rust,1,1,0,0,1,miner,2,rust_s1_mixed,1024,512,c23744ff66cc66409b7faab88734a85236c288e2bd09fa91b1dd85df0e10de40,644,whole,sun,2137710642,,0,0,0.572,0.083,2.29
v2_1444_whole_0,data/synthetic/v2/images/v2_1444_whole_0.jpg,synthetic,train,other,0,0,0,1,1,cercospora,1,other_cercospora,1024,512,2fe68c870a87fc8ac99c2d017682f7bcb242f91cc0f4dd6cfc08a9d66a3e63ac,1444,whole,shade,1298997274,,0,0,0.432,0.063,3.37
v2_0100_whole_2,data/synthetic/v2/images/v2_0100_whole_2.jpg,synthetic,train,rust,1,1,0,0,4,rust,2,rust_s3plus_mixed,896,672,eb746b1cbbb4d6dfedaa840b39b9ddc3ca61ad79f629349af0a2f61814fc9d1b,100,whole,overcast,724525701,,0,0,0.563,0.075,0.99
v2_0729_closeup_0,data/synthetic/v2/images/v2_0729_closeup_0.jpg,synthetic,train,other,0,1,0,0,1,miner,1,other_miner,256,256,31c19c6ff16387cbc63a07f46ddbf894d66c0e1a59fd7ae0b50bfc3086b6c7fb,729,closeup,shade,1874396429,,0,0,0.539,0.071,0.26
v2_0375_closeup_0,data/synthetic/v2/images/v2_0375_closeup_0.jpg,synthetic,train,other,0,0,1,0,1,phoma,1,other_phoma,384,384,008f8686c49f90d3a3f44c64f1314528b105e53be1fdae02d8095479195446a8,375,closeup,overcast,620604059,,0,0,0.367,0.102,0.77
v2_0682_closeup_0,data/synthetic/v2/images/v2_0682_closeup_0.jpg,synthetic,train,rust,1,0,0,1,4,cercospora,2,rust_s3plus_mixed,512,512,72987851147b4f8d1eb0dffbc3bc20ab9895e4d53fca296b0f6dae8946929fc3,682,closeup,overcast,825303864,,0,0,0.378,0.08,0.63
v2_0372_whole_0,data/synthetic/v2/images/v2_0372_whole_0.jpg,synthetic,train,other,0,0,1,0,2,phoma,1,other_phoma,1024,512,7c419ebb8a39fe4e3982c4999ca2e76bc9f4439bf56e22fa96e5b535b840ac41,372,whole,rain,565361694,,0,0,0.559,0.112,4.02
v2_0763_whole_0,data/synthetic/v2/images/v2_0763_whole_0.jpg,synthetic,train,healthy,0,0,0,0,0,healthy,0,healthy,896,672,3055e7abbe7e4c3436a866b3742c8dbf7992a4f2d423f5b4abe70081fc9ed13e,763,whole,sun_wet,1833703308,,0,0,0.51,0.115,4.16
v2_1335_whole_0,data/synthetic/v2/images/v2_1335_whole_0.jpg,synthetic,train,rust,1,0,0,1,1,rust,2,rust_s1_mixed,896,672,1912a989dab02d91121b84658cf51f35d09a86acb35c1bb4cd3ae21a6961282c,1335,whole,sun,1666756228,,0,0,0.549,0.069,2.11
v2_1401_closeup_1,data/synthetic/v2/images/v2_1401_closeup_1.jpg,synthetic,train,rust,1,1,0,0,4,rust,2,rust_s3plus_mixed,256,256,3318ffd9978a48876dc779577489b3c5e06149aa6c4f8775d11d96ef1b72a52d,1401,closeup,overcast,868435248,,0,0,0.468,0.131,0.31
v2_1105_whole_0,data/synthetic/v2/images/v2_1105_whole_0.jpg,synthetic,train,healthy,0,0,0,0,0,healthy,0,healthy,896,672,4f4e274f23f295f382b69a21ed3b7316f4a887afcdc8fde162c67b3ea4bbb96a,1105,whole,rain,187519498,,0,0,0.527,0.126,8.03
v2_1708_closeup_0,data/synthetic/v2/images/v2_1708_closeup_0.jpg,synthetic,train,other,0,0,0,1,1,cercospora,1,other_cercospora,256,256,270b2924655dd6691f1de98c1363bb8e25ab5cba82e88e7f7a9ec7cf4b4c9a46,1708,closeup,backlit,213202169,,0,0,0.461,0.072,0.56
v2_1696_closeup_0,data/synthetic/v2/images/v2_1696_closeup_0.jpg,synthetic,train,rust,1,1,0,0,1,undetermined,2,rust_s1_mixed,256,256,b6a85992973691d155abbd142f8e9be54a1d0fbb89717144e78926cf2e0e86b1,1696,closeup,overcast,1178828745,,0,0,0.617,0.067,0.17
v2_0868_whole_0,data/synthetic/v2/images/v2_0868_whole_0.jpg,synthetic,train,other,0,1,0,0,1,miner,1,other_miner,768,768,ed0af9e2affae206270a2e6104b428b88071edae6ba692fbeea72e4d4707b3fa,868,whole,shade,1665757116,,0,0,0.508,0.062,0.96
v2_0878_whole_0,data/synthetic/v2/images/v2_0878_whole_0.jpg,synthetic,train,rust,1,0,0,0,1,rust,1,rust_s1_pure,1024,512,8423087c6ec97d2b3e7f3d5cecaf1d7300b3408dd6ba1e628f21ebea248b2df9,878,whole,sun,1542785241,,0,0,0.431,0.06,3.1
v2_1308_whole_2,data/synthetic/v2/images/v2_1308_whole_2.jpg,synthetic,train,rust,1,0,0,0,4,rust,1,rust_s3plus_pure,1024,512,7e127785506216cea9fb92e900a97d0635e8fb3a0473cd2b4cf19d9dd50275d9,1308,whole,overcast,389804821,,0,0,0.542,0.105,3.83
v2_1475_whole_0,data/synthetic/v2/images/v2_1475_whole_0.jpg,synthetic,train,rust,1,0,0,0,1,rust,1,rust_s1_pure,896,672,8d7efb31bb3313ccd43af5d3196cdc1bb197163ba7a6d16d087b1f50c2153452,1475,whole,sun,1578821059,,0,0,0.522,0.14,3.66
v2_0791_closeup_0,data/synthetic/v2/images/v2_0791_closeup_0.jpg,synthetic,train,other,0,1,0,0,2,miner,1,other_miner,384,384,51edf37e9360fda12bd040f758fcd3b7b694c094feebacc33fb7209bcd27a23b,791,closeup,sun_wet,917230516,,0,0,0.378,0.066,0.71
v2_1468_whole_2,data/synthetic/v2/images/v2_1468_whole_2.jpg,synthetic,train,rust,1,0,0,0,4,rust,1,rust_s3plus_pure,1024,512,c4bad55dffbdd50f3525eec839dd84867cdcf1681a889954d200019751cd8d81,1468,whole,golden,7368921,,0,0,0.41,0.043,0.75
v2_1660_closeup_0,data/synthetic/v2/images/v2_1660_closeup_0.jpg,synthetic,train,rust,1,0,0,1,1,cercospora,2,rust_s1_mixed,384,384,ea3392b2aac1c3741dea1832d77a9a1ea4e19e3317b7cd63a0afcfb6d67d1530,1660,closeup,sun,447550253,,0,0,0.373,0.126,0.51
v2_0534_whole_0,data/synthetic/v2/images/v2_0534_whole_0.jpg,synthetic,train,other,0,0,1,0,2,phoma,1,other_phoma,1024,512,29204cab58f1112e6d5921574dcd2b4294506032aaea64985d184ac40ac2f284,534,whole,shade,622699099,,0,0,0.528,0.059,2.12
v2_0579_whole_0,data/synthetic/v2/images/v2_0579_whole_0.jpg,synthetic,train,other,0,0,0,1,1,cercospora,1,other_cercospora,1024,512,5f031e4f3405b67c38eddbb7b87a2393e9c7eeced55e35e5961f11be23a000fd,579,whole,overcast,581412447,,0,0,0.476,0.12,1.36
v2_0269_closeup_0,data/synthetic/v2/images/v2_0269_closeup_0.jpg,synthetic,train,other,0,0,1,0,4,phoma,1,other_phoma,384,384,3c4260b76e6c7409c867dd23d95791819efc69c1842165b072b5521faf61f985,269,closeup,sun,674962730,,0,0,0.592,0.116,0.21
v2_1390_whole_0,data/synthetic/v2/images/v2_1390_whole_0.jpg,synthetic,train,rust,1,0,0,1,2,rust,2,rust_s2_mixed,1024,512,6b71260736dc8166264bc917eb6f878c3b0e9e6cbc1245ca8effb0d6f3cd8dae,1390,whole,sun_wet,170822667,,0,0,0.494,0.087,1.44
v2_1478_whole_0,data/synthetic/v2/images/v2_1478_whole_0.jpg,synthetic,train,other,0,0,0,1,1,cercospora,1,other_cercospora,1024,512,6c24e459c98527d03e8f5d10b93496d8b240bb910af25daf504cad58944a0c54,1478,whole,rain,1455584912,,0,0,0.575,0.072,0.68
v2_0689_whole_0,data/synthetic/v2/images/v2_0689_whole_0.jpg,synthetic,train,other,0,1,0,0,1,miner,1,other_miner,1024,512,b9a905437156eda64d2d0b3db93c5713bfdc1a69b2db5f23fbf98fb346d59ca8,689,whole,sun,1030016217,,0,0,0.58,0.1,1.5
v2_0409_closeup_0,data/synthetic/v2/images/v2_0409_closeup_0.jpg,synthetic,train,other,0,0,1,0,4,phoma,1,other_phoma,512,512,1969dcbdc398c3fde92d3300309d3482053098e1d52f5907f4366b7d6aa65d90,409,closeup,golden,34649942,,0,0,0.525,0.13,3.09
v2_0848_whole_0,data/synthetic/v2/images/v2_0848_whole_0.jpg,synthetic,train,healthy,0,0,0,0,0,healthy,0,healthy,1024,512,87fecb5310dcfbaff0f7a341baa7166cf2f2f2f9997364a646bb820db441c98c,848,whole,backlit,1228973879,,0,0,0.371,0.073,0.65
v2_0826_closeup_0,data/synthetic/v2/images/v2_0826_closeup_0.jpg,synthetic,train,healthy,0,0,0,0,0,healthy,0,healthy,384,384,39083cb51202fa48ddde93e84c9d736575b3b90b4748834939d083fd3becf843,826,closeup,shade,1723192801,,0,0,0.5,0.044,0.22
v2_1139_closeup_0,data/synthetic/v2/images/v2_1139_closeup_0.jpg,synthetic,train,other,0,1,0,0,1,miner,1,other_miner,512,512,5abeb347a296a7cf8859736d0dc48717ebddc0fa6daa45e3f2c944c9b41da160,1139,closeup,backlit,276956288,,0,0,0.462,0.07,0.78
v2_0154_closeup_1,data/synthetic/v2/images/v2_0154_closeup_1.jpg,synthetic,train,rust,1,0,0,1,3,rust,2,rust_s3plus_mixed,512,512,61c03bce823bac6a1bb2a6620c23aa20d96f59aca12004564b1301ae26c63fbf,154,closeup,overcast,49376209,,0,0,0.329,0.057,0.74
v2_0275_whole_0,data/synthetic/v2/images/v2_0275_whole_0.jpg,synthetic,train,other,0,0,1,0,1,phoma,1,other_phoma,1024,512,140b6d11d5a230faafd10aa09359216572ff11c813e39a3be61b9f55451e14fd,275,whole,studio,429753131,,0,0,0.772,0.167,6.8
v2_1652_whole_0,data/synthetic/v2/images/v2_1652_whole_0.jpg,synthetic,train,rust,1,0,0,1,1,rust,2,rust_s1_mixed,1024,512,7d497515cee34e0d04438e4fd8f2aa4ed9b4ec0e89dea0e7354deca3911a799f,1652,whole,overcast,194799789,,0,0,0.366,0.075,1.16
v2_0160_whole_0,data/synthetic/v2/images/v2_0160_whole_0.jpg,synthetic,train,rust,1,0,0,0,1,rust,1,rust_s1_pure,1024,512,d8c43347bace636d4c3fe3dfc74ab7be4b9adf5ed679da18ace56cfbad6661ab,160,whole,golden,1615486069,,0,0,0.551,0.087,1.68
v2_1468_closeup_1,data/synthetic/v2/images/v2_1468_closeup_1.jpg,synthetic,train,rust,1,0,0,0,4,rust,1,rust_s3plus_pure,256,256,d71573cd8dfbb2f59572ffa9b29df0b570322cac1beddc17c86aac2fbef369b8,1468,closeup,sun,427368803,,0,0,0.391,0.044,0.27
v2_1271_closeup_0,data/synthetic/v2/images/v2_1271_closeup_0.jpg,synthetic,train,rust,1,0,0,0,1,rust,1,rust_s1_pure,256,256,578a928b1650fd03d952aa9bbf93eb43695ef3e27f11b826743eb16a094a2281,1271,closeup,sun,1448327359,,0,0,0.442,0.048,0.15
v2_1575_whole_0,data/synthetic/v2/images/v2_1575_whole_0.jpg,synthetic,train,rust,1,0,0,1,1,cercospora,2,rust_s1_mixed,896,672,850f03b278c39888b334118018f2677d6cd2d6a508139ba32483811d50113de0,1575,whole,studio,1668992115,,0,0,0.914,0.17,6.26
v2_0796_closeup_0,data/synthetic/v2/images/v2_0796_closeup_0.jpg,synthetic,train,rust,1,1,0,0,3,rust,2,rust_s3plus_mixed,384,384,42b7b35947ff8bed7e4c071059c23f4733fd91a5b70964f56f6969519a62ee26,796,closeup,rain,870630705,,0,0,0.486,0.121,2.67
v2_0765_closeup_0,data/synthetic/v2/images/v2_0765_closeup_0.jpg,synthetic,train,other,0,1,0,0,1,miner,1,other_miner,384,384,630ac2d2aa29fb5e1a4c7ffb85bbf1c7b85972f9bf81fae67ff6f7eba8231af4,765,closeup,overcast,1774283582,,0,0,0.548,0.076,0.16
v2_1488_closeup_0,data/synthetic/v2/images/v2_1488_closeup_0.jpg,synthetic,train,rust,1,1,0,0,1,rust,2,rust_s1_mixed,256,256,692b2eccc1efe0783c482d18e43a489feccdd73926ba3b642bc5dd26641c3b67,1488,closeup,sun,245458630,,0,0,0.361,0.053,0.22
v2_0022_whole_0,data/synthetic/v2/images/v2_0022_whole_0.jpg,synthetic,train,other,0,1,0,0,1,miner,1,other_miner,1024,512,71097bf95615f63f08df4ab38304a178aa72ccbe13d3b6950fcbbafeed8d36fe,22,whole,sun_wet,420027627,,0,0,0.489,0.048,1.14
v2_1503_closeup_0,data/synthetic/v2/images/v2_1503_closeup_0.jpg,synthetic,train,rust,1,0,0,1,2,rust,2,rust_s2_mixed,512,512,a31c3fcb028b01cbe3dcc6eae2f2ed83060350de2054d812a47d2454fb1ab860,1503,closeup,overcast,2048952440,,0,0,0.509,0.053,0.44
v2_0761_closeup_0,data/synthetic/v2/images/v2_0761_closeup_0.jpg,synthetic,train,other,0,1,0,0,1,miner,1,other_miner,256,256,b275736538f95192c255be282ae02243d88334b8b49d45c8e14672269a29c654,761,closeup,rain,1858651106,,0,0,0.345,0.069,1.94
v2_1257_whole_0,data/synthetic/v2/images/v2_1257_whole_0.jpg,synthetic,train,rust,1,1,0,0,1,undetermined,2,rust_s1_mixed,1024,512,1b0d49305e2f695a817d35840a2f9797921d7567e1b39bd3ab92c15e5a6cf2c3,1257,whole,sun_wet,2027359366,,0,0,0.43,0.139,1.94
v2_0332_whole_0,data/synthetic/v2/images/v2_0332_whole_0.jpg,synthetic,train,other,0,0,1,0,1,phoma,1,other_phoma,896,672,485b9c82935e502ec4e32514f2e8eacdbd41fe283e50c920cb1226c18026e643,332,whole,backlit,785394505,,0,0,0.486,0.095,1.24
v2_0259_closeup_0,data/synthetic/v2/images/v2_0259_closeup_0.jpg,synthetic,train,other,0,0,1,0,1,phoma,1,other_phoma,384,384,22e5c459370104be93041a31f1a0a09b3672b5439faced398fcc979726969e8d,259,closeup,shade,982430404,,0,0,0.548,0.096,1.99
v2_1505_whole_0,data/synthetic/v2/images/v2_1505_whole_0.jpg,synthetic,train,rust,1,1,0,0,1,rust,2,rust_s1_mixed,1024,512,c4d34fd5f4a4dcfce2a8d361560ef80278fa7c52d9993901d94689786897f17e,1505,whole,sun,2125329610,,0,0,0.451,0.089,5.48
v2_1339_whole_0,data/synthetic/v2/images/v2_1339_whole_0.jpg,synthetic,train,rust,1,0,0,0,1,rust,1,rust_s1_pure,1024,512,93bd7a8c425c38e976427a804fe20f69561a05c2fa1772cb622c4a40ce23fa55,1339,whole,studio,1782732768,,0,0,0.721,0.16,7.82
v2_0124_whole_2,data/synthetic/v2/images/v2_0124_whole_2.jpg,synthetic,train,rust,1,0,0,0,4,rust,1,rust_s3plus_pure,1024,512,17cf1f65deb51015b85c4e6d9a29b06e563e4b969147a882a0edf663a5f3241e,124,whole,sun_wet,103744210,,0,0,0.454,0.064,2.5
v2_0300_closeup_0,data/synthetic/v2/images/v2_0300_closeup_0.jpg,synthetic,train,other,0,0,1,0,3,phoma,1,other_phoma,384,384,bb1558289a81a77d00ac1c21267059d6923eca892379c9fb8d07ba5a1831bd61,300,closeup,backlit,1071730889,,0,0,0.444,0.082,0.19
v2_1420_whole_0,data/synthetic/v2/images/v2_1420_whole_0.jpg,synthetic,train,rust,1,1,0,0,1,rust,2,rust_s1_mixed,1024,512,098ea34fcdee3f2f2d37f29748f41b39a050b69982464c6c12aa696440bb14af,1420,whole,sun,1863309082,,0,0,0.51,0.119,1.33
v2_0762_whole_0,data/synthetic/v2/images/v2_0762_whole_0.jpg,synthetic,train,other,0,1,0,0,1,miner,1,other_miner,1024,512,2c0ec865e9d3c1f0405aa402eec15ccc53cd3b41d02a79d4e634a7aeb7e8e4d9,762,whole,sun,1821277627,,0,0,0.551,0.07,1.58
v2_1277_whole_0,data/synthetic/v2/images/v2_1277_whole_0.jpg,synthetic,train,rust,1,0,0,1,4,rust,2,rust_s3plus_mixed,1024,512,97523e8cb7fc104cbbf5a714c003755b4ffd567932415f2cc00a909dbdf59e1c,1277,whole,studio,1390330893,,0,0,0.854,0.149,4.16
v2_1530_whole_0,data/synthetic/v2/images/v2_1530_whole_0.jpg,synthetic,train,rust,1,0,0,0,1,rust,1,rust_s1_pure,1024,512,741944ff11d8e06ab80e9b5e36e26a60c3d92693e6a550171ad16a19f2288f1a,1530,whole,rain,1792252367,,0,0,0.45,0.067,1.14
v2_0492_closeup_0,data/synthetic/v2/images/v2_0492_closeup_0.jpg,synthetic,train,other,0,0,1,0,4,phoma,1,other_phoma,384,384,59715f5a06eaf91b319daf9fd39e1dc4b79afce09462ac848967f527b560b8cf,492,closeup,overcast,1934432061,,0,0,0.467,0.101,0.7
v2_0541_closeup_0,data/synthetic/v2/images/v2_0541_closeup_0.jpg,synthetic,train,other,0,0,1,0,1,phoma,1,other_phoma,256,256,750b9f9293bb060f78b2fa6d825a4508749d757cc552113e73316be4e6990107,541,closeup,shade,1040275465,,0,0,0.453,0.044,0.66
v2_0992_closeup_0,data/synthetic/v2/images/v2_0992_closeup_0.jpg,synthetic,train,healthy,0,0,0,0,0,healthy,0,healthy,256,256,923ecfc2668a1663550ef7bb596909f927b13848c3f6bb66590ecc7bbf46c4af,992,closeup,backlit,199086988,,0,0,0.434,0.103,0.18
v2_1474_whole_0,data/synthetic/v2/images/v2_1474_whole_0.jpg,synthetic,train,rust,1,0,0,0,2,rust,1,rust_s2_pure,1024,512,62004d42e74b87e0ed192e2770148410b88f3290f47c612a67bc68f0667a749d,1474,whole,sun_wet,1608028148,,0,0,0.506,0.07,3.78
v2_0405_closeup_0,data/synthetic/v2/images/v2_0405_closeup_0.jpg,synthetic,train,other,0,0,1,0,3,phoma,1,other_phoma,256,256,8d70bcb4e19ef04bb3f4fbe13a3e8fbb0e465d3d379475f01ab5688bc45a4552,405,closeup,shade,185224754,,0,0,0.436,0.064,1.73
v2_0852_closeup_0,data/synthetic/v2/images/v2_0852_closeup_0.jpg,synthetic,train,healthy,0,0,0,0,0,healthy,0,healthy,512,512,b89a77547211f0cb73d94cfbb36d825b0ad23c5a57333076fe047eece6a44d68,852,closeup,golden,2087404932,,0,0,0.481,0.069,0.31
v2_1081_closeup_0,data/synthetic/v2/images/v2_1081_closeup_0.jpg,synthetic,train,healthy,0,0,0,0,0,healthy,0,healthy,512,512,def5470f4184b616c0a4071e0bfc78a74784f75db24f03e83f664ef0ffafb7e4,1081,closeup,shade,1961950089,,0,0,0.517,0.065,0.11
v2_0256_closeup_0,data/synthetic/v2/images/v2_0256_closeup_0.jpg,synthetic,train,other,0,0,1,0,3,phoma,1,other_phoma,512,512,dd2d29088daf4d612590f6e709ecd8dc2ab2f79c4ec7069922f85b5f083252b7,256,closeup,overcast,835909113,,0,0,0.537,0.128,0.17
v2_0858_whole_0,data/synthetic/v2/images/v2_0858_whole_0.jpg,synthetic,train,rust,1,0,0,0,1,rust,1,rust_s1_pure,1024,512,22b9523fbbfe7bda67eb088e80d0f767b25be98f5851dab5e78baf3222269b04,858,whole,sun_wet,1912389714,,0,0,0.35,0.081,8.31
v2_0945_whole_0,data/synthetic/v2/images/v2_0945_whole_0.jpg,synthetic,train,healthy,0,0,0,0,0,healthy,0,healthy,1024,512,55e310f98ffb8426fa51a74e7a511a69eb5e189aeedbc2eab95e1d693c253594,945,whole,overcast,2096635348,,0,0,0.502,0.057,0.66
v2_0447_whole_0,data/synthetic/v2/images/v2_0447_whole_0.jpg,synthetic,train,other,0,1,0,0,1,miner,1,other_miner,1024,512,4c7f3a9a805c1413ebb5477451e4549c450b3dae219ccf21884535b0011b5527,447,whole,overcast,132910347,,0,0,0.372,0.066,1.46
v2_1236_whole_1,data/synthetic/v2/images/v2_1236_whole_1.jpg,synthetic,train,rust,1,1,0,0,3,rust,2,rust_s3plus_mixed,1024,512,f2ee102391b8b20fe7a3cd774b94f9b812a1f79ab460e2060cf72b1bad33627b,1236,whole,sun_wet,729352699,,0,0,0.686,0.144,5.62
v2_0646_closeup_0,data/synthetic/v2/images/v2_0646_closeup_0.jpg,synthetic,train,other,0,0,1,0,1,phoma,1,other_phoma,512,512,809d2ec8d266de32d2bf9c193f0d7bfe23befa157276679f1a51a651527a8e73,646,closeup,rain,2095985756,,0,0,0.558,0.07,4.24
v2_1279_whole_0,data/synthetic/v2/images/v2_1279_whole_0.jpg,synthetic,train,rust,1,0,0,0,1,rust,1,rust_s1_pure,896,672,a7cd92d1fdc9fa4bf2b87a076c83c318074d44775bcde81a78424b1ba78e40ba,1279,whole,sun,1480648967,,0,0,0.371,0.045,0.94
v2_1098_whole_0,data/synthetic/v2/images/v2_1098_whole_0.jpg,synthetic,train,other,0,1,0,0,1,miner,1,other_miner,768,768,0c495c8ffcd20d5368ab04a7721d07cdfe080359672a9e8125e1b32bbdea9763,1098,whole,golden,1134405475,,0,0,0.374,0.049,0.67
v2_0035_closeup_0,data/synthetic/v2/images/v2_0035_closeup_0.jpg,synthetic,train,rust,1,1,0,0,2,miner,2,rust_s2_mixed,512,512,bcdf1c3c33885fb680fda1023d5192ed86a07bf1987c5980103ceb7267facb39,35,closeup,shade,620391691,,0,0,0.52,0.096,0.48
v2_0367_whole_0,data/synthetic/v2/images/v2_0367_whole_0.jpg,synthetic,train,other,0,0,1,0,1,phoma,1,other_phoma,1024,512,b7fb8ce4bfb64690844a15b6065681e7a7f7779b7964888d798518d21fdb216f,367,whole,sun,533010832,,0,0,0.585,0.085,2.86
v2_0978_whole_0,data/synthetic/v2/images/v2_0978_whole_0.jpg,synthetic,train,healthy,0,0,0,0,0,healthy,0,healthy,1024,512,1c437833ee56c4ab9649279c7a55cbebcd9121f1b43e9ed26a6c78a831ce92df,978,whole,overcast,1721049449,,0,0,0.449,0.07,0.78
v2_0999_closeup_0,data/synthetic/v2/images/v2_0999_closeup_0.jpg,synthetic,train,healthy,0,0,0,0,0,healthy,0,healthy,256,256,1e4d57cbe169dfac93e664229856f7cb4cac6a99000220a18c8bf25b02c30dbd,999,closeup,overcast,126368877,,0,0,0.413,0.099,0.7
v2_0700_whole_0,data/synthetic/v2/images/v2_0700_whole_0.jpg,synthetic,train,other,0,1,0,0,1,miner,1,other_miner,1024,512,9f89a5a9061ff217416bd0c911447819b5c8af63d34586efb495b33f924811ed,700,whole,studio,1247933961,,0,0,0.755,0.181,16.69
v2_0011_whole_0,data/synthetic/v2/images/v2_0011_whole_0.jpg,synthetic,train,healthy,0,0,0,0,0,healthy,0,healthy,896,672,47e54efab8bafff73a92b66675cec07310f43dc0de2705dcb939d05b68b788fa,11,whole,sun_wet,167382364,,0,0,0.638,0.077,1.1
v2_0856_whole_0,data/synthetic/v2/images/v2_0856_whole_0.jpg,synthetic,train,other,0,1,0,0,2,miner,1,other_miner,896,672,d4d8c29420361b6cc7e55e0fcc79e730262a28e2e63d99d3fe47125df913e4d6,856,whole,shade,2070080856,,0,0,0.504,0.047,0.86
v2_0217_whole_0,data/synthetic/v2/images/v2_0217_whole_0.jpg,synthetic,train,other,0,1,0,0,1,miner,1,other_miner,1024,512,4e475cb67448178c1494ffd030d4fbc9470b99b4fc9b538cf67c407e54d906bb,217,whole,golden,1064437913,,0,0,0.39,0.062,1.69
v2_1087_whole_0,data/synthetic/v2/images/v2_1087_whole_0.jpg,synthetic,train,rust,1,1,0,0,1,undetermined,2,rust_s1_mixed,1024,512,2af087667396b89265199aeb1223b65802eb5edac1cfbb1ad1a38271bb8d812e,1087,whole,golden,1887274811,,0,0,0.516,0.07,0.46
v2_1059_whole_0,data/synthetic/v2/images/v2_1059_whole_0.jpg,synthetic,train,other,0,1,0,0,2,miner,1,other_miner,768,768,68a9fd5b25c518d104e39d43811f95c79ff539670255b7b267f8d6848b878956,1059,whole,golden,143225580,,0,0,0.582,0.101,0.81
v2_0864_closeup_0,data/synthetic/v2/images/v2_0864_closeup_0.jpg,synthetic,train,other,0,1,0,0,2,miner,1,other_miner,256,256,7c0b2a3c7604ca58e08ce0535c0bb094dd7dbb88b0de8039791daef9924759a2,864,closeup,sun,1783863000,,0,0,0.393,0.074,0.79
v2_1203_closeup_0,data/synthetic/v2/images/v2_1203_closeup_0.jpg,synthetic,train,other,0,1,0,0,1,miner,1,other_miner,384,384,b6603bf8a1b54e2fe404afa9d77f9fd776199bde0a5c9b2d1a81fe631a0a138c,1203,closeup,sun_wet,1207981160,,0,0,0.388,0.106,0.97
v2_0777_whole_0,data/synthetic/v2/images/v2_0777_whole_0.jpg,synthetic,train,other,0,0,0,1,1,cercospora,1,other_cercospora,1024,512,57b4d3d944dbba6ac8e0d5dc0af4c7d6c949d8bb8c80f3891b6b8ed06659e6ba,777,whole,overcast,1392105525,,0,0,0.615,0.063,1.14
v2_0347_closeup_0,data/synthetic/v2/images/v2_0347_closeup_0.jpg,synthetic,train,other,0,0,1,0,1,phoma,1,other_phoma,256,256,bcae5173becf8fc6d6082b522a2ab6096153e8de6a5da4894b0cd6ccd4cd9dd6,347,closeup,overcast,902615323,,0,0,0.468,0.09,0.55
v2_0521_closeup_0,data/synthetic/v2/images/v2_0521_closeup_0.jpg,synthetic,train,other,0,0,1,0,1,phoma,1,other_phoma,512,512,51c0e8cd801834544e36dd2e1e09143a1cac963f2da3bcf3949ed5961642186f,521,closeup,rain,459933653,,0,0,0.485,0.143,0.79
v2_1403_whole_2,data/synthetic/v2/images/v2_1403_whole_2.jpg,synthetic,train,rust,1,0,0,1,3,cercospora,2,rust_s3plus_mixed,1024,512,04d3468d964241874c8cc8af77510cd4494dc9103d0968118dc3ea588d23b1d9,1403,whole,studio,693027044,,0,0,0.811,0.182,11.41
v2_1315_whole_2,data/synthetic/v2/images/v2_1315_whole_2.jpg,synthetic,train,rust,1,0,0,0,3,rust,1,rust_s3plus_pure,768,768,a826c45a6420855a0e67a597b6cee8dc1393c435f51b024c1133cff51a828e52,1315,whole,shade,660539171,,0,0,0.522,0.063,0.9
v2_0838_whole_0,data/synthetic/v2/images/v2_0838_whole_0.jpg,synthetic,train,other,0,1,0,0,1,miner,1,other_miner,768,768,c357d64338430c614e63d687ae6b9484dadbf3668dd8cacea4d37383f0f426d7,838,whole,overcast,1419222926,,0,0,0.414,0.051,1.05
v2_1616_whole_0,data/synthetic/v2/images/v2_1616_whole_0.jpg,synthetic,train,rust,1,0,0,0,2,rust,1,rust_s2_pure,896,672,4443eea391d8141ffda54cd178c79a989407add12637a2229618dafbde583b21,1616,whole,overcast,66541350,,0,0,0.518,0.075,0.88
v2_0284_whole_0,data/synthetic/v2/images/v2_0284_whole_0.jpg,synthetic,train,other,0,0,1,0,1,phoma,1,other_phoma,896,672,4791c9b39914f8abb894f144d7763d7a65cbc1467e7f9aeaf7e017d9773ca1c0,284,whole,shade,1077737802,,0,0,0.518,0.088,2.08
v2_0211_whole_0,data/synthetic/v2/images/v2_0211_whole_0.jpg,synthetic,train,healthy,0,0,0,0,0,healthy,0,healthy,896,672,61115651fcab1972dfdd2594df31f5b24ed9122dae21f57d5df7f97ea20a438c,211,whole,sun,1006597163,,0,0,0.543,0.1,0.21
v2_0153_whole_0,data/synthetic/v2/images/v2_0153_whole_0.jpg,synthetic,train,rust,1,0,0,0,3,rust,1,rust_s3plus_pure,896,672,f0caf2f80c1704066344d5a252b0acddc0b1b8b71d59a05ce790731dc3442745,153,whole,sun_wet,1891192258,,0,0,0.595,0.143,3.76
v2_0768_closeup_0,data/synthetic/v2/images/v2_0768_closeup_0.jpg,synthetic,train,other,0,1,0,0,1,miner,1,other_miner,256,256,acb034d00c738268a632d01a7642ffaecd3aac5680d186b17d90130f168fd6c0,768,closeup,backlit,1629091949,,0,0,0.572,0.074,0.08
v2_0574_closeup_0,data/synthetic/v2/images/v2_0574_closeup_0.jpg,synthetic,train,other,0,0,1,0,1,phoma,1,other_phoma,384,384,9b854bd660adc8f7311b3599dc0e7a5dd0253bc7e3e9b73ac202302cc78bfaec,574,closeup,overcast,712979724,,0,0,0.539,0.088,0.4
v2_0823_closeup_2,data/synthetic/v2/images/v2_0823_closeup_2.jpg,synthetic,train,rust,1,0,0,0,3,rust,1,rust_s3plus_pure,256,256,7a774db74cb4854a8bcc6576ff4869185421d1effba98d781c5ca020388cee85,823,closeup,sun_wet,242251302,,0,0,0.565,0.088,0.23
v2_1526_whole_0,data/synthetic/v2/images/v2_1526_whole_0.jpg,synthetic,train,rust,1,0,0,0,1,rust,1,rust_s1_pure,1024,512,6df7fb6245151651a2e45aa17b4f1a285311996e63493defb3244e6df5744dd4,1526,whole,sun,1457685016,,0,0,0.558,0.089,1.98
v2_1376_closeup_0,data/synthetic/v2/images/v2_1376_closeup_0.jpg,synthetic,train,rust,1,0,0,0,1,rust,1,rust_s1_pure,256,256,08ec4f44714d832751993dcb9d421ab195033e19f0140481d01ff86c34c8d54c,1376,closeup,rain,1853654922,,0,0,0.631,0.096,0.63
v2_0892_whole_0,data/synthetic/v2/images/v2_0892_whole_0.jpg,synthetic,train,other,0,1,0,0,1,miner,1,other_miner,1024,512,e3e0ea13b391d36f13a425eb68610c404d1792e4bc8c781375f17dce9200cca5,892,whole,overcast,918420028,,0,0,0.652,0.051,1.06
v2_1733_closeup_0,data/synthetic/v2/images/v2_1733_closeup_0.jpg,synthetic,train,other,0,0,0,1,1,cercospora,1,other_cercospora,512,512,133db6ea78c31e82cc78532ec0d2412b0ae0306da87f70160f86e9e3964d12a1,1733,closeup,rain,307590390,,0,0,0.604,0.035,0.3
v2_1273_closeup_0,data/synthetic/v2/images/v2_1273_closeup_0.jpg,synthetic,train,rust,1,1,0,0,3,rust,2,rust_s3plus_mixed,512,512,3da732d0f4c6c5015270b108e2041bc3ab5e9a81ec5d0ca9e2c85613a02989e7,1273,closeup,shade,1440181457,,0,0,0.326,0.093,0.13
v2_1150_whole_0,data/synthetic/v2/images/v2_1150_whole_0.jpg,synthetic,train,rust,1,0,0,0,2,rust,1,rust_s2_pure,896,672,b347dfc0dd5d94ffb9d7e96290962cda0fd2680010e86300c3819b6d4da44536,1150,whole,shade,976773331,,0,0,0.547,0.116,4.53
v2_0201_closeup_0,data/synthetic/v2/images/v2_0201_closeup_0.jpg,synthetic,train,healthy,0,0,0,0,0,healthy,0,healthy,512,512,a17fb42b7b95d4593dae46c0ddca0d6937e8ee8bb967dfbc1a73e0cd776bceca,201,closeup,rain,54727502,,0,0,0.529,0.068,0.11
v2_1334_closeup_0,data/synthetic/v2/images/v2_1334_closeup_0.jpg,synthetic,train,rust,1,0,0,1,1,rust,2,rust_s1_mixed,512,512,73d4c6a9aed51aa01f309ee1e69e060eb80fd9841dd6ee01d3cf83c69a149447,1334,closeup,sun,1654310067,,0,0,0.545,0.094,0.48
v2_1088_whole_0,data/synthetic/v2/images/v2_1088_whole_0.jpg,synthetic,train,other,0,1,0,0,1,miner,1,other_miner,896,672,2d2ad3d5c6d9f829c217ebee8c09581b6d329feb4250302a43fe700a2c4296e7,1088,whole,sun,2065809414,,0,0,0.571,0.082,0.72
v2_0645_closeup_0,data/synthetic/v2/images/v2_0645_closeup_0.jpg,synthetic,train,other,0,0,1,0,1,phoma,1,other_phoma,256,256,747aac698d49f4fe6d9a89d7bbf45c70249c7681bd2cac5303098fc0f445ac91,645,closeup,overcast,2124974597,,0,0,0.424,0.103,0.82
v2_1630_closeup_0,data/synthetic/v2/images/v2_1630_closeup_0.jpg,synthetic,train,other,0,0,0,1,1,cercospora,1,other_cercospora,512,512,42d2069a86fed9a5039ad72cd1359b3a93a1e286b37dd303dbfb0d7412c93b9c,1630,closeup,backlit,762569503,,0,0,0.517,0.145,0.12
v2_0089_whole_0,data/synthetic/v2/images/v2_0089_whole_0.jpg,synthetic,train,other,0,1,0,0,1,miner,1,other_miner,1024,512,189eec27c9079c550161fead5587549c3d61f7f751bd18d32af9659992d2bcf0,89,whole,studio,2061570926,,0,0,0.841,0.18,3.53
v2_0283_whole_0,data/synthetic/v2/images/v2_0283_whole_0.jpg,synthetic,train,other,0,0,1,0,3,phoma,1,other_phoma,1024,512,b139d022ba44e2cab66193009d2e326c465851db0662d9a2acfefbca49178ae2,283,whole,overcast,1165225935,,0,0,0.451,0.098,9.18
v2_1367_whole_0,data/synthetic/v2/images/v2_1367_whole_0.jpg,synthetic,train,rust,1,0,0,0,1,rust,1,rust_s1_pure,768,768,640a517f016e74a36f6536412292829f1f0221d7d0453f52ea25c8bd72610aaf,1367,whole,sun,1459784408,,0,0,0.568,0.087,6.34
v2_1237_closeup_0,data/synthetic/v2/images/v2_1237_closeup_0.jpg,synthetic,train,rust,1,1,0,0,3,rust,2,rust_s3plus_mixed,256,256,58e93f88230cdac20876d6fe1be8001668bfe4f3ec5dcefe932f7f5c40453f6b,1237,closeup,overcast,1572623194,,0,0,0.371,0.074,0.85
v2_0676_closeup_0,data/synthetic/v2/images/v2_0676_closeup_0.jpg,synthetic,train,rust,1,1,0,0,2,miner,2,rust_s2_mixed,512,512,a3827ea3a40877fe0db0fd7ac7089d48d52e921a46793d0d7615f428e060e491,676,closeup,overcast,1851497394,,0,0,0.424,0.057,0.74
v2_1100_whole_0,data/synthetic/v2/images/v2_1100_whole_0.jpg,synthetic,train,rust,1,1,0,0,1,miner,2,rust_s1_mixed,1024,512,e136b83c02d7960e3b11f16d5d3f9d8d2a1efd9ac46fc60bd7ae9392200ec81d,1100,whole,sun,233214177,,0,0,0.409,0.075,1.53
v2_1230_closeup_0,data/synthetic/v2/images/v2_1230_closeup_0.jpg,synthetic,train,healthy,0,0,0,0,0,healthy,0,healthy,384,384,f55281040d78646e105a2068dd5350dddb31dade435a1d6daeaec320d2b1f09d,1230,closeup,backlit,1492338143,,0,0,0.503,0.083,0.71
v2_1015_whole_0,data/synthetic/v2/images/v2_1015_whole_0.jpg,synthetic,train,other,0,1,0,0,1,miner,1,other_miner,1024,512,31969a7ab5bdf9514c9312696655148001ee22bb48d113f4e3198d7f71842428,1015,whole,sun_wet,250682591,,0,0,0.663,0.181,4.6
v2_1346_closeup_1,data/synthetic/v2/images/v2_1346_closeup_1.jpg,synthetic,train,rust,1,0,0,1,3,rust,2,rust_s3plus_mixed,384,384,0a4de4da50bee7b36fb140a037e86aa8acc13ba6d90aada0a8a7efe247b2ef79,1346,closeup,shade,198056178,,0,0,0.505,0.151,0.4
v2_0605_closeup_1,data/synthetic/v2/images/v2_0605_closeup_1.jpg,synthetic,train,rust,1,0,0,1,3,rust,2,rust_s3plus_mixed,384,384,59f569a89d7aeab134222a363dcf60de53bbdc24f820db9d8f54c350d2ebf1d3,605,closeup,sun,114109892,,0,0,0.425,0.057,0.2
v2_0753_closeup_0,data/synthetic/v2/images/v2_0753_closeup_0.jpg,synthetic,train,other,0,0,0,1,1,cercospora,1,other_cercospora,512,512,dc460cddf820d80cb24fbf51b4b313600e3df3b51cb831301f5de192ca7e8ce8,753,closeup,golden,2147072098,,0,0,0.496,0.075,0.74
v2_0577_closeup_0,data/synthetic/v2/images/v2_0577_closeup_0.jpg,synthetic,train,other,0,0,0,1,1,cercospora,1,other_cercospora,512,512,cd4e0dc325f5f6e8716defdf3c8d3721eb294f820e3d7a17ae21fc58a8615e19,577,closeup,golden,674859861,,0,0,0.557,0.079,0.7
v2_0636_whole_0,data/synthetic/v2/images/v2_0636_whole_0.jpg,synthetic,train,rust,1,0,0,1,1,rust,2,rust_s1_mixed,768,768,a35679f78f76d1a458d20812e34f94899c62c35bb7b7c04ce2c0512070d8bca9,636,whole,rain,1631128805,,0,0,0.549,0.063,3.41
v2_0717_whole_0,data/synthetic/v2/images/v2_0717_whole_0.jpg,synthetic,train,other,0,1,0,0,2,miner,1,other_miner,1024,512,9dae409fb4eb0f60a4d0455a19c0236cb3f38dd9933231a38216fdb73ba84ca3,717,whole,studio,2006091753,,0,0,0.785,0.189,8.57
v2_0237_whole_0,data/synthetic/v2/images/v2_0237_whole_0.jpg,synthetic,train,other,0,0,1,0,1,phoma,1,other_phoma,1024,512,c3546f381ae8103e58f6a61b613aa2d028f60307f82881813c3c969fc81d0ede,237,whole,sun_wet,360431634,,0,0,0.586,0.086,5.76
v2_0319_closeup_0,data/synthetic/v2/images/v2_0319_closeup_0.jpg,synthetic,train,other,0,0,1,0,2,phoma,1,other_phoma,384,384,726aef740d852f6357fac91384237e6ca91d83cee98074d8434e4665d291bff0,319,closeup,rain,143395875,,0,0,0.579,0.102,0.57
v2_0167_whole_0,data/synthetic/v2/images/v2_0167_whole_0.jpg,synthetic,train,rust,1,0,0,0,1,rust,1,rust_s1_pure,1024,512,e88375a089f1ad0ce4e61d35ada17e6d4052a4dbb23f52474ba4f2eca889317a,167,whole,studio,1694845680,,0,0,0.842,0.197,1.96
v2_0177_whole_0,data/synthetic/v2/images/v2_0177_whole_0.jpg,synthetic,train,healthy,0,0,0,0,0,healthy,0,healthy,1024,512,34c71b235308271b81b91a48cc62c6a33424884b0a9f0bbcde779fb9267b11cd,177,whole,golden,1572416917,,0,0,0.556,0.077,0.44
v2_1560_whole_0,data/synthetic/v2/images/v2_1560_whole_0.jpg,synthetic,train,rust,1,0,0,0,1,rust,1,rust_s1_pure,1024,512,578ffe039442eaded672b0a07d2f8a3202b430960103aec39af3e40d0d516ed6,1560,whole,backlit,1561160189,,0,0,0.504,0.083,2.8
v2_0043_whole_0,data/synthetic/v2/images/v2_0043_whole_0.jpg,synthetic,train,other,0,1,0,0,1,miner,1,other_miner,768,768,512fa3d41d27e30704073aa038804aacfac9d8874726b3c2e7692bd0df5965f1,43,whole,sun,1033906432,,0,0,0.508,0.049,0.3
v2_1248_whole_0,data/synthetic/v2/images/v2_1248_whole_0.jpg,synthetic,train,rust,1,1,0,0,4,rust,2,rust_s3plus_mixed,1024,512,b49e31c2577b862ac3fcb70381c544bef2ef285b5701da80d2df24c771ac8114,1248,whole,golden,1261907166,,0,0,0.589,0.085,2.34
v2_0425_whole_0,data/synthetic/v2/images/v2_0425_whole_0.jpg,synthetic,train,other,0,0,1,0,1,phoma,1,other_phoma,1024,512,d1549a995657dfa528707a662e780727ed0023caf2657ecb030ef81f74ae6104,425,whole,golden,553879225,,0,0,0.395,0.054,1.84
v2_0578_whole_0,data/synthetic/v2/images/v2_0578_whole_0.jpg,synthetic,train,healthy,0,0,0,0,0,healthy,0,healthy,896,672,0f3fb75462bac1b02e6a05fc8e179ae6f7c4d8658e63e44cea7ea647132daf33,578,whole,studio,593874024,,0,0,0.861,0.241,3.04
v2_0561_closeup_2,data/synthetic/v2/images/v2_0561_closeup_2.jpg,synthetic,train,rust,1,1,0,0,4,rust,2,rust_s3plus_mixed,256,256,612aef0dbe798ac8f0517d075a6c50fb87b8ee18c2a2b31d8632ed09f1fb2f44,561,closeup,overcast,2047275438,,0,0,0.347,0.065,0.74
v2_0485_whole_0,data/synthetic/v2/images/v2_0485_whole_0.jpg,synthetic,train,other,0,0,1,0,1,phoma,1,other_phoma,1024,512,217a7576c1637f3615aec7e955df715fa2bae4824e34e96bccc004c1db08a75e,485,whole,sun,1321101021,,0,0,0.614,0.079,1.53
v2_1283_whole_0,data/synthetic/v2/images/v2_1283_whole_0.jpg,synthetic,train,rust,1,0,0,0,2,rust,1,rust_s2_pure,1024,512,7c2f0872917a2070b960b43608742b414f360a31ad0e08f8408a945e28990c47,1283,whole,studio,229932167,,0,0,0.722,0.171,4.37
v2_1466_closeup_0,data/synthetic/v2/images/v2_1466_closeup_0.jpg,synthetic,train,rust,1,0,0,0,1,rust,1,rust_s1_pure,512,512,615f46fd664d8ded3d830c64ff9266f7250fd63ba1b56eda45c74fa5c879dcd7,1466,closeup,sun_wet,1692417279,,0,0,0.514,0.125,0.52
v2_1045_closeup_0,data/synthetic/v2/images/v2_1045_closeup_0.jpg,synthetic,train,other,0,0,0,1,1,cercospora,1,other_cercospora,512,512,1983dc390aec59b2144521806d8c05eb6bc8e4cfb8473c2efbc62c1d077d63aa,1045,closeup,sun,959442157,,0,0,0.397,0.072,0.3
v2_0438_whole_0,data/synthetic/v2/images/v2_0438_whole_0.jpg,synthetic,train,other,0,0,1,0,1,phoma,1,other_phoma,768,768,133cb56a846815a0a46991f84bfc6b8c0d5d3e561488ec3d7efc109eb8adf423,438,whole,shade,291992207,,0,0,0.442,0.093,4.14
v2_0895_closeup_0,data/synthetic/v2/images/v2_0895_closeup_0.jpg,synthetic,train,other,0,1,0,0,2,miner,1,other_miner,512,512,e2facf9ff337ec94edb9341a04f72c77a9e5387078056c624b1ef82e7b8d4ff4,895,closeup,rain,871558329,,0,0,0.587,0.143,5.69
v2_0597_closeup_0,data/synthetic/v2/images/v2_0597_closeup_0.jpg,synthetic,train,rust,1,0,0,0,2,rust,1,rust_s2_pure,512,512,3b3a311df78c628a1e6706145dd22fce36340a37597f260acb72655db2f29420,597,closeup,overcast,1223097446,,0,0,0.648,0.098,1.77
v2_0591_whole_0,data/synthetic/v2/images/v2_0591_whole_0.jpg,synthetic,train,other,0,0,1,0,1,phoma,1,other_phoma,1024,512,09a2bee5ec40674b4c27a22858fc8eb4e760581b80943ac930c4f195a9ab0d9e,591,whole,rain,1282113748,,0,0,0.487,0.179,2.58
v2_1155_whole_0,data/synthetic/v2/images/v2_1155_whole_0.jpg,synthetic,train,other,0,1,0,0,1,miner,1,other_miner,1024,512,96e9817137fafc3719a546772348dea6caa77fd669bcac607a671cb116b5fad8,1155,whole,sun_wet,1022599736,,0,0,0.636,0.103,2.26
v2_0147_whole_0,data/synthetic/v2/images/v2_0147_whole_0.jpg,synthetic,train,rust,1,0,0,0,1,rust,1,rust_s1_pure,768,768,905c01afda5732c43d2b5bcfe2f77373e73516a0fd84d5cc9473ab5c74484132,147,whole,overcast,1326219899,,0,0,0.569,0.067,2.34
v2_1277_whole_2,data/synthetic/v2/images/v2_1277_whole_2.jpg,synthetic,train,rust,1,0,0,1,4,rust,2,rust_s3plus_mixed,1024,512,31cde3f7216317a406044030c7a5da11ea2f6f6cebfc5e4b2148a52f9e49dd2c,1277,whole,rain,1020306721,,0,0,0.429,0.101,0.94
v2_1667_closeup_0,data/synthetic/v2/images/v2_1667_closeup_0.jpg,synthetic,train,rust,1,0,0,0,1,rust,1,rust_s1_pure,512,512,8b25a4057f09739a7ce7665ec5194920f048bd257c4c306910d01a935aac21e4,1667,closeup,overcast,534906280,,0,0,0.459,0.115,0.44
v2_1259_closeup_0,data/synthetic/v2/images/v2_1259_closeup_0.jpg,synthetic,train,rust,1,0,0,0,1,rust,1,rust_s1_pure,512,512,0ebb4bc4b6fbc585eb3c9b32f1f89f6b8c676cc9e80693a03e8106e762eeb49f,1259,closeup,shade,1917395340,,0,0,0.461,0.067,0.3
v2_1410_whole_0,data/synthetic/v2/images/v2_1410_whole_0.jpg,synthetic,train,other,0,0,0,1,1,cercospora,1,other_cercospora,1024,512,ecafc71529d3cc6d346a89d690c7889ed3a46be7d8b677a32d6554f814e781b7,1410,whole,studio,2109372660,,0,0,0.441,0.101,2.49
v2_1664_whole_0,data/synthetic/v2/images/v2_1664_whole_0.jpg,synthetic,train,rust,1,0,0,0,1,rust,1,rust_s1_pure,1024,512,9f2367b7745ddc47cba227b749976170b9b1aa5c6fcb35bf9970a1ed64f138d2,1664,whole,shade,497335281,,0,0,0.559,0.099,3.2
v2_0840_whole_0,data/synthetic/v2/images/v2_0840_whole_0.jpg,synthetic,train,other,0,1,0,0,1,miner,1,other_miner,1024,512,b098761b2f98c47b2f4ae97a7ecebf084250f5b1c5e65c1e2b78fe79c5ce4aaa,840,whole,rain,1196684943,,0,0,0.483,0.125,2.17
v2_0131_whole_0,data/synthetic/v2/images/v2_0131_whole_0.jpg,synthetic,train,rust,1,0,0,0,2,rust,1,rust_s2_pure,896,672,ab4caae7e762dd17f35a54e391ebcb254240b67b8c001f99cc9a9a86e797769d,131,whole,rain,1448527472,,0,0,0.527,0.076,1.43
v2_0096_whole_2,data/synthetic/v2/images/v2_0096_whole_2.jpg,synthetic,train,rust,1,0,0,0,3,rust,1,rust_s3plus_pure,1024,512,b1ca47fa1ebc2297474e18f6df22a5e0a8ebdad38cdf7208fb823c674d6fe5b5,96,whole,golden,655315482,,0,0,0.425,0.092,2.11
v2_0466_whole_0,data/synthetic/v2/images/v2_0466_whole_0.jpg,synthetic,train,other,0,0,0,1,1,cercospora,1,other_cercospora,896,672,079aaca1be256b39f24fdd6fde1413cda34a615690932e9466ea45d96d40066f,466,whole,overcast,740798391,,0,0,0.414,0.053,0.64
v2_0242_whole_0,data/synthetic/v2/images/v2_0242_whole_0.jpg,synthetic,train,other,0,0,1,0,2,phoma,1,other_phoma,768,768,92fa70f09879df399b2c73f19f919ced0ded1bf75ed20b6e2095db5a46d7d7a6,242,whole,sun,241646144,,0,0,0.489,0.088,0.69
v2_0309_whole_0,data/synthetic/v2/images/v2_0309_whole_0.jpg,synthetic,train,other,0,0,1,0,4,phoma,1,other_phoma,768,768,5fa1b38b1ccf1c62a9e30e1becfa3efb0c01cdb5d043dfaea85b1e63c605ad86,309,whole,sun_wet,808479558,,0,0,0.612,0.101,0.97
v2_1317_closeup_1,data/synthetic/v2/images/v2_1317_closeup_1.jpg,synthetic,train,rust,1,0,0,1,3,undetermined,2,rust_s3plus_mixed,256,256,94cdfa33cad2c10ff538810941d35ee25c4f983d381780692754336f4111c2c7,1317,closeup,shade,1037206263,,0,0,0.434,0.149,1.64
v2_0285_whole_0,data/synthetic/v2/images/v2_0285_whole_0.jpg,synthetic,train,other,0,0,1,0,2,phoma,1,other_phoma,1024,512,798bf51806e180805c8bfdb0dc17ea0acaef039f7734a205248b282ffdeb7c0c,285,whole,overcast,1107202941,,0,0,0.54,0.081,6.01
v2_0142_whole_0,data/synthetic/v2/images/v2_0142_whole_0.jpg,synthetic,train,rust,1,1,0,0,1,rust,2,rust_s1_mixed,896,672,21bb5d8f40c5545e55ed22781c3d8a239612ff83f265d145c3b2f7a6ee3b955d,142,whole,backlit,1237794960,,0,0,0.501,0.072,1.13
v2_1036_closeup_0,data/synthetic/v2/images/v2_1036_closeup_0.jpg,synthetic,train,rust,1,0,0,0,1,rust,1,rust_s1_pure,512,512,166b5924324a8c13257096d5d70ec3d67550be7eafd41b772540a0d13767e03c,1036,closeup,overcast,650013197,,0,0,0.451,0.099,0.6
v2_1550_whole_0,data/synthetic/v2/images/v2_1550_whole_0.jpg,synthetic,train,other,0,0,0,1,1,cercospora,1,other_cercospora,768,768,dae8b9c45032a07c606496563cc52b2c254c712bdc7ea2dd65d8c138a18e8988,1550,whole,rain,1337509395,,0,0,0.453,0.135,2.68
v2_1745_whole_0,data/synthetic/v2/images/v2_1745_whole_0.jpg,synthetic,train,rust,1,0,0,1,1,cercospora,2,rust_s1_mixed,1024,512,a70e97483f40aacb866077f28234f0bb8e68340ceb08c797dbb5e07f34c4effd,1745,whole,rain,185544957,,0,0,0.389,0.145,14.44
v2_1060_whole_0,data/synthetic/v2/images/v2_1060_whole_0.jpg,synthetic,train,rust,1,0,0,0,1,rust,1,rust_s1_pure,1024,512,fc2181709e6d3e296ed8ce8ffb03a9448ffded5aa2d739e76743ecdeea2752ea,1060,whole,overcast,367912589,,0,0,0.393,0.072,0.56
v2_0853_whole_0,data/synthetic/v2/images/v2_0853_whole_0.jpg,synthetic,train,healthy,0,0,0,0,0,healthy,0,healthy,1024,512,f99334151b0ac73c2bbfb3a4eacc8a6bed9617d5865ae988f7c65739861ef901,853,whole,studio,2108239795,,0,0,0.872,0.158,2.18
v2_1432_closeup_0,data/synthetic/v2/images/v2_1432_closeup_0.jpg,synthetic,train,rust,1,0,0,0,2,rust,1,rust_s2_pure,256,256,f3106950633da56ecff4197f9244d5bf4109210c82f7071bc116bdb28ed4f7d4,1432,closeup,sun,1412916241,,0,0,0.606,0.09,0.31
v2_0124_whole_1,data/synthetic/v2/images/v2_0124_whole_1.jpg,synthetic,train,rust,1,0,0,0,4,rust,1,rust_s3plus_pure,896,672,1b56eaef27cd4d8753df51b57dcc2fe9e92900d124edaba12a8e6e1478b939cc,124,whole,studio,522605416,,0,0,0.758,0.2,3.56
v2_1195_whole_0,data/synthetic/v2/images/v2_1195_whole_0.jpg,synthetic,train,other,0,0,1,0,2,phoma,1,other_phoma,1024,512,b3b75343dc99b5623c6f49b47c5b4b52494fa7465dbc65cd3f67da98bbaa31bb,1195,whole,sun,1982143872,,0,0,0.496,0.102,5.34
v2_1280_whole_0,data/synthetic/v2/images/v2_1280_whole_0.jpg,synthetic,train,rust,1,0,0,0,1,rust,1,rust_s1_pure,1024,512,c784144b2791f6cc005f266a10b086f38d853f5912c5551b2807de2f919b3bda,1280,whole,overcast,267567838,,0,0,0.403,0.079,1.3
v2_0866_closeup_0,data/synthetic/v2/images/v2_0866_closeup_0.jpg,synthetic,train,healthy,0,0,0,0,0,healthy,0,healthy,512,512,6d0ddc71f7d63d6482664f63314295d6ef09262c8207061c515df341edee41d0,866,closeup,overcast,1775714998,,0,0,0.457,0.062,0.67
v2_0049_whole_0,data/synthetic/v2/images/v2_0049_whole_0.jpg,synthetic,train,other,0,1,0,0,2,miner,1,other_miner,768,768,ed7d9f8406ddb2a91baaeb3cab1bc8c5818a70ddf6c8dcf998e7095670f2420d,49,whole,shade,808955094,,0,0,0.362,0.04,0.3
v2_0960_closeup_0,data/synthetic/v2/images/v2_0960_closeup_0.jpg,synthetic,train,healthy,0,0,0,0,0,healthy,0,healthy,256,256,a4421796ddebaf0ebd78ca9db4e739017e1c29cc4aaf8a9d3702d5ff0f0bb8ce,960,closeup,shade,1345984436,,0,0,0.609,0.078,0.13
v2_1491_whole_0,data/synthetic/v2/images/v2_1491_whole_0.jpg,synthetic,train,rust,1,0,0,1,1,rust,2,rust_s1_mixed,896,672,57ad018399bf511c8026a39d9cb35c983fa180e59d3065fdc74b1e45eda1cd6f,1491,whole,golden,969685548,,0,0,0.524,0.102,1.49
v2_0082_whole_0,data/synthetic/v2/images/v2_0082_whole_0.jpg,synthetic,train,other,0,1,0,0,2,miner,1,other_miner,1024,512,b093015c85635944a4b20cc2df33c26a4f1b7071652e898614d98df15b12eb1d,82,whole,studio,1991572623,,0,0,0.813,0.247,6.81
v2_1019_closeup_0,data/synthetic/v2/images/v2_1019_closeup_0.jpg,synthetic,train,other,0,1,0,0,1,miner,1,other_miner,512,512,ef5d86731246f548f70076f14d2171dad8feacb5d94e1be9c70b3ecf82a4884f,1019,closeup,overcast,132900283,,0,0,0.415,0.088,0.94
v2_0075_closeup_0,data/synthetic/v2/images/v2_0075_closeup_0.jpg,synthetic,train,other,0,1,0,0,1,miner,1,other_miner,512,512,5e1cb7ce136794247fc3947ff93003ad12326515ca3e71e80c442a011bd168bc,75,closeup,rain,731445852,,0,0,0.498,0.077,1.02
v2_1202_closeup_0,data/synthetic/v2/images/v2_1202_closeup_0.jpg,synthetic,train,other,0,0,0,1,1,cercospora,1,other_cercospora,256,256,5666a03f203bee2141881d71f1f65f3e186e7cdd31c55cd2fcb3facbf1d91a3f,1202,closeup,sun,1237466719,,0,0,0.546,0.102,0.54
v2_1129_closeup_0,data/synthetic/v2/images/v2_1129_closeup_0.jpg,synthetic,train,other,0,1,0,0,1,miner,1,other_miner,256,256,dd67caabeefb3cee483cdc592b4eaef339505b4ab8db1bed684135e928ac36ba,1129,closeup,sun,675177445,,0,0,0.443,0.061,0.32
v2_1251_closeup_0,data/synthetic/v2/images/v2_1251_closeup_0.jpg,synthetic,train,other,0,0,0,1,1,cercospora,1,other_cercospora,512,512,0d61b41a9bb931076a1ccc5339f0950315b0b6b2b56af11f8748c56267028cee,1251,closeup,shade,2086301748,,0,0,0.468,0.12,0.21
v2_1697_whole_0,data/synthetic/v2/images/v2_1697_whole_0.jpg,synthetic,train,rust,1,0,0,1,2,cercospora,2,rust_s2_mixed,768,768,e617ed2605a0f1f058046e5de9a6672573b49f73191b9a56ca487ce267ebebc7,1697,whole,overcast,1199642110,,0,0,0.482,0.101,0.96
v2_0886_closeup_0,data/synthetic/v2/images/v2_0886_closeup_0.jpg,synthetic,train,healthy,0,0,0,0,0,healthy,0,healthy,512,512,d0a8a4b789108bd8a5adcb0613ebb43ac4746cdec8d78928b595fb77864f0dbc,886,closeup,overcast,151532933,,0,0,0.583,0.058,0.41
v2_1427_whole_0,data/synthetic/v2/images/v2_1427_whole_0.jpg,synthetic,train,rust,1,0,0,1,1,rust,2,rust_s1_mixed,768,768,ef70c0e24303d895951d2c0598abb7cd247d0387eb0862179b8f525c75348454,1427,whole,sun_wet,1782628767,,0,0,0.581,0.097,6.05
v2_0406_closeup_0,data/synthetic/v2/images/v2_0406_closeup_0.jpg,synthetic,train,other,0,0,1,0,1,phoma,1,other_phoma,512,512,43a190836007b838832908faac084dd06d298a0b5f615c9175fa705f706b1973,406,closeup,shade,156037227,,0,0,0.356,0.081,1.77
v2_1602_whole_0,data/synthetic/v2/images/v2_1602_whole_0.jpg,synthetic,train,rust,1,0,0,1,1,rust,2,rust_s1_mixed,1024,512,7a18a672936c5b580c3fe68c6b6e96d9268549239fe6af1aa383451e4bb1729a,1602,whole,overcast,1010997407,,0,0,0.255,0.075,1.21
v2_0046_whole_0,data/synthetic/v2/images/v2_0046_whole_0.jpg,synthetic,train,other,0,1,0,0,1,miner,1,other_miner,1024,512,27e5d72e88d36deba3e453f2f8318c29a579e494d504e502a2616c288b90e8a3,46,whole,shade,996928491,,0,0,0.367,0.052,2.87
v2_1405_closeup_0,data/synthetic/v2/images/v2_1405_closeup_0.jpg,synthetic,train,rust,1,0,0,0,1,rust,1,rust_s1_pure,512,512,c68c314bf023fc27d8d8a5926aa38f2609abe9a1e3d40c017cecff60121e6b5b,1405,closeup,overcast,1137565050,,0,0,0.537,0.145,0.73
v2_1118_closeup_0,data/synthetic/v2/images/v2_1118_closeup_0.jpg,synthetic,train,healthy,0,0,0,0,0,healthy,0,healthy,256,256,0a36d49ada286dd86f9e471cae618088c9bf39ba7bbee742439d3a48a5146a27,1118,closeup,overcast,994682428,,0,0,0.382,0.069,0.72
v2_1707_whole_2,data/synthetic/v2/images/v2_1707_whole_2.jpg,synthetic,train,rust,1,0,0,1,3,rust,2,rust_s3plus_mixed,896,672,5f0707ddb49744c046df2a0020476db8a1f89660d67b43d522da1c2e45507861,1707,whole,overcast,1776751336,,0,0,0.467,0.075,3.98
v2_0561_whole_0,data/synthetic/v2/images/v2_0561_whole_0.jpg,synthetic,train,rust,1,1,0,0,4,rust,2,rust_s3plus_mixed,1024,512,51bfe24cbf43be467ad4d11443f3f1f0aabb863e9737a2d6210b7a513bfa9a8c,561,whole,shade,336105602,,0,0,0.577,0.078,1.07
v2_1412_whole_0,data/synthetic/v2/images/v2_1412_whole_0.jpg,synthetic,train,rust,1,1,0,0,1,miner,2,rust_s1_mixed,896,672,f957c7d4ac9752b3cde5b538adcce308fef4b655e744cf6930f74d57e6668d01,1412,whole,overcast,2118036634,,0,0,0.37,0.108,2.29
v2_0236_whole_0,data/synthetic/v2/images/v2_0236_whole_0.jpg,synthetic,train,other,0,0,1,0,1,phoma,1,other_phoma,1024,512,385425828ccb36724c7473250434002c99958b16b0936de48a9194ab0b7978e0,236,whole,overcast,347712037,,0,0,0.554,0.089,1.43
v2_0227_whole_0,data/synthetic/v2/images/v2_0227_whole_0.jpg,synthetic,train,other,0,1,0,0,2,miner,1,other_miner,1024,512,3302004e9440cfb92f25d7d6b8e03ba2cbeebf849ba6b0dede56c2e630dda8f9,227,whole,golden,768059255,,0,0,0.536,0.069,1.73
v2_0105_whole_0,data/synthetic/v2/images/v2_0105_whole_0.jpg,synthetic,train,rust,1,0,0,0,2,rust,1,rust_s2_pure,1024,512,bd13f5a7845d6d4ee4c7bbb004573459e992d561d6a933a6b1e14fb3c370e4da,105,whole,rain,1139458370,,0,0,0.599,0.12,8.26
v2_0774_closeup_0,data/synthetic/v2/images/v2_0774_closeup_0.jpg,synthetic,train,other,0,1,0,0,1,miner,1,other_miner,512,512,bf8234c5b5f15f2ef484b07243f907787c6c2bda158944f97bef2b9200a0c7d6,774,closeup,sun,1354720876,,0,0,0.575,0.097,0.47
v2_0421_closeup_0,data/synthetic/v2/images/v2_0421_closeup_0.jpg,synthetic,train,other,0,0,1,0,2,phoma,1,other_phoma,512,512,76b45e3836ed51d58dd2b1620a0fa35b521e460db1601e01d1f1965fe30d2858,421,closeup,overcast,638201445,,0,0,0.506,0.077,0.1
v2_0975_whole_0,data/synthetic/v2/images/v2_0975_whole_0.jpg,synthetic,train,healthy,0,0,0,0,0,healthy,0,healthy,1024,512,09c9a7de0817b248f37d8e820e8fe0a2c8d1391de18ebda33c3d28a749cc80b4,975,whole,sun,1850585658,,0,0,0.452,0.082,1.11
v2_1430_whole_0,data/synthetic/v2/images/v2_1430_whole_0.jpg,synthetic,train,rust,1,0,0,0,1,rust,1,rust_s1_pure,1024,512,d1236e39aa0f377ca6b30263338b3dba26466553d9b8b570d4ac24c27cd1e4ad,1430,whole,rain,1471393919,,0,0,0.412,0.067,2.66
v2_0705_closeup_0,data/synthetic/v2/images/v2_0705_closeup_0.jpg,synthetic,train,other,0,1,0,0,1,miner,1,other_miner,256,256,f4aeb594506e5d6e6df0373b0cfc1787740238180a09d1c5d2e88ed709f3b7d0,705,closeup,sun,1286223074,,0,0,0.522,0.085,0.28
v2_0558_whole_0,data/synthetic/v2/images/v2_0558_whole_0.jpg,synthetic,train,rust,1,0,0,0,1,rust,1,rust_s1_pure,1024,512,a8457b273f106260743ea9ba19d3bf9de97b58112be61409e35a71cc4495809e,558,whole,golden,158074083,,0,0,0.363,0.056,1.6
v2_0397_closeup_0,data/synthetic/v2/images/v2_0397_closeup_0.jpg,synthetic,train,other,0,0,1,0,1,phoma,1,other_phoma,384,384,df43d5482c244c82eda13844da757c05d417fb46ebd2fb98ab11ed36e0fd0968,397,closeup,sun,1202063814,,0,0,0.505,0.105,0.36
v2_1315_closeup_1,data/synthetic/v2/images/v2_1315_closeup_1.jpg,synthetic,train,rust,1,0,0,0,3,rust,1,rust_s3plus_pure,256,256,8d142339511db838ccd99fc0aca576857284033ae4c062352aeb2c9925175db3,1315,closeup,sun,1045845657,,0,0,0.404,0.121,0.6
v2_0251_whole_0,data/synthetic/v2/images/v2_0251_whole_0.jpg,synthetic,train,other,0,0,1,0,1,phoma,1,other_phoma,896,672,d43593b224fd08a26a11474563c0facad221dab1059116819ebb9ba725e445a1,251,whole,sun,882762620,,0,0,0.608,0.065,0.67
v2_0656_closeup_0,data/synthetic/v2/images/v2_0656_closeup_0.jpg,synthetic,train,healthy,0,0,0,0,0,healthy,0,healthy,512,512,5f48fefaf3a728a4d6c119cbe03af0cb1a9d27e629e9e5868054158c4f7d694d,656,closeup,sun,1146245945,,0,0,0.47,0.054,0.32
v2_0115_whole_0,data/synthetic/v2/images/v2_0115_whole_0.jpg,synthetic,train,rust,1,0,0,0,1,rust,1,rust_s1_pure,1024,512,d7b11f39e873200e3bb99b49164da54172bc4b46e31ced815667fa53da0acd6f,115,whole,sun_wet,2069276199,,0,0,0.664,0.129,3.0
v2_0867_whole_0,data/synthetic/v2/images/v2_0867_whole_0.jpg,synthetic,train,other,0,1,0,0,1,miner,1,other_miner,1024,512,d1ca953ad7ce030b4a931f40095bb67769bd9502a186d224f8db12f7e3d1bd43,867,whole,overcast,1746217089,,0,0,0.489,0.041,0.35
v2_1070_closeup_0,data/synthetic/v2/images/v2_1070_closeup_0.jpg,synthetic,train,other,0,1,0,0,1,miner,1,other_miner,384,384,42c551aaf7a46090da7d666b8cf438825f721944a278c1562f6d89d3cc01373c,1070,closeup,shade,760316392,,0,0,0.386,0.065,0.43
v2_0931_whole_0,data/synthetic/v2/images/v2_0931_whole_0.jpg,synthetic,train,other,0,1,0,0,2,miner,1,other_miner,896,672,16eb5db97adf79dd7903338dc7ef761f1df3fc1f00f1e97f0f7653fcdbbc553a,931,whole,sun,1713802673,,0,0,0.431,0.09,1.62
v2_0093_whole_0,data/synthetic/v2/images/v2_0093_whole_0.jpg,synthetic,train,rust,1,0,0,0,1,rust,1,rust_s1_pure,896,672,dfd9b16dfb1cb83213a8025bbe12ce108195b4faea4544e2ed8a9113aff4b350,93,whole,sun,1338700253,,0,0,0.404,0.056,0.64
v2_1388_whole_2,data/synthetic/v2/images/v2_1388_whole_2.jpg,synthetic,train,rust,1,0,0,1,3,rust,2,rust_s3plus_mixed,1024,512,3fcd2494f2593f1c970052ab3e45ae824b363fa4b998ef1ffd50094f20d6964f,1388,whole,studio,1385159674,,0,0,0.474,0.089,1.12
v2_0294_closeup_0,data/synthetic/v2/images/v2_0294_closeup_0.jpg,synthetic,train,other,0,0,1,0,2,phoma,1,other_phoma,512,512,fa0a9f721ca58e10dcbf57971d456e7710f53a7d604dfd459211fb8e31404c78,294,closeup,sun_wet,2021695023,,0,0,0.402,0.046,0.14
v2_1613_whole_2,data/synthetic/v2/images/v2_1613_whole_2.jpg,synthetic,train,rust,1,0,0,1,3,rust,2,rust_s3plus_mixed,1024,512,8de1e27f6398e13f9af6bd4d87ebdf78871c3e36f77f0a931bb5ec7d2d502e04,1613,whole,studio,1798501601,,0,0,0.818,0.131,9.18
v2_1623_whole_2,data/synthetic/v2/images/v2_1623_whole_2.jpg,synthetic,train,rust,1,0,0,1,4,rust,2,rust_s3plus_mixed,1024,512,c37e74623f6cfdb491ba9dbf50a9b691181f35569a1171675a7e76e2093cf6b3,1623,whole,overcast,2038913807,,0,0,0.52,0.078,1.84
v2_0545_whole_0,data/synthetic/v2/images/v2_0545_whole_0.jpg,synthetic,train,other,0,0,1,0,1,phoma,1,other_phoma,1024,512,25d355a477acf2885579e8bbe5be2a3d589c7826771a8b6b82a33d0f62016b99,545,whole,golden,956887253,,0,0,0.421,0.092,3.63
v2_1157_closeup_0,data/synthetic/v2/images/v2_1157_closeup_0.jpg,synthetic,train,other,0,1,0,0,2,miner,1,other_miner,384,384,574090f4f4745546fb33e5eebb3c2c3b71f821c6260a35c875c57c01e8d397de,1157,closeup,backlit,1064793686,,0,0,0.45,0.116,0.46
v2_0903_closeup_0,data/synthetic/v2/images/v2_0903_closeup_0.jpg,synthetic,train,other,0,1,0,0,3,miner,1,other_miner,512,512,bd9ef2cf93e791ed5fcaeb096141c8767b64d4f9c96157be533fdc6119cc7995,903,closeup,backlit,1998059057,,0,0,0.519,0.137,0.15
v2_1670_whole_0,data/synthetic/v2/images/v2_1670_whole_0.jpg,synthetic,train,rust,1,0,0,1,1,undetermined,2,rust_s1_mixed,1024,512,b19059acd7c9eb2012493b111902f786107559bda4a38899b71b5ab0eb3bb1bf,1670,whole,sun,571569224,,0,0,0.609,0.105,3.67
v2_0831_whole_0,data/synthetic/v2/images/v2_0831_whole_0.jpg,synthetic,train,healthy,0,0,0,0,0,healthy,0,healthy,1024,512,ab32d1f3314206707b999a51ef6746cf24bfc814c50a8eb0761ccbf18ba58cfb,831,whole,golden,1531356161,,0,0,0.52,0.067,0.92
v2_0378_whole_0,data/synthetic/v2/images/v2_0378_whole_0.jpg,synthetic,train,other,0,0,1,0,1,phoma,1,other_phoma,1024,512,5560da01b3ad35c24722d580c5460de71acef81f583c793245ab903596e324ea,378,whole,overcast,740637128,,0,0,0.485,0.054,2.96
v2_0200_whole_0,data/synthetic/v2/images/v2_0200_whole_0.jpg,synthetic,train,healthy,0,0,0,0,0,healthy,0,healthy,1024,512,0c8ac998b816d38362df9ce0eac7ce02911492afca256d555080549e734bdca7,200,whole,studio,42039673,,0,0,0.593,0.232,6.9
v2_0427_whole_0,data/synthetic/v2/images/v2_0427_whole_0.jpg,synthetic,train,other,0,0,1,0,2,phoma,1,other_phoma,1024,512,000c3a756cf70d3b13beaae821e161aac7807dfc54e1cd4f787496fc5aad47a9,427,whole,shade,579293911,,0,0,0.621,0.054,0.8
v2_0512_whole_0,data/synthetic/v2/images/v2_0512_whole_0.jpg,synthetic,train,other,0,0,1,0,1,phoma,1,other_phoma,1024,512,b32a492be02e956058bf557131d1e5c542aec42e9dc9c3d290304bc32d830ea2,512,whole,studio,194582114,,0,0,0.842,0.169,14.67
v2_1141_whole_0,data/synthetic/v2/images/v2_1141_whole_0.jpg,synthetic,train,other,0,1,0,0,1,miner,1,other_miner,896,672,82c9456ba41d5c03413a885f2fb10983bbfea28dd6040b348c66684e81b4ce81,1141,whole,golden,54947201,,0,0,0.643,0.059,0.39
v2_1671_whole_0,data/synthetic/v2/images/v2_1671_whole_0.jpg,synthetic,train,rust,1,0,0,0,1,rust,1,rust_s1_pure,896,672,fc730bcee73762f324b09c2bac3fb2df2c55b25b5945cd1c230ade22abed21ba,1671,whole,sun_wet,601038463,,0,0,0.596,0.091,1.69
v2_1741_closeup_0,data/synthetic/v2/images/v2_1741_closeup_0.jpg,synthetic,train,rust,1,0,0,1,2,cercospora,2,rust_s2_mixed,512,512,6ed6217fd395968e59a7a19fbc52595eb2110f20bd0cd1de3eba3c32e966527d,1741,closeup,sun,201758753,,0,0,0.359,0.068,0.5
v2_0817_whole_0,data/synthetic/v2/images/v2_0817_whole_0.jpg,synthetic,train,rust,1,1,0,0,1,miner,2,rust_s1_mixed,1024,512,7b53d48f542b0b49ae2a78b29a96546aa0e4a3412ec563e58ea7754288b42f90,817,whole,rain,1975652408,,0,0,0.62,0.188,2.84
v2_0183_whole_0,data/synthetic/v2/images/v2_0183_whole_0.jpg,synthetic,train,healthy,0,0,0,0,0,healthy,0,healthy,896,672,a452886bc40dbc84e837d355f4c199ba6c1753653c4aca975d3774d78ea48528,183,whole,studio,47420703,,0,0,0.89,0.19,4.51
v2_1058_whole_0,data/synthetic/v2/images/v2_1058_whole_0.jpg,synthetic,train,other,0,1,0,0,1,miner,1,other_miner,1024,512,3de9d80ebab390ae365e6ac907c376e71810e82f91622f26f97802f8fe5f26b4,1058,whole,sun,155916507,,0,0,0.624,0.103,1.3
v2_0857_whole_0,data/synthetic/v2/images/v2_0857_whole_0.jpg,synthetic,train,other,0,1,0,0,2,miner,1,other_miner,896,672,c47e8819d80da106167fc00465bca038320d540c91c3de696c8e296cae2a30b7,857,whole,sun,2057340783,,0,0,0.405,0.093,1.85
v2_0815_closeup_0,data/synthetic/v2/images/v2_0815_closeup_0.jpg,synthetic,train,healthy,0,0,0,0,0,healthy,0,healthy,256,256,565dce56882204b99b7200c3d3e666882ee8e6074f26b630664e8895cf3f5e5c,815,closeup,rain,1984349270,,0,0,0.588,0.121,1.73
v2_0562_whole_0,data/synthetic/v2/images/v2_0562_whole_0.jpg,synthetic,train,rust,1,0,0,1,1,cercospora,2,rust_s1_mixed,896,672,b2806da6aada4cd4da8aa2085bb83cb80c01bfaaa7b2b605dd9ea499e10a39e6,562,whole,sun_wet,374222555,,0,0,0.463,0.15,3.74
v2_0950_whole_0,data/synthetic/v2/images/v2_0950_whole_0.jpg,synthetic,train,healthy,0,0,0,0,0,healthy,0,healthy,896,672,71704ead43729a5c11b123fb2d64312760c9a3257f923df2f1b4aeefb88cf019,950,whole,overcast,1116715098,,0,0,0.518,0.06,1.39
v2_0741_closeup_0,data/synthetic/v2/images/v2_0741_closeup_0.jpg,synthetic,train,healthy,0,0,0,0,0,healthy,0,healthy,512,512,968454a8417e1828a1c5ba45bfc8193cfff36deffae388f1b881c92d6af99ff5,741,closeup,sun,1153502057,,0,0,0.524,0.053,0.19
v2_1583_whole_0,data/synthetic/v2/images/v2_1583_whole_0.jpg,synthetic,train,rust,1,0,0,1,1,rust,2,rust_s1_mixed,896,672,05ee6c030a02d668fa17218d1538711aefff3fdd9d6bbf3aa63671d96719923c,1583,whole,studio,1066705047,,0,0,0.852,0.147,3.86
v2_1327_closeup_0,data/synthetic/v2/images/v2_1327_closeup_0.jpg,synthetic,train,rust,1,1,0,1,4,rust,3,rust_s3plus_mixed,512,512,232f40d12c9667c3d87eb51879508c453aac90a95a51f311b4c1a3e2c4b60882,1327,closeup,shade,1482694031,,0,0,0.439,0.11,0.81
v2_1084_closeup_0,data/synthetic/v2/images/v2_1084_closeup_0.jpg,synthetic,train,healthy,0,0,0,0,0,healthy,0,healthy,384,384,6385d9d76d8c59ab0e5b90c3338ce6c0bf6d5fa9988273853a56d453e4a899ea,1084,closeup,rain,1916483938,,0,0,0.388,0.082,0.46
v2_0504_closeup_0,data/synthetic/v2/images/v2_0504_closeup_0.jpg,synthetic,train,other,0,0,1,1,1,cercospora,2,other_multi,256,256,6a082ecde6f9652db8f133f01cb90b1281886054fb44246032324ecc5f98d23f,504,closeup,sun,933760437,,0,0,0.474,0.081,0.43
v2_0288_whole_0,data/synthetic/v2/images/v2_0288_whole_0.jpg,synthetic,train,other,0,0,1,0,2,phoma,1,other_phoma,896,672,a48880e7a1cf2dbb7cc4de5f3994d2b49caddaa6c5eb553169c99de8675b290f,288,whole,golden,1227227182,,0,0,0.518,0.097,1.03
v2_0091_whole_0,data/synthetic/v2/images/v2_0091_whole_0.jpg,synthetic,train,rust,1,0,0,0,2,rust,1,rust_s2_pure,1024,512,6a28da2dd3a9287a278f37a1ea40c6bfd48b1272a01b4d2e7bb889910050a479,91,whole,golden,1280189875,,0,0,0.41,0.061,2.87
v2_0206_whole_0,data/synthetic/v2/images/v2_0206_whole_0.jpg,synthetic,train,healthy,0,0,0,0,0,healthy,0,healthy,1024,512,e8c476269014dde214e8ded2fac6edf3f8d4b65743b70b83ea333fa4ea670ae1,206,whole,sun,101451211,,0,0,0.579,0.071,2.66
v2_0009_closeup_0,data/synthetic/v2/images/v2_0009_closeup_0.jpg,synthetic,train,healthy,0,0,0,0,0,healthy,0,healthy,384,384,2c23209b505248fb09972ac179070a065537418478a0c4e4d9a70ec3e247a3c8,9,closeup,overcast,1212770086,,0,0,0.569,0.122,0.32
v2_0363_closeup_0,data/synthetic/v2/images/v2_0363_closeup_0.jpg,synthetic,train,other,0,0,1,0,1,phoma,1,other_phoma,256,256,4dfb47af379bf1bf14fd6457152b7a32dba0d4eff86510745e64101664385309,363,closeup,rain,416067916,,0,0,0.514,0.088,1.19
v2_0941_whole_0,data/synthetic/v2/images/v2_0941_whole_0.jpg,synthetic,train,healthy,0,0,0,0,0,healthy,0,healthy,1024,512,756b638459b47fb329061ed94dc636e622346fd75589dffadd14f6927ad72b00,941,whole,rain,2079438088,,0,0,0.573,0.058,3.16
v2_0590_whole_0,data/synthetic/v2/images/v2_0590_whole_0.jpg,synthetic,train,rust,1,0,0,0,2,rust,1,rust_s2_pure,1024,512,ae3ad406f7d2f9dfe44a5a499f3d770707f1990efe14a5dec22e894024a7213a,590,whole,overcast,1302981347,,0,0,0.462,0.06,1.4
v2_0087_whole_0,data/synthetic/v2/images/v2_0087_whole_0.jpg,synthetic,train,other,0,1,0,0,1,miner,1,other_miner,1024,512,79cdd8d4db8bdc79af8d2ee6a0ccea68d3a1d11565bf29fa99966de9f1b0388b,87,whole,golden,1887387236,,0,0,0.478,0.073,0.7
v2_1224_whole_0,data/synthetic/v2/images/v2_1224_whole_0.jpg,synthetic,train,other,0,1,0,0,1,miner,1,other_miner,1024,512,3951992b96eeb0f9b7a74718ca46a889b1edd3f8aa781d9002907cb061616732,1224,whole,golden,1732676198,,0,0,0.397,0.047,0.99
v2_0716_closeup_0,data/synthetic/v2/images/v2_0716_closeup_0.jpg,synthetic,train,other,0,0,0,1,1,cercospora,1,other_cercospora,384,384,025ab4b4b5756b500bf2e0de569a2ff2c2ac8dfbc4931db99c011f2f02e02409,716,closeup,overcast,1985015262,,0,0,0.503,0.046,0.1
v2_0130_whole_0,data/synthetic/v2/images/v2_0130_whole_0.jpg,synthetic,train,rust,1,0,0,0,2,rust,1,rust_s2_pure,1024,512,0d7b357c20a3d43400930891d56d9cebff6409536aeba102a237c1664cd36ddd,130,whole,shade,1469361223,,0,0,0.554,0.07,1.48
v2_1300_closeup_0,data/synthetic/v2/images/v2_1300_closeup_0.jpg,synthetic,train,rust,1,0,0,1,2,rust,2,rust_s2_mixed,256,256,ba3efbf90c6534eb8c9e5a29387a7bc696a219cd1ed3c25599bd340222d6c849,1300,closeup,golden,1999029121,,0,0,0.543,0.1,0.61
v2_1332_closeup_0,data/synthetic/v2/images/v2_1332_closeup_0.jpg,synthetic,train,rust,1,0,0,0,2,rust,1,rust_s2_pure,512,512,25f5d503463b7d05b7ca0e323a487ec728bbfabf2af586c54b04b235caf0f79f,1332,closeup,shade,1712830465,,0,0,0.298,0.089,0.3
v2_0849_whole_0,data/synthetic/v2/images/v2_0849_whole_0.jpg,synthetic,train,rust,1,1,0,0,1,miner,2,rust_s1_mixed,1024,512,8101674bd1e62c78fc5eb4e76f7b5bd01899462ae6d441e3544c45848e8f45e1,849,whole,overcast,1216531712,,0,0,0.523,0.092,0.89
v2_1588_closeup_0,data/synthetic/v2/images/v2_1588_closeup_0.jpg,synthetic,train,rust,1,0,0,1,1,undetermined,2,rust_s1_mixed,256,256,61d6d0296364cd4fe82c33b04117d14ae02462a10f61af97bece75e61426edb4,1588,closeup,sun_wet,868306806,,0,0,0.375,0.116,0.46
v2_1236_whole_0,data/synthetic/v2/images/v2_1236_whole_0.jpg,synthetic,train,rust,1,1,0,0,3,rust,2,rust_s3plus_mixed,1024,512,9167c981939b545b8c167ed0ebceed4d59a1178a6b01052a3b3f19e043e26706,1236,whole,shade,1551776109,,0,0,0.609,0.052,1.02
v2_0835_closeup_0,data/synthetic/v2/images/v2_0835_closeup_0.jpg,synthetic,train,other,0,1,0,0,1,miner,1,other_miner,256,256,19847bb9a22715f33c3aefa9c2e845f1a3eb0049aeb1d51347bacdd354097f38,835,closeup,overcast,1548684509,,0,0,0.52,0.05,0.25
v2_1094_whole_0,data/synthetic/v2/images/v2_1094_whole_0.jpg,synthetic,train,rust,1,0,0,0,1,rust,1,rust_s1_pure,1024,512,acda2e876f584c0a9dd559ddc54bd061dc3594bd57ab7fda4c2fc99d5924ad2d,1094,whole,studio,1250385415,,0,0,0.812,0.191,3.64
v2_1009_whole_0,data/synthetic/v2/images/v2_1009_whole_0.jpg,synthetic,train,rust,1,0,0,0,1,rust,1,rust_s1_pure,1024,512,7ec988405eb496b11907394c854a851ed9f86eb4cd908e3d2cc9fa7eb323f9c8,1009,whole,studio,1062699742,,0,0,0.821,0.197,8.89
v2_1221_closeup_0,data/synthetic/v2/images/v2_1221_closeup_0.jpg,synthetic,train,other,0,0,0,1,1,cercospora,1,other_cercospora,256,256,764894bc2fef3f6152f8c2b3936d0070a764df085be1776fee07453f460c710f,1221,closeup,sun,1636649101,,0,0,0.529,0.126,2.51
v2_0747_whole_0,data/synthetic/v2/images/v2_0747_whole_0.jpg,synthetic,train,healthy,0,0,0,0,0,healthy,0,healthy,768,768,6bdf040f82af490e5ef72122feb482979bbe33265a820dfae327f4bd7c5f7f65,747,whole,shade,1078753243,,0,0,0.615,0.057,0.53
v2_0100_whole_0,data/synthetic/v2/images/v2_0100_whole_0.jpg,synthetic,train,rust,1,1,0,0,4,rust,2,rust_s3plus_mixed,768,768,9b33f245da025b312eea00bc87c4fcae10262b0216159e2e2b6a929a1198e53d,100,whole,sun_wet,1159791529,,0,0,0.616,0.081,1.73
v2_1017_whole_0,data/synthetic/v2/images/v2_1017_whole_0.jpg,synthetic,train,other,0,1,0,0,1,miner,1,other_miner,1024,512,49e1d400e5a0ca23af684975ab682957d274bc080eb84e02dc4b41335d7c857a,1017,whole,sun,225822897,,0,0,0.498,0.084,2.06
v2_0416_whole_0,data/synthetic/v2/images/v2_0416_whole_0.jpg,synthetic,train,other,0,0,1,0,1,phoma,1,other_phoma,1024,512,1d6719fb4a2026acff5487c745bd78dee9b7dfd9234053860b94472f8cadc34e,416,whole,sun,837850894,,0,0,0.354,0.062,0.99
v2_0163_whole_0,data/synthetic/v2/images/v2_0163_whole_0.jpg,synthetic,train,rust,1,0,0,0,1,rust,1,rust_s1_pure,896,672,b5eb81641ba830b8bdef751a531fcbaab402be4f0ad17942740e44c5cd45e2c4,163,whole,studio,1645011500,,0,0,0.872,0.181,3.19
v2_0278_closeup_0,data/synthetic/v2/images/v2_0278_closeup_0.jpg,synthetic,train,other,0,0,1,0,1,phoma,1,other_phoma,256,256,d84dec111984009e24abcd25e28927aff50949c2c0bb64e0aef95788bff50d6c,278,closeup,golden,289738872,,0,0,0.592,0.1,2.6
v2_1525_whole_0,data/synthetic/v2/images/v2_1525_whole_0.jpg,synthetic,train,rust,1,1,0,0,3,undetermined,2,rust_s3plus_mixed,896,672,9787d89703acb88c319b691eafd5f00b7584614672b087356f2ffc43c06bb399,1525,whole,sun_wet,1420049473,,0,0,0.611,0.087,3.03
v2_1437_whole_0,data/synthetic/v2/images/v2_1437_whole_0.jpg,synthetic,train,rust,1,0,0,0,1,rust,1,rust_s1_pure,896,672,aa4d33c4cd57f15cea57aa50700a369434a2131ee71bab32bed2d5435d0d225a,1437,whole,sun_wet,1392289530,,0,0,0.623,0.106,1.13
v2_1395_closeup_0,data/synthetic/v2/images/v2_1395_closeup_0.jpg,synthetic,train,rust,1,1,0,0,2,rust,2,rust_s2_mixed,384,384,aa1600d781fb3f164ac28a7ff4cbb7b4808658e216fc49d3bb6177ea719c7a7a,1395,closeup,overcast,216354528,,0,0,0.409,0.102,0.49
v2_0994_closeup_0,data/synthetic/v2/images/v2_0994_closeup_0.jpg,synthetic,train,healthy,0,0,0,0,0,healthy,0,healthy,512,512,eefb3044b0f2fcb70d0d4a4004e7cec6f30320f2daf39755091af117d895a1bc,994,closeup,overcast,256945982,,0,0,0.54,0.1,0.21
v2_0122_whole_2,data/synthetic/v2/images/v2_0122_whole_2.jpg,synthetic,train,rust,1,0,0,0,3,rust,1,rust_s3plus_pure,1024,512,08d1367e868a0914f0e890dc850c4026f032c23743ae97ae6065b0aa4915f4db,122,whole,studio,44203616,,0,0,0.858,0.198,7.41
v2_1165_closeup_0,data/synthetic/v2/images/v2_1165_closeup_0.jpg,synthetic,train,other,0,1,0,0,2,miner,1,other_miner,256,256,764ac1624f5373399ce606dd0ab6532a51bbbc6cc11df9fb3e670c3ab1f45e21,1165,closeup,sun,776342998,,0,0,0.354,0.079,0.27
v2_0706_closeup_1,data/synthetic/v2/images/v2_0706_closeup_1.jpg,synthetic,train,rust,1,0,0,0,4,rust,1,rust_s3plus_pure,256,256,57d33e4c555e862099b63cb13a66da11315276fc1a4b3e8af57b4a88425ac60d,706,closeup,sun_wet,971749933,,0,0,0.524,0.127,0.14
v2_0148_whole_0,data/synthetic/v2/images/v2_0148_whole_0.jpg,synthetic,train,rust,1,0,0,0,1,rust,1,rust_s1_pure,1024,512,7cfdf71488b7582cb156fddce7efef4d365d3105d111e038af83715378f7e982,148,whole,rain,1146144070,,0,0,0.421,0.059,3.49
v2_1701_whole_0,data/synthetic/v2/images/v2_1701_whole_0.jpg,synthetic,train,rust,1,0,0,0,2,rust,1,rust_s2_pure,1024,512,082b8b60aa2fe6b1ed1115942e5d3757705c492fa5f7d275a1e3c3021ac65c0f,1701,whole,shade,56889206,,0,0,0.383,0.065,1.88
v2_1441_closeup_0,data/synthetic/v2/images/v2_1441_closeup_0.jpg,synthetic,train,other,0,0,0,1,1,cercospora,1,other_cercospora,256,256,83171539d7a011708cb288df575e4de0e554f81c08e75dc4afe25b7f93b455f1,1441,closeup,sun,1269228273,,0,0,0.357,0.079,0.13
v2_0331_whole_0,data/synthetic/v2/images/v2_0331_whole_0.jpg,synthetic,train,other,0,0,1,0,2,phoma,1,other_phoma,768,768,33513cfac33ac582523aef3c75160a63819c3342cd85361e3ac32acff4f405c1,331,whole,sun_wet,748066064,,0,0,0.416,0.098,4.98
v2_0796_whole_2,data/synthetic/v2/images/v2_0796_whole_2.jpg,synthetic,train,rust,1,1,0,0,3,rust,2,rust_s3plus_mixed,1024,512,8503821ac0a1c044d8aca9cd60a6a2820c5ca543e5ac227f7e1dedee1f29867a,796,whole,rain,1575658525,,0,0,0.562,0.126,2.04
v2_1512_whole_0,data/synthetic/v2/images/v2_1512_whole_0.jpg,synthetic,train,rust,1,1,0,0,1,miner,2,rust_s1_mixed,896,672,3f158279f77e3a438c3ce7820f649047830765e594c0d87688321622af000c1a,1512,whole,sun_wet,1130267946,,0,0,0.609,0.115,11.64
v2_1577_closeup_0,data/synthetic/v2/images/v2_1577_closeup_0.jpg,synthetic,train,other,0,0,0,1,1,cercospora,1,other_cercospora,512,512,219c7b457f8875712d99bd64d0a263b19cdba22def540b868eb151ca0476f727,1577,closeup,sun,1627265053,,0,0,0.532,0.071,0.56
v2_0630_closeup_0,data/synthetic/v2/images/v2_0630_closeup_0.jpg,synthetic,train,healthy,0,0,0,0,0,healthy,0,healthy,512,512,9db1113fc56c5ecb82cce0b58fd8e7496c3a219e7f54aaf81bf70a48ab1600f1,630,closeup,rain,1706324055,,0,0,0.494,0.069,7.58
v2_1710_whole_0,data/synthetic/v2/images/v2_1710_whole_0.jpg,synthetic,train,rust,1,0,0,1,2,rust,2,rust_s2_mixed,896,672,a82e4375e358b16033b2d999aa729f85c1f524791684c2682550174ecff1beba,1710,whole,rain,974783012,,0,0,0.349,0.097,1.4
v2_0357_whole_0,data/synthetic/v2/images/v2_0357_whole_0.jpg,synthetic,train,other,0,0,1,0,2,phoma,1,other_phoma,1024,512,e46d9cd316d19e3babb61a397c194e4b7e257805a713a6b786ad85b06120c90e,357,whole,backlit,225490558,,0,0,0.402,0.058,2.21
v2_0547_whole_0,data/synthetic/v2/images/v2_0547_whole_0.jpg,synthetic,train,other,0,0,1,0,4,phoma,1,other_phoma,768,768,a6f2072bc76d074e34bad8914bc285af091037481516e9902c4d1dba81f63e59,547,whole,overcast,982262971,,0,0,0.408,0.06,1.01
v2_1519_closeup_0,data/synthetic/v2/images/v2_1519_closeup_0.jpg,synthetic,train,rust,1,1,0,0,1,miner,2,rust_s1_mixed,384,384,7f41c90a401e861cba402fc546fb0d9739f67c2409fb7edfd87ed47f06c91dd1,1519,closeup,golden,1326148299,,0,0,0.412,0.077,1.15
v2_0531_whole_0,data/synthetic/v2/images/v2_0531_whole_0.jpg,synthetic,train,other,0,0,1,0,1,phoma,1,other_phoma,1024,512,38f65b31d1ac2246cac6d2a2065edc8067eac50393eed257dd5ec7f81ee43131,531,whole,studio,601252016,,0,0,0.402,0.089,1.37
v2_1586_whole_0,data/synthetic/v2/images/v2_1586_whole_0.jpg,synthetic,train,rust,1,0,0,1,3,rust,2,rust_s3plus_mixed,1024,512,950e89d5515bbd536eb15eb1915e0736074202dd46bf9016ad85720f78c09720,1586,whole,studio,962552444,,0,0,0.784,0.214,5.79
v2_0162_whole_0,data/synthetic/v2/images/v2_0162_whole_0.jpg,synthetic,train,rust,1,0,0,0,1,rust,1,rust_s1_pure,1024,512,bfebfc012e97baf45bbd516981f552169a0ed7a4be32162a99393b3b6b305d9f,162,whole,sun,1674479643,,0,0,0.532,0.083,0.54
v2_0314_whole_0,data/synthetic/v2/images/v2_0314_whole_0.jpg,synthetic,train,other,0,0,1,0,1,phoma,1,other_phoma,1024,512,d48b2a82fb2bcd3706adc1c9173de4f705e1a710821d813725498721b2ca4683,314,whole,overcast,5545840,,0,0,0.481,0.106,4.65
v2_0885_closeup_0,data/synthetic/v2/images/v2_0885_closeup_0.jpg,synthetic,train,rust,1,0,0,1,1,rust,2,rust_s1_mixed,256,256,a064a3052683aac4d5894f90c8d15511fe88aac1d65aae0f13014947f124dbc3,885,closeup,overcast,189696988,,0,0,0.466,0.122,1.66
v2_1137_closeup_0,data/synthetic/v2/images/v2_1137_closeup_0.jpg,synthetic,train,other,0,1,0,0,1,miner,1,other_miner,256,256,2f26460c1367314de94150175f89fb43b47bd3b5376187c01597d1f44eefdf76,1137,closeup,backlit,438053258,,0,0,0.452,0.069,0.08
v2_1388_closeup_1,data/synthetic/v2/images/v2_1388_closeup_1.jpg,synthetic,train,rust,1,0,0,1,3,rust,2,rust_s3plus_mixed,256,256,a1cf994db18bbcf1bf3b299ac60df2d78da557509ccf30dc13540a15f34797c4,1388,closeup,shade,1267108416,,0,0,0.543,0.158,0.63
v2_1125_whole_2,data/synthetic/v2/images/v2_1125_whole_2.jpg,synthetic,train,rust,1,1,0,0,4,rust,2,rust_s3plus_mixed,1024,512,b9aec856779e44f4150c462d98b92ff609bc5601a9ba5ff1059bde51d1b33b99,1125,whole,studio,1328217005,,0,0,0.833,0.19,6.68
v2_0675_closeup_0,data/synthetic/v2/images/v2_0675_closeup_0.jpg,synthetic,train,rust,1,0,0,1,1,undetermined,2,rust_s1_mixed,512,512,8a6908ad39a3a941bb27960de06d82b78f146237130fe0f5eb6748257fd1380e,675,closeup,overcast,1813849579,,0,0,0.466,0.088,0.97
v2_1656_whole_0,data/synthetic/v2/images/v2_1656_whole_0.jpg,synthetic,train,rust,1,0,0,0,1,rust,1,rust_s1_pure,1024,512,ff6370de25fdae05b405a4a51694a5e0f985eefd4210d5fb5cf66e9d9d7d5467,1656,whole,sun,211140721,,0,0,0.581,0.066,1.11
v2_1520_whole_0,data/synthetic/v2/images/v2_1520_whole_0.jpg,synthetic,train,rust,1,0,0,0,2,rust,1,rust_s2_pure,1024,512,d86e3cff4f7de6617dc923c4fec7ef5012e4d64368f27ab8a6b1ed4248719606,1520,whole,shade,1383071402,,0,0,0.48,0.091,1.15
v2_1574_whole_0,data/synthetic/v2/images/v2_1574_whole_0.jpg,synthetic,train,rust,1,0,0,1,1,cercospora,2,rust_s1_mixed,896,672,fef71544907765193a73ecb078b5fc037a5461bbef81398c1503c058e5a53e11,1574,whole,studio,1656268356,,0,0,0.782,0.118,1.49
v2_0476_closeup_0,data/synthetic/v2/images/v2_0476_closeup_0.jpg,synthetic,train,other,0,0,1,0,1,phoma,1,other_phoma,512,512,669e36e38fca799c5797c7812fb0e2ccf39553c01d284ccf0debd29dcee5db6f,476,closeup,rain,345753810,,0,0,0.442,0.073,0.2
v2_1080_closeup_0,data/synthetic/v2/images/v2_1080_closeup_0.jpg,synthetic,train,rust,1,0,0,0,1,rust,1,rust_s1_pure,512,512,9288f3b5f7fcf78234a35b0197dbdd7f526f1b912134e7f85a6e4e15c86c0be9,1080,closeup,rain,1966248382,,0,0,0.538,0.083,0.05
v2_0470_closeup_0,data/synthetic/v2/images/v2_0470_closeup_0.jpg,synthetic,train,other,0,0,1,0,1,phoma,1,other_phoma,384,384,32ed32619690907a8bc47201c1a4634ee99c75868ea264da48105e89d30c8d82,470,closeup,rain,269923424,,0,0,0.545,0.09,1.62
v2_0897_closeup_0,data/synthetic/v2/images/v2_0897_closeup_0.jpg,synthetic,train,rust,1,1,0,0,4,rust,2,rust_s3plus_mixed,384,384,da8fe39da1cdd1ee7d032bceadb728c6d0db52fda56e92df5e1eb4127a01f35d,897,closeup,golden,813054167,,0,0,0.372,0.129,0.16
v2_1021_closeup_0,data/synthetic/v2/images/v2_1021_closeup_0.jpg,synthetic,train,other,0,1,0,0,1,miner,1,other_miner,512,512,55b7d3f80ea646c8b4ef052b406de997e82a61b6873ed20f77fb3b117c09b6d1,1021,closeup,sun,458038253,,0,0,0.536,0.099,0.49
v2_1702_whole_0,data/synthetic/v2/images/v2_1702_whole_0.jpg,synthetic,train,rust,1,0,0,1,1,rust,2,rust_s1_mixed,896,672,cdf3695016297c0f6969b23d718ac9ff3616b25a2a98b029169376d604b0dde8,1702,whole,sun_wet,19050799,,0,0,0.635,0.089,4.09
v2_0494_whole_0,data/synthetic/v2/images/v2_0494_whole_0.jpg,synthetic,train,other,0,0,0,1,1,cercospora,1,other_cercospora,1024,512,f49ae698b47084de1a843c799bc3f25211d60b47424b7cd3256ba5b326331be1,494,whole,golden,2009099151,,0,0,0.384,0.088,3.2
v2_0661_whole_0,data/synthetic/v2/images/v2_0661_whole_0.jpg,synthetic,train,other,0,0,1,0,1,phoma,1,other_phoma,1024,512,f87ed8a3cc185f5c1d48a857138e1dacae0a38f2d00176cf4d238b8376f27d86,661,whole,sun,1403578962,,0,0,0.598,0.102,2.64
v2_1678_whole_0,data/synthetic/v2/images/v2_1678_whole_0.jpg,synthetic,train,rust,1,0,0,1,2,rust,2,rust_s2_mixed,1024,512,d96bf813f0c34e91c78ba8f92e360b0fdd8f13be1e546e1df7a170b8f3ff6feb,1678,whole,studio,738338288,,0,0,0.79,0.143,5.06
v2_1747_whole_0,data/synthetic/v2/images/v2_1747_whole_0.jpg,synthetic,train,rust,1,0,0,1,1,rust,2,rust_s1_mixed,896,672,ce620572f88cadd58158e82a4794f4b43b60187105000442a6952a497e29c7d2,1747,whole,sun,143385747,,0,0,0.639,0.08,0.67
v2_1260_closeup_0,data/synthetic/v2/images/v2_1260_closeup_0.jpg,synthetic,train,rust,1,1,0,0,1,undetermined,2,rust_s1_mixed,512,512,8c002800968846c9f15082816e2190c565ab36ff710cacc1b422c0c7ef2456d5,1260,closeup,overcast,1865266669,,0,0,0.402,0.078,0.53
v2_0159_whole_0,data/synthetic/v2/images/v2_0159_whole_0.jpg,synthetic,train,rust,1,0,0,1,1,rust,2,rust_s1_mixed,768,768,b0762ad1d7e770aa858e9699c97bf5378580534bbdb9cdd7e8d57e20ae478dc5,159,whole,overcast,2100217876,,0,0,0.433,0.07,0.38
v2_1107_whole_0,data/synthetic/v2/images/v2_1107_whole_0.jpg,synthetic,train,other,0,1,0,0,1,miner,1,other_miner,1024,512,ba877720d7055a4e685569c7ce064e057e8c27822030c1f87fb2a96e19d5b930,1107,whole,studio,145327716,,0,0,0.863,0.176,8.52
v2_1368_whole_0,data/synthetic/v2/images/v2_1368_whole_0.jpg,synthetic,train,rust,1,0,0,0,1,rust,1,rust_s1_pure,1024,512,af12004e79a87126bcfaf3034d55cf6458c8cff4bb0d132d223e0ed46d1c5c98,1368,whole,overcast,1549716965,,0,0,0.498,0.075,6.84
v2_0715_whole_2,data/synthetic/v2/images/v2_0715_whole_2.jpg,synthetic,train,rust,1,0,0,0,3,rust,1,rust_s3plus_pure,768,768,a16d687ec4ff517f050f77c433e323efd4477af96cd6bc1e7eb0a03d499e3d8d,715,whole,overcast,437793451,,0,0,0.639,0.079,0.48
v2_0240_closeup_0,data/synthetic/v2/images/v2_0240_closeup_0.jpg,synthetic,train,other,0,0,1,0,1,phoma,1,other_phoma,512,512,932e45f4bc6039eff3739ddfeadf38a9aa07a0d1a32f649477df2ac554bcc73d,240,closeup,overcast,233041454,,0,0,0.667,0.066,0.34
v2_0495_whole_0,data/synthetic/v2/images/v2_0495_whole_0.jpg,synthetic,train,other,0,0,1,0,2,phoma,1,other_phoma,768,768,c96ef86d53104bb44c46aecff4001a7ed1c5cbc8ed36779c15dbe0e66c6ea849,495,whole,overcast,1979843000,,0,0,0.374,0.057,0.99
v2_1341_closeup_0,data/synthetic/v2/images/v2_1341_closeup_0.jpg,synthetic,train,rust,1,0,0,0,2,rust,1,rust_s2_pure,256,256,98e382d4e657a6bddea34bc47607b9868a4a1e3348522ce51bd1972209aeedba,1341,closeup,rain,2038841057,,0,0,0.456,0.107,1.47
v2_1600_whole_0,data/synthetic/v2/images/v2_1600_whole_0.jpg,synthetic,train,rust,1,0,0,0,1,rust,1,rust_s1_pure,896,672,adc203678189432d6954dd3d560b7fb2e91f043c8c70c79841110022c05244f2,1600,whole,rain,1069960433,,0,0,0.397,0.088,5.64
v2_0390_whole_0,data/synthetic/v2/images/v2_0390_whole_0.jpg,synthetic,train,other,0,0,1,0,1,phoma,1,other_phoma,1024,512,c39f80e4770fae06c618c339fd7b35c78ef9da03bf25d7b3e076d5d672278603,390,whole,studio,1122574147,,0,0,0.74,0.168,3.88
v2_0012_whole_0,data/synthetic/v2/images/v2_0012_whole_0.jpg,synthetic,train,healthy,0,0,0,0,0,healthy,0,healthy,1024,512,b2fdb7dcbf6c2fa5d568ae36ec4ae135f6eae1ca0f71dc3c61e2a958c1c1864e,12,whole,rain,196915973,,0,0,0.434,0.073,1.03
v2_1400_closeup_0,data/synthetic/v2/images/v2_1400_closeup_0.jpg,synthetic,train,rust,1,0,0,0,1,rust,1,rust_s1_pure,256,256,8c20e40099f8338c19e0564720c07ebf4a4f384bf8068289fe2bbfb602b6bc74,1400,closeup,sun,1158029201,,0,0,0.488,0.118,0.26
v2_0225_whole_0,data/synthetic/v2/images/v2_0225_whole_0.jpg,synthetic,train,other,0,1,0,0,2,miner,1,other_miner,768,768,23c781bff600241756510ccdf21a982c28d3f54a0bb73ff95de6ec78cca32048,225,whole,sun_wet,776172313,,0,0,0.705,0.1,5.09
v2_1440_closeup_1,data/synthetic/v2/images/v2_1440_closeup_1.jpg,synthetic,train,rust,1,1,0,0,3,rust,2,rust_s3plus_mixed,384,384,2e559b93e27d9eaf7ab85305d07fef11d35c69ecac5ea3c6ba52f024c1351481,1440,closeup,golden,1029945424,,0,0,0.345,0.111,0.91
v2_1646_closeup_0,data/synthetic/v2/images/v2_1646_closeup_0.jpg,synthetic,train,rust,1,0,0,1,2,rust,2,rust_s2_mixed,256,256,6d135af8f81f81e0eb4d1665e167e731cac59ec9430050304d2450bb8dd23697,1646,closeup,backlit,875144980,,0,0,0.472,0.125,0.48
v2_0784_closeup_0,data/synthetic/v2/images/v2_0784_closeup_0.jpg,synthetic,train,other,0,1,0,0,1,miner,1,other_miner,512,512,0471ae58618ba6760be461b6a10b677d28ec7954d9358ae5f0f4e8f70da0c68d,784,closeup,sun,148665914,,0,0,0.432,0.087,2.15
v2_0439_whole_0,data/synthetic/v2/images/v2_0439_whole_0.jpg,synthetic,train,other,0,0,0,1,1,cercospora,1,other_cercospora,768,768,4aac9e038181e32f33befa475b8c4ffcf21de7b3c37c7d48498ebee4932dfa88,439,whole,sun,279255224,,0,0,0.369,0.052,1.9
v2_0440_whole_0,data/synthetic/v2/images/v2_0440_whole_0.jpg,synthetic,train,other,0,0,1,0,1,phoma,1,other_phoma,1024,512,fbc80139d701f8eaac452dfbd4bd4e57229a5407809fcdebf54abc2876b7f7b9,440,whole,studio,44243854,,0,0,0.765,0.183,8.59
v2_0550_closeup_0,data/synthetic/v2/images/v2_0550_closeup_0.jpg,synthetic,train,other,0,0,1,0,3,phoma,1,other_phoma,512,512,09d1692f8c7a7bbbfea06b7211dcd9e6776a5cb545a3588f34647454f7feb3b0,550,closeup,overcast,125785435,,0,0,0.413,0.086,1.22
v2_0622_whole_0,data/synthetic/v2/images/v2_0622_whole_0.jpg,synthetic,train,other,0,1,0,0,1,miner,1,other_miner,896,672,d436d954b70bd14dd8292dc70ef714978b06c32f10c2812985649523d0105329,622,whole,studio,1586283356,,0,0,0.451,0.098,1.81
v2_0914_whole_0,data/synthetic/v2/images/v2_0914_whole_0.jpg,synthetic,train,other,0,1,0,0,3,miner,1,other_miner,1024,512,28934e08eeffb4dbf3341bc23fe7e0fafd6126490d1e25a28e14ea26eaf23cc4,914,whole,studio,1256490961,,0,0,0.83,0.198,6.75
v2_0443_closeup_0,data/synthetic/v2/images/v2_0443_closeup_0.jpg,synthetic,train,other,0,0,1,0,2,phoma,1,other_phoma,256,256,71f059a8cc19793521dbd544f496a6c5a8878b84448064db4fb2ecef6e4d52d5,443,closeup,sun,15050199,,0,0,0.419,0.098,0.61
v2_1337_whole_0,data/synthetic/v2/images/v2_1337_whole_0.jpg,synthetic,train,rust,1,0,0,0,1,rust,1,rust_s1_pure,1024,512,1fefc27735b6fa9d29a70ecba79efac7533c30574b5ded19394d67de2ea971f8,1337,whole,overcast,1625062122,,0,0,0.412,0.054,0.37
v2_0194_closeup_0,data/synthetic/v2/images/v2_0194_closeup_0.jpg,synthetic,train,healthy,0,0,0,0,0,healthy,0,healthy,512,512,116745416ade304f511eb8b5d0b9ecbc738c69e10cd2faf0087a9f593ea12af1,194,closeup,rain,1059120383,,0,0,0.476,0.097,0.38
v2_0400_whole_0,data/synthetic/v2/images/v2_0400_whole_0.jpg,synthetic,train,other,0,0,1,0,2,phoma,1,other_phoma,896,672,d6ab279e1ef1e00b39b9f16e80b06200d768365364c2f08800b4fc255f9a0ebb,400,whole,golden,230788313,,0,0,0.576,0.056,0.96
v2_1477_closeup_0,data/synthetic/v2/images/v2_1477_closeup_0.jpg,synthetic,train,other,0,1,0,0,1,miner,1,other_miner,512,512,f8e098178f9d72250f3074dae5824154e0f3712c274618e2fcff82ac7b9470bf,1477,closeup,rain,1570648493,,0,0,0.482,0.147,0.53
v2_0311_closeup_0,data/synthetic/v2/images/v2_0311_closeup_0.jpg,synthetic,train,other,0,0,1,0,1,phoma,1,other_phoma,512,512,cdb991f0688ad829363c3c135b51c4ead23915096c430000af2f47c7c22f8f81,311,closeup,rain,111107483,,0,0,0.455,0.089,0.28
v2_0995_whole_0,data/synthetic/v2/images/v2_0995_whole_0.jpg,synthetic,train,healthy,0,0,0,0,0,healthy,0,healthy,1024,512,fa24cddd8a92bec2929f63a966aee99df9232ce7f680a82e3298003968241002,995,whole,sun,244499721,,0,0,0.53,0.083,0.99
v2_0546_whole_0,data/synthetic/v2/images/v2_0546_whole_0.jpg,synthetic,train,other,0,0,1,0,1,phoma,1,other_phoma,1024,512,91b3130cc842664849770560c87630b610ffb9bcbc80a2b145900a291fb78e55,546,whole,overcast,994987660,,0,0,0.543,0.067,1.64
v2_1467_closeup_0,data/synthetic/v2/images/v2_1467_closeup_0.jpg,synthetic,train,rust,1,0,0,0,1,rust,1,rust_s1_pure,512,512,d298c0ddfb76aa27ff9b7c38729c744ff6aa9d924b34afc2be95e2e3d4ba2703,1467,closeup,sun,1696749256,,0,0,0.456,0.154,0.25
v2_1147_whole_0,data/synthetic/v2/images/v2_1147_whole_0.jpg,synthetic,train,other,0,1,0,0,3,miner,1,other_miner,1024,512,3d877c0777cd85ebec8cd4f8419d105e0196cf231505686af946cbfd51b3e8d2,1147,whole,rain,130748723,,0,0,0.567,0.057,0.74
v2_1613_closeup_1,data/synthetic/v2/images/v2_1613_closeup_1.jpg,synthetic,train,rust,1,0,0,1,3,rust,2,rust_s3plus_mixed,512,512,9793f8e7a4dec66877d000b80454981df2d3659b53c5bdd8de671557dabf4646,1613,closeup,overcast,1916511579,,0,0,0.427,0.058,0.08
v2_0888_closeup_0,data/synthetic/v2/images/v2_0888_closeup_0.jpg,synthetic,train,other,0,1,0,0,1,miner,1,other_miner,512,512,d032d100184181ede1053a58fab67a6a237f42a1069284eeaa85a1780005b7db,888,closeup,overcast,60168335,,0,0,0.544,0.053,0.41
v2_1331_closeup_0,data/synthetic/v2/images/v2_1331_closeup_0.jpg,synthetic,train,rust,1,0,0,1,1,undetermined,2,rust_s1_mixed,384,384,faccaebd55019e90de71d1065c5e3267b16a98831a49d25148c9ae73de536b96,1331,closeup,rain,1683031640,,0,0,0.551,0.084,0.22
v2_0042_whole_0,data/synthetic/v2/images/v2_0042_whole_0.jpg,synthetic,train,other,0,1,0,0,2,miner,1,other_miner,896,672,326622b808454266136fc6ca3c921f323207b7bc4753b4a6a3761b5b58dc9b1d,42,whole,sun,1013072695,,0,0,0.482,0.081,1.96
v2_0152_whole_0,data/synthetic/v2/images/v2_0152_whole_0.jpg,synthetic,train,rust,1,0,0,0,1,rust,1,rust_s1_pure,768,768,619f25e366fb7e8e62a13e4ce4a948a52800f04f7fd845bcb1ed98d9cc6b2b18,152,whole,overcast,1903896565,,0,0,0.592,0.08,0.98
v2_1302_whole_0,data/synthetic/v2/images/v2_1302_whole_0.jpg,synthetic,train,rust,1,0,0,0,1,rust,1,rust_s1_pure,1024,512,b5ce9bc92414074beb85ca38f686471f336d8c7768de3d95d6fe5477276f4db3,1302,whole,backlit,1956780015,,0,0,0.574,0.084,2.21
v2_0316_whole_0,data/synthetic/v2/images/v2_0316_whole_0.jpg,synthetic,train,other,0,0,1,0,1,phoma,1,other_phoma,896,672,ba78f6755dabe69d00db3078a2a0bdd138d9ca8a0ee4e5f419ff679cf98ea85e,316,whole,overcast,63982366,,0,0,0.481,0.074,5.4
v2_1387_whole_0,data/synthetic/v2/images/v2_1387_whole_0.jpg,synthetic,train,rust,1,0,0,1,1,cercospora,2,rust_s1_mixed,1024,512,2cf10582649603f0c978b06e419c78a72522f1d107b624448f043ce3cb96f55c,1387,whole,overcast,937295339,,0,0,0.506,0.098,6.85
v2_0583_closeup_0,data/synthetic/v2/images/v2_0583_closeup_0.jpg,synthetic,train,healthy,0,0,0,0,0,healthy,0,healthy,384,384,db11b8204195fff3e7cd6346b09d62b0ca75cbcbff5d494d5b1d7fbf42e08516,583,closeup,sun_wet,2001941471,,0,0,0.571,0.086,0.22
v2_1006_closeup_0,data/synthetic/v2/images/v2_1006_closeup_0.jpg,synthetic,train,healthy,0,0,0,0,0,healthy,0,healthy,512,512,06880432811a40b0135510c486dc650d82d38b5f7526385c2b393277b5bd3541,1006,closeup,golden,873186787,,0,0,0.491,0.162,6.29
v2_0034_whole_0,data/synthetic/v2/images/v2_0034_whole_0.jpg,synthetic,train,other,0,1,0,0,1,miner,1,other_miner,768,768,9abafbc0a05b6ad8fa3cca954fb70079c4753b502c0a96fb3699530b3600753d,34,whole,rain,624428860,,0,0,0.42,0.061,7.46
v2_0481_whole_0,data/synthetic/v2/images/v2_0481_whole_0.jpg,synthetic,train,other,0,0,1,0,2,phoma,1,other_phoma,1024,512,fad28c285173aaa669ed46cc80546f953ad715736e3ac5c10bc7d7f25992c86e,481,whole,studio,1236782593,,0,0,0.7,0.136,7.73
v2_1057_closeup_0,data/synthetic/v2/images/v2_1057_closeup_0.jpg,synthetic,train,other,0,1,0,0,1,miner,1,other_miner,384,384,0ac0563c23ecf2f5c25de342878b18918cb891b60bf6d35fb24c19e94be25244,1057,closeup,rain,35086310,,0,0,0.559,0.064,0.23
v2_0191_closeup_0,data/synthetic/v2/images/v2_0191_closeup_0.jpg,synthetic,train,healthy,0,0,0,0,0,healthy,0,healthy,384,384,416b4c69d1e3d13acb2fe584659f9cc82cc78549ab1ba87189f1e5333df1fbe0,191,closeup,overcast,971712020,,0,0,0.497,0.049,0.05
v2_1223_whole_0,data/synthetic/v2/images/v2_1223_whole_0.jpg,synthetic,train,rust,1,1,0,0,2,miner,2,rust_s2_mixed,1024,512,6e37274cc173659a3908fe54b31bad690ebea0caee5a0ca5c84b0aa54a796461,1223,whole,golden,1644797155,,0,0,0.48,0.073,1.97
v2_0149_whole_2,data/synthetic/v2/images/v2_0149_whole_2.jpg,synthetic,train,rust,1,0,0,0,3,rust,1,rust_s3plus_pure,1024,512,e79d78199c054edae002ada3ae26457adfe78ca810337dea36e2536d5e25012e,149,whole,rain,731696733,,0,0,0.602,0.118,2.51
v2_0129_whole_1,data/synthetic/v2/images/v2_0129_whole_1.jpg,synthetic,train,rust,1,0,0,0,4,rust,1,rust_s3plus_pure,1024,512,acdda985bd5a8d0d482d081c14f31000d1880489caba54cd51b0cdfb79c3f82c,129,whole,backlit,402571323,,0,0,0.543,0.079,2.37
v2_0037_whole_0,data/synthetic/v2/images/v2_0037_whole_0.jpg,synthetic,train,rust,1,1,0,0,2,miner,2,rust_s2_mixed,1024,512,cbb3d7a5835a687a5a64e47c98baa53cc3ab7a7c659c33332a773dda33600ca0,37,whole,rain,662616421,,0,0,0.618,0.097,1.93
v2_0881_closeup_0,data/synthetic/v2/images/v2_0881_closeup_0.jpg,synthetic,train,rust,1,0,0,0,2,rust,1,rust_s2_pure,512,512,76c3536e790727d2a3a6e0f78e5c057670912276dfc39e1140e811986cc8e93f,881,closeup,overcast,205988608,,0,0,0.494,0.062,0.06
v2_1053_whole_0,data/synthetic/v2/images/v2_1053_whole_0.jpg,synthetic,train,other,0,1,0,0,2,miner,1,other_miner,1024,512,aab783e17d870248dad4db8f15236e6b3fe6959c461c24d0947962f15a409376,1053,whole,rain,85915450,,0,0,0.471,0.072,6.16
v2_0418_whole_0,data/synthetic/v2/images/v2_0418_whole_0.jpg,synthetic,train,other,0,0,1,0,1,phoma,1,other_phoma,1024,512,834202e6cda07374e77d77e3926327bea829835d9a7d4bc58d8669a2ac6ab45c,418,whole,studio,997112324,,0,0,0.802,0.207,5.12
v2_0935_closeup_0,data/synthetic/v2/images/v2_0935_closeup_0.jpg,synthetic,train,healthy,0,0,0,0,0,healthy,0,healthy,384,384,1dc5871d7f5e28559a16dca6ad397ab03301182cfa1a5529fbee4321342e5a1c,935,closeup,overcast,1630479725,,0,0,0.527,0.086,0.33
v2_1442_closeup_1,data/synthetic/v2/images/v2_1442_closeup_1.jpg,synthetic,train,rust,1,0,0,0,3,rust,1,rust_s3plus_pure,384,384,de2b1e559e46aecc51f511531970e843b1dec76a5c70de5edef9a45d4d661af0,1442,closeup,sun_wet,1055353918,,0,0,0.389,0.071,0.94
v2_0951_closeup_0,data/synthetic/v2/images/v2_0951_closeup_0.jpg,synthetic,train,healthy,0,0,0,0,0,healthy,0,healthy,256,256,1ad44eaebc74125c668371553b68cb58068855baff159b9f33b4aab2980d5b05,951,closeup,golden,1129173613,,0,0,0.517,0.055,0.2
v2_0617_whole_0,data/synthetic/v2/images/v2_0617_whole_0.jpg,synthetic,train,other,0,1,1,0,1,phoma,2,other_multi,896,672,a0993ecee4765c382b82a176afbb8926257c168b60fabd98f4e91b1b043f7452,617,whole,sun,1257418329,,0,0,0.492,0.064,0.59
v2_0403_whole_0,data/synthetic/v2/images/v2_0403_whole_0.jpg,synthetic,train,other,0,0,1,0,2,phoma,1,other_phoma,1024,512,fe3b93f7bbaf58652de8939edd0a5d39589a46498a9caa18aa94c895d271a431,403,whole,studio,260518528,,0,0,0.812,0.166,5.49
v2_0028_closeup_0,data/synthetic/v2/images/v2_0028_closeup_0.jpg,synthetic,train,other,0,1,0,0,2,miner,1,other_miner,512,512,00db0ae9a13604f9f6279e8b665f22407fa36981426c7ffd99e76366544df524,28,closeup,rain,345938237,,0,0,0.458,0.088,0.17
v2_0820_whole_0,data/synthetic/v2/images/v2_0820_whole_0.jpg,synthetic,train,rust,1,0,0,0,1,rust,1,rust_s1_pure,1024,512,fb62a340e0a1f6861dc89e719401d1d552f9d1656cd026262fdbd13716f7be9c,820,whole,studio,1647880531,,0,0,0.696,0.178,3.97
v2_0442_whole_0,data/synthetic/v2/images/v2_0442_whole_0.jpg,synthetic,train,other,0,0,1,0,1,phoma,1,other_phoma,896,672,19d894baeb4dffe4eb45adfbed2d25e321237cd2657f19501406f59a4d60a7e2,442,whole,sun,19386336,,0,0,0.583,0.097,6.21
v2_0118_whole_0,data/synthetic/v2/images/v2_0118_whole_0.jpg,synthetic,train,rust,1,0,0,0,1,rust,1,rust_s1_pure,896,672,6cad6521abf40206688da0cde498204ea90d542883db2309aed178967090bb51,118,whole,overcast,1938699636,,0,0,0.438,0.076,0.41
v2_0343_whole_0,data/synthetic/v2/images/v2_0343_whole_0.jpg,synthetic,train,other,0,0,1,0,1,phoma,1,other_phoma,896,672,2f28339e040864c62de76be2bc8ae36bc9b593f8f5788c9a493f01ea3aba6d2d,343,whole,studio,851802567,,0,0,0.741,0.158,1.13
v2_1396_whole_2,data/synthetic/v2/images/v2_1396_whole_2.jpg,synthetic,train,rust,1,0,0,1,3,rust,2,rust_s3plus_mixed,1024,512,c5553d9ac7c8f2ede2f0d78057b16c968e5a23ad7be77388936b322c167c4820,1396,whole,sun,1621987733,,0,0,0.405,0.058,1.09
v2_1186_closeup_0,data/synthetic/v2/images/v2_1186_closeup_0.jpg,synthetic,train,rust,1,1,0,0,2,undetermined,2,rust_s2_mixed,512,512,b19c08a27f1b6f80ee0284ed216eb3acef8dc2a59d2e7aa922f79ae15ad83df3,1186,closeup,rain,1289733308,,0,0,0.496,0.152,0.6
v2_1561_closeup_0,data/synthetic/v2/images/v2_1561_closeup_0.jpg,synthetic,train,rust,1,0,0,0,3,rust,1,rust_s3plus_pure,256,256,ab3e1542e2a683c6f0adba02f6d67750fd978f48abe864b4f16b79e170677348,1561,closeup,sun,1557070794,,0,0,0.414,0.113,0.28
v2_0699_closeup_0,data/synthetic/v2/images/v2_0699_closeup_0.jpg,synthetic,train,other,0,1,0,0,2,miner,1,other_miner,256,256,eeaba9d6e3a05eca13bd5f78d463eb694cc89d90ef16dd93879fa7cf1555ce82,699,closeup,golden,98085820,,0,0,0.387,0.076,1.07
v2_0497_closeup_0,data/synthetic/v2/images/v2_0497_closeup_0.jpg,synthetic,train,other,0,0,1,0,1,phoma,1,other_phoma,384,384,cdf6d8fd0a877f7a11b2d1a1e8bec98b89458f6db721c3ab1cd51c5cc281ce84,497,closeup,rain,1971770838,,0,0,0.608,0.086,0.75
v2_1476_whole_0,data/synthetic/v2/images/v2_1476_whole_0.jpg,synthetic,train,rust,1,0,0,0,4,rust,1,rust_s3plus_pure,1024,512,ea847874d3d82d64be5658eacd5e1ad252086b9c78acd2799e5d9eb8a6941cbf,1476,whole,studio,1549556634,,0,0,0.732,0.092,3.09
v2_0586_whole_0,data/synthetic/v2/images/v2_0586_whole_0.jpg,synthetic,train,rust,1,0,0,0,1,rust,1,rust_s1_pure,896,672,bfa169cc0b7b0303f4b4fb0fee0eaa199d89294b17a52ef6ea31c1836ac1db33,586,whole,sun_wet,1905848628,,0,0,0.521,0.115,2.58
v2_1349_whole_0,data/synthetic/v2/images/v2_1349_whole_0.jpg,synthetic,train,rust,1,0,0,0,1,rust,1,rust_s1_pure,896,672,1f29a2b34e8cad1fc99d10b37bced23f3e321f24e50734770e50147e0d28ea75,1349,whole,shade,2006282073,,0,0,0.491,0.09,1.82
v2_0313_closeup_0,data/synthetic/v2/images/v2_0313_closeup_0.jpg,synthetic,train,other,0,0,1,0,1,phoma,1,other_phoma,512,512,6f4e9dbabcff2d685497cf8fbc4d848f862076283ce35cca744f084589f68978,313,closeup,sun,85690869,,0,0,0.435,0.07,0.23
v2_0628_whole_0,data/synthetic/v2/images/v2_0628_whole_0.jpg,synthetic,train,other,0,0,1,0,2,phoma,1,other_phoma,1024,512,fd0048602cf922cc55137313774a820b59e82e372bf18d3242f57e1eaeed7811,628,whole,rain,1394296458,,0,0,0.602,0.141,3.04
v2_0111_whole_0,data/synthetic/v2/images/v2_0111_whole_0.jpg,synthetic,train,rust,1,0,0,0,1,rust,1,rust_s1_pure,1024,512,1352a62b42c569c8d2b36b55e3967797f95afb73be1f3f3a228527e41451e949,111,whole,sun_wet,2086604539,,0,0,0.587,0.096,6.66
v2_0896_closeup_0,data/synthetic/v2/images/v2_0896_closeup_0.jpg,synthetic,train,other,0,1,0,0,2,miner,1,other_miner,256,256,35a4b97c718a4812c26e3523d26a740db53a7b0465e083b0f7ed880a9aca16d4,896,closeup,rain,833901280,,0,0,0.586,0.076,1.0
v2_1579_whole_0,data/synthetic/v2/images/v2_1579_whole_0.jpg,synthetic,train,rust,1,0,0,1,1,cercospora,2,rust_s1_mixed,896,672,afb6646d789d96768304fd67d89b1d4b0dbe2f6f59c13eb79279105e31996ef4,1579,whole,golden,1784689943,,0,0,0.431,0.069,0.55
v2_1404_whole_0,data/synthetic/v2/images/v2_1404_whole_0.jpg,synthetic,train,other,0,0,0,1,1,cercospora,1,other_cercospora,1024,512,9cecb9bb4c4422e5ad2704519d6727f81c9a7a4642cd990682d70aca7c699df0,1404,whole,studio,1108326221,,0,0,0.837,0.226,8.04
v2_0629_closeup_0,data/synthetic/v2/images/v2_0629_closeup_0.jpg,synthetic,train,healthy,0,0,0,0,0,healthy,0,healthy,256,256,f2ecfade5ca6f463a2db833bf639fb8755c63a967075f027b608343c6f131545,629,closeup,sun,1389964477,,0,0,0.497,0.072,0.63
v2_1027_closeup_0,data/synthetic/v2/images/v2_1027_closeup_0.jpg,synthetic,train,rust,1,0,0,1,1,rust,2,rust_s1_mixed,384,384,fdd801e03cc259e18732942a76fe57580651f30cae55688c5c627915fbdf8a56,1027,closeup,overcast,532703071,,0,0,0.509,0.087,0.14
v2_0488_whole_0,data/synthetic/v2/images/v2_0488_whole_0.jpg,synthetic,train,other,0,0,1,0,2,phoma,1,other_phoma,896,672,a82497670b246ef05b8c91a02503a067542caa23734d8b22e3c8cc4c7e1576bb,488,whole,studio,1181152654,,0,0,0.772,0.148,3.24
v2_1529_closeup_0,data/synthetic/v2/images/v2_1529_closeup_0.jpg,synthetic,train,rust,1,0,0,0,1,rust,1,rust_s1_pure,256,256,e522a7514028acfb4f13680f68ebc8599e8fddb8061edf4dd1236c20dd873ed5,1529,closeup,sun,1572783397,,0,0,0.467,0.086,0.23
v2_0271_whole_0,data/synthetic/v2/images/v2_0271_whole_0.jpg,synthetic,train,other,0,0,1,0,1,phoma,1,other_phoma,1024,512,cc5913b40e023b87f25f2182639859c3cc625f709e8e30362ba17321af8bb884,271,whole,sun,513027063,,0,0,0.505,0.08,0.54
v2_1128_whole_0,data/synthetic/v2/images/v2_1128_whole_0.jpg,synthetic,train,rust,1,1,0,0,1,miner,2,rust_s1_mixed,896,672,da205a64537579c0546d067f47311c9e42ce013c6e55846d76a01fc64c334d4e,1128,whole,overcast,704383442,,0,0,0.589,0.129,2.34
v2_0250_closeup_0,data/synthetic/v2/images/v2_0250_closeup_0.jpg,synthetic,train,other,0,0,1,0,2,phoma,1,other_phoma,384,384,4ad37823bf0d254c0609fb865d504f7580ee4eb61a59eb8ac5c0f79d563d573e,250,closeup,sun,895453515,,0,0,0.424,0.075,0.17
v2_0780_whole_0,data/synthetic/v2/images/v2_0780_whole_0.jpg,synthetic,train,healthy,0,0,0,0,0,healthy,0,healthy,1024,512,f995c42afe8560762de7c53339c1b706553addf51f2e987356f1a6ddbec40b4d,780,whole,overcast,265674470,,0,0,0.484,0.075,1.89
v2_0480_closeup_0,data/synthetic/v2/images/v2_0480_closeup_0.jpg,synthetic,train,other,0,0,1,0,1,phoma,1,other_phoma,512,512,26bd4d223b2dedd863096d9fe736971f5389d62ee5dbe2ae02e466a8f20d0e20,480,closeup,golden,1215669302,,0,0,0.474,0.108,0.54
v2_1537_closeup_0,data/synthetic/v2/images/v2_1537_closeup_0.jpg,synthetic,train,rust,1,1,0,0,2,rust,2,rust_s2_mixed,256,256,dfc6ec740018cabfba455aae784f9ce4a57afc7e42fa5c3d55949fe6e97c52ad,1537,closeup,overcast,1872531274,,0,0,0.446,0.067,0.94
v2_0441_whole_0,data/synthetic/v2/images/v2_0441_whole_0.jpg,synthetic,train,other,0,0,1,0,1,phoma,1,other_phoma,1024,512,89afa8ed1235d19513292329b3fbfa582a10fcd56400637d0aa5fb2bd4b056a9,441,whole,sun_wet,56717753,,0,0,0.416,0.091,4.72
v2_0019_whole_0,data/synthetic/v2/images/v2_0019_whole_0.jpg,synthetic,train,healthy,0,0,0,0,0,healthy,0,healthy,1024,512,0cd54f2c46057863bc00d1816d524a0d0c2ce02ec48aac156438227d21ea4150,19,whole,studio,132734180,,0,0,0.873,0.191,3.47
v2_0013_whole_0,data/synthetic/v2/images/v2_0013_whole_0.jpg,synthetic,train,healthy,0,0,0,0,0,healthy,0,healthy,1024,512,eea2f4adfe78addfde46a8e189c1bc46bd2666fb1fc8318e7286c8a217fc6dd8,13,whole,overcast,176085298,,0,0,0.433,0.066,1.59
v2_1130_closeup_0,data/synthetic/v2/images/v2_1130_closeup_0.jpg,synthetic,train,other,0,1,0,0,1,miner,1,other_miner,256,256,faf290741b29f01001448082ba463ed5807bd454998912ad25fb3c582abb95e7,1130,closeup,shade,525549327,,0,0,0.544,0.099,0.15
v2_1382_closeup_0,data/synthetic/v2/images/v2_1382_closeup_0.jpg,synthetic,train,rust,1,0,0,0,2,rust,1,rust_s2_pure,384,384,84395ef8b2e1784e811a8fe90f9ac603c56b6ec123c08dfe0e849531c5f9516d,1382,closeup,shade,823541504,,0,0,0.414,0.081,0.24
v2_0081_closeup_0,data/synthetic/v2/images/v2_0081_closeup_0.jpg,synthetic,train,other,0,1,0,0,1,miner,1,other_miner,256,256,b070f339b80324adb569d572d9bf588b24e21b98c1253fde6926b2a3b0f3b6fe,81,closeup,shade,1962033878,,0,0,0.393,0.106,0.51
v2_0925_whole_0,data/synthetic/v2/images/v2_0925_whole_0.jpg,synthetic,train,rust,1,1,0,0,1,undetermined,2,rust_s1_mixed,1024,512,fdb848b5501e886782fd0c96062162c7306b1c6dbae2d76e7d3b46c5f160ee8c,925,whole,rain,1502822920,,0,0,0.564,0.068,0.75
v2_1255_whole_0,data/synthetic/v2/images/v2_1255_whole_0.jpg,synthetic,train,rust,1,1,0,0,1,rust,2,rust_s1_mixed,1024,512,6161df1a234c55a96007e5d8bd18f4e6315ab0212d64241411f415bc2fa2e8d1,1255,whole,studio,2069092584,,0,0,0.7,0.148,2.07
v2_0069_closeup_0,data/synthetic/v2/images/v2_0069_closeup_0.jpg,synthetic,train,other,0,1,0,0,1,miner,1,other_miner,384,384,e2febc5b14cf2f5be6f29b7d22bbda98bde330d27f2bdf2fc2f33569f59146f0,69,closeup,rain,440296541,,0,0,0.54,0.129,1.52
v2_0874_whole_0,data/synthetic/v2/images/v2_0874_whole_0.jpg,synthetic,train,other,0,1,0,0,1,miner,1,other_miner,1024,512,492d7e90536d45cd4421f21ac6a3e675ff018f4be5488d0caeeca79855c689dd,874,whole,golden,1391456701,,0,0,0.38,0.057,1.25
v2_0934_whole_0,data/synthetic/v2/images/v2_0934_whole_0.jpg,synthetic,train,healthy,0,0,0,0,0,healthy,0,healthy,1024,512,5affd4d7f54242c5b3005691b31cf0c94b1b6e699044011d7092fa3922de1dcd,934,whole,shade,1626165082,,0,0,0.502,0.051,0.91
v2_0513_closeup_0,data/synthetic/v2/images/v2_0513_closeup_0.jpg,synthetic,train,other,0,0,1,0,2,phoma,1,other_phoma,256,256,304f92d5b2f6f0257c056750ebcd4434255a8b02a1ac2602a5ae37a5ab79abe5,513,closeup,backlit,173767765,,0,0,0.42,0.105,0.66
v2_0190_whole_0,data/synthetic/v2/images/v2_0190_whole_0.jpg,synthetic,train,healthy,0,0,0,0,0,healthy,0,healthy,768,768,a06bfef6a029433ccce4e384f480816702655a62e69137e938eefc8512544277,190,whole,sun,942230563,,0,0,0.581,0.076,0.67
v2_0557_whole_0,data/synthetic/v2/images/v2_0557_whole_0.jpg,synthetic,train,other,0,0,1,0,1,phoma,1,other_phoma,896,672,cee462e54d2167699e1d9e41fd73640b9ac20b2167295e5782d7c6df13043b79,557,whole,studio,36717534,,0,0,0.921,0.187,4.67
v2_0396_whole_0,data/synthetic/v2/images/v2_0396_whole_0.jpg,synthetic,train,other,0,0,1,0,1,phoma,1,other_phoma,1024,512,1234d7c94792e4638be7d1cf4fd06df54789f5b84c2fadc9f92f0396e18a3fff,396,whole,sun_wet,1180984305,,0,0,0.569,0.114,1.6
v2_0448_closeup_0,data/synthetic/v2/images/v2_0448_closeup_0.jpg,synthetic,train,other,0,0,1,0,4,phoma,1,other_phoma,512,512,b845bd636bfa804f6430d0726a7e7602f45f67867ddaec5ac471bcd13b270885,448,closeup,overcast,212879926,,0,0,0.467,0.083,0.16
v2_1366_closeup_0,data/synthetic/v2/images/v2_1366_closeup_0.jpg,synthetic,train,rust,1,0,0,0,1,rust,1,rust_s1_pure,512,512,1469cc46445e04e88f5a9758a6005323a384466775a874a4ad34862dbba0251a,1366,closeup,sun,1455481071,,0,0,0.625,0.099,0.36
v2_1553_closeup_0,data/synthetic/v2/images/v2_1553_closeup_0.jpg,synthetic,train,other,0,0,0,1,1,cercospora,1,other_cercospora,256,256,f2e289b0076cfac73bae8d292b73fbd822a6ba9a85dee1e33b8fae442dd71bf3,1553,closeup,overcast,1308522570,,0,0,0.401,0.113,0.25
v2_1125_whole_0,data/synthetic/v2/images/v2_1125_whole_0.jpg,synthetic,train,rust,1,1,0,0,4,rust,2,rust_s3plus_mixed,1024,512,54772c1579905397c9c58361f70f4a473e172549177a72f401a5aa02272d03d6,1125,whole,backlit,556046977,,0,0,0.495,0.074,1.37
v2_1426_whole_0,data/synthetic/v2/images/v2_1426_whole_0.jpg,synthetic,train,other,0,1,0,1,2,undetermined,2,other_multi,1024,512,be975635e96c2b0bf344c1c271acef411f5e2cbada5536d687bbce6ee5f5debf,1426,whole,rain,1803725736,,0,0,0.482,0.114,9.48
v2_0226_whole_0,data/synthetic/v2/images/v2_0226_whole_0.jpg,synthetic,train,other,0,1,0,0,1,miner,1,other_miner,1024,512,efa16217267c920568e86d2dcca8a94cd82102c3933591eb3cbef7cdc5240221,226,whole,studio,738577728,,0,0,0.781,0.167,3.58
v2_0962_whole_0,data/synthetic/v2/images/v2_0962_whole_0.jpg,synthetic,train,healthy,0,0,0,0,0,healthy,0,healthy,768,768,bf33a22c71670821821a7efed0ae0bf6c71da73f0e74008511d4db978d24d826,962,whole,rain,1405010906,,0,0,0.597,0.071,0.61
v2_0499_closeup_0,data/synthetic/v2/images/v2_0499_closeup_0.jpg,synthetic,train,other,0,0,1,0,1,phoma,1,other_phoma,384,384,58fffc1f60269c09c9f3162cdab58311272760bfc4d62ea337506b783bf8032f,499,closeup,sun,2132343004,,0,0,0.378,0.076,0.44
v2_1472_closeup_0,data/synthetic/v2/images/v2_1472_closeup_0.jpg,synthetic,train,rust,1,0,0,1,2,rust,2,rust_s2_mixed,256,256,f8058dd837620ffdb47c6af67cb6e577beba0a027c827067aa9a378e30b6cc53,1472,closeup,sun_wet,1532359494,,0,0,0.468,0.08,0.55
v2_1615_whole_0,data/synthetic/v2/images/v2_1615_whole_0.jpg,synthetic,train,rust,1,0,0,1,2,undetermined,2,rust_s2_mixed,896,672,1a896010827a036fd65bf90195b283a159c534d509df6698de90ed2d0e239bf5,1615,whole,studio,28436863,,0,0,0.911,0.2,8.13
v2_0467_whole_0,data/synthetic/v2/images/v2_0467_whole_0.jpg,synthetic,train,rust,1,0,1,0,1,phoma,2,rust_s1_mixed,1024,512,3b3cf5953842abd674117eb83c91ce0e84f3f0980927fb81c5b86d501e763dfd,467,whole,sun,770033024,,0,0,0.506,0.076,0.97
v2_1649_whole_0,data/synthetic/v2/images/v2_1649_whole_0.jpg,synthetic,train,rust,1,0,0,0,1,rust,1,rust_s1_pure,1024,512,1c8a8197945b0224647c71003da4fc61db252d318edd6fa1c7f5619cfb8e858c,1649,whole,golden,1064689705,,0,0,0.487,0.085,1.26
v2_1495_whole_0,data/synthetic/v2/images/v2_1495_whole_0.jpg,synthetic,train,rust,1,0,0,0,2,rust,1,rust_s2_pure,768,768,9b0ba9c34bed5fb0da05cde0093ed89e23c4d8d2e31f9df85905b2e2c3638b2e,1495,whole,rain,1053135600,,0,0,0.364,0.043,0.97
v2_0707_whole_0,data/synthetic/v2/images/v2_0707_whole_0.jpg,synthetic,train,healthy,0,0,0,0,0,healthy,0,healthy,1024,512,69dedfe94214d6cfb79ef86f5d379c0811c5569017d5d93b7a17b41ba2e2070b,707,whole,sun,1328472204,,0,0,0.336,0.059,0.6
v2_1184_whole_0,data/synthetic/v2/images/v2_1184_whole_0.jpg,synthetic,train,healthy,0,0,0,0,0,healthy,0,healthy,1024,512,64a5ad8fdaabd6c5fae434889d2275994b816721cf6046da9317349cc7ea233e,1184,whole,rain,1331368146,,0,0,0.575,0.111,1.69
v2_0325_closeup_0,data/synthetic/v2/images/v2_0325_closeup_0.jpg,synthetic,train,other,0,0,1,0,1,phoma,1,other_phoma,256,256,25667e8eb6db39af0d49cd20e0945b5e12dc9f0d1013b768cb55a27cb635e89f,325,closeup,rain,321084073,,0,0,0.417,0.062,1.88
v2_1022_whole_0,data/synthetic/v2/images/v2_1022_whole_0.jpg,synthetic,train,rust,1,0,0,0,1,rust,1,rust_s1_pure,1024,512,b1c15184171540093676bc8a1d8e6b69afb59ab833fd907e594607254614342a,1022,whole,shade,420193716,,0,0,0.6,0.083,1.42
v2_0434_whole_0,data/synthetic/v2/images/v2_0434_whole_0.jpg,synthetic,train,other,0,0,1,0,2,phoma,1,other_phoma,1024,512,e737304d17ed3a42d3c3ff19e00bf4ec73c8d5abf25be511486db10af1da24c4,434,whole,overcast,410881003,,0,0,0.441,0.076,4.12
v2_1192_whole_0,data/synthetic/v2/images/v2_1192_whole_0.jpg,synthetic,train,other,0,1,0,0,1,miner,1,other_miner,768,768,27f39132cdbbfde7a0619ce13b0118628e3d6beae5a9485f662d1417a8610e90,1192,whole,golden,1936329477,,0,0,0.591,0.074,0.6
v2_1507_whole_0,data/synthetic/v2/images/v2_1507_whole_0.jpg,synthetic,train,rust,1,0,0,0,1,rust,1,rust_s1_pure,768,768,74d9a767e386b02958cc172175356320c033630d3418c4a5d43bf1129718520a,1507,whole,overcast,2099847332,,0,0,0.485,0.055,0.4
v2_0733_closeup_0,data/synthetic/v2/images/v2_0733_closeup_0.jpg,synthetic,train,rust,1,1,0,0,4,rust,2,rust_s3plus_mixed,512,512,bcd9d4dee4e93f5a9b65df714341c5279efefb72a93acfb4ab2da9f54cd54d17,733,closeup,backlit,1519577022,,0,0,0.495,0.061,0.57
v2_0528_closeup_0,data/synthetic/v2/images/v2_0528_closeup_0.jpg,synthetic,train,other,0,0,1,0,1,phoma,1,other_phoma,384,384,cc9e387a9600166531847f4654b97120ba4639ad0a36348037997cd92436f7fa,528,closeup,golden,347815002,,0,0,0.312,0.089,1.21
v2_1008_closeup_0,data/synthetic/v2/images/v2_1008_closeup_0.jpg,synthetic,train,rust,1,0,0,1,1,rust,2,rust_s1_mixed,256,256,1a37c3f6d7f32e31098a35d00c2225bcfedae069f6543e172ebca61386f5a53a,1008,closeup,sun_wet,1050011881,,0,0,0.512,0.081,3.03
v2_0812_whole_0,data/synthetic/v2/images/v2_0812_whole_0.jpg,synthetic,train,rust,1,1,0,0,2,rust,2,rust_s2_mixed,1024,512,d7476d2cfe1c20bffb139109ba787124ecef00a8ad73b99f8fa19735f9b0a872,812,whole,shade,1930023635,,0,0,0.325,0.061,1.55
v2_0029_closeup_0,data/synthetic/v2/images/v2_0029_closeup_0.jpg,synthetic,train,rust,1,1,0,0,1,miner,2,rust_s1_mixed,384,384,62f1c2035ad40bb1456b611a0aa11e82d4cbd9ef37a0ee43e75fe3e035f12738,29,closeup,sun,358413066,,0,0,0.554,0.097,0.42
v2_1133_whole_0,data/synthetic/v2/images/v2_1133_whole_0.jpg,synthetic,train,other,0,1,0,0,1,miner,1,other_miner,896,672,e1890db1995d01713607fd985096be865f5c2dcbb18d0d0322a3db16c93ecb53,1133,whole,golden,487948630,,0,0,0.447,0.058,0.89
